{"0": [[-11454.716062045172, -12782.395380044467, 1559.9999815662995], [-10021.831245059691, -10927.532323195064, 1560.0], 16, 3, 2], "1": [[-11852.97861492804, -11944.542952626882, 1263.398337280325], [-11062.504002576099, -10029.04356894114, 1560.0], 11, 3, 2], "10": [[8386.961872566095, -15332.875316463409, 1159.9846040441898], [5758.430966619505, -13163.61274720522, 1560.0], 9, 3, 3], "11": [[7563.133407311356, -18906.62657732557, 1473.979674870099], [4894.125788145677, -15385.281497234942, 1560.0], 4, 3, 3], "12": [[8177.943972860334, -17606.898602054585, 1455.98010372487], [5378.2793010753685, -14598.233037865795, 1560.0], 8, 3, 3], "13": [[12822.092921370338, -21026.769401121383, 1581.3534525585585], [9742.353510694722, -17129.888796794163, 1560.0], 9, 3, 3], "14": [[9781.071689484364, -26494.840641913655, 1559.9999435247187], [5500.867842872872, -18717.34674915869, 1560.0], 5, 2, 2], "15": [[13577.96624891794, -15536.140868438813, 1418.3393986862025], [11164.639205355248, -13637.284530921996, 1560.0], 7, 3, 3], "16": [[10172.484802675022, -13090.558531517267, 1408.9309882991533], [9317.048028628622, -11986.86874631998, 1560.0], 63, 2, 2], "17": [[13496.750714606665, -12535.614034378115, 1560.0006986932935], [12396.669261214585, -11727.85094818128, 1560.0], 5, 3, 3], "18": [[14094.539543799707, -12210.6816406354, 1681.2300760153298], [13770.917377989064, -11643.211115141163, 1560.0], 16, 3, 3], "19": [[14856.649698097604, -11176.509861513005, 1568.396540678448], [13759.710867882035, -10571.48230006879, 1560.0], 7, 3, 3], "2": [[-11839.165450300612, -11497.97475556829, 1121.1000373961028], [-11276.485357566055, -9696.957524626643, 1560.0], 28, 3, 2], "20": [[15568.917637259075, -10401.649702008388, 1538.3569267252803], [14225.873663509708, -9790.552359360561, 1560.0], 31, 3, 3], "21": [[16023.438710411614, -10544.16701343188, 1112.0886995453654], [11754.512779502003, -9639.914452714793, 1560.0], 66, 3, 3], "22": [[13829.929271399717, -10560.66861555825, 1514.3906425476252], [12198.842381201954, -9934.88424865303, 1560.0], 11, 3, 3], "23": [[12991.142904914966, -10197.337372909225, 1384.8468991507611], [11172.269287501862, -9627.912014378157, 1560.0], 29, 3, 3], "24": [[17276.096501070853, -10513.600614955496, 1567.0472332311654], [16160.302409362785, -10150.757583244364, 1560.0], 10, 3, 3], "25": [[14542.428790448514, -9487.611498484117, 1515.2735451225085], [14519.935105636909, -9287.143203654523, 1560.0], 41, 3, 3], "26": [[18662.663826463115, -11312.946317929684, 1615.55735969112], [17995.949878568445, -10973.960291658981, 1560.0], 23, 3, 3], "27": [[17523.54411828092, -16474.676003836597, 2195.860930627988], [18638.676656681277, -15691.962005150217, 1560.0], 9, 3, 3], "28": [[22072.478705745518, -9845.831032629156, 1610.8823963520679], [21105.29118533059, -8298.677098631573, 1560.0], 43, 2, 2], "29": [[15688.276785879603, -1184.2299781123645, 1559.9974130696257], [15689.159798304507, -1472.3424976366052, 1560.0], 52, 3, 3], "3": [[-10619.624305236028, -9708.024265710943, 1559.9996311971263], [-9987.197088209668, -8948.86389634301, 1560.0], 8, 3, 2], "30": [[14859.194457531486, -818.2249542116249, 1560.000064645558], [14519.326774940038, -1138.4609976815725, 1560.0], 35, 3, 3], "31": [[13996.2244656708, -28.397793078831373, 1560.0000463439458], [14917.73805014347, -158.80052147133725, 1560.0], 24, 3, 3], "32": [[13082.436206167635, 1000.0752924838187, 1580.4299078239167], [14106.574646179806, 986.7523672026932, 1560.0], 12, 3, 3], "33": [[12329.597976749697, 1170.0123679806852, 1742.81627312897], [13420.899639697696, 1044.2812767761836, 1580.0], 57, 3, 3], "34": [[16747.34653733551, 754.4007659688675, 1950.0001225296323], [17217.68873588135, 695.3105128681018, 1950.0], 5, 2, 2], "35": [[12921.533302197446, 7623.0732424447715, 1560.0003641420396], [12713.25509999914, 7298.9111289039165, 1560.0], 11, 2, 2], "36": [[11679.29512367317, 9377.051516538397, 1629.999743352662], [11765.065833880708, 8923.917029916362, 1630.0], 12, 2, 2], "37": [[12000.446419471245, 7668.2110781697, 1560.0000503617293], [11050.936757076941, 6989.2892205583, 1560.0], 27, 3, 3], "38": [[13660.271757624278, 7837.252170063533, 1570.0000062932602], [13260.195100184868, 7434.774371054695, 1570.0], 0, 2, 2], "39": [[14236.06032075859, 5980.188947386837, 1560.0004662586687], [14579.504411710872, 5850.333042633071, 1560.0], 28, 2, 2], "4": [[-8265.387354014489, -16854.651495489637, 1560.0000862756235], [-6897.49108716463, -13999.884090639107, 1560.0], 0, 1, 1], "40": [[13986.853580961351, 7147.77926702399, 1580.000161259458], [14227.613670499917, 6965.142104619115, 1580.0], 8, 2, 2], "41": [[14366.150087978267, 7465.306801430826, 1580.000040894779], [14305.874098310254, 7221.207592312736, 1580.0], 11, 2, 2], "42": [[15226.539398305118, 8714.082805435206, 1750.000065789668], [14988.694769529106, 8318.455919673099, 1750.0], 8, 2, 2], "43": [[16534.45221100066, 9777.483757586402, 1850.0001360382844], [16004.585000850187, 9181.314508181835, 1850.0], 6, 2, 2], "44": [[16372.397598841997, 8693.335376029221, 1739.9998990189345], [15613.360516646799, 8118.4613206696085, 1740.0], 4, 2, 2], "45": [[16273.740445714297, 7209.539019929684, 1629.9998887476283], [15784.089144073945, 6826.571055708873, 1630.0], 2, 2, 2], "46": [[10248.009591456506, 9745.958577657593, 1737.7914908477178], [9392.61793635576, 8905.05187647241, 1720.0], 17, 3, 3], "47": [[9611.28474848803, 10522.249344935168, 1560.0000601786746], [7972.773667929141, 9259.803029571203, 1560.0], 36, 3, 3], "48": [[9481.49177619773, 11210.296529830379, 1560.0000609349154], [8095.47106401773, 9788.852611675457, 1560.0], 39, 3, 3], "49": [[6980.104270940158, 11447.91064737837, 1445.6147662633377], [5038.2568973767575, 9646.844867753087, 1560.0], 14, 3, 3], "5": [[-8386.181572646212, -17896.857944369665, 1527.3363725503202], [-7198.511904709628, -13607.63298341673, 1560.0], 36, 2, 2], "50": [[7642.836427301688, 11185.593406419428, 1973.6851394035639], [6242.571967651971, 10079.299991020915, 1740.0], 151, 3, 3], "51": [[7337.837826660006, 16845.894349132937, 1456.0399464084476], [4371.41071112823, 12918.675617968885, 1560.0], 22, 3, 3], "52": [[6578.90898206407, 12977.645160113312, 1450.869821644749], [4959.186441662247, 10903.168184264025, 1560.0], 20, 3, 3], "53": [[-582.8816950369487, 10938.4529562668, 1519.7066125609501], [-1233.3208496436087, 9321.275156981184, 1560.0], 10, 3, 3], "54": [[-7763.773063067167, 10185.727508006978, 1442.7902067320633], [-7505.102406118214, 8159.035036399467, 1560.0], 5, 3, 3], "55": [[-10334.764975311606, 13739.238343101108, 1559.999953950141], [-7594.126257226983, 12047.510379925398, 1560.0], 18, 2, 2], "56": [[-10072.934456881096, 16020.79057126033, 1560.000214693112], [-7403.173359368986, 13919.843133515345, 1560.0], 16, 2, 2], "57": [[-8546.273891574054, 8455.048235657687, 1258.6136486006767], [-8703.14239073137, 6727.275482421453, 1560.0], 28, 3, 3], "58": [[-10376.982562692494, 7526.196259223394, 1466.0591209334737], [-9852.983784932894, 6224.684239576037, 1560.0], 32, 3, 3], "59": [[-11634.930944554353, 6376.757165979736, 1315.6902649873064], [-11311.44378017754, 5121.945300087641, 1560.0], 44, 3, 3], "6": [[-13951.836618605945, -7955.6140044921995, 1559.9997841835582], [-13116.90019199764, -7392.37567615816, 1560.0], 7, 3, 2], "60": [[-12466.525560094322, 5723.472210134439, 1505.1265628910417], [-11747.868105315774, 4836.9059826853945, 1560.0], 60, 3, 3], "61": [[-13225.681929315931, 5917.1709167885065, 1409.6503830885404], [-12437.918936406437, 4785.42235025001, 1560.0], 62, 2, 2], "62": [[-12729.794708000309, 6904.748144662552, 1333.926583217879], [-11964.119826622766, 5454.801839391539, 1560.0], 62, 2, 2], "63": [[-13071.760883601532, 7044.797197353532, 1549.6313483461233], [-12039.290000688077, 5631.401678230496, 1650.0], 55, 2, 2], "64": [[-14167.94910707049, 6311.394522211815, 1392.3020369047822], [-12973.023169556925, 4999.014061517849, 1560.0], 25, 2, 2],