{"0": [[-10737.03640974585, -15950.732925402961, 1560.000087376307], [-8844.412633024589, -12840.361312551726, 1560.0], 0, 1, 1], "1": [[-10871.683492363105, -15358.932542859484, 1690.0000236770356], [-9282.807071199395, -12187.012093650854, 1690.0], 8, 2, 2], "10": [[9458.05270715766, -25340.212266376686, 1560.0004099427285], [5731.8926877158, -18482.946978167132, 1560.0], 1, 2, 2], "11": [[5182.48332374864, -18622.83829823604, 1401.795509082457], [2435.3458622595676, -14953.809359908399, 1560.0], 32, 3, 3], "12": [[7611.601274793289, -19933.66334057997, 1386.927878634418], [4623.714556410438, -15805.248323967093, 1560.0], 5, 3, 3], "13": [[7082.597588926585, -18531.296709513135, 1340.5048833609467], [4267.576653788321, -15050.724663757883, 1560.0], 14, 3, 3], "14": [[8164.749356467752, -18316.99991768289, 1258.3899822575263], [5169.092051080283, -14943.70099044674, 1560.0], 4, 3, 3], "15": [[7516.705992413689, -17283.06050585383, 1477.935239242753], [5378.2793010753685, -14598.233037865795, 1560.0], 6, 3, 3], "16": [[9675.757440405307, -17785.006776375205, 1506.3876288075971], [7012.477464630939, -14936.273864175133, 1560.0], 4, 3, 3], "17": [[12539.286020303212, -17841.45070592982, 1443.3418791419813], [9619.583480188458, -15009.902683543269, 1560.0], 22, 3, 3], "18": [[7710.450016271301, -16084.65014906433, 1441.8626462963841], [5804.170331863895, -13870.287209795044, 1560.0], 13, 3, 3], "19": [[8082.967690086957, -15753.872985085245, 1286.7136686515646], [5224.857146891811, -13358.335657098063, 1560.0], 7, 3, 3], "2": [[-10138.762748864336, -15514.72580625995, 1637.3907239341565], [-8480.332122550752, -12544.456800436896, 1560.0], 23, 2, 2], "20": [[3260.0389160613636, -15102.851685999365, 1559.9999319815497], [1959.391437034986, -13180.435384489769, 1560.0], 15, 3, 3], "21": [[12602.123530343131, -15789.172681136883, 1559.999949555422], [10410.07271621708, -13864.046201782085, 1560.0], 8, 3, 3], "22": [[14023.479007331416, -15519.782999970432, 1633.38916310987], [12211.964553891521, -13957.486169037526, 1560.0], 11, 3, 3], "23": [[9931.605646501279, -13336.468501724847, 1424.9478691992829], [7395.75545089361, -11801.837375009198, 1560.0], 10, 2, 2], "24": [[13135.293792564556, -12860.36356721416, 1549.1893670966], [12233.14493537962, -11990.373881572928, 1560.0], 17, 3, 3], "25": [[18474.195790488375, -13640.479585186102, 1572.9254383242537], [16770.499426732422, -12689.292903379546, 1560.0], 27, 3, 3], "26": [[11970.784732076765, -10801.457869517293, 1349.4955843480261], [9835.346287641258, -10043.844138676754, 1560.0], 28, 3, 3], "27": [[12707.782574469164, -10896.563878064942, 1459.102604783495], [11402.21939629768, -10282.618120411327, 1560.0], 12, 3, 3], "28": [[13384.875168651764, -10745.940150418892, 1407.5317746970397], [11502.521107130577, -10101.095634168734, 1560.0], 23, 3, 3], "29": [[15969.317064096593, -11196.534569386205, 1462.7595465452032], [13875.736733830927, -10379.074890137117, 1560.0], 50, 3, 3], "3": [[-10087.503226448645, -14333.36343249953, 1559.9999782946252], [-8833.420217605706, -11852.0569299265, 1560.0], 1, 3, 2], "30": [[17320.58406991466, -10722.476290778553, 1569.470364777557], [17485.649185021615, -10516.645331219524, 1560.0], 34, 3, 3], "31": [[14484.545001519591, -9911.651392535663, 1445.5233779953378], [13733.024872026444, -9480.270752550918, 1560.0], 23, 3, 3], "32": [[15141.68205650568, -9343.93722809092, 1475.1438289397445], [13360.154176127688, -8978.17191040665, 1560.0], 29, 3, 3], "33": [[15842.09221107988, -9324.086389321781, 1380.2613978111415], [13470.173783803648, -8777.98970468194, 1560.0], 36, 3, 3], "34": [[15631.315765856778, -7875.296518631948, 1516.2689941861522], [14080.038957777264, -7645.101757854765, 1560.0], 13, 3, 3], "35": [[13151.102141234416, -7857.089424608856, 1441.4508780479275], [11609.652922941357, -7632.731298000979, 1560.0], 27, 3, 3], "36": [[12357.279283879718, -9406.618760139969, 1291.8139874030026], [9401.166641478938, -8793.105325392427, 1560.0], 35, 3, 3], "37": [[15652.860190131834, -150.92991846723623, 1669.9998932866197], [15644.01129273932, -129.68157955586258, 1670.0], 3, 2, 2], "38": [[13869.699100283027, 5503.355057741135, 1559.998507871122], [13202.788504646385, 5221.183823639502, 1560.0], 19, 2, 2], "39": [[15328.051605391205, 6866.413859573691, 1559.9998947956242], [14139.32351746441, 6354.864422407035, 1560.0], 1, 2, 2], "4": [[-7402.962593240029, -18254.41426581868, 1559.9999502728513], [-6389.4410020150535, -13956.751252740103, 1560.0], 5, 2, 2], "40": [[19957.80705369559, 7769.820921688476, 1769.9997026231163], [19413.40877026419, 7338.482844208402, 1770.0], 4, 2, 2], "41": [[14680.053786109273, 7358.721965174446, 1749.999953130653], [13931.713548258565, 6867.131862121301, 1750.0], 1, 2, 2], "42": [[15552.938481189873, 8240.301427926668, 1640.000067389137], [14743.399817457752, 7675.5607902302745, 1640.0], 1, 2, 2], "43": [[17086.982140670374, 9587.005777131, 1629.9999578052407], [16461.703632421984, 8977.3068754231, 1630.0], 7, 2, 2], "44": [[10953.684509218363, 8033.861532136876, 1560.0001029377645], [9181.313777189866, 7131.237857042723, 1560.0], 28, 3, 3], "45": [[11709.83279966237, 8380.472580656124, 1620.0002898241514], [11558.907923404911, 7988.28446007339, 1620.0], 13, 2, 2], "46": [[11248.20763180015, 8869.824956863642, 1650.000154382074], [11013.529828534893, 8370.219159615006, 1650.0], 7, 2, 2], "47": [[8942.943910464472, 8652.217933419719, 1464.5187614451697], [7157.549823338424, 7544.030301360429, 1560.0], 21, 3, 3], "48": [[10348.305035786107, 9752.941221106228, 1559.9996338864255], [10169.207796787116, 9188.68611886307, 1560.0], 50, 2, 2], "49": [[9950.575544879426, 9884.595926592418, 1750.0001658835095], [8808.703961854226, 8910.530874020587, 1750.0], 0, 2, 2], "5": [[-6834.910888625647, -15930.649575108118, 1446.630786035027], [-6758.481939091875, -13053.467058359574, 1560.0], 52, 3, 2], "50": [[9676.330892640119, 10852.595202556535, 1595.5811950004884], [8481.058552212373, 9633.171103994082, 1560.0], 43, 3, 3], "51": [[5582.294584654866, 8383.900619300985, 1289.582878484759], [4221.9825528565525, 7438.234800142347, 1560.0], 5, 3, 3], "52": [[7227.665127905686, 9806.021271907826, 1430.8968749844369], [5103.635787795141, 8352.779090460013, 1560.0], 39, 3, 3], "53": [[5834.0772440453275, 10109.251155389758, 1262.2317147967347], [3458.688865218864, 8361.37431303622, 1560.0], 18, 3, 3], "54": [[8216.993422431764, 11756.55381815779, 1508.0537395326132], [5764.116648626738, 9754.218563534876, 1560.0], 50, 3, 3], "55": [[6110.479576726798, 11425.163596046725, 1369.1709206460623], [4011.6470993505227, 9494.018098762876, 1560.0], 25, 3, 3], "56": [[345.6823873837415, 11109.39661045424, 1438.8665910362338], [-879.0682641782038, 9222.359292963662, 1580.0], 20, 3, 3], "57": [[-6397.286418116319, 8975.42553119225, 1323.0224686752576], [-6752.738424800655, 7352.84990020301, 1560.0], 13, 3, 3], "58": [[-7414.370657980642, 12590.341900353118, 1179.119511700881], [-7604.880886228881, 9126.48916255179, 1560.0], 35, 3, 3], "59": [[-7434.54152963134, 12127.939421864032, 1329.200270217697], [-7407.53662970043, 9098.90529884644, 1560.0], 26, 3, 3], "6": [[-5459.107376896347, -16737.044136098968, 1254.7661663510544], [-5725.2539499843415, -13423.17600994572, 1560.0], 58, 3, 2], "60": [[-7761.948099918127, 11532.190747748247, 1374.1167788244684], [-7689.002856943647, 8752.295602107486, 1560.0], 55, 3, 3], "61": [[-8547.437990259623, 10131.888072962693, 1560.0001297215927], [-7663.99061277108, 8399.577345484118, 1560.0], 3, 3, 2], "62": [[-8419.96767891959, 9413.502711268007, 1560.0001269504617], [-7776.724860164828, 7865.223705138576, 1560.0], 30, 3, 3], "63": [[-10166.722254773293, 9478.250710832252, 1495.5709739631336], [-9403.428095219897, 7552.836348464126, 1560.0], 18, 3, 3], "64": [[-13134.022629857081, 7292.605665237715, 1364.7828069947855], [-12235.429608676388, 5593.637550168579, 1630.0], 77, 2, 2],