{"0": [[-8391.325388395468, 13202.363455968294, 1385.0549626889745], [-7884.807385225393, 9571.710059892768, 1560.0], 83, 3, 3], "1": [[-7500.981424197983, 11453.659760955472, 1194.7943592300007], [-7612.070500244849, 8639.471604645514, 1560.0], 9, 3, 2], "10": [[-10903.299483081384, 7584.499190505645, 1458.0142660366266], [-10233.885673088063, 6260.901438572059, 1560.0], 46, 3, 3], "11": [[-11600.663703442355, 7687.14639211377, 1332.5867013610018], [-11051.15365555957, 6035.83585238777, 1560.0], 76, 3, 3], "12": [[-12205.745130831123, 7149.125764026224, 1324.6286221150397], [-11506.586763258296, 5681.903682148249, 1560.0], 23, 2, 2], "13": [[-11260.276461064512, 5909.0558283732125, 1419.8080781765536], [-10861.976913314373, 4973.148756602754, 1560.0], 90, 3, 3], "14": [[-11958.31656534052, 5764.433145993088, 1356.862472844375], [-11584.594198063143, 4722.197389868898, 1560.0], 99, 3, 3], "15": [[-12502.465685833306, 5827.218218788972, 1328.6513004310286], [-12009.71829495449, 4719.520866766868, 1560.0], 43, 2, 2], "16": [[-13281.243056439765, 5462.390326771796, 1315.163045754103], [-12618.550708204626, 4428.059282944154, 1560.0], 11, 2, 2], "17": [[-13765.605972175037, 5840.421158731417, 1411.3023985299988], [-12808.26104661432, 4706.7872903308435, 1560.0], 32, 2, 2], "18": [[-11670.74811947073, -3964.1590682628944, 1335.5063123061598], [-11916.614115616661, -3877.267845518217, 1560.0], 8, 3, 2], "19": [[-14781.768789823487, -5987.162102047796, 1559.9999000731086], [-14122.100640193861, -5735.037260020216, 1560.0], 1, 3, 2], "2": [[-8207.149046337237, 9980.212039488526, 1054.1446606037264], [-8751.188861018863, 7395.788576279129, 1560.0], 105, 3, 3], "20": [[-13662.519859635906, -6926.559212572148, 1525.4609494904387], [-13093.890476814797, -6576.002254848432, 1560.0], 16, 3, 2], "21": [[-11955.48469493081, -8255.2978695473, 1538.5421775050697], [-11370.912396658032, -7771.380847472594, 1560.0], 16, 3, 2], "22": [[-11920.044924131127, -11959.71285181412, 1719.7776392952119], [-10335.537048637016, -10556.443917569408, 1560.0], 14, 3, 2], "23": [[-8693.15775397365, -13982.034374602532, 1555.6882299126783], [-7912.309322654482, -11787.672471834903, 1560.0], 17, 3, 2], "24": [[-7890.982028925986, -15362.137056764635, 1094.4438318020905], [-7226.01300003193, -12868.948509217988, 1560.0], 37, 3, 2], "25": [[9002.769252226151, -18231.94240801237, 1451.3002499452837], [6812.320570164731, -15239.62337589602, 1560.0], 19, 3, 3], "26": [[9003.306817117405, -17757.52260730925, 1559.9996833564894], [6932.170463326956, -15058.72602138751, 1560.0], 1, 3, 3], "27": [[8829.198637956037, -17337.182078756487, 1419.292826751488], [6664.989338387195, -14726.139338446153, 1560.0], 15, 3, 3], "28": [[8654.79046076653, -18977.7565521718, 1396.8988600451207], [5728.074391814412, -15458.238118151308, 1560.0], 7, 3, 3], "29": [[9893.16532761982, -17268.75033661686, 1435.1135453405188], [7255.341114938052, -14559.981285012638, 1560.0], 3, 3, 3], "3": [[-9730.515976600225, 9934.713720262804, 1433.6003732811519], [-9003.415623911407, 7852.275476751806, 1560.0], 35, 3, 3], "30": [[10067.127040676285, -16974.84779478893, 1461.3911653613006], [7336.9394865465, -14431.56066629231, 1560.0], 11, 3, 3], "31": [[10021.290939666967, -16656.573887827286, 1476.4945436119458], [7870.660285719681, -14383.396236182354, 1560.0], 16, 3, 3], "32": [[9719.827921599452, -15462.131021028566, 1255.6800479964584], [7056.4912788324455, -13286.458562011203, 1560.0], 56, 3, 3], "33": [[7323.795129577632, -14335.316538248833, 1299.2016311889622], [4855.148705431912, -12473.205176338646, 1560.0], 3, 3, 3], "34": [[8246.687298353001, -14940.227632923672, 1224.1890273486258], [5140.329441234984, -12721.582061580837, 1560.0], 10, 3, 3], "35": [[12134.201932777685, -19309.97236280297, 1560.0000832978092], [8901.548525135855, -15986.636147778232, 1560.0], 3, 3, 3], "36": [[10757.273150379244, -17120.24584837005, 1589.4689080556495], [8677.73961889465, -14755.910042113406, 1560.0], 5, 3, 3], "37": [[14812.92031931314, -16355.074087319832, 1535.9989997910338], [12525.53677152503, -14441.071099233712, 1560.0], 16, 3, 3], "38": [[12901.840331283047, -11042.95560490988, 1465.2662284265857], [11402.21939629768, -10282.618120411327, 1560.0], 11, 3, 3], "39": [[13453.171527528048, -10504.15998143013, 1455.3415400305205], [11603.107774068025, -9917.887823237, 1560.0], 27, 3, 3], "4": [[-10454.858819878216, 9547.402298904406, 1438.0027508775684], [-9744.873695144151, 7434.08387740408, 1560.0], 81, 3, 3], "40": [[14631.060777541972, -10128.916303961829, 1559.9998579002524], [13563.382085049032, -9775.617867708826, 1560.0], 31, 3, 3], "41": [[14287.395367596788, -11368.9362279396, 1560.0000482407636], [13586.332742311353, -10856.569371203164, 1560.0], 36, 3, 3], "42": [[14826.209592411971, -11164.780055475672, 1568.4744097991336], [14307.017172246196, -10794.636651194076, 1560.0], 41, 3, 3], "43": [[16003.209972307093, -10759.921028998757, 1548.1683173987733], [15306.232742512355, -10331.187558889327, 1560.0], 35, 3, 3], "44": [[18129.17047737437, -11220.944116442955, 1549.5320310632287], [16778.953895575847, -10383.238985017082, 1560.0], 18, 3, 2], "45": [[15985.551215692265, -1006.177050607238, 1610.9621770390934], [16492.664484787707, -1204.7990424024485, 1560.0], 23, 3, 3], "46": [[14931.235096628478, 183.1865863705936, 1559.99985334055], [14867.9714295777, -282.4630691710012, 1560.0], 63, 3, 3], "47": [[13655.762096595012, 1638.2075797336547, 1559.9981992233286], [13661.935395265793, 1420.6972229153841, 1560.0], 28, 3, 3], "48": [[12975.305210756273, 1605.0728593736383, 1478.8062973666367], [13095.025622390223, 1482.5711631189097, 1560.0], 12, 3, 3], "49": [[6515.186805756987, 8622.906609301865, 1361.797721176805], [4562.1631921579565, 7462.694256042488, 1560.0], 10, 3, 3], "5": [[-11125.061360587524, 9505.944899753213, 1516.6071747583221], [-10105.790122604822, 7462.148984435084, 1560.0], 53, 3, 3], "50": [[7235.061999568209, 9592.80159610343, 1468.6855859942098], [5442.63026580014, 8291.864458204573, 1560.0], 14, 3, 3], "51": [[8574.077385108807, 11420.086430127458, 1559.999808906122], [7372.194147783708, 10189.358349281247, 1560.0], 24, 3, 3], "52": [[10320.634746912534, 9887.505314894974, 1559.9995122617047], [8718.406189055593, 8820.12238722721, 1560.0], 6, 2, 2], "53": [[10652.406918492525, 9653.81978678047, 1560.0000450920368], [9607.32848840706, 8801.47313544517, 1560.0], 2, 2, 2], "54": [[12035.428854066522, 6832.931772132151, 1559.9998753909956], [10854.541682652804, 6288.523798262486, 1560.0], 9, 2, 2], "55": [[12802.783997332375, 7190.349534314239, 1620.000352052502], [12885.221617519315, 6988.381261012926, 1620.0], 10, 2, 2], "56": [[13494.297944660193, 7882.660473969775, 1649.9998488016035], [12870.683159198483, 7436.796929327439, 1650.0], 0, 2, 2], "57": [[16229.035120189496, 9846.299352978529, 1919.9996648984245], [14244.8539294904, 8796.127250400585, 1920.0], 5, 2, 2], "58": [[16462.342064843724, 9226.341616950913, 1840.0000978777537], [15193.915916372289, 8476.475482201999, 1840.0], 0, 2, 2], "59": [[14269.319708745965, 7226.3075376933775, 1559.9999766167982], [13092.665927620865, 6703.298968043922, 1560.0], 4, 2, 2], "6": [[-11136.18092623582, 8980.968884037175, 1123.3796894864456], [-10702.241080978083, 6695.18545759942, 1560.0], 20, 2, 2], "60": [[14805.124431540076, 7156.771373091871, 1560.0001568831972], [13628.608369349638, 6594.549446855205, 1560.0], 1, 2, 2], "61": [[15381.28944818, 7193.310772080606, 1720.0004181202771], [13979.507552039606, 6529.783758367919, 1720.0], 5, 2, 2], "62": [[13062.723583565607, 7810.549040209381, 1810.000062123114], [13232.426700694055, 7500.275172107104, 1810.0], 11, 2, 2], "63": [[12238.481907320425, 9322.113084400844, 1700.0000397826786], [10792.084805012746, 8402.506729355737, 1700.0], 0, 2, 2], "64": [[21319.323889182895, -16727.620052408325, 1922.8058329644575], [21614.15218660762, -15730.825437791942, 1560.0], 28, 3, 3],