{"0": [[-7709.564848544615, -16151.89467506077, 1284.4819186530028], [-6937.314747624116, -13421.906026990087, 1560.0], 88, 3, 2], "1": [[-8228.387435054863, -15038.477479173518, 1748.893810509558], [-7463.648311618515, -12370.239129721876, 1730.0], 101, 3, 2], "10": [[-12890.457673680115, -7479.502193891228, 1462.8168115202816], [-12412.60819673128, -7026.031940094555, 1560.0], 10, 3, 2], "11": [[-13781.160554123182, -6333.716575940703, 1559.9994590660197], [-13206.685384037157, -6084.042316260369, 1560.0], 17, 3, 2], "12": [[-14584.81098058193, -5644.597983190238, 1496.4344712999164], [-14130.910691595689, -5393.6463277358735, 1560.0], 13, 3, 2], "13": [[-14146.344553635177, -6867.208219295706, 1486.8936469108653], [-13599.022076382138, -6435.380235109961, 1560.0], 75, 3, 3], "14": [[-15439.440989711527, -6664.521480056786, 1559.9999028722823], [-14539.259575435595, -6282.936282010942, 1560.0], 7, 3, 2], "15": [[-14155.200210328907, -8155.055013747602, 1595.2236268097774], [-13104.568795200017, -7613.7785729674915, 1560.0], 15, 3, 2], "16": [[-15584.152669518418, -7727.099589589334, 1648.4350200607469], [-14306.935478741045, -7183.867251329511, 1560.0], 15, 3, 2], "17": [[-10992.20484815342, 5002.431773318379, 1316.2057515263996], [-11017.91018710538, 4132.869550659149, 1560.0], 68, 3, 3], "18": [[-12047.266239679599, 5708.255361759288, 1281.0033061001202], [-11725.244190140886, 4643.972885687305, 1560.0], 20, 3, 3], "19": [[-13460.588536565356, 6436.411764436481, 1400.9308330323813], [-12454.816457112793, 5169.0957059031525, 1560.0], 15, 2, 2], "2": [[-9779.688272783305, -15154.369389319581, 1560.0000806868518], [-8470.757361263282, -12316.21652401478, 1560.0], 6, 3, 2], "20": [[-14404.810056373923, 5920.107057050408, 1196.9317029222116], [-13481.864102781297, 4496.867016799937, 1560.0], 39, 2, 2], "21": [[-9008.322870472779, 9586.293312352529, 1559.9999501302755], [-8380.144185421716, 7826.447430890019, 1560.0], 19, 3, 3], "22": [[-7904.170518225616, 10611.75791087315, 1280.6204971474392], [-7919.5499180645575, 8155.859340263312, 1560.0], 19, 3, 3], "23": [[-7816.599430332924, 11421.314691283613, 1255.0995801388856], [-7709.86871095809, 8657.872422814322, 1560.0], 28, 3, 3], "24": [[-7609.462114368006, 12831.765262246867, 1159.6936120914697], [-7679.976567595736, 9231.148227569363, 1560.0], 26, 3, 3], "25": [[-8476.60156297935, 12400.886621659158, 1354.6374871038868], [-7980.7667622469235, 9175.456223764711, 1560.0], 15, 3, 3], "26": [[5788.449115698144, 11718.519206554147, 1273.601663672479], [2747.8437364040565, 9304.14964421056, 1560.0], 56, 3, 3], "27": [[10591.139536834551, -25044.7491282946, 1549.6116967371868], [5661.981995453856, -18021.83525799564, 1560.0], 32, 2, 2], "28": [[10509.15059576079, -20432.850484556202, 1560.000032731359], [7843.269193868093, -16641.304347355876, 1560.0], 1, 3, 3], "29": [[12397.181240837852, -20179.181446519382, 1559.9998726401252], [9593.76619480859, -16585.47391941595, 1560.0], 22, 3, 3], "3": [[-10371.269609720459, -15844.590870634062, 1629.136894274241], [-8751.016920005111, -12539.193078669019, 1600.0], 12, 2, 2], "30": [[7705.537881279164, -18741.994822291104, 1332.6940539417956], [4627.459212492389, -15135.454082566994, 1560.0], 11, 3, 3], "31": [[8032.18399129706, -17571.5645590226, 1450.0625019464817], [5734.1910681310255, -14738.733921300261, 1560.0], 5, 3, 3], "32": [[8358.642489493157, -18178.013814316775, 1068.6427487842213], [4558.8137248304165, -14555.121958961216, 1560.0], 7, 3, 3], "33": [[8562.19597608082, -15768.925761574537, 1285.7289600894767], [6020.817691775905, -13487.687439327641, 1560.0], 15, 3, 3], "34": [[13664.763550541275, -15553.963910604627, 1560.0001357342267], [12155.721409192765, -14036.629657386675, 1560.0], 15, 3, 3], "35": [[11736.236472458688, -14238.413575519786, 1517.976411859128], [9982.165937339852, -12726.228819397224, 1560.0], 18, 2, 2], "36": [[9859.535596399423, -13254.477966673276, 1342.3275222143006], [7855.280216856073, -11846.28166262304, 1560.0], 18, 2, 2], "37": [[17462.09612361016, -13792.346146123353, 1560.0001097976624], [15244.103175217873, -12645.775805969404, 1560.0], 36, 3, 3], "38": [[13498.771791364641, -11748.149880613952, 1479.93148775853], [12169.57878787498, -11062.545937055318, 1560.0], 40, 3, 3], "39": [[12240.083515398248, -11445.249929523467, 1392.9547189505988], [10140.911417692912, -10498.738435546455, 1560.0], 19, 3, 3], "4": [[-10673.60420955711, -15741.71216069309, 1658.5666298638155], [-8902.351016797667, -12508.103468949892, 1630.0], 23, 2, 2], "40": [[13018.618180859088, -10040.224839070652, 1334.6562615822197], [10198.226534809965, -9336.511231728553, 1560.0], 27, 3, 3], "41": [[15112.814661517505, -10577.536162222086, 1500.694018306401], [13450.680236930119, -9970.223590719059, 1560.0], 18, 3, 3], "42": [[14576.06987716012, -10450.014370329465, 1559.9999981226433], [14668.6550129239, -10207.200509785216, 1560.0], 38, 3, 3], "43": [[16361.348413610212, -9770.712253841153, 1389.7425356288404], [13903.359686761769, -9180.794370799673, 1560.0], 16, 3, 3], "44": [[16731.7783600952, -2033.6184170615634, 1559.999951042634], [15368.204554800981, -2209.4751493305375, 1560.0], 15, 3, 3], "45": [[15664.348437294413, 1104.9905219807204, 1619.9997900712563], [16460.32897194589, 1177.5140198002996, 1620.0], 22, 3, 2], "46": [[13272.097263526648, 3671.0015727317505, 1560.000063890834], [12069.50904462246, 3418.002942757495, 1560.0], 14, 3, 2], "47": [[12308.98544252356, 7901.2868194853745, 1346.0898402093426], [9065.29679017297, 6688.784250076004, 1560.0], 37, 2, 2], "48": [[14128.593265333846, 7438.614073737728, 1525.5756347563995], [11431.873535743332, 6535.633070206737, 1560.0], 32, 2, 2], "49": [[14931.740426318418, 7720.286033026192, 1659.9999998796684], [13867.299887210605, 7102.33491006973, 1660.0], 2, 2, 2], "5": [[-11448.537777927306, -8191.157530322706, 1512.1693930257916], [-11001.038758551622, -7686.895066280325, 1560.0], 10, 3, 2], "50": [[15729.190409028968, 7216.115175970904, 1559.999867302786], [14867.356142239078, 6755.8039450866545, 1560.0], 3, 2, 2], "51": [[10426.215808745761, 8647.540692970011, 1559.9993624770552], [8424.414660979348, 7627.510420930617, 1560.0], 29, 2, 2], "52": [[9996.882239456441, 10063.153261134894, 1799.9999142516021], [6123.781505081522, 7277.108666525148, 1800.0], 0, 2, 1], "53": [[9513.426221700805, 11068.214463325703, 1642.8537238476742], [3484.774649930733, 7025.304711759181, 1560.0], 54, 3, 2], "54": [[9076.145883173478, 10231.59197904507, 285.33300218482276], [2916.7442970544644, 7255.526520124747, 1560.0], 24, 3, 2], "55": [[6470.995751571078, 11400.609213470567, 2030.1782979770999], [6721.019438636039, 10766.36534325538, 1560.0], 31, 3, 2], "56": [[6572.0116874451105, 13028.327247473579, 1332.8159995315798], [3563.768018329098, 10374.84001883708, 1560.0], 30, 3, 3], "57": [[6363.939666060276, 11499.997438005663, 1646.3107651029088], [5519.304165290315, 10276.494396971184, 1560.0], 13, 3, 2], "58": [[6434.473721264065, 20157.779765930114, 1544.1433801105861], [6750.957492697973, 17310.037728627045, 1560.0], 25, 2, 2], "59": [[12942.874597072247, -11723.618792968386, 1518.1232740498272], [10543.936694607066, -10785.984501020115, 1560.0], 13, 3, 3], "6": [[-11941.588468969878, -7475.314935424291, 1567.8543677554667], [-11358.502332429438, -7170.046925828675, 1560.0], 11, 3, 2], "60": [[-8203.288357818688, -21336.457291876908, 1680.0000112555247], [-3166.937151945007, -15107.089081335222, 1680.0], 0, 1, 1], "61": [[-9312.815583394986, -19661.249550760152, 1639.9996931746114], [-4407.461010120251, -13596.364741770463, 1640.0], 0, 1, 1], "62": [[-12291.355598643971, -19017.37687404728, 1659.9999898393364], [-5563.806873117443, -12277.125973785005, 1660.0], 0, 1, 1], "67": [[-8504.286911949821, 19183.2140716714, 1750.0001358480579], [-8315.979636304788, 18891.632236681588, 1750.0], 0, 1, 1],