{"0": [[-7992.822956962447, -17773.093777782422, 1560.0000270897253], [-7006.232043739446, -13929.750326818634, 1560.0], 0, 1, 1], "1": [[-8031.315589026993, -18374.00940584971, 1559.9999638157713], [-6878.081004966702, -13862.3906036217, 1560.0], 3, 2, 2], "10": [[-16130.445738189173, -6772.205321126088, 1560.000088426436], [-15057.257962953005, -6331.089663939495, 1560.0], 4, 3, 2], "11": [[-15480.514339321098, -7199.728249421683, 1585.2511817099983], [-14386.214711792487, -6768.526389512831, 1560.0], 15, 3, 2], "12": [[-14028.466663121682, -6304.468294888392, 1474.1088012032003], [-13563.085316835206, -5989.207250978559, 1560.0], 10, 3, 2], "13": [[-13592.097680057595, -6351.066310202959, 1347.917239813633], [-13363.485216753916, -5969.481282519055, 1560.0], 20, 3, 2], "14": [[-12360.04151289305, -6591.1739704716365, 1445.1340552858273], [-12094.515925391319, -6297.658729858869, 1560.0], 14, 3, 2], "15": [[-13250.694053379344, -7972.003928165384, 1560.0003318969498], [-12464.434708000423, -7488.941024439648, 1560.0], 10, 3, 2], "16": [[-11887.717335247502, -7500.200462840949, 1311.2634933618522], [-11775.378204330362, -6981.270049895712, 1560.0], 12, 3, 2], "17": [[-15746.984458119388, 6477.323722853473, 1238.2046563627873], [-14135.539985371675, 4759.263397892681, 1560.0], 79, 2, 2], "18": [[-14378.884123628284, 5917.793410622095, 1244.996443311342], [-13383.064706485075, 4562.172541171354, 1560.0], 50, 2, 2], "19": [[-14196.68662975796, 5164.096357502381, 1749.9998568743936], [-13059.163525704993, 4396.281107563716, 1750.0], 0, 1, 1], "2": [[-8162.069602039303, -17442.046385451256, 1335.9804922122808], [-7495.054564111937, -13212.96542932882, 1560.0], 14, 2, 2], "20": [[-13235.975405353054, 5290.585053262672, 1560.0001099340107], [-12267.515555034457, 4570.000735792334, 1560.0], 0, 2, 1], "21": [[-12044.525505498324, 6616.689268123859, 1517.0607963251668], [-11372.575866845344, 5446.258113787502, 1650.0], 32, 3, 2], "22": [[-10900.059043726491, 6915.987398675912, 1560.0001024822104], [-10060.169959114488, 5989.131516755426, 1560.0], 1, 2, 2], "23": [[-9034.904679823161, 8731.635370153139, 1559.9998930722477], [-8498.837308725795, 7263.786738465519, 1560.0], 18, 2, 2], "24": [[-9291.716075518978, 10093.703956394107, 1560.0001078070798], [-8388.213231949863, 8216.774512656097, 1560.0], 1, 2, 2], "25": [[-8309.35957782932, 11938.7797925084, 1352.0622141218287], [-8043.943772189401, 8906.838125827597, 1560.0], 27, 2, 2], "26": [[5742.843522056136, 12307.50895641473, 1285.676092832138], [3177.734938628086, 9965.29463847777, 1560.0], 12, 3, 3], "27": [[8164.963199174018, 12148.424465614535, 1669.9445454963704], [6922.794798603401, 10655.461444083561, 1600.0], 16, 3, 3], "28": [[10430.65451128625, 10207.809208681492, 1810.0000260623078], [8521.487755268496, 8803.63202436022, 1810.0], 32, 3, 3], "29": [[9158.042391273086, 9701.042161151441, 1542.7738309136232], [7733.156872230412, 8591.741803334215, 1580.0], 15, 3, 3], "3": [[-12288.041772663353, -12318.842595661892, 1360.6606709628663], [-11176.782430590836, -10286.533084355331, 1560.0], 12, 3, 2], "30": [[-7802.691842036398, -16378.197262555648, 1284.316743153866], [-7793.36912429839, -12894.14335151137, 1560.0], 26, 3, 2], "31": [[-8697.14897380208, -17012.760324656872, 1560.0002741378157], [-3884.0473974352153, -14268.03840198609, 1560.0], 0, 1, 1], "32": [[-8587.885535532489, -18139.964073885647, 1559.9999658416891], [-3552.0902166060564, -14880.261643276375, 1560.0], 0, 1, 1], "33": [[-16373.49573765456, 5921.381552398261, 1749.999922941586], [-11006.257851708362, 5575.151064062509, 1750.0], 0, 1, 1], "34": [[-17175.68370718092, 5645.900661431363, 1749.9996011010016], [-11410.680108022001, 5482.798483267957, 1750.0], 0, 1, 1], "35": [[-16715.033063451636, 4070.6207277581752, 1749.999803688404], [-11130.646901608685, 4358.6524087813295, 1750.0], 0, 1, 1], "36": [[8143.3887815922535, 6520.535800895033, 1389.3784135096603], [6724.845121967455, 5789.533613661847, 1560.0], 21, 3, 3], "37": [[7533.078186978834, 2595.665997090362, 1510.6810840282265], [7014.801936964009, 2350.533873055244, 1560.0], 4, 3, 3], "38": [[15086.99959665578, 963.0572658973082, 1609.9998621916654], [15083.721641655611, 941.4349083012588, 1610.0], 0, 2, 2], "39": [[13947.831624595792, 7651.089258901253, 1619.9997144236936], [13533.045895951194, 7261.968249755847, 1620.0], 0, 2, 2], "4": [[-12014.75567705779, -9392.626250503796, 1560.0306510554933], [-11163.071678474938, -8663.201858781424, 1560.0], 11, 3, 2], "40": [[16170.714154425006, 8414.835240882276, 1770.000173241181], [15356.390220173016, 7804.80973149083, 1770.0], 1, 2, 2], "41": [[14401.32424858224, 9643.282135899011, 1789.9999435554191], [12507.283474998776, 8556.891443348499, 1790.0], 4, 2, 2], "42": [[13781.41707508287, 8973.273099242688, 1700.0003221617171], [12887.245885176659, 8343.000398290671, 1700.0], 0, 2, 2], "43": [[12373.556482806955, 6829.148348217837, 1730.0001004177464], [11580.100529213973, 6210.313409031722, 1730.0], 20, 3, 3], "44": [[11742.16065875722, 9484.72017847304, 1554.9134215886343], [10513.906571805506, 8665.695282316183, 1560.0], 25, 2, 2], "45": [[11621.495639996001, 9927.314847881606, 1660.0004331437976], [10666.382276189977, 9116.915484202904, 1660.0], 0, 2, 2], "46": [[10868.88892818762, 7439.475045704486, 1509.071884605995], [9006.948962249306, 6468.127561426435, 1560.0], 31, 3, 3], "47": [[11080.546389384304, 7568.521710061484, 1560.000015874363], [10612.417685600343, 7199.905293347386, 1560.0], 16, 3, 3], "48": [[22071.296917831107, -14962.91314787246, 1825.8292938180502], [21988.98845687004, -14208.901080245592, 1560.0], 14, 3, 3], "49": [[17374.690599036203, -10137.455801922568, 1560.0004737056572], [15621.630725653302, -9821.625126061646, 1560.0], 45, 3, 3], "5": [[-12765.91884135209, -9389.720753341082, 1682.7471651284793], [-11571.860671579689, -8732.70153109225, 1560.0], 15, 3, 2], "50": [[17049.912745729158, -9734.064289387503, 1559.9998754738142], [14578.987810706847, -9185.04406928278, 1560.0], 62, 3, 3], "51": [[14778.495114669118, -11733.710831533188, 1530.9193443517938], [13471.194676160225, -11044.28161783627, 1560.0], 34, 3, 3], "52": [[11909.661740428413, -11599.586596188054, 1196.8341284201592], [11591.52378921264, -12511.030375028311, 1560.0], 36, 2, 2], "53": [[9794.244765907968, -14478.129177481316, 1749.9993834555005], [9823.072865611182, -14175.573872754436, 1750.0], 0, 1, 1], "54": [[9068.061556772154, -15467.050304266604, 1327.0719727620983], [9020.105955504287, -15700.239489702737, 1560.0], 24, 2, 2], "55": [[8964.129304314894, -18230.809376227244, 1559.999823151759], [8971.293607485866, -17803.283403489982, 1560.0], 22, 2, 2], "56": [[10667.131961693618, -16099.563028729128, 1423.6877802680326], [10598.285222213497, -16092.888541150292, 1560.0], 18, 2, 2], "57": [[11374.037821613107, -16966.62553171829, 1498.2944912965283], [8814.176562721947, -14553.660572992772, 1560.0], 3, 3, 3], "58": [[12417.126914001217, -18879.52419091633, 1544.7606562507099], [10099.152674832929, -15953.399775029617, 1560.0], 32, 3, 3], "59": [[12420.05654276566, -21597.68291318981, 1466.3659192506336], [8206.312635571494, -16871.175392295674, 1560.0], 4, 3, 3], "6": [[-13630.214942418688, -8747.900401052437, 1560.0000484453935], [-12610.582889952975, -8071.875988345745, 1560.0], 24, 3, 2], "60": [[8242.62943325426, -14286.300883761201, 1314.8850564908166], [8231.745879875652, -14729.21866751598, 1560.0], 20, 2, 2], "65": [[-9714.995154445038, 20518.967455568203, 1749.9996999745038], [-9244.370751131046, 19855.194416421444, 1750.0], 0, 1, 1], "66": [[-8588.944270455459, 20292.628465790483, 1750.0004152706474], [-8325.884912998357, 19839.620803083566, 1750.0], 0, 1, 1], "7": [[-14112.432801593446, -8679.955444512685, 1560.0002450319953], [-13031.621882926998, -7964.085609414544, 1560.0], 6, 3, 2], "8": [[-15120.483644152515, -9572.121730195428, 1559.9998839456675], [-13552.533349648324, -8511.560363575429, 1560.0], 18, 3, 2],