{"0": [[-7863.097482308114, 12735.17210227095, 1386.986999206692], [-7530.435294212226, 9448.989931376364, 1560.0], 32, 3, 3], "1": [[-8613.343811737192, 12003.132162701646, 1304.5202371846442], [-8233.42440352913, 8889.762333018229, 1560.0], 22, 3, 3], "10": [[-13612.53183919939, 6008.320388505242, 1357.3818707389812], [-12743.837936223861, 4776.916678313122, 1560.0], 61, 2, 2], "11": [[-14122.507230930838, 6644.98952790232, 1395.5230149666252], [-12869.773562414928, 5233.532941336368, 1560.0], 11, 2, 2], "12": [[-11316.484626976122, -7014.521025076914, 1374.3482192223144], [-11266.739574722094, -6638.4005550136635, 1560.0], 13, 3, 2], "13": [[-13027.072036017362, -6513.287553484688, 1559.9998304198], [-12532.077449743725, -6284.322246246565, 1560.0], 2, 3, 2], "14": [[-13717.443577381064, -6392.792043302686, 1559.9999458147463], [-13099.770976156397, -6151.775345466719, 1560.0], 7, 3, 2], "15": [[-14575.32393695985, -5871.039383728721, 1560.0000158258754], [-13992.324042613931, -5638.74986582926, 1560.0], 2, 3, 2], "16": [[-14879.64412838533, -6903.246442330719, 1560.0000838826186], [-14043.654465334264, -6522.728548158031, 1560.0], 2, 3, 2], "17": [[-14204.535403047963, -7559.114921008465, 1559.9999172732187], [-13376.467489959838, -7137.283623000487, 1560.0], 71, 3, 3], "18": [[-13228.072377836641, -7640.054483097244, 1583.6165650090813], [-12469.236704011542, -7247.79422887694, 1560.0], 12, 3, 2], "19": [[-12763.844508364024, -7400.789553907896, 1559.999986997769], [-12167.360964515801, -7028.288712439984, 1560.0], 2, 3, 2], "2": [[-9425.115485006965, 12035.224319963518, 1374.741846696512], [-8564.00693716984, 8982.093193567876, 1560.0], 11, 3, 2], "20": [[-12249.305490296063, -7276.339470330588, 1559.9995972914655], [-11774.795923530597, -6948.00535454519, 1560.0], 11, 3, 2], "21": [[-11522.351104280931, -7545.841412429973, 1559.9998993076003], [-11061.654572267971, -7209.507611967413, 1560.0], 0, 3, 2], "22": [[-11057.531139312092, -8518.330105712843, 1557.3386486495415], [-10538.87068611959, -8012.451184881648, 1560.0], 16, 3, 2], "23": [[-14933.877784161168, -8371.86289398014, 1763.8227663468865], [-13508.851160834884, -7838.859371921783, 1560.0], 16, 3, 2], "24": [[-11761.32441240998, -12309.727882021485, 1624.9204914889312], [-10257.29920317635, -10682.391370488913, 1560.0], 12, 3, 2], "25": [[-10261.623099523269, -15124.017092553542, 1559.9999173786603], [-8753.212165677383, -12272.387009331516, 1560.0], 29, 2, 2], "26": [[-10912.83799035561, -15040.915942844087, 1560.0000664572997], [-9277.166164582894, -12113.951941126505, 1560.0], 30, 2, 2], "27": [[-10265.433148102902, -16239.093404533382, 1560.0010412578645], [-8579.592031367336, -12748.54202137038, 1560.0], 17, 2, 2], "28": [[-8345.235842832099, -18139.97610183522, 1482.225502799738], [-7310.071868013521, -13587.018481103723, 1560.0], 30, 2, 2], "29": [[-4535.532503892065, -16832.416376502333, 1559.9997889117085], [-5104.58574685642, -13415.140472804676, 1560.0], 0, 3, 1], "3": [[-10869.958903432085, 9670.966190342666, 1568.7442329142552], [-9676.25646778852, 7722.975220753717, 1560.0], 51, 3, 3], "30": [[-10304.026928043553, -16825.595876499672, 1809.9997367823257], [-5537.7297083394715, -11559.90100937361, 1810.0], 0, 1, 1], "31": [[-8861.69169245359, -19032.004990090136, 1560.000066286019], [-3858.63961172945, -14079.187818047398, 1560.0], 0, 1, 1], "32": [[-2919.5540553918368, -17855.983278999494, 1638.960975028421], [-3026.916432925797, -14433.932538105157, 1560.0], 34, 3, 2], "33": [[9212.545934764232, -20492.914292372443, 1559.9999191002214], [9228.47798592691, -19827.342858914668, 1560.0], 11, 2, 2], "34": [[8619.140517125317, -17675.946804257514, 1559.999873896611], [8652.127563120097, -17269.388758313202, 1560.0], 4, 2, 2], "35": [[8778.223958279672, -16964.183566760777, 1559.9997383866348], [8789.956487385562, -16682.7522832335, 1560.0], 14, 2, 2], "36": [[9557.04116479403, -16578.36162203219, 1438.4186349806814], [9543.965181784894, -16458.140205829863, 1560.0], 21, 2, 2], "37": [[9749.68806991942, -15720.817245436681, 1481.6263762918911], [9693.861925030109, -15680.092589308882, 1560.0], 26, 2, 2], "38": [[9806.905496615176, -13496.575826425575, 1489.3182617078521], [7814.690366461455, -11921.776616554165, 1560.0], 53, 3, 3], "39": [[11581.852901103166, -20698.7112483201, 1560.0002475917142], [12049.901749052677, -21820.75775272318, 1560.0], 0, 1, 1], "4": [[-9051.30351365852, 10256.287888286663, 1641.5900721118023], [-8232.503840563706, 8310.465833614637, 1590.0], 66, 3, 3], "40": [[17116.62198025319, -10148.913620996316, 1548.316185808656], [16357.423549778994, -9837.806134027493, 1560.0], 30, 3, 3], "41": [[16211.823821496397, -10376.252417406586, 1606.0387771700139], [16160.302409362785, -10150.757583244364, 1560.0], 18, 3, 3], "42": [[15419.62323009335, -10795.815532234536, 1497.6191065644073], [15243.43566806858, -10431.600914291208, 1560.0], 64, 3, 3], "43": [[15464.665710434057, -11582.57246414483, 1481.2630356524203], [14993.212572568573, -10828.268446531898, 1560.0], 54, 3, 3], "44": [[14322.555894768308, -11630.423959770022, 1486.3531654040266], [13471.194676160225, -11044.28161783627, 1560.0], 47, 3, 3], "45": [[12630.119003945249, -11380.455941346112, 1470.470886671954], [11202.487157661399, -10640.611132760985, 1560.0], 14, 3, 3], "46": [[16130.165639909676, -12237.39316822387, 1559.9998117518721], [14559.139320173814, -11503.301489042942, 1560.0], 35, 3, 3], "47": [[17856.359972300357, -10602.303121974288, 1514.905997844587], [16847.02056693869, -10278.543933830784, 1560.0], 110, 3, 3], "48": [[18690.805748581486, -13967.363200322417, 1547.4245944140387], [16628.82692330374, -12880.571257778784, 1560.0], 48, 3, 3], "49": [[13214.977836105858, -12777.315708746122, 1559.999780655782], [13476.514849841109, -12097.842210950932, 1560.0], 59, 3, 2], "5": [[-8890.494347924176, 8462.487888237072, 1411.4491103535026], [-8566.701558413275, 6931.677649173402, 1560.0], 72, 3, 3], "50": [[5601.314957108557, 12188.187643076104, 1451.5264952493399], [4180.453157376065, 10314.681399402223, 1560.0], 19, 3, 3], "51": [[7206.42871577711, 9396.579966246209, 1322.357982965973], [5039.578031446162, 8064.201685204059, 1560.0], 18, 3, 3], "52": [[6092.0541571833965, 10951.275924204432, 1541.7090350884532], [5417.401370080524, 9796.111034098918, 1560.0], 17, 3, 3], "53": [[9823.261313769488, 9245.508519256528, 1560.0002280445585], [9579.41465969538, 8689.691733157679, 1560.0], 7, 3, 3], "54": [[10592.537569644452, 8756.221668284446, 1559.9993253580722], [9910.344923050998, 8168.405111674422, 1560.0], 18, 2, 2], "55": [[11166.945348318037, 8940.882960245664, 1559.9999925854772], [10954.074899232519, 8477.79224262441, 1560.0], 13, 2, 2], "56": [[12309.876920678504, 7638.04412701954, 1560.0001438411953], [11600.010295103131, 7129.196444003162, 1560.0], 0, 2, 2], "57": [[13627.89729404893, 8549.892074066518, 1589.9998136300378], [12147.602916878031, 7711.169651274975, 1590.0], 10, 2, 2], "58": [[14935.215232577071, 10069.510071564455, 1559.9998546338138], [12606.022183681584, 8854.682355667132, 1560.0], 9, 2, 2], "59": [[16252.419250391218, 10077.6460029335, 1879.999902235638], [15237.571035805464, 9322.886133431728, 1880.0], 4, 2, 2], "6": [[-10037.499467812686, 7161.341091751556, 1422.6585540816213], [-9654.570964297673, 5985.191524202119, 1560.0], 8, 3, 3], "60": [[14937.90096165942, 7457.16790578417, 1559.9997072656772], [13092.665927620865, 6703.298968043922, 1560.0], 9, 2, 2], "61": [[15807.462737743836, 7372.578423118002, 1599.9999300163615], [14685.94408432604, 6828.597912894654, 1600.0], 4, 2, 2], "62": [[16760.907006287696, 8588.847759664472, 1560.0002371609955], [15191.15815503455, 7800.946098231235, 1560.0], 4, 2, 2], "63": [[13431.456116168518, 7289.661320092293, 1619.9998493558205], [13457.913843257738, 7011.1264677736735, 1620.0], 5, 2, 2], "64": [[-9805.509701638694, 14814.182133387501, 2019.4067160923514], [-8598.070842744446, 16901.19301901948, 1950.0], 34, 2, 2],