{"0": [[-8238.472610487352, 11862.12769384248, 1454.7124964571744], [-7711.733749510254, 9093.526690873143, 1560.0], 13, 3, 3], "1": [[-9707.288900649542, 9835.869013737854, 1394.5433996265654], [-9317.61335888523, 7572.5672636875925, 1560.0], 107, 3, 3], "10": [[8825.388699719926, -18254.062481889687, 1559.9999570435414], [6693.20620620575, -15417.19405662969, 1560.0], 9, 3, 3], "11": [[8794.007629313825, -17592.667261666058, 1542.3034223398522], [6972.283338348239, -14997.685620451948, 1560.0], 8, 3, 3], "12": [[8714.440874288974, -16894.279513518402, 1375.7810356453267], [6821.694132512089, -14477.005074528748, 1560.0], 18, 3, 3], "13": [[8577.564253077524, -19238.517381698814, 1546.2014001616697], [6012.965235030441, -15720.16088236827, 1560.0], 7, 3, 3], "14": [[10053.40199130254, -16346.081969768375, 1559.999977567556], [8423.796756987183, -14332.37749336407, 1560.0], 13, 3, 3], "15": [[10202.55397579903, -16767.277910653134, 1506.2388446087132], [8291.597622965655, -14534.278082991104, 1560.0], 32, 3, 3], "16": [[9891.111916773503, -17123.762171083683, 1471.6045161378029], [8160.177903366648, -14732.644761616304, 1560.0], 38, 3, 3], "17": [[11642.378930745597, -15416.830772133319, 1343.200344454222], [9141.8054567675, -13195.389081616291, 1560.0], 92, 3, 3], "18": [[11352.959731248906, -17212.79799000454, 1560.0001124204323], [9619.583480188458, -15009.902683543269, 1560.0], 3, 3, 3], "19": [[11109.514787364391, -18711.081286762717, 1558.3657937189396], [8608.596755249582, -15630.716162690553, 1560.0], 6, 3, 3], "2": [[-11108.75287543727, 8753.077197617828, 1560.00004638784], [-10126.11713988137, 7076.919626543794, 1560.0], 67, 3, 2], "20": [[14066.0687107139, -14588.233051351162, 1516.8910405429256], [12174.234327849226, -13069.127442242097, 1560.0], 16, 3, 3], "21": [[13189.347126711049, -12970.608978934668, 1560.000034031396], [13242.813256888354, -12452.958116395466, 1560.0], 115, 3, 3], "22": [[14701.53287481513, -10127.724727504654, 1549.364991050344], [14850.693986133387, -9906.939418862396, 1560.0], 66, 3, 3], "23": [[16416.23542153025, -10161.62115595009, 1560.0000151843537], [15684.987697403552, -9718.211425357926, 1560.0], 8, 3, 3], "24": [[15720.072968520923, -5317.716736313589, 1560.00000509238], [15377.388763567318, -5102.856427258365, 1560.0], 20, 3, 3], "25": [[18709.05935978461, -14092.165000748184, 1559.9999775615836], [17394.002437390147, -12955.620921318683, 1560.0], 10, 3, 3], "26": [[8230.168594712395, 10588.68364667552, 1301.9029211640373], [5966.570366989912, 9019.314809010186, 1560.0], 9, 3, 3], "27": [[7879.273729241928, 10369.139014632961, 1226.710092697616], [5167.283575838817, 8641.467828936193, 1560.0], 8, 3, 3], "28": [[8412.507851213579, 11207.63397851143, 1569.9999703792623], [7720.431336437275, 10129.44743018729, 1570.0], 4, 3, 3], "29": [[9318.54168864293, 10343.213391657051, 1541.4332939949516], [7972.773667929141, 9259.803029571203, 1560.0], 9, 3, 3], "3": [[-9983.432665435046, 7180.079451811802, 1489.3072130227217], [-9654.570964297673, 5985.191524202119, 1560.0], 86, 3, 3], "30": [[8906.497556238975, 9935.116906725389, 1495.2294905590027], [7454.1868403802455, 8792.41568606499, 1560.0], 19, 3, 3], "31": [[9941.41157065871, 9422.572723717441, 1558.1550402608975], [8174.483942796828, 8346.838731159238, 1560.0], 19, 2, 2], "32": [[10343.261168884077, 9458.430285350965, 1559.9994545132645], [9089.202126464583, 8535.630837347657, 1560.0], 11, 2, 2], "33": [[11929.224460533254, 8843.668438608169, 1297.8982966395954], [7885.42496172173, 7173.098190195042, 1560.0], 84, 2, 2], "34": [[12482.308425346637, 8699.998422304825, 1660.000064172521], [9757.75397890776, 7479.00118254196, 1660.0], 57, 2, 2], "35": [[14166.455923342206, 7425.404204944803, 1799.9997956493348], [13099.79501778623, 6894.307716144471, 1800.0], 5, 2, 2], "36": [[14745.056923017763, 7286.256777472746, 1690.000109925625], [14926.709579050304, 7109.732829604601, 1690.0], 13, 2, 2], "37": [[14879.90724316262, 8202.617397078508, 1839.9998726214144], [13662.393502505878, 7487.997053916634, 1840.0], 2, 2, 2], "38": [[16267.249376157586, 9987.88149444695, 1880.0004137259668], [15198.335736082523, 9191.685847092682, 1880.0], 5, 2, 2], "39": [[16293.798529633017, 9230.844748265186, 1800.0002594658567], [14741.613313698608, 8363.5039721663, 1800.0], 1, 2, 2], "4": [[-13497.31075671019, 6456.115252922801, 1699.999955346158], [-12278.524262689305, 5344.075334818621, 1700.0], 19, 2, 2], "40": [[23039.39106744202, -14023.88004492854, 1594.5778193415626], [20067.59479796827, -14097.159329141821, 1560.0], 97, 3, 2], "41": [[21340.68001294488, -10132.368145909482, 1559.9999381330547], [18882.559839444915, -9665.467875448028, 1560.0], 20, 3, 3], "43": [[-7938.159007150006, 21666.60000692131, 1749.9998615723373], [-7708.1048461429355, 21080.224575910095, 1750.0], 0, 1, 1], "44": [[-9222.007196678635, 18475.492257868846, 1750.0002853641097], [-8958.569375975496, 18164.54834158976, 1750.0], 0, 1, 1], "45": [[-9636.91161002311, 18280.016259102984, 1750.0000105452718], [-9308.852942659394, 17916.40852014526, 1750.0], 0, 1, 1], "46": [[-8282.980234022507, 17582.86073385065, 1749.9997322658808], [-8141.735966063485, 17418.09318102644, 1750.0], 0, 1, 1], "47": [[-9255.383993770889, 15850.794605087873, 1750.0004290010986], [-9029.13663514307, 15724.521453423642, 1750.0], 0, 1, 1], "48": [[-8101.3085809935765, 15108.429713136828, 1750.0003177506194], [-8042.09473693622, 15024.095751451929, 1750.0], 0, 1, 1], "49": [[-15487.288715592813, -6694.177225693462, 1560.000194341283], [-14574.158495671663, -6317.14072524172, 1560.0], 5, 3, 2], "5": [[-11783.131412694034, -7325.579751773544, 1295.1716606902876], [-11772.200881365785, -6814.217589477277, 1560.0], 14, 3, 2], "50": [[-16398.462986024322, -8075.535590397597, 1560.0001053732988], [-14893.84621301468, -7305.256615159616, 1560.0], 0, 1, 1], "51": [[-10412.425496602116, -17134.334225792227, 1560.0000055165235], [-5296.018755721393, -12160.18156842785, 1560.0], 0, 1, 1], "52": [[-11081.861842097393, -17717.318519266697, 1599.999777618387], [-5532.761857078001, -11858.922531460548, 1600.0], 0, 1, 1], "53": [[-9539.01136198286, -20103.666371500694, 1660.0002313354664], [-4256.774223151216, -13990.392960968951, 1660.0], 0, 1, 1], "54": [[-10410.74653585932, -18979.90222422277, 1629.9997028114099], [-4801.133341184198, -13181.096014035073, 1630.0], 0, 1, 1], "55": [[-12873.771736774674, -17638.70107376838, 1559.9997296229124], [-5885.582558317994, -11769.855180096003, 1560.0], 0, 1, 1], "56": [[8120.749018918352, 15881.236121018386, 1747.1615977733466], [6237.420528138553, 12938.94291426535, 1890.0], 30, 3, 2], "57": [[7362.568126530249, 21085.702739142136, 1560.0001448102114], [4858.515457611776, 15635.846114833941, 1560.0], 0, 1, 1], "58": [[6212.191411549555, 21714.57776672302, 1559.9997371017482], [3646.2297770689993, 15680.215774167433, 1560.0], 0, 1, 1], "59": [[6779.611994478182, 21417.438166336924, 1560.000278375161], [4245.210220897906, 15700.7505444906, 1560.0], 0, 1, 1], "6": [[-12313.292285962498, -7360.640197528646, 1560.0001080242737], [-11775.933838323375, -7014.461441234924, 1560.0], 0, 3, 2], "60": [[7433.46663333498, 20992.320324241387, 1560.000476108249], [4844.578567116476, 15553.714753580447, 1560.0], 0, 1, 1], "61": [[7203.282314810707, 21187.304410286284, 1559.999986973066], [4534.764724616445, 15588.864518872828, 1560.0], 0, 1, 1], "62": [[6442.898715474038, 21563.137061031415, 1559.9999041019103], [3935.7735523536076, 15652.058499909066, 1560.0], 0, 1, 1], "63": [[5897.690107120954, 21908.188185851963, 1559.9998359800725], [3363.0872158305106, 15706.151347715038, 1560.0], 0, 1, 1], "64": [[5733.103803580486, 21997.65321281728, 1560.0000054323089], [3375.6043683902303, 15780.926691531567, 1560.0], 0, 1, 1], "65": [[11597.860031363254, -18820.90945009568, 1257.9879893755797], [8608.596755249582, -15630.716162690553, 1560.0], 24, 3, 3],