{"0": [[-8298.248667369817, 12514.58529802749, 1420.5668395033708], [-7742.7941984623785, 9377.957231827142, 1560.0], 66, 3, 3], "1": [[-7385.457637950387, 11565.759865608663, 1273.4524871876351], [-7369.76178303137, 8795.317137915566, 1560.0], 23, 3, 3], "10": [[-10909.730159446162, 8300.74067883411, 1363.30222568432], [-10397.748600065035, 6518.310033946914, 1560.0], 75, 3, 3], "11": [[-11822.112877285292, 6833.652749767844, 1474.582265949537], [-11145.856366150998, 5602.603603933123, 1560.0], 75, 3, 3], "12": [[-12528.737084322976, 7113.568863344105, 1364.3201328710848], [-11756.87501749054, 5618.94091199603, 1560.0], 54, 2, 2], "13": [[-11957.890159928622, 5803.744248064386, 1341.0551611611215], [-11584.594198063143, 4722.197389868898, 1560.0], 74, 3, 3], "14": [[-13716.13302868618, 5902.546445528005, 1301.9989603129409], [-12864.306623311833, 4671.482810957937, 1560.0], 22, 2, 2], "15": [[-14037.990492147952, 6701.035264707506, 1429.797762802246], [-12759.566623908988, 5309.102821519534, 1560.0], 41, 2, 2], "16": [[-11770.348771617406, -5771.183483085727, 1448.496465446179], [-11659.682866436959, -5577.684927180185, 1560.0], 9, 3, 2], "17": [[-12409.173307530287, -6206.848093657328, 1207.4755900709547], [-12526.51152628549, -5859.601766945955, 1560.0], 11, 3, 2], "18": [[-13670.670306182268, -6907.498496032596, 1387.519048124032], [-13252.071450279847, -6485.297878842672, 1560.0], 11, 3, 2], "19": [[-14663.966338216891, -6148.156470017304, 1544.6454984869224], [-14030.010238322871, -5879.387030826703, 1560.0], 11, 3, 2], "2": [[-8213.171492629057, 10144.58929106374, 1363.894521070302], [-8054.851900629421, 7988.848311809181, 1560.0], 24, 3, 3], "20": [[-8791.248267995228, -13829.076227763435, 1555.4452715963116], [-8014.111497262042, -11698.708818669944, 1560.0], 15, 3, 2], "21": [[-8081.765711328854, -15208.77922018278, 1182.1553020895037], [-7345.765984698308, -12886.279211096251, 1560.0], 30, 3, 2], "22": [[-11450.406032562276, -14266.538027228078, 1757.6857684786958], [-9445.221970302036, -11912.414314014826, 1560.0], 22, 2, 2], "23": [[-1187.8915841969313, -15925.500183051063, 1597.3842824400651], [-2030.8094808955486, -13488.583878119925, 1560.0], 101, 3, 3], "24": [[8942.766070560314, -18018.992243513185, 1560.0000492574713], [7242.588265367184, -15333.545848602223, 1560.0], 7, 3, 3], "25": [[9079.550708318322, -17786.744993788845, 1560.1792236893787], [7727.796755074877, -15368.510593110685, 1560.0], 9, 3, 3], "26": [[8860.162090596872, -17431.234067351892, 1541.5119470301236], [7052.752714656053, -14874.49032805679, 1560.0], 15, 3, 3], "27": [[9795.926162428621, -17250.600818409253, 1462.273902906795], [7214.6622806451605, -14623.629990954583, 1560.0], 9, 3, 3], "28": [[10047.617854338463, -17082.30510857329, 1552.625179975496], [7296.100234358023, -14495.958311463055, 1560.0], 7, 3, 3], "29": [[9973.785482209432, -16740.779230382417, 1560.0002189053487], [8203.897589334329, -14666.914408113284, 1560.0], 39, 3, 3], "3": [[-9448.896296473455, 9173.957882289978, 1493.750145633799], [-8929.083110330046, 7404.117673865781, 1560.0], 42, 3, 3], "30": [[9685.605404611799, -16126.071025937896, 1467.1551040825182], [7998.530515381888, -14183.036961351172, 1560.0], 52, 3, 3], "31": [[8250.547352623173, -14906.586052533541, 1292.9145959354316], [5498.3804913736185, -12842.447784109114, 1560.0], 12, 3, 3], "32": [[8392.838257138043, -19166.317996515718, 1523.0566865278877], [5975.322405468688, -15775.392119565968, 1560.0], 21, 3, 3], "33": [[9512.956904085395, -18993.773550797185, 1503.312681338425], [7037.462376541436, -15631.307515862049, 1560.0], 24, 3, 3], "34": [[10939.75754265434, -15546.268632356254, 1545.9507563563507], [8870.02457688196, -13633.69469774822, 1560.0], 6, 3, 3], "35": [[12396.744132772345, -17712.57545245698, 1560.0001526877393], [10511.436501526974, -15416.682777130844, 1560.0], 9, 3, 3], "36": [[13059.84683181857, -15858.203010807205, 1445.8634774820987], [10903.609551454036, -14021.246808668953, 1560.0], 14, 3, 3], "37": [[12816.749989288566, -11050.39943484978, 1445.4857562491106], [10832.484299493166, -10260.100954222984, 1560.0], 6, 3, 3], "38": [[13498.798182694638, -10435.89254681943, 1559.99975746956], [12760.203587945181, -10047.285974789096, 1560.0], 27, 3, 3], "39": [[14613.6823997289, -10243.682127259171, 1480.33156618595], [13563.382085049032, -9775.617867708826, 1560.0], 22, 3, 3], "4": [[-10540.62497719329, 7397.029337807695, 1559.999986529843], [-9751.894721932124, 6322.511314483292, 1560.0], 6, 3, 2], "40": [[14468.829179578046, -11516.731586563877, 1559.999919861031], [12947.560554941478, -10823.29700876394, 1560.0], 22, 3, 3], "41": [[14730.972607082322, -11216.479231363382, 1637.6133592610163], [14930.901464475146, -10926.19072633054, 1560.0], 20, 3, 3], "42": [[15684.11564174831, -10187.94141314159, 1498.2317091450443], [14911.549837066783, -9805.881234279153, 1560.0], 54, 3, 3], "43": [[17056.509956475453, -9744.502631360052, 1512.403643545227], [15875.599600795456, -9404.963203745887, 1560.0], 39, 3, 3], "44": [[15898.734671298282, -3671.583520003987, 1560.0015504026387], [16005.811242464495, -3805.165205396856, 1560.0], 12, 3, 3], "45": [[15034.129901228693, -1265.173084558919, 1560.0000083962912], [15070.502381680086, -1364.2765796831927, 1560.0], 26, 3, 3], "46": [[13581.298062589953, 1429.1958505693476, 1560.0002294928283], [14893.478174898619, 1417.044759132645, 1560.0], 39, 3, 3], "47": [[13051.89225341242, 1476.9717008985315, 1560.0001411042438], [13706.554377228718, 1542.9487217173591, 1560.0], 18, 3, 3], "48": [[7271.9881781139875, 9570.159664572106, 1415.8681612520927], [5442.63026580014, 8291.864458204573, 1560.0], 10, 3, 3], "49": [[6361.389073635228, 11206.571219782607, 1415.244072277257], [4688.044174101963, 9594.842118128126, 1560.0], 2, 3, 3], "5": [[-9877.344767452827, 7238.2073188129725, 1370.4920310384173], [-9748.568821893123, 5932.583648144554, 1560.0], 86, 3, 3], "50": [[10196.550909249112, 9415.330279499627, 1559.9996110337638], [9579.41465969538, 8689.691733157679, 1560.0], 4, 2, 2], "51": [[10966.512166244529, 9505.675938006796, 1559.999819105344], [9061.887962588567, 8425.547496552597, 1560.0], 15, 2, 2], "52": [[12761.317339499064, 7155.173956717674, 1560.000034296857], [11431.873535743332, 6535.633070206737, 1560.0], 7, 2, 2], "53": [[13258.034021888223, 8040.749716577052, 1690.0000133427645], [12102.78092435562, 7345.945279519861, 1690.0], 0, 2, 2], "54": [[16272.233446030643, 9914.380608195028, 1949.9998329374716], [16171.531101643954, 9331.46436316723, 1950.0], 18, 2, 2], "55": [[15116.677037643163, 9982.895203268798, 1639.9999764855029], [13349.683786033424, 8942.406302074245, 1640.0], 2, 2, 2], "56": [[13761.164218119524, 8929.250398435324, 1649.9998918826398], [13120.31228939269, 8302.939620720868, 1650.0], 1, 2, 2], "57": [[16546.125080625778, 8641.914954389482, 1659.99986134468], [15342.457227749574, 7942.435310228529, 1660.0], 0, 2, 2], "58": [[16213.727919373663, 7570.49445264334, 1559.9998255731764], [14297.649523540727, 6865.923680461284, 1560.0], 12, 2, 2], "59": [[15579.48607204855, 7633.484227715855, 1559.9999116828958], [13705.071546242574, 6846.433001241246, 1560.0], 9, 2, 2], "6": [[-10387.423890005666, 8723.186543695563, 1456.1275697009864], [-9677.384230363816, 7047.090425323778, 1560.0], 4, 3, 2], "60": [[14123.021531971412, 7140.847226894329, 1579.9999495538204], [12949.986101902112, 6551.634971290607, 1580.0], 11, 2, 2], "61": [[19168.851177350003, -16538.872370111476, 1876.2847383629808], [20607.366395423174, -15687.015558002011, 1560.0], 59, 3, 3], "62": [[19050.537865003364, -13913.99161062283, 1523.6228173588627], [16770.499426732422, -12689.292903379546, 1560.0], 14, 3, 3], "63": [[19630.00173802075, -13673.691478492223, 1559.9991807484455], [16984.01637517431, -12398.248434488423, 1560.0], 4, 3, 3], "64": [[-8139.555229402641, 18344.774744196613, 1750.0001410668153], [-8010.51430801366, 18157.36414669745, 1750.0], 0, 1, 1],