{"0": [[-9270.257688312966, -17601.567932583675, 1560.000149823131], [-7836.17530453474, -13483.457751771663, 1560.0], 0, 1, 1], "1": [[-8672.335000458408, -15443.45009083411, 1248.5441034852097], [-7892.644636403331, -12805.912119546472, 1560.0], 63, 3, 2], "10": [[-11996.202682014855, -7264.601573177467, 1559.9998301932208], [-11566.71517332621, -6921.966330752617, 1560.0], 3, 3, 2], "11": [[-12521.071973417025, -7354.736849945697, 1560.000208704721], [-11909.82769037802, -7030.20470224969, 1560.0], 4, 3, 2], "12": [[-13944.073214060678, -6472.352420381379, 1530.3736739229578], [-13411.19293068594, -6161.166984974558, 1560.0], 10, 3, 2], "13": [[-15014.406802776517, -6351.773331822981, 1559.9997519021463], [-14236.995828586572, -6046.845291153106, 1560.0], 0, 3, 2], "14": [[-13277.938357395939, -4811.9207196566995, 1450.9759236828936], [-13138.73645708669, -4668.715425758455, 1560.0], 9, 3, 2], "15": [[-12962.93193861315, -4645.616119113681, 1276.6162016380833], [-13077.187986252618, -4480.649536450455, 1560.0], 16, 3, 2], "16": [[-13932.391823113878, 3567.2085305865726, 1345.639811627417], [-13450.210699094885, 2941.9260630296185, 1560.0], 47, 2, 2], "17": [[-11668.094556961058, 4692.946083082889, 1475.9054734117763], [-11243.374449081552, 4061.875880397166, 1560.0], 58, 3, 3], "18": [[-10592.476556494372, 5013.992594531302, 1327.466490491966], [-10633.54735278118, 4198.429918786002, 1560.0], 78, 3, 3], "19": [[-11028.60700380305, 6250.915382691903, 1476.5263286131074], [-10584.623506298163, 5274.804884314987, 1560.0], 69, 3, 3], "2": [[-8249.707227348463, -14806.815647323649, 1143.7871557265414], [-7856.651671408608, -12376.075245165597, 1560.0], 64, 3, 2], "20": [[-11417.623675247254, 6935.23253168034, 1589.08559007248], [-10439.365059140702, 5990.866458935143, 1560.0], 19, 3, 2], "21": [[-11912.470448461203, 6232.835924585475, 1559.9999682043442], [-11145.361961641976, 5288.181262902215, 1560.0], 46, 3, 3], "22": [[-12842.252712764923, 5915.521142146015, 1552.8155893814508], [-11946.934701028045, 5019.4880886376195, 1560.0], 124, 3, 2], "23": [[-13170.038978495713, 6449.618124226877, 1339.6592998063513], [-12366.644526485676, 5105.78346510363, 1560.0], 47, 2, 2], "24": [[-13188.750738997667, 5889.5194977984675, 369.432854406554], [-13494.519809647574, 3878.2616936683903, 1560.0], 29, 2, 2], "25": [[-8677.308046727907, 8514.778124666667, 1342.5760899458526], [-8576.312544028802, 6884.023456301138, 1560.0], 32, 3, 3], "26": [[-7714.370604018635, 9962.265548877647, 1452.6086919798402], [-7535.951057920183, 8010.421756677646, 1560.0], 28, 3, 3], "27": [[-7062.67593351111, 11096.198481430569, 1320.782904308929], [-7204.739414544133, 8560.074132062804, 1560.0], 23, 3, 3], "28": [[-8248.055658788006, 11690.500453732513, 1332.3311859334433], [-7973.1558962815, 8801.298320911896, 1560.0], 51, 3, 3], "29": [[-8697.406824311596, 11558.224643344534, 1287.6887262148202], [-8489.94175026986, 8566.41232872202, 1560.0], 28, 3, 3], "3": [[-7574.444047813035, -14465.574480458385, 1574.9679672242526], [-6649.422115325861, -12349.648716607604, 1560.0], 18, 3, 2], "30": [[-10498.59636534367, 11401.436171553925, 1544.882970423375], [-9299.009568717467, 8622.317364205017, 1560.0], 32, 3, 3], "31": [[-8221.804517058383, 13650.870987051041, 1430.137467551599], [-7624.5513252457, 9865.959676386978, 1560.0], 36, 3, 3], "32": [[237.40776657809096, 10775.742694955177, 1559.9998297799395], [-842.6650584491489, 9110.381802561233, 1560.0], 21, 3, 3], "33": [[7858.45499712005, -17132.072633595355, 1264.5532467298717], [5132.516521063518, -14284.602095268056, 1560.0], 31, 3, 3], "34": [[11421.410371121397, -18965.073735467846, 1484.4359017752522], [8995.977371684774, -15861.779536351221, 1560.0], 17, 3, 3], "35": [[8286.572562722557, -16595.730585324265, 1297.8685674780131], [5732.4991735188, -13995.053715936028, 1560.0], 9, 3, 3], "36": [[8138.653983837658, -16025.297506098468, 1409.7271159935547], [5840.108408971117, -13807.385841887548, 1560.0], 29, 3, 3], "37": [[14402.119911431282, -17387.793372964108, 1596.918770252348], [12602.689838770357, -15231.84782313193, 1560.0], 6, 3, 3], "38": [[8247.987112939069, -15394.407262554041, 1414.821792832326], [5652.638335111076, -13358.07338468495, 1560.0], 69, 3, 3], "39": [[20239.23927492894, -18329.824388555688, 2262.8493957003775], [20310.99744372556, -17008.66957116084, 1560.0], 18, 3, 3], "4": [[-9857.983211122137, -14270.176433053555, 1560.0005147714319], [-8549.755054118847, -11937.047311147453, 1560.0], 23, 3, 2], "40": [[20150.367316390457, -17425.676122142282, 2002.3089400594733], [20068.69692691113, -16236.909324725746, 1560.0], 27, 3, 3], "41": [[9711.353083137239, -13402.802995010183, 1415.7337228983295], [7356.537686397781, -11876.256538729966, 1560.0], 10, 2, 2], "42": [[14770.03380885074, -12581.02351679584, 1520.8233480318297], [13711.837248126707, -11735.094300439148, 1560.0], 26, 3, 3], "43": [[16684.043948335915, -12380.091701435336, 1559.9999223749812], [14497.535393027127, -11597.753656243744, 1560.0], 40, 3, 3], "44": [[12257.13400067337, -11385.919780761047, 1560.0000354123115], [11680.208194503308, -10849.057877605941, 1560.0], 6, 3, 3], "45": [[13486.475902899247, -11515.218431802146, 1516.341541952754], [11783.323199147273, -10669.681168337249, 1560.0], 7, 3, 3], "46": [[21308.03641972597, -11320.439809955913, 1560.0002405204723], [20265.004300210316, -9868.342519882464, 1560.0], 4, 2, 2], "47": [[22073.14455348151, -8333.595904479202, 1749.999495063305], [21077.60141473894, -7242.743171129479, 1750.0], 0, 1, 1], "48": [[15317.013841624896, -10735.959144750952, 1437.5583528695702], [13992.109235864065, -10184.785394848535, 1560.0], 27, 3, 3], "49": [[16503.70319906916, -9456.512741669334, 1552.815684135406], [14697.32775452196, -8979.427572664299, 1560.0], 16, 3, 3], "5": [[-12826.685947466167, -9548.573922480606, 1584.5481976451476], [-11763.503437539848, -8749.867488465261, 1560.0], 15, 3, 2], "50": [[14011.84262121742, -9829.22850782315, 1283.9185285370936], [11957.34294068635, -9263.378844331008, 1560.0], 25, 3, 3], "51": [[15383.228145959916, 1173.5780656384254, 1700.0000004197354], [15298.472126301926, 1071.988186454956, 1700.0], 3, 2, 2], "52": [[13639.644728618052, 1477.2003821607284, 1599.7648506600985], [14245.251049124397, 1356.9534517842033, 1560.0], 20, 3, 3], "53": [[15661.350217938038, 7170.922550296833, 1810.0003998727484], [15481.479748352614, 6852.087776073367, 1810.0], 7, 2, 2], "54": [[16785.649718607518, 7906.071232111851, 1559.9995705227684], [17124.714180517753, 7772.4436701591, 1560.0], 108, 2, 2], "55": [[17554.51048385979, 8884.657899582098, 1949.999896532663], [15749.403235194473, 7992.814831157108, 1950.0], 5, 2, 2], "56": [[14666.648864037865, 6862.536712359713, 1659.9999982843167], [14272.178573472147, 6486.567945107773, 1660.0], 1, 2, 2], "57": [[13907.990669443305, 6948.314457602901, 1559.999728139434], [13018.46723108302, 6455.583126436424, 1560.0], 5, 2, 2], "58": [[15188.71199015593, 7890.8425968786605, 1560.0001005984598], [14454.632044202323, 7379.569099235955, 1560.0], 0, 2, 2], "59": [[12782.677997539084, 7243.234097320937, 1560.0000901998078], [12027.445428335168, 6790.524532889602, 1560.0], 0, 2, 2], "6": [[-12174.162261068339, -9838.434475968677, 1582.6958633173147], [-11160.962532685477, -8998.41571655936, 1560.0], 12, 3, 2], "60": [[11442.458383910376, 7367.670038179631, 1559.9997109085932], [11050.936757076941, 6989.2892205583, 1560.0], 0, 2, 2], "61": [[12141.15285303005, 7859.57003441009, 1560.000005384251], [11666.765385218308, 7367.461086405902, 1560.0], 1, 2, 2], "62": [[11510.936650742928, 7853.462405535338, 1517.922938649021], [10091.930354091552, 7062.572174860763, 1560.0], 37, 3, 3], "63": [[11674.634766225847, 8511.979864709405, 1560.0001085721576], [11340.825228674848, 8047.92854539125, 1560.0], 58, 2, 2], "64": [[11993.599231667979, 9652.181138290654, 1559.9995954959372], [11624.298582322583, 9113.756729741446, 1560.0], 68, 2, 2],