{"0": [[-7965.134398760179, -18615.08107414776, 1829.9998899026223], [-7316.707936398805, -13710.255021026298, 1830.0], 0, 1, 1], "1": [[-8040.8640391270965, -18385.72357007999, 1560.0001894355066], [-6878.081004966702, -13862.3906036217, 1560.0], 4, 2, 2], "10": [[-14208.87685580687, -6275.17587631114, 1356.328945008838], [-13848.999081379687, -5916.477462170711, 1560.0], 23, 3, 2], "11": [[-13412.807392229675, -7623.738791298536, 1589.507318744136], [-12585.397424382534, -7228.7845678621425, 1560.0], 10, 3, 2], "12": [[-15519.37986921543, -7093.531936407415, 1611.0138027075047], [-14432.397129424602, -6674.360011150034, 1560.0], 11, 3, 2], "13": [[-16035.866265535407, -6780.5435137975355, 1560.0001434518063], [-14956.918275882903, -6356.107779178138, 1560.0], 5, 3, 2], "14": [[-13707.31146797473, -8773.530601903241, 1545.20309142618], [-12773.684088418888, -8016.891989080621, 1560.0], 11, 3, 2], "15": [[-14142.32635274746, -8675.58001668072, 1560.000145178141], [-13029.653812506594, -7990.746011734277, 1560.0], 3, 3, 2], "16": [[-15562.902064957027, -9586.417626909031, 1656.7689066108308], [-13738.164176868891, -8559.076279374309, 1560.0], 38, 3, 2], "17": [[-14970.2113005607, -9704.940447482459, 1560.0003431446207], [-13369.20546069837, -8643.606503932522, 1560.0], 25, 3, 2], "18": [[-15935.7985400262, 6524.522338234483, 1372.702588219719], [-14093.451348167002, 4898.699185391246, 1560.0], 64, 2, 2], "19": [[-14196.724062690366, 6344.805503140265, 1087.0067649621392], [-13344.187447191762, 4722.282036030116, 1560.0], 33, 2, 2], "2": [[-8326.705404872255, -17447.06758481296, 1460.55182489649], [-7394.987069431846, -13328.350619339748, 1560.0], 22, 2, 2], "20": [[-13447.425675862409, 6943.82676973535, 1216.4111271352601], [-12573.845406047512, 5294.547255599378, 1560.0], 46, 2, 2], "21": [[-13287.101538371604, 5841.424179136135, 1201.4756539066432], [-12690.425837051547, 4569.99954233058, 1560.0], 12, 2, 2], "22": [[-12551.605211288797, 5839.0859921692845, 1292.7292380688177], [-12140.059713168394, 4643.993278458611, 1560.0], 114, 3, 3], "23": [[-11901.903166078882, 6792.710108558843, 1460.1760305901155], [-11220.67414111994, 5557.431200202377, 1560.0], 58, 3, 3], "24": [[-11024.160539293953, 6961.044598544082, 1560.0001484914426], [-10304.759816322352, 5922.535253400907, 1560.0], 26, 3, 3], "25": [[-8478.900900145674, 9375.66443938207, 1505.5117462413739], [-8010.749048384357, 7723.909982480484, 1560.0], 54, 3, 3], "26": [[-9241.204398068325, 10137.835091064928, 1559.9999904315869], [-8506.054726158156, 8101.326150391795, 1560.0], 49, 3, 3], "27": [[-7508.794782806447, 11681.41438034827, 1271.6114768590776], [-7460.304557075614, 8860.78479711915, 1560.0], 11, 3, 3], "28": [[6482.960649639183, 7588.072113867045, 1225.397982869381], [4713.7713262753705, 6625.020829455993, 1560.0], 13, 3, 3], "29": [[5747.195544664915, 12274.367110291143, 1238.977215062247], [3160.078803186519, 9877.547537251638, 1560.0], 21, 3, 3], "3": [[-8185.246091748897, -15997.895218403695, 1168.4308103445699], [-7584.667228297866, -12995.86260104187, 1560.0], 31, 3, 2], "30": [[7044.525178453759, 13771.056861080122, 1483.3051112863502], [5053.273418142677, 11368.061449549074, 1560.0], 22, 3, 3], "31": [[9046.40702205516, -17719.963711649223, 1451.187401292983], [6587.10296742912, -14848.516552408622, 1560.0], 6, 3, 3], "32": [[12887.26453726854, -19062.6560792939, 1401.9264017420883], [9138.379211162672, -15671.409856465549, 1560.0], 9, 3, 3], "33": [[11249.961687501309, -17009.37784404478, 1502.055068363214], [8335.577632117356, -14467.371166904595, 1560.0], 19, 3, 3], "34": [[10604.39179455134, -15962.268954537521, 1318.2599340687614], [8256.490326497362, -13771.896281164629, 1560.0], 7, 3, 3], "35": [[8831.014444665525, -15439.494082800256, 1424.8893072301305], [6939.094799723315, -13489.884237068789, 1560.0], 9, 3, 3], "36": [[8261.553993410103, -14133.75967575233, 1205.0502935924078], [5775.843920384708, -12305.172052062895, 1560.0], 4, 3, 3], "37": [[9968.211389172176, -13398.297994919967, 1409.118767500451], [7814.690366461455, -11921.776616554165, 1560.0], 10, 2, 2], "38": [[13650.23857151628, -14452.582053703574, 1559.999360988818], [12119.024987942783, -13151.62527778744, 1560.0], 14, 3, 3], "39": [[18524.288199250088, -12451.248179334205, 1523.9640366132594], [16714.940973625595, -11648.196040648052, 1560.0], 47, 3, 3], "4": [[-13399.70334344802, -10078.268332803735, 1559.9999314768052], [-12222.804962106158, -8984.697402822456, 1560.0], 9, 3, 2], "40": [[11998.001005704142, -11577.165182181125, 1115.8682460545892], [9096.177749123428, -10448.446103378557, 1560.0], 20, 3, 3], "41": [[17212.84888219135, -10069.081803436062, 1560.000153079085], [15684.987697403552, -9718.211425357926, 1560.0], 40, 3, 3], "42": [[16900.43638836677, -9809.167826220617, 1486.5710852301427], [15217.117962186678, -9293.296740669944, 1560.0], 25, 3, 3], "43": [[14976.619042276337, 835.6368428847231, 1559.9998151075174], [15315.262005052376, 842.5851327794609, 1560.0], 21, 2, 2], "44": [[9265.371557963443, 2824.6236438474007, 1538.1786964272958], [8355.021661906221, 2543.7333662434035, 1560.0], 22, 3, 3], "45": [[10159.026891793155, 10053.255362483615, 1639.9999845051175], [9362.468650879488, 9217.175923367176, 1640.0], 2, 2, 2], "46": [[10306.821304857922, 9414.28133804468, 1654.940022886128], [8665.544349608896, 8602.849110348121, 1560.0], 62, 3, 3], "47": [[10958.689905076986, 9530.902596408923, 1559.9995235942934], [10602.40659024324, 9011.054001265695, 1560.0], 61, 2, 2], "48": [[10811.106713429986, 8601.079693575532, 1580.0004236908053], [10793.420202820122, 8212.029459629546, 1580.0], 15, 2, 2], "49": [[14121.41162006417, 9893.83572162719, 1839.9999101820122], [12948.229755520495, 9013.410047027472, 1840.0], 0, 2, 2], "5": [[-12608.82831259071, -9703.244933709997, 1547.1649179955054], [-11699.293326170915, -8782.81467015071, 1560.0], 11, 3, 2], "50": [[11927.851699799574, 8301.442344064946, 1600.000158186964], [11628.32479497206, 7901.363431725697, 1600.0], 3, 2, 2], "51": [[11230.970151903472, 7621.458488831186, 1559.9997811414082], [11148.224994762773, 7341.242888230862, 1560.0], 7, 2, 2], "52": [[10773.763585543937, 7604.221088772319, 1481.7148568975886], [8587.799664913711, 6564.109955125932, 1560.0], 57, 3, 3], "53": [[11354.260320943102, 7154.894462033354, 1559.9996566154898], [9938.025252959598, 6494.385081433107, 1560.0], 10, 3, 2], "54": [[12428.44916100308, 6859.364452831287, 1559.9999578567088], [11888.060951853828, 6309.86342672458, 1560.0], 26, 3, 3], "55": [[14733.531671844219, 6800.196791825069, 1589.9996797751737], [14660.188818665309, 6584.105975126, 1590.0], 1, 2, 2], "56": [[14005.376569477485, 7382.825513719258, 1659.999668094212], [12600.465616365234, 6685.059581589921, 1660.0], 9, 2, 2], "57": [[15677.496851230224, 8429.357244707206, 1789.999588365801], [15322.641870912537, 8035.536503903667, 1790.0], 3, 2, 2], "58": [[16780.261492933503, 9223.51264376864, 1930.0006468425788], [16040.85848555762, 8562.145969812087, 1930.0], 4, 2, 2], "59": [[16701.489834215372, -12498.46660385475, 1460.2521969280394], [13299.169965373514, -11322.33797413195, 1560.0], 39, 3, 3], "6": [[-11640.889797186665, -8508.557007954356, 1559.9999835154601], [-11008.918653280163, -7989.904348186809, 1560.0], 3, 3, 2], "60": [[-10251.130726462681, 14954.376985946099, 1559.9999887816516], [-7729.8944801826465, 13827.840759689985, 1560.0], 17, 2, 2], "61": [[-14864.182583716229, 6087.92876967982, 1749.9997572377404], [-10300.947252843001, 5732.308550954015, 1750.0], 0, 1, 1], "62": [[-17716.08338339932, 6165.3695310256635, 1749.9999599777345], [-11824.032701625916, 6009.824386366536, 1750.0], 0, 1, 1], "63": [[6731.27752477187, 18042.758641696975, 1749.9998585469016], [4076.113625320404, 17009.889676130784, 1750.0], 0, 1, 1], "69": [[-8951.66920906843, 15939.461101883884, 1564.0926527808551], [-6670.00622212354, 15105.154014264042, 1560.0], 84, 2, 2],