{"0": [[-8042.332439129737, -17321.80601944033, 1560.0000299943674], [-7231.9975986096615, -13901.405170530212, 1560.0], 0, 1, 1], "1": [[-9606.704640170057, -16285.469393333193, 1559.9999503332124], [-8200.69240769584, -12821.15895284132, 1560.0], 0, 2, 2], "10": [[-12538.470474286645, 6580.277619855539, 1151.6254139358487], [-12110.429241349655, 5048.767286907274, 1560.0], 60, 2, 2], "11": [[-14121.626664839847, 5135.824068909034, 1273.1726873847267], [-13365.340148762196, 4071.019435222912, 1560.0], 19, 2, 2], "12": [[-14266.485629879033, 7066.368908597703, 1330.3878604044673], [-12955.40210212836, 5413.05664865923, 1560.0], 28, 2, 2], "13": [[-10823.054080134989, 8402.131360553944, 1523.1694495564875], [-10037.205397012307, 6818.293941428296, 1560.0], 61, 3, 3], "14": [[-8646.061833773903, 8403.582149834183, 1377.856366884209], [-8693.627949910617, 6774.709362809423, 1560.0], 61, 3, 3], "15": [[-7951.108302844156, 10136.238167287427, 1537.1217059651437], [-7484.455103258856, 8257.759181623733, 1560.0], 19, 3, 3], "16": [[-8176.91275612094, 10831.810105391129, 1385.95307165488], [-7973.203437150351, 8366.563636104833, 1560.0], 54, 3, 3], "17": [[8082.462637563385, 13741.249756690098, 1559.99961018591], [5738.10320981434, 11329.836132075685, 1560.0], 13, 3, 3], "18": [[6421.053171643171, 11555.875574052672, 1545.585679059474], [5118.435331079844, 10026.30165714565, 1560.0], 24, 3, 3], "19": [[6619.4105524669385, 10781.897074539625, 1384.0906336658322], [4608.68038360827, 9219.906004193781, 1560.0], 7, 3, 3], "2": [[-9548.19824855267, -15651.169408547194, 1560.0001936021745], [-8090.189614512069, -12657.16862535643, 1560.0], 68, 2, 2], "20": [[7969.924891940675, 10795.394305547023, 1560.0000199510243], [7280.16140176554, 9777.80153180069, 1560.0], 9, 3, 3], "21": [[9494.155415363335, 11087.561956173513, 1620.6602925451464], [8556.091258301856, 9955.202161531468, 1560.0], 23, 3, 3], "22": [[9512.695774336948, 8573.433473310115, 1453.7690078804444], [7543.466442696259, 7466.1208980373185, 1560.0], 15, 3, 3], "23": [[11358.410681763962, 8845.422197408208, 1396.7360782616995], [9324.981600591787, 7686.239590210009, 1560.0], 11, 3, 2], "24": [[10498.937005277772, 8886.259243940429, 1559.9999970056283], [8505.359516322444, 7952.12650748516, 1560.0], 31, 3, 3], "25": [[11461.131838754527, 9085.927284651469, 1649.999343160003], [10506.788054895682, 8327.71764750094, 1650.0], 1, 2, 2], "26": [[18385.212204757412, 8378.860789802524, 1850.000168673092], [16872.942482662704, 7662.871808158366, 1850.0], 4, 2, 2], "27": [[17483.63857251274, 8858.5068374168, 1830.0001014077502], [17222.249569727494, 8384.289418081093, 1830.0], 12, 2, 2], "28": [[17251.33487054661, 9316.16600833765, 1829.999916998002], [15916.793750739704, 8547.969113655516, 1830.0], 0, 2, 2], "29": [[14146.385963986539, 8011.948088804274, 1559.999740852428], [13932.475609779358, 7605.677135241891, 1560.0], 6, 2, 2], "3": [[-8019.822481322797, -15303.959428461172, 1509.0078099585687], [-7301.785197271091, -12517.097971511925, 1560.0], 15, 2, 2], "30": [[13278.623358161678, 6838.296555919906, 1559.9994627107426], [12462.940994875778, 6442.578642928007, 1560.0], 0, 2, 2], "31": [[13364.351519281157, 5291.4695103262875, 1619.9996964191425], [12845.860217380734, 5027.384552902912, 1620.0], 0, 2, 2], "32": [[11449.651437956878, -24747.77338428084, 1560.0004675944483], [7389.978453827935, -18420.499697372874, 1560.0], 1, 2, 2], "33": [[7580.583356164825, -24476.932678218916, 1559.9999091842938], [4330.62878205465, -17936.663561347967, 1560.0], 0, 2, 2], "34": [[12390.585995264957, -24315.931452226403, 1281.8031789714134], [6567.214390961433, -17559.49531702218, 1560.0], 26, 2, 2], "35": [[12951.959317001434, -21615.140739752984, 1315.0132419355461], [8765.281745425506, -16878.880597651038, 1560.0], 8, 3, 3], "36": [[12521.724209318423, -20327.62857598405, 1512.1218391577916], [9543.840630010807, -16646.3349733433, 1560.0], 10, 3, 3], "37": [[8139.717597213029, -18630.199627420512, 1402.125362409782], [5411.200539287723, -15255.453268451456, 1560.0], 6, 3, 3], "38": [[14201.958657200967, -18622.83356799316, 1675.122968558211], [11903.604456142375, -16098.96295247511, 1560.0], 10, 3, 3], "39": [[17363.13104312286, -18839.600111503754, 2000.1047514514046], [15946.322232070064, -16660.142639879265, 1560.0], 6, 3, 3], "4": [[-14240.086473016996, -8276.309386748346, 1560.0000608610264], [-13248.926700966096, -7647.908003835602, 1560.0], 1, 3, 2], "40": [[12540.899681810466, -17133.095493866193, 1560.000034086229], [10825.25314078416, -14995.781555089388, 1560.0], 6, 3, 3], "41": [[25070.45942105576, -22745.763606606866, 1749.999968242082], [14236.972059352747, -9448.492894300984, 1750.0], 0, 1, 1], "42": [[19978.98400207807, -16897.19449674908, 1999.9837969928406], [19557.638446320892, -15735.489871787675, 1560.0], 15, 3, 3], "43": [[21873.157956897296, -16385.060203579156, 1962.8211613330086], [21062.39489424472, -15210.882617296695, 1560.0], 8, 3, 3], "44": [[9881.667739689034, -13293.298367549014, 1287.569454688217], [7435.037483863268, -11727.05831274282, 1560.0], 11, 2, 2], "45": [[14359.236171511695, -12488.94672137479, 1560.0001043029856], [12506.13885320096, -11550.573013237521, 1560.0], 15, 3, 3], "46": [[12549.063477367139, -11923.003546248467, 1560.0004186098276], [14247.06814201159, -10890.849943749421, 1560.0], 0, 3, 1], "47": [[24450.757410789996, -9872.65675109052, 1749.9996186099631], [22676.905361614936, -8139.257868244071, 1750.0], 0, 1, 1], "49": [[12484.434602032841, -11086.179763432508, 1531.4535953940278], [11834.99722515506, -10579.345080127014, 1560.0], 16, 3, 3], "5": [[-11797.505459526876, -7995.221672292029, 1559.9998580419951], [-11222.378160571006, -7564.606290232784, 1560.0], 6, 3, 2], "50": [[13004.41119872581, -10810.97437949644, 1555.121003409712], [11990.479303736993, -10305.743542094477, 1560.0], 36, 3, 3], "51": [[11968.482705960425, -10843.648472310037, 1504.4737796570964], [10832.484299493166, -10260.100954222984, 1560.0], 21, 3, 3], "52": [[14019.843934390825, -9986.838970518276, 1343.8128395692029], [12460.939735045726, -9461.563456967357, 1560.0], 20, 3, 3], "53": [[12094.845623522551, -9082.139169043468, 1303.9324111159467], [10062.114493225137, -8517.306925131103, 1560.0], 14, 3, 3], "54": [[17077.505533999018, -18627.390977050814, 1895.7366474664618], [15946.322232070064, -16660.142639879265, 1560.0], 12, 3, 3], "55": [[-9437.772173766933, 21412.16530214086, 1750.000131950189], [-8946.858502410954, 20632.75097002404, 1750.0], 0, 1, 1], "56": [[-10273.684433122387, 13560.385588474848, 1500.6597751282734], [-7168.317376222656, 10480.42692102771, 1560.0], 36, 2, 2], "57": [[6494.936851891603, 18257.81711226011, 1732.486623512781], [4089.138391996119, 13886.889681455106, 1950.0], 38, 3, 2], "58": [[7425.781355888484, 18262.843724743765, 1710.017497907692], [5517.668230620028, 14283.029568703734, 1950.0], 82, 3, 2], "59": [[5896.462243176234, 18889.784019808532, 1718.7936962622118], [3489.1088766561634, 14062.492040217192, 1950.0], 37, 2, 2], "6": [[-11585.5393006798, -7216.460335989946, 1559.9999118860715], [-11127.614936704149, -6936.687417618046, 1560.0], 19, 3, 2], "60": [[6988.932935889556, 19520.080875510124, 1592.2550151460925], [5847.559766266728, 15606.757989133048, 1560.0], 30, 2, 2], "61": [[7617.9229481856755, 20944.18918851483, 1559.99978892882], [4830.551773116491, 15471.375729979583, 1560.0], 0, 1, 1], "62": [[7278.140903826712, 21132.910804778163, 1559.9998118932685], [4521.058519583714, 15508.036807735352, 1560.0], 0, 1, 1], "63": [[6216.835069266081, 21754.301745126282, 1559.9998765062826], [3646.2297770689993, 15680.215774167433, 1560.0], 0, 1, 1], "64": [[5106.16561442285, 22265.13674646016, 1560.0004018060288], [0, 0, 1560], 0, 1, 1], "7": [[-13708.391848801426, -6168.992562344177, 1559.999823396516], [-13207.804205735858, -5930.843980264126, 1560.0], 3, 3, 2],