{"0": [[-8356.808158502185, -15995.616418094924, 1560.0002341005738], [-6894.341810082403, -13977.405975753025, 1560.0], 0, 1, 1], "1": [[-8256.67139783563, -18236.209842999215, 1442.858308557442], [-7310.071868013521, -13587.018481103723, 1560.0], 16, 2, 2], "10": [[-12371.013019272308, 6580.482474385067, 1559.999931880205], [-11486.385456175236, 5496.938502768964, 1560.0], 112, 3, 3], "11": [[-12943.231098684506, 6291.563292611141, 1336.7392948591091], [-12229.301649407254, 5007.06945357545, 1560.0], 28, 2, 2], "12": [[-8647.320733312701, 8301.101996192072, 1436.878510385046], [-8595.471124867967, 6788.566301108139, 1560.0], 64, 3, 3], "13": [[-8741.983043588983, 12679.96657943031, 1598.619300577245], [-7782.437696949161, 9608.532366749554, 1560.0], 55, 3, 3], "14": [[-9306.286830389601, 12796.167729794812, 1514.6273805801766], [-8374.679282829646, 9393.38053777245, 1560.0], 58, 3, 3], "15": [[-11702.113575835769, 11670.894800985223, 1749.9998036851264], [-8935.88981024563, 11254.118770412377, 1750.0], 0, 1, 1], "16": [[8986.10137184637, -26226.983962866718, 1559.999912684563], [5099.220212031516, -18621.39302937286, 1560.0], 9, 2, 2], "17": [[12130.927816420832, -22511.180279743025, 1591.0075349513615], [9524.25741299381, -18051.966037795664, 1560.0], 24, 3, 3], "18": [[13316.579505576528, -19404.661804243595, 1703.9478543467685], [10951.466752227547, -16449.318505179654, 1560.0], 12, 3, 3], "19": [[8804.145030229616, -17656.05683977706, 1559.9999429076934], [6932.170463326956, -15058.72602138751, 1560.0], 4, 3, 3], "2": [[-10704.66288390584, -13544.35821365893, 1559.9999548772585], [-9448.340465427193, -11375.423178511215, 1560.0], 4, 3, 2], "20": [[12032.900006631759, -16496.339873857673, 1559.9999406626935], [10491.207398168064, -14612.804064239863, 1560.0], 16, 3, 3], "21": [[19718.346135253872, -17237.602817258386, 2192.8077617450917], [20157.91468269792, -16146.871542481607, 1560.0], 13, 3, 3], "22": [[15044.714285938075, -13934.813215706827, 1560.0003934284225], [14241.022970857939, -13027.192710820751, 1560.0], 27, 3, 3], "23": [[9979.54672799047, -13350.051865397827, 1486.009646850257], [8244.298857574795, -12044.722696453016, 1560.0], 8, 2, 2], "25": [[21018.472279722966, -13711.301409217873, 1673.729314999339], [20228.869784439652, -11429.31936370117, 1560.0], 44, 2, 2], "26": [[19345.301396217637, -13391.120014939304, 1601.5494342569527], [18496.128275552215, -12634.43201492975, 1560.0], 7, 3, 3], "27": [[20459.154054316685, -13012.769582993169, 1570.000009894495], [18823.320451822245, -12108.780371780584, 1570.0], 2, 2, 2], "28": [[21321.738024558057, -12156.053159901388, 1559.9999391754675], [20242.908030708073, -10599.57655626224, 1560.0], 12, 2, 2], "29": [[18385.57731866286, -11474.18865444463, 1639.9999470119512], [17514.980843768062, -10877.037566488036, 1640.0], 6, 2, 2], "3": [[-11473.286597074388, -12832.288131781215, 1559.9995993312239], [-10099.72997542608, -10907.682619452768, 1560.0], 0, 2, 1], "30": [[16960.647817787692, -11598.182573632208, 1560.0000895304838], [15639.046921977684, -10962.647354601087, 1560.0], 18, 3, 3], "31": [[16226.905752594179, -11794.370261811571, 1526.4049844454444], [14868.689530376829, -11023.61595817398, 1560.0], 21, 3, 3], "32": [[12571.277266562001, -10947.851889269874, 1409.872370022214], [10327.065292479774, -10150.507298985698, 1560.0], 11, 3, 3], "33": [[15831.449218531125, -10766.524223753035, 1140.8406579137484], [12303.465622056448, -9746.85611986723, 1560.0], 6, 3, 3], "34": [[15659.302910021994, -10335.531989184698, 1523.3421436096096], [14225.873663509708, -9790.552359360561, 1560.0], 21, 3, 3], "35": [[14446.900929559844, -10007.522601350494, 1559.999022538389], [13619.851666162029, -9677.627443206837, 1560.0], 25, 3, 3], "36": [[13685.374679233671, -8134.666658072886, 1384.621563788999], [12060.333173970786, -7909.941879374226, 1560.0], 40, 3, 3], "38": [[-11017.93944071217, -18866.787655955843, 1660.0001975242224], [-5099.772759433753, -12786.669133096886, 1660.0], 0, 1, 1], "4": [[-12431.57463380932, -11473.046079289918, 1559.9996886689883], [-11130.792057015879, -9989.480818540405, 1560.0], 0, 2, 1], "40": [[-9164.49875817637, 19917.89804648427, 1560.000144002979], [-7386.449830722769, 12101.385591149266, 1560.0], 0, 2, 1], "41": [[-2488.967479719438, 9583.318018715854, 1321.3826877462288], [-3416.956387198204, 7956.41167431948, 1560.0], 3, 3, 3], "42": [[-1205.1103659590772, 10429.971038896074, 1529.143982982217], [-1938.6058262143695, 8850.176711801028, 1560.0], 12, 3, 3], "43": [[-901.3812635325563, 11524.417117766232, 1559.9998896002999], [-1583.3420110298844, 9662.045223344756, 1560.0], 7, 3, 3], "44": [[-522.3685341558129, 12477.423994022598, 1378.3063607611728], [-1490.6746205664954, 10151.345495905227, 1560.0], 3, 3, 3], "45": [[22913.951942098276, -10573.704441121203, 1750.000217150544], [21550.279909909947, -8983.561027271935, 1750.0], 0, 1, 1], "47": [[17977.687509945114, -11929.610509150638, 1397.7026967579], [15055.62220898766, -10729.848712437808, 1560.0], 12, 2, 2], "48": [[14093.19445830191, -12178.230125366606, 1588.7311139358312], [13127.977148772223, -11596.188674621131, 1560.0], 18, 3, 3], "49": [[13530.169914183629, -12217.416455038327, 1559.9997084606155], [10400.629931549896, -11043.399249885324, 1560.0], 47, 3, 3], "5": [[-12522.189131826364, -10942.409341675815, 1559.9999041578324], [-11277.75656889668, -9669.705339970218, 1560.0], 0, 2, 1], "50": [[-10319.13951381934, 14023.218059482426, 1439.200672913736], [-7168.317376222656, 10480.42692102771, 1560.0], 26, 2, 2], "51": [[13498.225501857432, 997.4147462286846, 1559.9999651545895], [12878.934166810071, 883.9607744498269, 1560.0], 3, 2, 2], "52": [[13705.636037618484, 6606.053155802732, 2022.9582702649718], [16829.840972147485, 7131.243775639938, 1950.0], 107, 2, 2], "53": [[15253.965646201263, 7405.903893439486, 1950.001488984473], [16970.063983848013, 7542.142923416596, 1950.0], 87, 2, 2], "54": [[16523.309950820145, 7809.414565647763, 1987.6044129155143], [18609.562151925093, 8055.743910042267, 1950.0], 62, 2, 2], "55": [[18589.122953306898, 9579.602987462395, 1770.0002877525728], [17726.868975858415, 8906.94985671944, 1770.0], 3, 2, 2], "56": [[18269.328368449107, 8314.63722754833, 1739.999959759535], [18324.151960629806, 8024.787616252841, 1740.0], 12, 2, 2], "57": [[12168.456348496513, 6500.680065989098, 2156.163963257063], [15446.80755598297, 7064.8487115059725, 1950.0], 88, 2, 2], "58": [[15738.162782527777, 6892.081954957529, 1949.9997479450822], [14576.60252894262, 6386.6265506565305, 1950.0], 0, 2, 1], "59": [[13997.363191200695, 8955.017830708144, 1930.000090340249], [13457.443284052826, 8343.052530930785, 1930.0], 5, 2, 2], "6": [[-10365.903395866228, 7548.607279505644, 1502.5722208148186], [-9751.894721932124, 6322.511314483292, 1560.0], 4, 3, 3], "60": [[11547.674528918855, 3139.3305478759135, 1949.9998292860748], [14788.24647396175, 7033.02930953931, 1950.0], 0, 2, 1], "61": [[15981.11215815181, 8104.189034223979, 1949.999974385861], [14955.763343002838, 7553.24772725038, 1950.0], 0, 2, 1], "62": [[11538.71271196695, 7211.22289395335, 1880.0000128030224], [12809.74760089969, 7266.479771341952, 1880.0], 113, 2, 2], "63": [[12749.016369360348, 7521.762860690378, 1559.9992220023125], [12713.25509999914, 7298.9111289039165, 1560.0], 66, 2, 2], "64": [[9374.260495055849, 3606.7429786256444, 1889.9997199449006], [12465.549178945923, 8189.748893651052, 1890.0], 0, 2, 1], "65": [[11469.286879557203, 7699.996727966343, 1559.999838454284], [11700.03100128913, 7486.762297899114, 1560.0], 56, 2, 2], "66": [[12944.774054863674, 9481.572027544236, 1559.9999344595778], [13235.836900252973, 9153.610967637476, 1560.0], 76, 2, 2], "67": [[10652.954186728293, 9244.14410304063, 1551.7672136196513], [9997.31864879457, 8507.984917655476, 1560.0], 48, 3, 3], "68": [[11237.35696029057, 10054.21292124763, 1559.9997579845597], [11226.4255548805, 9529.987959936552, 1560.0], 58, 2, 2],