{"0": [[-8605.501072255549, 10453.804597037675, 1390.0080486918207], [-8209.171285888027, 8175.066317851542, 1560.0], 17, 3, 3], "1": [[-7236.932405541057, 10965.669758929782, 972.1683265369202], [-7950.1144869545615, 8012.495620464762, 1560.0], 32, 3, 3], "10": [[-11002.243838080394, 7662.0029761985425, 1564.1246223850446], [-10120.061545862507, 6440.320734245738, 1560.0], 51, 3, 3], "100": [[-6358.521809312927, 22782.988019022847, 1749.9996768207839], [-6234.8582219557975, 22131.271359553888, 1750.0], 0, 1, 1], "11": [[-12804.606907363503, 7246.3128623742805, 1440.0044408063843], [-11772.753565565783, 5795.9682946024805, 1560.0], 26, 2, 2], "12": [[-12050.473659786063, 4409.64551151343, 1499.2587197514877], [-11692.225299607897, 3806.483619966994, 1560.0], 97, 3, 3], "13": [[-13232.522734697259, -2238.714350417498, 1340.5924814392579], [-13350.58453351874, -2248.9100407355277, 1560.0], 10, 3, 2], "14": [[-9824.256376766523, -3595.3434653395807, 1425.7713540966208], [-10032.275628651078, -3582.984379577316, 1560.0], 8, 3, 2], "15": [[-11245.545676478945, -4291.953897279143, 1509.5675036017292], [-11203.313581327187, -4248.587120627356, 1560.0], 9, 3, 2], "16": [[-11587.072523214309, -5505.409641789404, 1323.5958914263429], [-11647.125947225713, -5322.347475863094, 1560.0], 30, 3, 2], "17": [[-13965.676079162678, -6147.543139971065, 1478.9681964250428], [-13515.573199002187, -5887.595360130452, 1560.0], 16, 3, 2], "18": [[-16240.769770131043, -8473.932596567627, 1560.0003755370728], [-14655.14199817022, -7622.938956128761, 1560.0], 7, 3, 2], "19": [[-10396.86105362083, -9509.778570605613, 1559.999892925765], [-9803.823671147553, -8819.858114118668, 1560.0], 0, 3, 2], "2": [[-8486.923522526138, 8450.248341878474, 1368.9569265473156], [-8486.310545089436, 6850.662886200629, 1560.0], 22, 3, 3], "20": [[-11358.823265330713, -12280.997931516647, 1590.0001217364088], [-10237.601030053134, -10556.137301035087, 1590.0], 41, 3, 2], "21": [[-11922.018585167229, -13944.719814428578, 1722.0201896658498], [-10092.102294606904, -11514.830853281012, 1650.0], 11, 2, 2], "22": [[-11266.122424866746, -14899.20302144306, 1560.0000348594074], [-9353.018931018209, -12313.573999906223, 1560.0], 0, 1, 1], "23": [[-10604.690936231844, -15526.602910104612, 1617.8982760595886], [-8846.586148925633, -12459.606109263603, 1560.0], 26, 2, 2], "24": [[-10470.658742232528, -16392.48577928824, 1560.0003070256905], [-8401.161235550051, -13068.536721518345, 1560.0], 0, 1, 1], "25": [[-9907.645561074947, -17530.516137712642, 1559.9998965683214], [-7925.847780410414, -13287.66795152043, 1560.0], 0, 1, 1], "26": [[-7888.30476398265, -15662.086662313899, 1101.3967711063742], [-7676.4942887127545, -12801.07729526223, 1560.0], 111, 3, 2], "27": [[-10387.592141015293, -19187.244580435665, 1880.0000403980102], [-4615.615315613931, -13009.815729342055, 1880.0], 0, 1, 1], "28": [[-11431.932694121359, -7477.622526849321, 2958.8615061822443], [-8714.020124501021, -8046.064969566085, 1790.0], 50, 2, 2], "29": [[-12572.788239868883, -17116.00470242798, 1559.9993897331065], [-5584.36409349001, -11902.957493923466, 1560.0], 0, 1, 1], "3": [[-10056.253520154663, 7056.091207709069, 1447.297748161124], [-9663.477698755843, 5940.215063724873, 1560.0], 50, 3, 3], "30": [[-8640.546587993478, -17238.592670263843, 1559.9999826277171], [-3980.408965194362, -13944.987160000383, 1560.0], 0, 1, 1], "31": [[-8207.80485527013, -16435.014587521186, 1559.999995352888], [-3226.268545227506, -15009.82072711056, 1560.0], 0, 1, 1], "32": [[-5206.714711978647, -10557.827415366317, 1193.3708962395215], [-6179.981510183072, -9476.118637869415, 1560.0], 79, 3, 3], "33": [[-2498.99802373171, -11902.818988494942, 1322.956896159929], [-3523.7322323960134, -10638.036135046541, 1560.0], 82, 3, 3], "34": [[-1985.5731245281627, -12394.79866759091, 1438.553765771381], [-2627.7020451178746, -11145.08784124447, 1560.0], 28, 3, 3], "35": [[-4605.6745542392755, -10921.076552949999, 963.9313479503659], [-6194.672751926779, -9563.741465584744, 1560.0], 126, 3, 3], "36": [[-655.7147688236471, -18236.38132733903, 1230.2299994042814], [-2090.3260005148686, -14271.04711275118, 1560.0], 5, 3, 2], "37": [[-2000.4937431225967, -17129.573809562018, 1070.926086313535], [-3327.1926022598245, -13504.284933908348, 1560.0], 24, 3, 2], "38": [[1091.9276911317454, -16820.02142321552, 1423.897104900776], [-676.8488793454476, -13817.913715041703, 1560.0], 75, 3, 3], "39": [[2980.245384094976, -18104.74679263893, 1413.5943812832834], [955.9256564847856, -14630.139375979728, 1560.0], 20, 3, 3], "4": [[-9764.776414028012, 8644.40730284941, 1417.062705142613], [-9277.663715178596, 6994.152151817527, 1560.0], 16, 3, 2], "40": [[6524.4418335674545, -15260.754111628377, 1193.802119515416], [4168.489615433936, -13053.43883024714, 1560.0], 10, 3, 3], "41": [[7911.363306852648, -17520.92951057641, 1528.0835906558082], [5734.1910681310255, -14738.733921300261, 1560.0], 12, 3, 3], "42": [[7281.960209445023, -18218.87669767228, 1212.1416443131634], [5134.473605896575, -15000.086209535395, 1560.0], 48, 3, 3], "43": [[8160.551643566056, -19919.426251510955, 1474.8273226336592], [5401.4042262175235, -15946.385417119809, 1560.0], 3, 3, 3], "44": [[13189.258719515978, -20655.195566043432, 1530.2159933946248], [9998.914235340291, -16830.37357559881, 1560.0], 7, 3, 3], "45": [[10962.754614754887, -22036.123700605545, 1551.200492194052], [7406.290322462819, -17182.549355486903, 1560.0], 4, 3, 3], "46": [[9793.18169495833, -22039.455253555316, 1204.936943556515], [6082.820422790066, -16931.090065120006, 1560.0], 27, 3, 3], "47": [[11244.382665966285, -25471.82172370331, 1560.0000872129003], [7126.521243806145, -18686.273256623997, 1560.0], 21, 2, 2], "48": [[11834.950992084825, -26078.575449939966, 1560.0003212358938], [7413.4269614164095, -18958.40728129367, 1560.0], 3, 2, 2], "49": [[10037.15743684463, -13281.909306545016, 1387.1110729783234], [8328.272673297042, -11891.900271265375, 1560.0], 18, 2, 2], "5": [[-9452.020738604031, 10254.783298237362, 1167.782038919338], [-9297.972086466742, 7658.54228742089, 1560.0], 25, 3, 3], "50": [[12377.051911075583, -10917.742973943556, 1382.7845934497523], [10832.484299493166, -10260.100954222984, 1560.0], 14, 3, 3], "51": [[15459.998050249833, -14265.018012440913, 1559.9998128483473], [13586.181209542547, -12955.572291855524, 1560.0], 12, 3, 3], "52": [[14431.85329224306, -12281.327248122969, 1415.138998016547], [12615.96675512463, -11371.481426168186, 1560.0], 50, 3, 3], "53": [[16107.800053914547, -11608.376601162201, 1308.8785690409627], [13644.036562760339, -10762.009824803425, 1560.0], 39, 3, 3], "54": [[17544.46149159296, -10921.337750404338, 1559.9996010926525], [17415.00472082734, -10622.238790128778, 1560.0], 57, 3, 3], "55": [[14936.328761336585, -8118.142486559139, 1514.3435445831988], [13912.943672162462, -7959.419415763174, 1560.0], 25, 3, 3], "56": [[11848.874950977932, -6613.216260943951, 1542.3425743190771], [11543.492508142392, -6563.982289764092, 1560.0], 21, 3, 3], "57": [[11027.283009541472, -2219.3683356747897, 1361.7847038563932], [10069.122015467778, -2332.159263683017, 1560.0], 15, 3, 3], "58": [[14886.11946334478, 52.64657057668938, 1559.9998945211873], [14270.226873111362, -193.62895832974857, 1560.0], 24, 3, 3], "59": [[13435.278414334334, 465.43703167789016, 1559.999992586514], [13259.254624790006, 333.4779730760223, 1560.0], 10, 3, 3], "6": [[-10085.090888408235, 9277.322086549018, 1488.9398820949928], [-9442.365179824788, 7381.397344662042, 1560.0], 104, 3, 3], "60": [[9400.551127986304, 3678.26169620152, 1452.4818583599856], [8606.054397108237, 3401.5494417240197, 1560.0], 11, 3, 3], "61": [[13289.610078459724, 5911.999404575736, 1624.4110731423843], [13397.393373502124, 5842.814717175611, 1560.0], 9, 3, 3], "62": [[10434.357876788392, 8460.740422995803, 1559.999944038018], [9324.981600591787, 7686.239590210009, 1560.0], 17, 3, 3],