{"0": [[-7986.574331094754, 12735.283618704054, 1483.1723651983177], [-7509.025853907079, 9540.23282866072, 1560.0], 33, 3, 3], "1": [[-8636.253613037348, 12009.056241805492, 1208.0967815134882], [-8553.89264962432, 8669.210018917416, 1560.0], 57, 3, 3], "10": [[-13732.205955464273, 5854.809106266157, 1474.9103462657608], [-12686.55507880634, 4813.083277420644, 1560.0], 17, 2, 2], "11": [[-13898.004825445385, 6892.329007352206, 1306.1219911804114], [-12751.203888138436, 5342.322593805253, 1560.0], 12, 2, 2], "12": [[-14611.496656634634, -5833.660415123049, 1559.999945335449], [-13992.985151423889, -5609.962403865022, 1560.0], 0, 3, 2], "13": [[-13720.43158428825, -6368.413643252192, 1559.9999232289824], [-13153.34764747773, -6133.0597524422665, 1560.0], 1, 3, 2], "14": [[-12909.287176645854, -6421.812539651896, 1500.2937601166896], [-12590.542287003129, -6135.117141491204, 1560.0], 13, 3, 2], "15": [[-12121.720620074533, -6942.885007672411, 1454.952673535386], [-11835.941752522382, -6622.093533487231, 1560.0], 9, 3, 2], "16": [[-11346.154979215735, -7112.374651523353, 1436.2578914162011], [-11196.809834286154, -6769.532843572551, 1560.0], 11, 3, 2], "17": [[-10895.343392526369, -8552.197201695964, 1535.3707337707976], [-10374.61862075378, -8043.4893860383345, 1560.0], 22, 3, 2], "18": [[-11458.530261957043, -7758.440942330927, 1560.0000885415407], [-10914.523602027708, -7405.7258842770725, 1560.0], 6, 3, 2], "19": [[-12879.107605427816, -7474.267183924694, 1721.8429197656462], [-11976.701910029007, -7231.426920776462, 1560.0], 23, 3, 2], "2": [[-8862.14217331202, 10574.11842199998, 1616.8756497256213], [-8276.33174702938, 8352.128745006534, 1620.0], 28, 3, 3], "20": [[-13540.598969648512, -7617.957658816131, 1559.9999766007356], [-12810.829594260913, -7162.22885278126, 1560.0], 2, 3, 2], "21": [[-14925.547430772105, -6813.300382404677, 1559.999747642572], [-14133.070076112608, -6432.213391203744, 1560.0], 17, 3, 2], "22": [[-14700.187807397739, -8572.744668258243, 1560.0050122823368], [-13508.851160834884, -7838.859371921783, 1560.0], 14, 3, 2], "23": [[-11553.361807290006, -11441.109324580091, 1725.669860511645], [-10024.32860818637, -10339.286257195634, 1560.0], 66, 3, 2], "24": [[-12072.650673384638, -11128.78767677635, 1630.2979168044037], [-10717.598327351012, -9955.602424934146, 1560.0], 45, 3, 2], "25": [[-12614.582443205674, -12408.086467315363, 1615.7503577306575], [-10894.317305241088, -10626.335179804757, 1560.0], 16, 3, 2], "26": [[-11428.74477658098, -12623.648426693679, 1707.9237491389335], [-9781.361836902604, -11015.53893464145, 1560.0], 67, 3, 2], "27": [[-9599.02329812459, -16579.593590725603, 1560.0001280086658], [-8109.451110398594, -12978.161772595888, 1560.0], 10, 2, 2], "28": [[-7994.921452978016, -17978.17354925169, 1559.999995414478], [-6860.967740465609, -13743.025560476344, 1560.0], 5, 2, 2], "29": [[-12215.463912182504, -14652.272310205932, 1560.0000001217088], [-6311.384417827218, -10180.83167762643, 1560.0], 0, 1, 1], "3": [[-10042.929949802317, 9095.227780065192, 1359.4789114507857], [-9480.911287367026, 7208.928269342409, 1560.0], 4, 3, 2], "30": [[-11641.771961363751, -13189.728331711805, 1719.9998906014891], [-4317.927207018746, -16127.014167343628, 1720.0], 0, 1, 1], "31": [[-8745.142487431805, -17735.79281685763, 1730.0001723824355], [-4327.144482409075, -16072.107598181103, 1730.0], 0, 1, 1], "32": [[-477.804912204225, -17575.272966689394, 1617.8033011997884], [-1227.3291096893665, -14519.828234729388, 1560.0], 137, 3, 3], "33": [[2461.8498528022233, -16969.671929714754, 1520.6241024646897], [884.3561082197889, -14139.224416831978, 1560.0], 30, 3, 3], "34": [[5527.060417832494, -18135.65607511695, 1281.1157707902512], [2624.386577351486, -14604.481409948157, 1560.0], 16, 3, 3], "35": [[5688.235992922113, -18938.846280150046, 1202.5309143861402], [2462.180615901941, -14904.796125446823, 1560.0], 6, 3, 3], "36": [[7150.306613505266, -20002.8113487898, 1021.9191798296042], [3579.5452539543658, -15531.49635768725, 1560.0], 23, 3, 3], "37": [[7822.0871040171305, -17789.3319982352, 1484.6440710350141], [6023.641202828402, -15000.405133239085, 1560.0], 14, 3, 3], "38": [[8417.388885560966, -16613.58864067599, 1467.6460790961314], [6476.039729603681, -14271.003407370154, 1560.0], 6, 3, 3], "39": [[9978.357107669344, -13451.481354972277, 1342.6407217578871], [7814.690366461455, -11921.776616554165, 1560.0], 9, 2, 2], "4": [[-11257.284665279567, 8541.315283167452, 1696.9150041197574], [-9863.611391126178, 7250.141305715687, 1560.0], 12, 3, 2], "40": [[9864.133243885804, -17808.719984927848, 1560.0000122831652], [7052.752714656053, -14874.49032805679, 1560.0], 27, 3, 3], "41": [[10628.097285396034, -17613.618585034445, 1573.1130473769317], [8452.161212063887, -15084.984782051304, 1560.0], 22, 3, 3], "42": [[9648.557561043248, -15668.518757964266, 1370.7642794550216], [7379.822265395031, -13558.73733391425, 1560.0], 6, 3, 3], "43": [[14844.054276414363, -18168.944952414222, 1681.2292789371027], [13343.910055982351, -16056.36472614897, 1560.0], 12, 2, 2], "44": [[13243.055993958731, -20016.744890034235, 1368.170601993701], [10310.657482087092, -16456.674657540927, 1560.0], 26, 3, 3], "45": [[18734.523807396636, -14109.445408177278, 1559.9999191664988], [16699.595579410554, -12785.20664438072, 1560.0], 3, 2, 2], "46": [[16123.25806835019, -12249.321487246694, 1526.223462516087], [13471.194676160225, -11044.28161783627, 1560.0], 11, 2, 2], "47": [[15245.104438732735, -11841.958281156918, 1533.9125924511115], [12947.560554941478, -10823.29700876394, 1560.0], 11, 2, 2], "48": [[17631.97480261491, -11487.339458715098, 1559.999660403971], [15118.129717205393, -10630.931130508425, 1560.0], 11, 2, 2], "49": [[12590.504145179932, -12442.309284365327, 1750.0003035413433], [12618.013245328475, -12078.12476344641, 1750.0], 0, 1, 1], "5": [[-8912.359564532417, 8665.928883488814, 1468.5543959060262], [-8418.510844520019, 7186.123749304298, 1560.0], 6, 3, 2], "50": [[13325.789916262509, -12884.913225300828, 1560.000514344907], [13417.936294674457, -12187.335415609867, 1560.0], 45, 2, 2], "51": [[14469.814772402775, -11785.289977146736, 1749.9998751475205], [14351.497379045428, -11372.374489782007, 1750.0], 0, 1, 1], "52": [[15127.019903576762, -11490.064189718694, 1750.000176458697], [15023.73476422922, -10919.760809829715, 1750.0], 0, 1, 1], "53": [[15893.950180495187, -10970.37043710467, 1750.000000174784], [15722.563893961658, -10445.191439761496, 1750.0], 0, 1, 1], "54": [[16947.588958647997, -10656.894268145606, 1749.9997274492941], [16730.1110612187, -9913.821586613276, 1750.0], 0, 1, 1], "55": [[8306.438272525394, 11754.958361916539, 1493.8288362324574], [5785.112623466946, 9851.653452768505, 1560.0], 47, 3, 2], "56": [[7529.959371614625, 11829.242831004565, 1487.6735549977298], [6678.139407525937, 10566.559042251602, 1560.0], 49, 3, 3], "57": [[5553.530184140597, 11996.743221113675, 1412.7847810696117], [3492.318790952665, 10019.933021681005, 1560.0], 13, 3, 3], "58": [[7185.319688835969, 9807.200261185046, 1539.906913209467], [5900.475117596969, 8722.921318459914, 1560.0], 6, 3, 3], "59": [[7993.92993401023, 8294.403193042632, 1385.0945545424138], [6316.5522414387615, 7289.1976114561185, 1560.0], 11, 3, 3], "6": [[-9976.234147071558, 7104.370978825292, 1262.43238632741], [-9867.706990367342, 5747.274457290246, 1560.0], 47, 3, 3], "60": [[6105.937130375285, 10778.671795816974, 1509.939738859385], [5376.2425769700785, 9603.783613618754, 1560.0], 7, 3, 3], "61": [[10033.118322468941, 9330.329745038764, 1560.0001157682213], [8148.503408348285, 8239.866354205416, 1560.0], 29, 3, 3], "62": [[11324.94167859907, 9086.524427174847, 1629.999980955913], [11176.712365571337, 8638.186472720306, 1630.0], 10, 2, 2], "63": [[12024.486897269471, 7821.7110110812155, 1492.4714430108788], [10643.839896572455, 7315.6178741561935, 1560.0], 28, 3, 3],