{"0": [[-8642.773108682282, -19061.595181349272, 1559.9999996354086], [-6794.034904905867, -14115.26751054343, 1560.0], 0, 1, 1], "1": [[-8123.556387216057, -18178.8740448987, 1645.5296779075588], [-6650.216425513706, -13981.294522010396, 1560.0], 25, 2, 2], "10": [[-16246.534031434763, -7062.939019274363, 1559.9998631048275], [-15064.271238312904, -6549.186378540327, 1560.0], 0, 3, 2], "11": [[-13271.008025261372, -7967.650864424016, 1560.000119801145], [-12522.728799544266, -7463.218719107208, 1560.0], 5, 3, 2], "12": [[-11936.426010581516, -7349.185028311639, 1446.6516701724092], [-11637.751891713455, -6964.52173537324, 1560.0], 10, 3, 2], "13": [[-12268.68963678667, -6649.793631528197, 1559.9996885568025], [-11830.82669916973, -6418.107534877425, 1560.0], 14, 3, 2], "14": [[-13670.575134426655, -6240.03052192185, 1492.0099478812515], [-13260.090822554048, -5974.451224595089, 1560.0], 10, 3, 2], "15": [[-14227.939807712512, -6317.587794110457, 1411.2170584882856], [-13801.633524805613, -5961.97707409206, 1560.0], 26, 3, 2], "16": [[-13729.674031818344, 5951.825629457456, 1183.7427932116568], [-13028.925774207986, 4567.565946474092, 1560.0], 113, 2, 2], "17": [[-12364.421174011135, 5904.931918064473, 1348.4453143739913], [-11808.598059734551, 4835.7964723375435, 1560.0], 65, 3, 3], "18": [[-11934.260464470899, 6591.700307164861, 1484.8147053246544], [-11245.778636871946, 5439.093390458425, 1560.0], 60, 3, 3], "19": [[-10891.961328847425, 6953.025106608373, 1559.9999409810412], [-10060.169959114488, 5989.131516755426, 1560.0], 33, 3, 3], "2": [[-8331.30024249838, -17252.90857635001, 1338.3709307092522], [-7699.833078209991, -13058.662768133914, 1560.0], 13, 2, 2], "20": [[-9645.676416011669, 8600.99135333535, 1328.8732827852552], [-9393.959057614102, 6845.780927870088, 1560.0], 37, 3, 3], "21": [[-7970.510135651251, 10277.504360791954, 1330.0037898565276], [-7715.491372115031, 8157.760396750703, 1560.0], 12, 3, 3], "22": [[-8207.329513883444, 11289.856755359313, 1330.133326186946], [-8025.121673858854, 8571.724292642017, 1560.0], 21, 3, 3], "23": [[-8885.715249821158, 11663.274169858863, 1522.7542369772846], [-8233.42440352913, 8889.762333018229, 1560.0], 64, 3, 3], "24": [[-9812.324210945368, 9651.851578108413, 1520.4978432308098], [-9132.541919597954, 7656.239563165435, 1560.0], 53, 3, 3], "25": [[5620.814247524853, 12379.233054694527, 1298.801081447166], [3195.347831885281, 10052.995896948181, 1560.0], 23, 3, 3], "26": [[10458.133229317038, 10238.621013762167, 1715.3260383014158], [9266.648428868864, 9181.211463888052, 1660.0], 44, 3, 3], "27": [[10621.508120653814, 9615.142404981283, 1560.0001173383464], [9607.32848840706, 8801.47313544517, 1560.0], 5, 3, 2], "28": [[10461.041165179253, 9428.023569596806, 1740.0000497758476], [9717.201899159892, 8696.697877940023, 1740.0], 0, 2, 2], "29": [[10764.89433111182, 7594.3075357707385, 1560.0000094702684], [9065.29679017297, 6688.784250076004, 1560.0], 60, 3, 3], "3": [[-8259.22992266419, -15895.032780402811, 1110.5264125533458], [-7482.163433312461, -13086.416506378748, 1560.0], 39, 3, 2], "30": [[11315.11964875639, 7297.151676577172, 1530.2977043051596], [9436.249259624192, 6369.414900248107, 1560.0], 45, 3, 3], "31": [[11591.765660450492, 6987.353711377641, 1720.0000845975978], [10658.347645596397, 6430.483573256788, 1720.0], 4, 2, 2], "32": [[16161.539667202755, 9315.045131889423, 1910.0002874358659], [15523.702591218444, 8672.601743761621, 1910.0], 7, 2, 2], "33": [[13928.362078636499, 7757.025898425954, 1629.9999009392773], [12904.84787068781, 7220.361410694452, 1630.0], 0, 2, 2], "34": [[13571.718788519296, 7174.379129733316, 1570.0000798701685], [12482.794726162454, 6672.527446817426, 1570.0], 2, 2, 2], "35": [[15173.759322521746, 1269.979026208728, 1560.000263958635], [15513.476148469612, 1351.1533101334242, 1560.0], 28, 2, 2], "36": [[14437.740552516307, -660.1820001581945, 1559.9991401844763], [14618.976534715875, -895.6267306610915, 1560.0], 54, 3, 3], "37": [[15714.083109024874, -3069.7380667577545, 1560.0002085225938], [16235.189981985513, -3320.3983235674646, 1560.0], 43, 3, 3], "38": [[12518.794335527913, -10707.078224287045, 1387.7773340471276], [10420.540955271674, -9973.994505988447, 1560.0], 9, 3, 3], "39": [[12107.461326586303, -11572.184772922898, 1122.783329376306], [7335.7018826083395, -10037.443937255559, 1560.0], 43, 3, 3], "4": [[-12032.42881152999, -14080.873251861922, 1559.999982348486], [-9976.753801558749, -11924.24200328184, 1560.0], 0, 1, 1], "40": [[14332.852997959573, -11996.88774404917, 1559.9996466315279], [13299.169965373514, -11322.33797413195, 1560.0], 23, 3, 3], "41": [[19280.911454209232, -12227.966112813425, 1535.1849009009682], [17704.276355140948, -11392.070745457902, 1560.0], 16, 3, 3], "42": [[19296.07745527881, -11789.42053387119, 1749.999924978157], [18252.21681949264, -11139.490316758089, 1750.0], 3, 2, 2], "43": [[9918.576919497218, -13362.018208126503, 1320.3843853846959], [6987.1067545846445, -11684.795950748712, 1560.0], 10, 2, 2], "44": [[10906.540920201367, -16191.790864952083, 1459.7625180398263], [8170.176715301868, -13910.491014282563, 1560.0], 7, 3, 3], "45": [[11346.28309331734, -16843.345096187168, 1543.423367408932], [8814.176562721947, -14553.660572992772, 1560.0], 18, 3, 3], "46": [[13614.549842055589, -17367.69017221018, 1554.3344022999247], [9449.311464774308, -14433.638933997823, 1560.0], 36, 3, 3], "47": [[7376.356923470091, -15417.52543727466, 1254.718614791272], [4908.238934831781, -13170.63254792509, 1560.0], 8, 3, 3], "48": [[9525.453856679322, -17310.28751088402, 1516.4565339530375], [7575.2063546700265, -14837.469941497522, 1560.0], 8, 3, 3], "49": [[8073.306425426146, -20224.529463915733, 1454.9441914810418], [4920.612218089223, -16003.669612765147, 1560.0], 11, 3, 3], "5": [[-12215.551659971099, -10977.946109008426, 1732.107898004969], [-10718.200377783623, -9927.321322510681, 1560.0], 19, 3, 2], "50": [[10621.40249248732, -23618.569896801953, 1559.9996534438055], [6445.330885417212, -17701.357841832243, 1560.0], 18, 2, 2], "51": [[17151.23286825668, -12539.027657467475, 1559.999480545646], [11957.263071466388, -11418.430640407612, 1560.0], 17, 3, 2], "52": [[-12582.112456638162, -14835.017118088777, 1559.9998482627616], [-6551.655553603226, -9848.073691719273, 1560.0], 0, 1, 1], "53": [[-8204.484345919025, -19125.035970400295, 1560.0003066103761], [-3685.067044147874, -14549.282015296192, 1560.0], 0, 1, 1], "54": [[-8811.485310543612, -20004.500210807422, 1560.0004413913416], [-4121.314104893096, -14207.500294067859, 1560.0], 0, 1, 1], "55": [[-14886.534344586858, 7045.500264512141, 1750.0001401904021], [-10553.933306697769, 6981.65074015595, 1750.0], 0, 1, 1], "6": [[-11721.098758345632, -10895.873577136734, 1632.9032672903666], [-10496.220049003716, -9818.38578761429, 1560.0], 12, 3, 2], "60": [[-9506.305720686083, 18398.615147060824, 1750.0002697584555], [-9181.019675766187, 18038.39839121515, 1750.0], 0, 1, 1], "61": [[-9000.993178067694, 18244.188553283708, 1749.9998451327326], [-8787.015414970117, 17946.273418651035, 1750.0], 0, 1, 1], "62": [[-8589.820122855563, 18349.478166784505, 1749.9996027521427], [-8427.376491450828, 18080.493959243115, 1750.0], 0, 1, 1], "63": [[-8356.697894024262, 16356.970456081803, 1750.0001766635887], [-8234.599051580504, 16207.210176309847, 1750.0], 0, 1, 1], "64": [[-7463.464056784401, 14452.413747245782, 1749.9996182393368], [-7444.591655460235, 14439.152924842978, 1750.0], 0, 1, 1], "7": [[-13322.371442158937, -9089.016819868439, 1502.5391317516692], [-12435.150500274254, -8268.680348488668, 1560.0], 10, 3, 2], "8": [[-14021.34944204175, -8634.587333217512, 1560.000067384168], [-12983.813799211679, -7936.839123606679, 1560.0], 5, 3, 2], "9": [[-15699.181419654718, -7641.34724885159, 1560.0002279708044], [-14503.213323295142, -7058.951391472387, 1560.0], 3, 3, 2]}