{"0": [[-10537.922314994132, -9710.473962947872, 1559.9997573556745], [-9899.7242859139, -8953.659550982615, 1560.0], 7, 3, 2], "1": [[-11583.749517566424, -12689.310376697375, 1560.0000140140905], [-10177.878394010275, -10835.000991477937, 1560.0], 3, 3, 2], "10": [[8236.984005343409, -17896.742436156812, 1559.999538974713], [6393.754482925921, -15148.097166723535, 1560.0], 12, 3, 3], "11": [[7658.541452340954, -16661.859697387634, 1415.3760511990934], [5589.9808412844195, -14240.449371843612, 1560.0], 8, 3, 3], "12": [[8791.373586405167, -15438.851380082226, 1250.6784532028028], [6166.598104965469, -13225.683845028187, 1560.0], 12, 3, 3], "13": [[12230.45325508761, -22779.998680873283, 1590.869217076153], [9473.126566019395, -18105.2560939423, 1560.0], 19, 3, 3], "14": [[10208.878980490104, -24883.543502950357, 1559.999851024882], [6005.7056182121405, -18193.065043622053, 1560.0], 12, 2, 2], "15": [[9931.999352566334, -31482.192010107014, 1749.999945052043], [6700.106861695867, -21350.770217541096, 1750.0], 0, 1, 1], "16": [[13122.699782314075, -16560.587646635297, 1521.849413254858], [10645.09531532905, -14394.241011355289, 1560.0], 7, 3, 3], "17": [[10083.207086458147, -12938.92832539524, 1354.9683897464627], [8902.56957103153, -11782.116043901586, 1560.0], 53, 2, 2], "18": [[18557.07445014256, -11457.112417376968, 1629.1065035616668], [19434.98637567301, -11381.13213824082, 1560.0], 51, 3, 3], "19": [[17186.391342115847, -10560.707166679696, 1614.7588077024789], [16847.02056693869, -10278.543933830784, 1560.0], 18, 3, 3], "2": [[-11866.327891551038, -11992.60989792321, 1241.8427361166846], [-11061.176156375412, -10055.699206603178, 1560.0], 23, 3, 2], "20": [[15950.671249333154, -10419.237875732406, 1086.4233529317883], [12408.377249109219, -9557.094515524961, 1560.0], 33, 3, 3], "21": [[15510.206966077078, -10414.965814361758, 1523.0375090766806], [14167.306772631224, -9889.817925439917, 1560.0], 32, 3, 3], "22": [[15004.683261919576, -11098.486919131272, 1560.000176719164], [14427.195442522447, -10600.760481279802, 1560.0], 19, 3, 3], "23": [[14133.81341027937, -12308.146572878031, 1672.0403051082053], [13711.837248126707, -11735.094300439148, 1560.0], 11, 3, 3], "24": [[13709.933107976762, -12592.124476253268, 1642.0513453999515], [12957.630217226386, -11865.844364146362, 1560.0], 10, 3, 3], "25": [[14572.681958574896, -9592.06764966064, 1519.7485631371924], [13846.505662171536, -9281.07880931453, 1560.0], 13, 3, 3], "26": [[13162.536917490812, -11412.529936892544, 1495.7924048173863], [11252.31007755883, -10551.74401478385, 1560.0], 10, 3, 3], "27": [[12948.141009181822, -10308.219876077583, 1442.3127364813092], [10608.270981097125, -9616.172090335725, 1560.0], 31, 3, 3], "28": [[19110.972753841223, -16554.820878537, 2241.273696928629], [20299.475908071887, -15834.166214481414, 1580.0], 27, 3, 3], "29": [[24272.919282130075, -9650.694167868975, 1749.9996334463374], [22628.21976866447, -7927.9759413297, 1750.0], 0, 1, 1], "3": [[-11863.493444574098, -11580.658242777736, 1114.1039105893078], [-11275.183963931046, -9724.113160316465, 1560.0], 25, 3, 2], "30": [[15508.572963594925, 536.8944935375936, 1699.9998600813776], [15732.616022551145, 489.8928907761553, 1700.0], 10, 2, 2], "31": [[14778.172392953098, 529.7426684548178, 1572.2765259018247], [15792.47480361516, 383.65336294050803, 1560.0], 37, 3, 3], "32": [[14037.982862433924, 754.1379020358554, 1592.548958877384], [14558.32510287327, 543.0772428895422, 1560.0], 32, 3, 3], "33": [[13292.80509133525, 1066.1946581855052, 1559.999927642381], [14106.574646179806, 986.7523672026932, 1560.0], 37, 3, 3], "34": [[12312.826086044672, 1254.788395898345, 1752.2408498017867], [13304.7437986986, 1147.7051104710324, 1610.0], 32, 3, 3], "35": [[16844.016102088586, 807.3076922568456, 1949.9997882861771], [17275.93778496848, 827.4124892083894, 1950.0], 9, 2, 2], "36": [[14190.552553097707, 4951.313611470336, 1559.9999741479885], [13616.622888164275, 4713.986927924923, 1560.0], 3, 2, 2], "37": [[15171.931188280423, 6549.311136544514, 1559.9998872617984], [15368.075829944413, 6378.6621068374025, 1560.0], 15, 2, 2], "38": [[14768.568453777576, 7754.00347186091, 1609.999785388467], [14831.511913683415, 7462.2831119413, 1610.0], 12, 2, 2], "39": [[15225.247293324832, 7622.353820402974, 1579.9997946908493], [14266.78724674601, 7093.097242303777, 1580.0], 2, 2, 2], "4": [[-14276.4160057907, -6228.715304350204, 1559.9999626778495], [-13707.851370823764, -5966.933998309894, 1560.0], 10, 3, 2], "40": [[13222.441340230753, 7918.140863193369, 1559.9998915563085], [12748.70481203042, 7421.7769011513055, 1560.0], 0, 2, 2], "41": [[15157.86370246566, 8505.645096881786, 1789.9997922354657], [14019.619076851935, 7821.494484531077, 1790.0], 0, 2, 2], "42": [[12116.636020605032, 7660.331750697398, 1503.5867407715293], [9999.771060983956, 6721.340490158532, 1560.0], 14, 3, 3], "43": [[13913.005521399666, 8055.860661849073, 1559.9996651998524], [13349.884068234234, 7574.8435366651365, 1560.0], 2, 2, 2], "44": [[16647.832456271935, 9710.841125634075, 1920.000223031377], [15545.791369212584, 8919.272140650686, 1920.0], 3, 2, 2], "45": [[16251.03342318141, 7060.361742672008, 1699.9999433717721], [15339.22842773239, 6594.327156122775, 1700.0], 2, 2, 2], "46": [[16824.208208199838, 7416.021240390747, 1890.0006572120683], [16446.499729744093, 7055.2963333855405, 1890.0], 1, 2, 2], "47": [[10877.683215378931, 8782.307304370202, 1582.2114412882418], [9881.208445381033, 8055.344564968766, 1560.0], 16, 3, 3], "48": [[3042.8582328833536, 6694.3729983643625, 1950.000187858061], [8712.105336333414, 8438.526949960062, 1950.0], 0, 3, 1], "49": [[8977.932145832112, 10446.116043231426, 1606.7782731095215], [7906.808855732498, 9329.611912297896, 1580.0], 31, 3, 3], "5": [[-13891.127222030884, -9988.098531823021, 1560.0003142117043], [-12547.904436402696, -8923.829021139565, 1560.0], 6, 3, 2], "50": [[9121.347694319045, 11484.88407345976, 1639.9004878577257], [7727.495054007065, 9805.501813663253, 1750.0], 94, 3, 3], "51": [[7129.908569204149, 11430.818879752169, 1426.7654826927117], [5417.401370080524, 9796.111034098918, 1560.0], 10, 3, 3], "52": [[1165.2554318183825, 10708.911403886079, 1526.270385179659], [72.78545112955499, 9119.684923524883, 1560.0], 15, 3, 3], "53": [[-7680.39257098217, 10186.5348200341, 1362.6714682698516], [-7515.401680736746, 8109.566518117388, 1560.0], 20, 3, 3], "54": [[-10396.603530195993, 13641.922954311973, 1559.9999846117337], [-7594.126257226983, 12047.510379925398, 1560.0], 20, 2, 2], "55": [[-8643.40387301482, 8342.522811374081, 1386.8492231203636], [-8486.310545089436, 6850.662886200629, 1560.0], 11, 3, 2], "56": [[-10480.763496396547, 7406.855422965364, 1619.8197039359304], [-9942.413637678688, 6187.661807821554, 1660.0], 50, 3, 2], "57": [[-11615.66506537969, 6320.807466479458, 1353.8214142107643], [-11245.161803413977, 5124.598759789805, 1560.0], 56, 3, 3], "58": [[-12492.321830126995, 5792.2297748359415, 1439.5739060537064], [-11876.401419712443, 4796.631710886696, 1560.0], 37, 3, 3], "59": [[-13287.345177617386, 5825.1208019587075, 1497.453192472756], [-12376.972132649928, 4822.66370136907, 1560.0], 43, 2, 2], "6": [[-8308.409570194104, -17996.454181730107, 1423.6101141127508], [-7304.933119741616, -13540.012035611306, 1560.0], 61, 2, 2], "60": [[-12575.724255074017, 6955.201883483121, 1380.1288045754695], [-11773.74353081885, 5544.855133240619, 1560.0], 41, 2, 2], "61": [[-13108.604331328708, 6875.881129969327, 1574.0276221528163], [-12072.037234927615, 5547.534390972383, 1660.0], 41, 2, 2], "62": [[-13910.813913155385, 7294.921479071573, 1233.9375555549245], [-12810.861338134984, 5462.897168100155, 1560.0], 83, 2, 2], "63": [[6730.392084051145, 19437.153100870943, 1749.9999369220675], [3844.1318201650247, 17950.208271186766, 1750.0], 0, 1, 1], "68": [[-9375.096115833798, 17922.592349816146, 1749.9998641085492], [-9093.840991235751, 17632.5706333308, 1750.0], 0, 1, 1],