{"0": [[-8839.202822189309, 8768.514053923365, 1404.306974967271], [-8626.425744842876, 7105.343844374251, 1560.0], 17, 3, 3], "1": [[-10014.327394699549, 7065.458302438164, 1334.137995149828], [-9867.706990367342, 5747.274457290246, 1560.0], 83, 3, 3], "10": [[-8899.2746523069, 2274.6496115146033, 1305.5423771552614], [-9446.749534796443, 1848.4915905989665, 1560.0], 85, 3, 3], "11": [[-11229.775817484093, 3170.8182460836993, 1164.5564868800216], [-11566.584424066246, 2535.1740117437953, 1560.0], 78, 3, 3], "12": [[-12641.959673542131, 1504.6813603842777, 1434.6491681170564], [-12529.561928436622, 1255.1371886517052, 1560.0], 91, 3, 3], "13": [[-14020.234901863216, 1050.4556371702458, 1559.9998691967733], [-13612.877459164685, 924.0449805108185, 1560.0], 10, 3, 2], "14": [[-11216.875649197751, -62.24443232140024, 1296.111012513236], [-11656.089988272224, -254.42707453871336, 1560.0], 83, 3, 2], "15": [[-13537.85299975456, -1870.6556592965119, 1476.2653294798458], [-13433.32602027196, -1902.211967591958, 1560.0], 8, 3, 2], "16": [[-10712.098211204608, -2835.127214314816, 1216.7914683232204], [-11318.745297718653, -2817.4348515645647, 1560.0], 33, 3, 2], "17": [[-12588.446117601117, -2835.9923024570467, 1559.9998708984635], [-12447.838493738924, -2847.2868826216686, 1560.0], 6, 3, 2], "18": [[-13779.44889117151, -3179.1673238686717, 1532.1722720219148], [-13564.858541306277, -3165.307330981091, 1560.0], 8, 3, 2], "19": [[-13086.132679990118, -4143.331363857625, 1559.9999659700472], [-12888.609929418459, -4068.418059392822, 1560.0], 11, 3, 2], "2": [[-10639.570302542425, 8589.39763875792, 1422.1626931459896], [-10037.205397012307, 6818.293941428296, 1560.0], 50, 3, 3], "20": [[-11827.485182680073, -4219.815359747629, 1495.442651669143], [-11794.291244058746, -4161.668485071156, 1560.0], 11, 3, 2], "21": [[-10104.62034770587, -4105.241572599208, 1476.1567869691696], [-10260.977926808106, -4041.3681959258356, 1560.0], 14, 3, 2], "22": [[-12476.120241315346, -5435.570629041912, 1559.9999483127676], [-12129.89647914693, -5314.793527340852, 1560.0], 0, 3, 2], "23": [[-13182.56040154007, -5372.5212055198745, 1559.9997947023294], [-12869.571150160635, -5231.0906704094095, 1560.0], 8, 3, 2], "24": [[-11082.968174108551, -6558.6309729180175, 1408.9246517797558], [-11019.623348630277, -6273.991303645891, 1560.0], 12, 3, 2], "25": [[-12044.338516311707, -6027.840653878084, 1560.0001121946657], [-11672.486803950307, -5865.560404013708, 1560.0], 0, 3, 2], "26": [[-14024.069129546568, -6698.285244655366, 1559.9998689987563], [-13356.01928326221, -6386.933159359137, 1560.0], 9, 3, 2], "27": [[-12415.49799292011, -8627.82126425957, 1503.5765472496641], [-11779.774436363365, -8005.925211743309, 1560.0], 10, 3, 3], "28": [[-11768.911301776821, -8787.919781660892, 1417.671455062931], [-11159.628110354475, -8123.934883244128, 1560.0], 56, 3, 3], "29": [[-12086.395842928972, -10037.204359128164, 1560.0000018594242], [-11089.13933391686, -9124.009009833107, 1560.0], 5, 3, 2], "3": [[-11212.252666265875, 7472.293426462406, 1391.5461048217433], [-10723.318217607617, 5998.87506848188, 1560.0], 94, 3, 3], "30": [[-14936.686535825995, -8081.963179817486, 1560.000119547616], [-13802.523464161464, -7468.2150346862, 1560.0], 12, 3, 2], "31": [[-11269.864225473866, -13259.6147329519, 1602.9593280186002], [-9779.796738253224, -11230.10540893606, 1560.0], 19, 3, 2], "32": [[-11915.24648652842, -13679.331317151533, 1560.0003198032202], [-10232.274999622558, -11320.950219567283, 1560.0], 27, 2, 2], "33": [[-10192.117812499891, -15913.558294119135, 1560.0000189310704], [-8667.97892846883, -12573.612851103198, 1560.0], 3, 2, 2], "34": [[-10483.74084253942, -16180.107412300013, 1559.9999217312195], [-8491.774474853966, -12987.075159998038, 1560.0], 0, 1, 1], "35": [[-7655.547607175859, -16547.5567826483, 1151.9129634406697], [-7274.271055802094, -13269.599808551575, 1560.0], 65, 3, 2], "36": [[-6643.549944153322, -18781.202139492754, 1560.0004650947149], [-5767.786933753571, -14285.314179549663, 1560.0], 5, 2, 2], "37": [[-3627.0604595120576, -17744.55990177547, 1366.7970969843486], [-4125.034842140672, -14222.794826667152, 1560.0], 24, 3, 2], "38": [[-3356.6613700146204, -16153.567419072358, 1304.1665827748097], [-4169.717044644869, -13117.69909685132, 1560.0], 50, 3, 3], "39": [[-2631.9963357490988, -14867.527514732876, 1559.9097890387045], [-3193.1075045003495, -13072.172155449996, 1560.0], 51, 3, 2], "4": [[-10880.38979639491, 5706.8996176456185, 1195.344107553653], [-10933.50320374539, 4596.11310335835, 1560.0], 77, 3, 3], "40": [[-3768.3106444173873, -14740.278133676735, 1348.4687948174505], [-4358.173144265348, -12460.72116420612, 1560.0], 56, 3, 3], "41": [[3151.6975281205027, -16960.941106617778, 1203.5020814654647], [743.680769562822, -13785.494796124605, 1560.0], 15, 3, 3], "42": [[4717.923282568405, -16068.711890864792, 1255.2621409008298], [2190.0884395555613, -13401.592948032738, 1560.0], 9, 3, 3], "43": [[4817.828888291069, -15364.621993925413, 1167.0403300625364], [2370.726955210697, -13011.935159396737, 1560.0], 23, 3, 3], "44": [[6449.227554503823, -17423.17980881652, 1289.3654351048767], [3846.951351829822, -14402.918615151682, 1560.0], 12, 3, 3], "45": [[10178.23309077215, -18827.376742864653, 1520.3271968789657], [7557.315260204343, -15612.012684009416, 1560.0], 6, 3, 3], "46": [[10526.904457634408, -17222.928052395226, 1508.241651041498], [7785.827791399928, -14515.046727305576, 1560.0], 7, 3, 3], "47": [[19024.362477892253, -17166.45379931565, 1965.0541864169547], [18474.274333567315, -15867.91711153897, 1560.0], 21, 3, 3], "48": [[14560.785725733796, -2258.4333147454195, 1560.0000275252507], [15938.030605836266, -2453.9175790986055, 1560.0], 46, 3, 3], "49": [[16540.675799731893, -7091.7853758621095, 1523.4171372771175], [16396.339746302936, -7234.400973377974, 1560.0], 64, 3, 3], "5": [[-11383.351099484127, 5162.860195138604, 1373.9947944273963], [-11121.40050909482, 4349.036533718562, 1560.0], 53, 3, 3], "50": [[14878.751868762149, -6803.402260859643, 1476.9390951371458], [15171.721653334766, -6858.419558061869, 1560.0], 47, 3, 3], "51": [[13964.34655553842, -7265.460674111241, 1539.917925779671], [13687.948909302144, -7144.727664587205, 1560.0], 18, 3, 3], "52": [[13406.034229179204, -7688.542864464557, 1463.5869055588619], [12260.23039311275, -7510.143282501988, 1560.0], 13, 3, 3], "53": [[14970.288182771643, -8772.230786922506, 1410.187835620533], [13691.032162022444, -8372.27198544351, 1560.0], 21, 3, 3], "54": [[15152.180496242665, -9464.937856308772, 1088.6265546235772], [11712.655078216307, -8593.833557309037, 1560.0], 13, 3, 2], "55": [[12683.551077262195, -10527.5823685849, 1468.0312046341915], [11074.851132858033, -9810.589390059398, 1560.0], 10, 3, 3], "56": [[12218.194417633918, -11074.90182680998, 1427.5927269529066], [10784.216967398605, -10348.772691938973, 1560.0], 39, 3, 3], "57": [[12341.102221649362, -9188.36501323505, 1379.5102069686086], [10518.875155828035, -8697.148704795822, 1560.0], 14, 3, 3], "58": [[13886.522372806328, -10098.576234531321, 1418.6625735785956], [12408.377249109219, -9557.094515524961, 1560.0], 12, 3, 3], "59": [[18768.620632592665, -13864.371625169239, 1505.236064532808], [16026.972541570743, -12620.084367848702, 1560.0], 32, 3, 3], "6": [[-13911.7588698755, 5194.722382494833, 1209.5496522850156], [-13283.75809918659, 4033.1479171880255, 1560.0], 97, 2, 2], "60": [[-5581.4412372094375, 8459.74619017014, 1148.9074253752024], [-6340.900373451467, 6868.2175403628535, 1560.0], 5, 3, 3], "61": [[-4586.485251742131, 11013.071331603478, 1385.0251375781438], [-4834.708881380744, 8960.871699301744, 1560.0], 2, 3, 3], "62": [[-6331.214667248418, 10770.220741998099, 1483.0802334778953], [-5954.491696075167, 8864.491262375765, 1560.0], 25, 3, 3], "63": [[-139.87105140690005, 10696.180243534316, 1415.4258159357844], [-1081.5111403482133, 8998.01096605462, 1560.0], 12, 3, 3],