{"0": [[-7729.262346270161, 12249.061710051941, 1394.4750467154017], [-7604.880886228881, 9126.48916255179, 1560.0], 113, 3, 3], "1": [[-10018.642560518254, 9450.345489224805, 1469.8203456859353], [-9337.15864579394, 7486.3211450597855, 1560.0], 27, 3, 3], "10": [[-11618.273703931005, -7425.228702714712, 1487.4337597687206], [-11281.944270667882, -7059.14896450843, 1560.0], 11, 3, 2], "11": [[-12566.218851057589, -7001.56451926132, 1560.0000912096978], [-12036.943581412193, -6719.346435281746, 1560.0], 3, 3, 2], "12": [[-13139.287747822527, -6767.821140953809, 1559.999562568689], [-12592.423680711634, -6487.365605163889, 1560.0], 7, 3, 2], "13": [[-15049.256041329283, -6169.713888385802, 1532.134648121826], [-14368.680320441625, -5862.9391063747025, 1560.0], 12, 3, 2], "14": [[-13547.085222439126, -7572.935270786721, 1560.0000168079234], [-12755.945570085923, -7156.380562383042, 1560.0], 7, 3, 2], "15": [[-13920.977901908365, -8975.666108045765, 1770.6832827646683], [-12538.648925655989, -8375.613038674534, 1560.0], 13, 3, 2], "16": [[-13803.360492062655, -9500.437893033512, 1603.0317074439533], [-12519.846873285653, -8643.723475884592, 1560.0], 16, 3, 2], "17": [[-12225.75957305617, -9961.381209179743, 1559.999148351966], [-11298.79586561008, -9016.802488793657, 1560.0], 6, 3, 2], "18": [[-10154.208928542163, -12272.10203973321, 1606.900905494765], [-9071.508349291156, -10799.071003221756, 1560.0], 11, 3, 2], "19": [[-7617.5320242591115, -14398.362613548323, 1525.8939625550158], [-7380.454486882928, -12182.99336656158, 1560.0], 92, 3, 2], "2": [[-10014.345435990088, 7224.383123397715, 1472.3878620241226], [-9645.63954260274, 6030.129293062145, 1560.0], 81, 3, 3], "20": [[-11035.470076703901, -13096.41450533389, 1559.9999701826707], [-9781.157924220344, -11069.907554201507, 1560.0], 2, 3, 2], "21": [[-13042.505410131344, -11820.90561051369, 1726.995778504312], [-11304.192037841996, -10276.878186041786, 1600.0], 11, 3, 2], "22": [[7383.7175302479, -18379.53807456984, 1357.625302865413], [5065.448546599453, -15111.83706838451, 1560.0], 26, 3, 2], "23": [[8194.637743741841, -17576.693792571747, 1560.0000615905465], [6098.2907303356415, -14882.404634916147, 1560.0], 5, 3, 3], "24": [[9331.556092178207, -15662.65064728357, 1359.5563104182345], [6548.249813643592, -13356.239426725087, 1560.0], 6, 3, 3], "25": [[9875.44358093292, -20097.351735520548, 1560.0000406839422], [6713.716574253645, -16088.24263825285, 1560.0], 35, 3, 3], "26": [[10491.537512638826, -16108.298909871222, 1560.00013093255], [8127.142241015103, -13979.207336073205, 1560.0], 20, 3, 3], "27": [[12523.274959331762, -11036.32358057103, 1308.6604276905991], [10373.77028043881, -10062.450731272886, 1560.0], 8, 3, 3], "28": [[13362.353301732986, -10216.779299632208, 1478.1724113637779], [11805.118931159368, -9546.413263312148, 1560.0], 11, 3, 3], "29": [[14773.957928902888, -11870.997067837574, 1560.0002289203144], [12726.149057264693, -11190.57333144248, 1560.0], 70, 3, 3], "3": [[-11260.917348777699, 5775.184307388827, 1504.2487642488509], [-10716.36973980687, 4975.853610949253, 1560.0], 10, 3, 2], "30": [[16626.622111499168, -10427.069961456433, 1464.4555840129847], [14225.873663509708, -9790.552359360561, 1560.0], 27, 3, 3], "31": [[15719.969434094772, -9280.193719708179, 1415.7317741323207], [14756.61347414385, -8875.910046651692, 1560.0], 27, 3, 3], "32": [[15143.498544181584, -4768.492979829735, 1560.0000286880172], [14778.284494071322, -4944.874160281729, 1560.0], 67, 3, 3], "33": [[14005.343891792623, -3018.6488781204816, 1377.7431483499536], [13722.393142944247, -3029.6161589846147, 1560.0], 43, 3, 3], "34": [[12678.459658932026, 1006.0271492689857, 1560.0001461633071], [12878.934166810071, 883.9607744498269, 1560.0], 20, 3, 3], "35": [[12327.677008146587, 1746.2896795885615, 1523.4645943189157], [12502.095811023959, 1424.0192801238534, 1560.0], 43, 3, 3], "36": [[13551.275804560588, 1204.0225023707092, 1560.0009790016034], [13527.915735482953, 1055.6603777011803, 1560.0], 7, 3, 3], "37": [[8155.666462345938, 11217.993818609877, 1396.5668839770542], [6503.914458764892, 9766.246163153211, 1560.0], 5, 3, 3], "38": [[7784.2566623842085, 10439.199977305881, 1334.3009145801864], [5966.570366989912, 9019.314809010186, 1560.0], 5, 3, 3], "39": [[9888.423678217747, 8666.766078052495, 1560.000107654162], [7543.466442696259, 7466.1208980373185, 1560.0], 101, 3, 3], "4": [[-11546.03649171566, 6716.0246842247125, 1454.0030099297078], [-10871.710914059033, 5625.8970229832385, 1560.0], 19, 3, 2], "40": [[10419.31024303994, 9893.944014329441, 1592.3498215887912], [9197.74933203668, 8976.424787395288, 1560.0], 22, 3, 3], "41": [[18642.841438948344, -13872.307906362015, 1495.6023435011657], [15375.133257332489, -12460.011277158452, 1560.0], 17, 3, 3], "42": [[16766.517514528066, -17479.92284270314, 2126.5417570564023], [17133.03655369226, -16323.220311454956, 1560.0], 31, 3, 3], "43": [[13074.787989445873, 10166.139284395078, 1481.0913415313219], [10572.988024546057, 8895.87761482066, 1560.0], 21, 2, 2], "44": [[-9221.674493798135, 22861.68236831256, 1749.9999194928682], [-8672.887437394054, 21731.979494444873, 1750.0], 0, 1, 1], "45": [[-8113.517854279857, 19355.77548876436, 1749.9998524131804], [-7970.829108249791, 19062.19777690846, 1750.0], 0, 1, 1], "46": [[6656.14541372966, -22758.32530914789, 1560.0000508729217], [4324.168636226296, -17413.576814644006, 1560.0], 15, 2, 2], "47": [[7374.100996804631, -27194.256513622742, 1879.9996386394891], [2668.2568967953616, -18083.431843065322, 1880.0], 27, 2, 2], "48": [[9833.864722992854, 3149.356581898022, 1950.000185111899], [2690.1675358097145, -18457.428937951314, 1950.0], 0, 3, 1], "5": [[-12618.039403905836, 5947.169684567161, 1261.3872995597878], [-12173.39842563008, 4754.624430133159, 1560.0], 69, 3, 2], "50": [[6136.269921962273, 15965.433116924036, 1743.8500521181127], [3630.3280071615277, 12515.833334178162, 1920.0], 37, 3, 3], "51": [[6413.079006424289, 20052.702894064212, 1583.3049521408052], [4830.551773116491, 15471.375729979583, 1560.0], 25, 2, 2], "52": [[8919.325535155662, 17458.673089771757, 1703.7712616413316], [6712.573581773369, 13850.258439544434, 1910.0], 66, 3, 2], "53": [[7103.35016710769, 21186.323423651338, 1560.0004014101341], [4534.764724616445, 15588.864518872828, 1560.0], 0, 1, 1], "54": [[7610.177639610933, 20902.766971446734, 1559.9998279979134], [4830.551773116491, 15471.375729979583, 1560.0], 0, 1, 1], "55": [[7103.35016710769, 21186.323423651338, 1560.0004014101341], [4534.764724616445, 15588.864518872828, 1560.0], 0, 1, 1], "56": [[6954.822121001829, 21330.634807410446, 1559.999729356721], [4218.488266404737, 15542.287817291144, 1560.0], 0, 1, 1], "57": [[6534.484512005811, 21524.09160631837, 1559.9999147640658], [3935.7735523536076, 15652.058499909066, 1560.0], 0, 1, 1], "58": [[5989.18767807236, 21870.723047490832, 1560.0001410648467], [0, 0, 1560], 0, 1, 1], "6": [[-12398.3262619156, 7029.256990938559, 1079.78380988418], [-12061.895446484754, 5267.934036611797, 1560.0], 122, 2, 2], "7": [[-13562.837420245973, 5714.52303891858, 1100.4376555353178], [-13027.388052735298, 4364.429657765533, 1560.0], 45, 2, 2], "8": [[-13653.070363531937, 663.5886939303682, 1559.9999706790638], [-13298.259565296778, 569.653689975615, 1560.0], 4, 3, 2], "9": [[-13851.577868332106, -1975.004400275243, 1560.6765202877725], [-13596.63125919176, -1976.5156600103994, 1560.0], 14, 3, 2]}