{"0": [[-11220.690481183736, -8273.26161125137, 1556.9592581956867], [-10692.745690992286, -7809.591035274673, 1560.0], 17, 3, 2], "1": [[-11522.900496390037, -12724.639907553365, 1638.7597003536007], [-9942.144040181756, -11001.33231466136, 1560.0], 28, 3, 2], "10": [[7620.261623806828, -18757.9776593011, 1372.2987953014017], [4962.441906556191, -15276.919160723128, 1560.0], 8, 3, 3], "11": [[8432.616279797307, -17714.450709859448, 1534.0428960429858], [6852.188960157136, -15179.69446822729, 1560.0], 26, 3, 3], "12": [[8300.049723784938, -15331.241397640631, 1218.6115546808082], [5758.430966619505, -13163.61274720522, 1560.0], 7, 3, 3], "13": [[8204.124174094344, -24249.77288910921, 1559.9998525315384], [4501.124204106354, -17737.083889686368, 1560.0], 6, 2, 2], "14": [[7142.675977147667, -24021.91477345521, 1433.7613654797906], [3463.981839983636, -17432.273086179655, 1560.0], 22, 2, 2], "15": [[8740.828191799621, -20888.865917731204, 1559.9999207106844], [5493.237118598806, -16461.026066422386, 1560.0], 12, 3, 3], "16": [[9079.940083299987, -19250.159599674676, 1559.9999290130572], [6794.136906511683, -15976.246247232133, 1560.0], 1, 3, 3], "17": [[10104.686270856051, -13164.291360209758, 1396.1808669738882], [9317.048028628622, -11986.86874631998, 1560.0], 71, 2, 2], "18": [[12502.953252256671, -15072.063490917255, 1560.0001192646419], [11164.639205355248, -13637.284530921996, 1560.0], 5, 2, 2], "19": [[15477.847167924661, -14604.90529047623, 1681.605166382673], [14596.277984504188, -13543.679534444465, 1560.0], 19, 3, 3], "2": [[-11789.134473467258, -12109.710130725402, 1158.6674741673075], [-11059.817606724442, -10082.253494046527, 1560.0], 23, 3, 2], "20": [[14176.788601401937, -14174.732818649642, 1517.5603363929008], [11801.153779905932, -12670.60251509677, 1560.0], 9, 3, 3], "21": [[17199.549542499066, -10612.353819507065, 1559.9998364977155], [16778.953895575847, -10383.238985017082, 1560.0], 25, 3, 3], "22": [[16114.614729667044, -11599.776690482748, 1524.0498044945502], [14868.689530376829, -11023.61595817398, 1560.0], 36, 3, 3], "23": [[15986.420346507342, -10565.404422749374, 1153.890080018087], [12355.885679680185, -9652.192045810236, 1560.0], 25, 3, 3], "24": [[15295.857163160026, -10830.87037416175, 1480.3506353604675], [13563.382085049032, -9775.617867708826, 1560.0], 59, 3, 3], "25": [[15591.96546674197, -10325.009971406582, 1455.537755258039], [14225.873663509708, -9790.552359360561, 1560.0], 31, 3, 3], "26": [[14047.483078394618, -12235.963635103493, 1645.1810636522525], [14374.63829379727, -11785.176902788418, 1560.0], 27, 3, 3], "27": [[13816.477287085467, -12573.400186074154, 1560.0000981875396], [13014.31770623742, -11776.424555320293, 1560.0], 10, 3, 3], "28": [[14056.968821622211, -10621.503294203476, 1549.7946039913393], [13338.299056580252, -10162.996919650937, 1560.0], 22, 3, 3], "29": [[14469.68163530409, -9473.998379942495, 1521.3925797131444], [13903.359686761769, -9180.794370799673, 1560.0], 19, 3, 3], "3": [[-11965.48723568939, -11589.657854926125, 1046.9583842610473], [-11471.517091670732, -9638.615036225043, 1560.0], 13, 3, 2], "30": [[12997.871970223236, -10206.585667831218, 1343.9556066781427], [11754.512779502003, -9639.914452714793, 1560.0], 23, 3, 3], "31": [[16481.196470743966, -18253.71870169762, 2035.4345521562125], [16672.39408039225, -16804.220405597134, 1560.0], 21, 3, 3], "32": [[25974.733474926645, -19590.575244708452, 1750.0002448895143], [14390.423297773574, -7151.408167067767, 1750.0], 0, 1, 1], "33": [[25498.94805635932, -27869.789201208154, 1749.9999601429365], [14381.428549204045, -12585.058101061673, 1750.0], 0, 1, 1], "34": [[9338.721349312545, -29525.3472281779, 1749.9997204042807], [6346.89165040004, -20453.661574319336, 1750.0], 0, 1, 1], "35": [[8559.273088476699, -31068.16461431559, 1750.0002577555415], [5831.9731617062225, -22141.309524880347, 1750.0], 0, 1, 1], "36": [[7402.707895871647, -35136.97485719133, 1750.0002463042727], [4821.530820192327, -24804.405050997946, 1750.0], 0, 1, 1], "37": [[14793.994312480887, -3884.9567894042552, 1566.468951620856], [15891.272790569246, -4044.9878812618495, 1560.0], 27, 3, 3], "38": [[13965.179535078674, -134.06574094988224, 1564.4984537502442], [14867.9714295777, -282.4630691710012, 1560.0], 37, 3, 3], "39": [[14629.217281698706, 313.5565970597015, 1689.027723306727], [16210.95977541689, 158.07920017422197, 1590.0], 27, 3, 3], "4": [[-8311.33378180095, -18033.592367024605, 1369.2737011284728], [-7410.072931388515, -13473.147442909423, 1560.0], 27, 2, 2], "40": [[16558.3707061589, 758.2498032897827, 1939.9994970041637], [16576.06625191038, 776.163946967111, 1940.0], 9, 2, 2], "41": [[13143.296319686147, 994.5405023395421, 1560.000137401047], [14702.112641769336, 915.7575323034571, 1560.0], 25, 3, 3], "42": [[12221.705234398174, 1125.8326210601351, 1701.1177926676721], [13411.892211628452, 1159.4435494957245, 1590.0], 19, 3, 3], "43": [[16931.625468229373, 7381.87482359745, 1700.0000872512003], [16805.367763538008, 7041.200472269568, 1700.0], 4, 2, 2], "44": [[16259.114309425713, 7222.67872629194, 1689.9996089607907], [16140.120356855346, 6895.516449381849, 1690.0], 9, 2, 2], "45": [[16465.575878232503, 9705.715433206537, 1810.0002690021254], [15489.937940916527, 8924.772180947804, 1810.0], 0, 2, 2], "46": [[16003.45910118965, 8499.123734793222, 1769.999894816442], [15397.713901768086, 7936.683029329197, 1770.0], 5, 2, 2], "47": [[15499.79530285861, 7944.807981290086, 1650.0000893805598], [15276.886574505403, 7563.3104183151345, 1650.0], 4, 2, 2], "48": [[14916.93406069628, 8690.567707810987, 1610.0002251340559], [14449.419737252902, 8202.14332685086, 1610.0], 2, 2, 2], "49": [[15184.763953371967, 7442.924121506981, 1579.9998153182055], [14878.125184520939, 7117.109266665406, 1580.0], 7, 2, 2], "5": [[-8003.46094059593, -17996.72779036456, 1560.0000407274915], [-6784.055184130443, -14048.325137261836, 1560.0], 0, 1, 1], "50": [[14473.979497440938, 7431.461831640554, 1559.9992254156725], [13743.182656337893, 6972.606722124772, 1560.0], 4, 2, 2], "51": [[14018.992292324896, 7046.663100932111, 1580.0001353893076], [13559.452186520919, 6692.265185474367, 1580.0], 1, 2, 2], "52": [[13787.599765333398, 8005.42588200691, 1559.999703804838], [12748.70481203042, 7421.7769011513055, 1560.0], 2, 2, 2], "53": [[12940.496300272147, 7461.877572002867, 1560.0003602539093], [12642.116970025912, 7053.564829661477, 1560.0], 0, 2, 2], "54": [[12168.773781854858, 7648.083834709418, 1578.1445523674424], [11050.936757076941, 6989.2892205583, 1560.0], 24, 3, 3], "55": [[8746.971668010645, 14900.3643908464, 1949.9998832028787], [21010.027250536372, 8068.530843514797, 1950.0], 0, 3, 1], "56": [[20698.818203346615, 8011.310756239437, 1699.9998827416653], [19032.88134385323, 7268.034410902552, 1700.0], 2, 2, 2], "57": [[20358.20133241921, 9549.954824127402, 1899.9998120929822], [19182.810560388232, 8863.878037289001, 1900.0], 5, 2, 2], "58": [[21912.392671243895, 9168.469540967655, 1559.999932487852], [20223.6956204867, 8368.139990554153, 1560.0], 3, 2, 2], "59": [[10701.889561033755, 9695.598910836112, 1709.9999547023515], [9864.73601434045, 8749.090565160965, 1710.0], 20, 3, 3], "6": [[-14187.67726722855, -5925.020482663212, 1741.164471927233], [-13364.911151957062, -5817.757211034329, 1560.0], 30, 3, 2], "60": [[9720.881053924513, 9374.02295150308, 1570.0001468908708], [8566.17816636935, 8369.206022166574, 1570.0], 16, 3, 3], "61": [[9528.986345196361, 10690.92669236616, 1502.029659945452], [7551.153944374824, 9209.530251307417, 1560.0], 12, 3, 3], "62": [[9312.954102231333, 11231.316767762853, 1530.7666072265226], [7647.072699117554, 9626.867580499307, 1560.0], 31, 3, 3], "63": [[7558.450899125824, 9655.867003122854, 1430.8335926808172], [5420.794320701218, 8194.425463887592, 1560.0], 18, 3, 3], "64": [[7057.058063918265, 10344.29337611413, 1437.181965573372], [5230.502881482273, 8930.207484597082, 1560.0], 12, 3, 3],