{"0": [[-9142.711412539766, -16815.269387581942, 1689.9999192581756], [-8025.869061741246, -13361.813264645296, 1690.0], 0, 1, 1], "1": [[-9259.996886087718, -16727.634915929226, 1559.9999005929412], [-7910.9082027696695, -13054.623306943617, 1560.0], 10, 2, 2], "10": [[-12712.282701212054, -9715.618182170452, 1560.0010435073852], [-11632.57906518394, -8873.800600777922, 1560.0], 53, 3, 2], "100": [[7119.892684637505, 21234.87046917445, 1560.000020672304], [4548.383328460144, 15669.48098799101, 1560.0], 0, 1, 1], "101": [[6713.515949804586, 21513.41808276855, 1559.9997440563084], [4258.442505682405, 15779.657079809183, 1560.0], 0, 1, 1], "11": [[-11451.169224395266, -9632.182825478041, 1560.00036101991], [-10643.589845422603, -8878.806232671755, 1560.0], 7, 3, 2], "12": [[-11010.755228514192, -9570.899293266924, 1559.9998973268985], [-10321.830126452945, -8830.61674627571, 1560.0], 4, 3, 2], "13": [[-10954.613533481715, -7785.5580623590295, 1560.000140970888], [-10431.11966042351, -7475.906740063445, 1560.0], 3, 3, 2], "14": [[-12108.916247354218, -7308.127289689236, 1559.9999932589824], [-11568.390490784284, -6989.830980310906, 1560.0], 0, 3, 2], "15": [[-12639.570388415916, -7435.416346191025, 1559.9999268667132], [-12040.470312333955, -7077.643848753418, 1560.0], 11, 3, 2], "16": [[-13014.81257727829, -6420.821255687177, 1543.6847686689857], [-12590.844275831327, -6167.451815459194, 1560.0], 9, 3, 2], "17": [[-13260.876292492054, -6066.202629788369, 1461.2478818549519], [-12935.184905629374, -5831.179219263328, 1560.0], 6, 3, 3], "18": [[-14013.974075416369, -6186.105619574827, 1536.9295845325817], [-13515.128580752733, -5917.436564899946, 1560.0], 5, 3, 3], "19": [[-11762.131389187452, 4675.850243592549, 1498.9034295182553], [-11386.77470880745, 4029.452582837972, 1560.0], 59, 3, 3], "2": [[-8115.305926571664, -17407.953548859743, 1392.471171001507], [-7522.306364080265, -13160.80085774643, 1620.0], 16, 2, 2], "20": [[-11327.176569251606, 5656.612376347842, 1534.245500363748], [-10886.066418753167, 4847.6981026824715, 1560.0], 55, 3, 3], "21": [[-11030.412241145354, 6404.944459490427, 1525.6402800597234], [-10475.777420056118, 5448.661001476165, 1560.0], 57, 3, 3], "22": [[-11220.590575244945, 7034.72092200015, 1460.0522815715328], [-10703.635119328485, 5761.182941288809, 1560.0], 81, 3, 3], "23": [[-12474.704099269093, 6325.125450501884, 1281.0028901179394], [-11946.934701028045, 5019.4880886376195, 1560.0], 40, 2, 2], "24": [[-13300.417958058344, 6475.2108395291625, 1338.5339188238745], [-12411.065362610667, 5137.686289924109, 1560.0], 14, 2, 2], "25": [[-13246.899367419475, 5722.731824538271, 441.72099064836704], [-13557.990441599419, 3783.111891161265, 1560.0], 84, 2, 2], "26": [[-10499.207390188798, 7975.70031811542, 1476.5698211170024], [-9952.306201199443, 6506.006874833346, 1560.0], 56, 3, 3], "27": [[-8668.471041825447, 8510.441283392029, 1488.8023953020604], [-8346.532426822432, 7058.64086193776, 1560.0], 18, 3, 3], "28": [[-7758.2174859757815, 9867.060933400691, 1559.9998444980856], [-7161.5152953776105, 8235.858652372819, 1560.0], 27, 3, 3], "29": [[-8167.432212204276, 11112.148310979896, 1265.1026928374565], [-8066.365682911796, 8386.564818807321, 1560.0], 46, 3, 3], "3": [[-9499.364596689766, -16103.87535990935, 1579.9997702539447], [-8141.254485338035, -12754.08668930866, 1580.0], 10, 2, 2], "30": [[-7943.319408005763, 11704.95365446845, 1298.0379314906986], [-7890.393291723127, 8739.292443968316, 1560.0], 33, 3, 3], "31": [[-8098.856668595217, 13115.280931029374, 1323.7579190186927], [-7700.02100296213, 9556.91263116334, 1560.0], 7, 3, 3], "32": [[-10910.016011685773, 11081.017256781493, 1527.5909571572474], [-9663.805426825049, 8357.06394925125, 1560.0], 53, 3, 3], "33": [[-9871.228000979829, 11279.336618898857, 1419.5949329372772], [-9106.634781584087, 8460.407765986092, 1560.0], 39, 3, 3], "34": [[-10225.919136354003, 9792.865902224708, 1520.496300317354], [-9448.790273613547, 7702.323801588342, 1560.0], 45, 3, 3], "35": [[-3362.8512479248498, 11219.280446243198, 1324.5337961250884], [-4044.294434483485, 9076.089629066524, 1560.0], 3, 3, 3], "36": [[-1344.383044188478, 11950.070434563082, 1359.5002247873733], [-2374.08568902808, 9623.933348994186, 1560.0], 4, 3, 3], "37": [[10039.670384919022, -19412.484398964938, 1551.915217893799], [7346.215971731844, -15907.748774101128, 1560.0], 4, 3, 3], "38": [[10576.831693521428, -17716.73491000802, 1615.95612691404], [9329.659079188128, -15411.798478064075, 1560.0], 17, 3, 3], "39": [[10498.620337661365, -17166.2193875621, 1559.9998997481366], [8632.441841661806, -14822.524378436763, 1560.0], 7, 3, 3], "4": [[-7856.177459508479, -15987.05608519242, 1226.8378361020252], [-7579.578149240981, -12943.914109289208, 1560.0], 36, 3, 2], "40": [[7844.046749058024, -17320.633017052252, 1211.0648934035403], [5448.568341730257, -14480.343398512574, 1560.0], 16, 3, 3], "41": [[8131.3002023773, -16434.143926829798, 1292.359873131433], [5055.944017530366, -13669.944844813466, 1560.0], 5, 3, 3], "42": [[8122.564842638061, -15975.132260835928, 1425.5883990526424], [6248.258596276975, -13878.706672862401, 1560.0], 7, 3, 3], "43": [[7588.705422849777, -15176.035208342799, 1248.7424814656126], [5007.345894602637, -12980.143582787014, 1560.0], 7, 3, 3], "44": [[14719.635726965551, -14505.21858123074, 1524.9014984036742], [12837.824223008698, -13056.148813595402, 1560.0], 10, 3, 3], "45": [[9944.027979331593, -13309.74537949717, 1368.7229262922256], [7435.037483863268, -11727.05831274282, 1560.0], 8, 2, 2], "46": [[14688.532360228284, -12467.895150763286, 1542.2597599703936], [13770.917377989064, -11643.211115141163, 1560.0], 26, 3, 3], "47": [[15111.277222374982, -11974.230711851116, 1558.1482577551037], [13356.419814627174, -11230.12031833393, 1560.0], 31, 3, 3], "48": [[-9157.285978895092, 10394.81482257444, 1290.2406853379505], [-9003.415623911407, 7852.275476751806, 1560.0], 95, 3, 3], "49": [[16012.742164474292, -11550.73566812586, 1588.0607405378296], [14868.689530376829, -11023.61595817398, 1560.0], 29, 3, 3], "5": [[-7918.752504040339, -15371.009479644075, 1248.0845295129645], [-7546.312756588272, -12619.03204652584, 1560.0], 21, 3, 2], "50": [[15271.875630501001, -6233.28209819781, 1455.8868380283632], [13509.444029284634, -6224.651998520872, 1560.0], 42, 3, 3], "51": [[14458.46529330743, -7867.158930753442, 1556.5537129990148], [13418.460210463727, -7667.867117707846, 1560.0], 14, 3, 3], "52": [[14028.754117775625, -9676.37303687599, 1255.0765542241816], [12059.157756324894, -9072.579993281295, 1560.0], 17, 3, 3], "53": [[13373.064727717474, -11167.553197090463, 1541.1686705686684], [12490.535442935785, -10515.430328480657, 1560.0], 22, 3, 3], "54": [[12353.12148008668, -11412.168145651147, 1560.0001774566804], [11152.738470706243, -10729.057763993227, 1560.0], 11, 3, 3], "55": [[16513.662304603004, -9409.898518174068, 1524.8837364150536], [15339.932598756042, -9084.855920154356, 1560.0], 19, 3, 3], "56": [[15389.642150086956, -10802.132907808471, 1499.2662520911097], [13338.299056580252, -10162.996919650937, 1560.0], 27, 3, 3], "57": [[18246.274778713763, -10798.376463037519, 1559.9999676043146], [16847.02056693869, -10278.543933830784, 1560.0], 8, 3, 3], "58": [[19774.497625429918, -11738.507513826873, 1589.9996662386018], [18634.41189836859, -10976.968365708804, 1590.0], 9, 2, 2], "59": [[18187.37309228722, -12144.26234489224, 1552.2190370971366], [13770.917377989064, -11643.211115141163, 1560.0], 15, 3, 2], "6": [[-6563.336348493153, -14771.00513201336, 1262.5059726949646], [-6674.571240324277, -12509.9931035918, 1560.0], 52, 3, 2], "60": [[22386.351986479945, -8267.024681930827, 1749.9998836816715], [21380.021629603554, -6942.890900164233, 1750.0], 0, 1, 1], "61": [[12915.411015181087, -3760.281651109606, 1656.5091391252065], [13988.02168402575, -3850.749789899113, 1560.0], 31, 3, 3],