{"0": [[-8975.454315124922, 10428.498074239937, 1498.8892353165343], [-8495.93383690363, 8146.553477384327, 1560.0], 60, 3, 3], "1": [[-10315.709554420355, 9126.352789412613, 1480.1100539227778], [-9629.65775837869, 7260.212843958653, 1560.0], 54, 3, 3], "10": [[-12002.991783555697, -9622.923761069984, 1473.2506013270186], [-11303.141309980534, -8717.758157873857, 1560.0], 24, 3, 2], "11": [[-10343.064637855228, -11438.368044362118, 1576.9338581235015], [-9327.838506483697, -10278.57527556993, 1560.0], 49, 3, 2], "12": [[-9904.719043965413, -15964.685715368647, 1559.9997689382594], [-8482.936272625173, -12617.910490823451, 1560.0], 2, 2, 2], "13": [[-7914.917574101734, -18503.875781797946, 1559.9998467377327], [-6766.734086704409, -13933.217733630188, 1560.0], 5, 2, 2], "14": [[-3054.750496408122, -16502.85178429766, 1277.028493548794], [-4029.60121035156, -13274.429057359253, 1560.0], 22, 3, 2], "15": [[-1286.2980232093919, -16450.337322534477, 1534.0412575091643], [-1909.2885608911517, -13792.552540697605, 1560.0], 68, 3, 3], "16": [[8944.95876591477, -18296.70130983946, 1522.559540569871], [7119.2566545903, -15513.331730960268, 1560.0], 54, 3, 3], "17": [[8562.61137591287, -17808.82738827319, 1559.9998989563232], [6852.188960157136, -15179.69446822729, 1560.0], 15, 3, 3], "18": [[8683.136586159135, -16986.21574117441, 1482.6528563875759], [6399.8931513109, -14396.146198214508, 1560.0], 10, 3, 3], "19": [[10313.124115240165, -16997.809890911896, 1506.2646552310234], [8247.704218251183, -14600.792339900567, 1560.0], 15, 3, 3], "2": [[-10971.659621580558, 9276.695349341853, 1394.7780735729445], [-10163.842569050234, 7222.233253447191, 1560.0], 32, 3, 3], "20": [[10631.28996032058, -16685.26826565545, 1530.4304657212926], [8379.644070093855, -14400.071124759195, 1560.0], 13, 3, 3], "21": [[10529.890016131858, -16359.566691649099, 1559.999861289944], [8468.035508550101, -14264.289813312887, 1560.0], 31, 3, 3], "22": [[8565.427175124758, -14856.655809203301, 1120.8779692917215], [5567.380545858578, -12710.137214172, 1560.0], 7, 3, 3], "23": [[12396.22090305598, -8784.37000220614, 1423.033836150036], [10657.143780180486, -8417.300629273323, 1560.0], 42, 3, 3], "24": [[14323.312501397617, -9125.940755491634, 1338.5433829621168], [12314.822034823996, -8588.201391543778, 1560.0], 12, 3, 3], "25": [[17136.188536280144, -11185.179201659284, 1334.1044909645411], [15243.43566806858, -10431.600914291208, 1560.0], 18, 3, 3], "26": [[13150.056332211965, -12315.787791638575, 1408.9845263318648], [12010.21562182968, -11330.122630039876, 1560.0], 34, 3, 3], "27": [[15996.768195477494, -13270.096540398677, 1559.9999052454366], [13476.514849841109, -12097.842210950932, 1560.0], 22, 3, 3], "28": [[7467.808256650386, 10401.304022461247, 1330.9467974270392], [5188.405207752212, 8737.711739101933, 1560.0], 8, 3, 3], "29": [[9016.421610673093, 9892.5614796671, 1670.0238324573922], [8311.29115281746, 9059.010429322769, 1670.0], 9, 3, 3], "3": [[-11481.270073856835, 6543.686983580413, 1365.8477569696909], [-10991.916116333103, 5376.865018947841, 1560.0], 44, 3, 3], "30": [[10016.630535262779, 9064.716863623158, 1560.000143786477], [9089.202126464583, 8535.630837347657, 1560.0], 66, 3, 3], "31": [[13524.076464438192, 7364.635917996193, 1689.9998543820966], [12477.90751458114, 6764.20136210775, 1690.0], 3, 2, 2], "32": [[14208.839529881554, 7656.824277680138, 1780.0001281545083], [13920.982307878612, 7329.213859281743, 1780.0], 3, 2, 2], "33": [[16118.834944710972, 9839.494545835207, 1900.0000833540062], [15041.569449411987, 9023.775591929138, 1900.0], 1, 2, 2], "34": [[15981.591527707496, 8182.632501303917, 1670.0001204985708], [15204.026660248379, 7663.45444500841, 1670.0], 0, 2, 2], "35": [[-6301.144871294035, 1584.6215512492088, 1560.0000423827385], [-6324.248870716498, 1445.1704982659157, 1560.0], 63, 3, 3], "36": [[-9183.767750545969, 22998.566221661174, 1749.999923321022], [-8622.539464014762, 21852.57728705529, 1750.0], 0, 1, 1], "37": [[-8551.463935366859, 20060.621195586555, 1749.9999813007482], [-8321.609925279581, 19630.87144126707, 1750.0], 0, 1, 1], "38": [[-9092.13184713488, 20008.42670822846, 1750.0000743659064], [-8763.659753124366, 19546.638942392412, 1750.0], 0, 1, 1], "39": [[-9123.378103791456, 20304.646411663864, 1750.000282358591], [-8773.308619839956, 19794.05472728977, 1750.0], 0, 1, 1], "4": [[-9963.759967574199, 7195.668956279582, 1444.0285488540153], [-9559.343356545105, 6038.449025372182, 1560.0], 53, 3, 3], "40": [[-10340.362298054282, 19234.185718328325, 1749.9999151688778], [-9811.887235857592, 18667.217737379222, 1750.0], 0, 1, 1], "41": [[-9785.464718525644, 18784.162621196247, 1749.9997623612026], [-9398.550484368492, 18350.76307067816, 1750.0], 0, 1, 1], "42": [[-9344.43213182357, 18650.861273571107, 1750.0002317619546], [-9041.975303426421, 18323.58373500676, 1750.0], 0, 1, 1], "43": [[-8791.948036457909, 18856.879035738657, 1750.0002614246537], [-8576.445555251636, 18567.445774091502, 1750.0], 0, 1, 1], "44": [[-8062.665776925439, 19340.111271363377, 1750.0002590301128], [-7907.835895254252, 19066.129230171075, 1750.0], 0, 1, 1], "45": [[-8214.865998856045, 17998.39569395998, 1749.9999273060014], [-8074.516713239685, 17798.539620047195, 1750.0], 0, 1, 1], "46": [[-8907.941739271078, 16618.010484887152, 1750.0002763414466], [-8731.472994567148, 16430.33015628024, 1750.0], 0, 1, 1], "47": [[-9729.511338034932, 16576.657231157988, 1749.9999117539517], [-9451.276009530686, 16343.057418787765, 1750.0], 0, 1, 1], "48": [[-9858.418662244612, 14913.713750657627, 1750.0004260224187], [-9594.960883394471, 14773.302764586035, 1750.0], 0, 1, 1], "49": [[-8477.977452462183, 15883.922142093998, 1749.9999949554983], [-8340.078568635254, 15807.18934126435, 1750.0], 0, 1, 1], "5": [[-12043.755138841347, -3858.6574449824693, 1273.1911651247306], [-12316.39522563827, -3789.500134831767, 1560.0], 10, 3, 2], "50": [[13079.321306524578, -22581.835848959876, 1559.9999575083984], [9287.956368267389, -17642.0991947977, 1560.0], 6, 3, 3], "51": [[12596.748718827987, -20891.452750109227, 1403.4729984068815], [9394.735181291491, -16826.379753725156, 1560.0], 22, 3, 3], "52": [[8402.178978247648, -21630.414114214185, 1448.100459044883], [5275.312705796858, -16757.359561552246, 1560.0], 10, 3, 3], "53": [[11685.657792524307, -24582.522095674936, 1559.9998941185277], [7478.655376969674, -18328.810601091678, 1560.0], 1, 2, 2], "54": [[17660.712321996238, -18465.64039387436, 2033.0675666952602], [18205.557224204345, -17107.834734271473, 1560.0], 32, 3, 3], "55": [[19603.842022623463, -16595.220326784245, 2017.1069298669056], [20517.028609727575, -15780.281730556764, 1560.0], 37, 3, 3], "56": [[21130.10322966414, -14783.644050815441, 1906.5942332274265], [21895.346667019305, -14312.11861162942, 1560.0], 37, 3, 3], "57": [[20906.741560794686, -11105.482146894214, 1495.874853484887], [19912.137399863197, -10722.272681806026, 1560.0], 29, 2, 2], "58": [[20392.818940807447, -9711.116877172342, 1482.9093929024536], [19106.802272753313, -9325.574366951005, 1560.0], 24, 3, 3], "59": [[18761.270511213657, -14008.660088465323, 1474.5430187733846], [16699.595579410554, -12785.20664438072, 1560.0], 52, 3, 3], "6": [[-12457.950097244902, -7919.776379873114, 1559.999919349941], [-11781.050851288699, -7503.39773669772, 1560.0], 8, 3, 2], "60": [[-15416.755290825955, -6773.166835674403, 1560.0000391679655], [-14494.464874982092, -6377.022748920082, 1560.0], 0, 3, 2], "61": [[-15283.202210826696, -6193.894214799789, 1350.9545630725522], [-14720.256672840409, -5805.754828225675, 1560.0], 22, 3, 2], "62": [[15862.3840377419, -1864.895759784846, 1560.0001199326127], [16104.366373901556, -2083.3521209232104, 1560.0], 23, 3, 3], "63": [[13930.030643360948, 1118.9547884273659, 1633.2166165590177], [14749.994339551724, 1040.6137067347463, 1560.0], 9, 3, 3], "64": [[10176.264211236676, 7711.870457454093, 1503.8998645621473], [8700.888930815456, 7000.0927462433365, 1560.0], 20, 2, 2],