{"0": [[-9926.930059700608, -17343.429610674837, 1590.0001512742444], [-8001.617310998128, -13436.282260771199, 1590.0], 0, 1, 1], "1": [[-9815.363987866085, -13852.233230400741, 1560.000014748729], [-9019.275928666499, -12531.640093525657, 1560.0], 0, 1, 1], "10": [[-13778.41831825858, -8514.82736043345, 1629.4611748522775], [-12670.54312386564, -7960.631445754885, 1560.0], 17, 3, 2], "11": [[-14553.040999844989, -7848.206950406755, 1560.0000490074183], [-13552.409273004336, -7318.585975976843, 1560.0], 11, 3, 2], "12": [[-10789.3080722866, -7476.301725717361, 1559.9995826514944], [-10415.0932405031, -7182.685384504275, 1560.0], 2, 3, 2], "13": [[-11399.04104676063, -7066.793386548567, 1487.5846043032086], [-11120.361934615728, -6759.022507874087, 1560.0], 14, 3, 2], "14": [[-12336.691859004102, -6568.133208756662, 1559.999790650431], [-11897.137454299684, -6361.988246773124, 1560.0], 8, 3, 2], "15": [[-13606.572752994083, -6336.199002243829, 1430.3584283909745], [-13259.828595439452, -6004.955249420185, 1560.0], 14, 3, 2], "16": [[-14184.427763056281, -6279.862047305503, 1555.1009237135145], [-13611.428794241132, -6001.299097977384, 1560.0], 13, 3, 2], "17": [[-13279.092442640245, -7641.807411246368, 1583.9354572743252], [-12527.920539786855, -7223.112507299385, 1560.0], 10, 3, 2], "18": [[-14578.148727536365, -6924.941006345471, 1586.007161261833], [-13732.968286443589, -6574.463072424649, 1560.0], 14, 3, 2], "19": [[-15096.200816480812, -6398.498386113041, 1549.07432108275], [-14397.14059550778, -6088.45391228717, 1560.0], 84, 3, 3], "2": [[-8082.73983938108, -16033.04805404054, 1559.9999084183585], [-6790.742868142299, -14093.13086703153, 1560.0], 0, 1, 1], "20": [[-15611.92676162381, 6211.929896965993, 1278.1649643523301], [-14069.424412601116, 4653.849905594759, 1560.0], 105, 2, 2], "21": [[-14840.567552120267, 7256.441179464786, 1094.595645841179], [-13525.402295225194, 5219.334495582116, 1560.0], 64, 2, 2], "22": [[-14222.782196435406, 6184.038303522668, 945.9299105287117], [-13578.674574463152, 4432.724822160814, 1560.0], 111, 2, 2], "23": [[-14080.538639413095, 6694.402353166129, 877.1341701153428], [-13419.622111121625, 4750.202913700496, 1560.0], 60, 2, 2], "24": [[-13453.179065250733, 6843.575952255826, 1221.8662958449074], [-12582.110446715937, 5260.406543514971, 1560.0], 20, 2, 2], "25": [[-13179.006265513155, 5713.36577056168, 1262.3544756227632], [-12596.018742332848, 4534.771616343604, 1560.0], 45, 2, 2], "26": [[-12667.369036504893, 7157.758157766567, 1331.2351655154025], [-11873.34460770317, 5606.494333799451, 1560.0], 31, 2, 2], "27": [[-12175.542600755107, 7506.341391272127, 1550.0742313865514], [-11156.831337366188, 6134.060771828562, 1560.0], 37, 3, 3], "28": [[-12476.810739299774, 5791.494189759474, 1334.5865234652654], [-12082.932208065991, 4644.13411675099, 1560.0], 115, 3, 3], "29": [[-11866.220248503922, 6858.004791612099, 1459.610773941991], [-11212.247573838751, 5596.800350689344, 1560.0], 73, 3, 3], "3": [[-8184.381703929381, -16651.262167879515, 1560.0000574185146], [-6657.7506472188625, -14028.260372871659, 1560.0], 0, 1, 1], "30": [[-10948.201318592895, 7041.9578806854615, 1547.3843039238964], [-10304.759816322352, 5922.535253400907, 1560.0], 68, 3, 3], "31": [[-10277.26407573436, 7842.490503780223, 1514.6552990325335], [-9715.404732582538, 6498.047427608425, 1560.0], 23, 3, 3], "32": [[-8069.039804852312, 10032.783435960098, 1501.4323698030153], [-7725.740325584979, 8109.177696568482, 1560.0], 35, 3, 3], "33": [[-9266.996319479576, 10243.012241417282, 1559.9999997730738], [-8378.032072480564, 8262.215551320021, 1560.0], 33, 3, 3], "34": [[-7450.692709288756, 11683.006185220602, 1225.4256322742494], [-7591.187324968912, 8734.8614902089, 1560.0], 14, 3, 3], "35": [[-544.0760207872883, 12055.366023845656, 1526.0759095025942], [-1543.5320164638285, 9872.208724008738, 1560.0], 21, 3, 3], "36": [[5734.814158594602, 12295.455118055452, 1289.63106562579], [3160.078803186519, 9877.547537251638, 1560.0], 34, 3, 3], "37": [[8170.957061763312, 10984.689003461037, 1657.294844504922], [7179.378164771662, 9713.84722511527, 1680.0], 9, 3, 3], "38": [[10184.93264269979, 10235.297740763015, 1692.4593456676023], [9341.640062135115, 9309.72447588542, 1650.0], 10, 3, 3], "39": [[12092.091847504575, 9944.296866326553, 1559.9999459468409], [11106.242401490228, 9061.761323307535, 1560.0], 0, 2, 2], "4": [[-8379.840745873455, -17625.835018541504, 1181.5001190370297], [-7910.9082027696695, -13054.623306943617, 1560.0], 15, 2, 2], "40": [[10778.072424778831, 9217.766890978588, 1711.5230792859354], [9089.202126464583, 8535.630837347657, 1560.0], 137, 3, 3], "41": [[10022.359004820775, 8855.620500284049, 1559.9999771278478], [9467.029045668993, 8243.094488588053, 1560.0], 3, 3, 3], "42": [[13228.908911837483, 9669.265192617968, 1860.0004850078744], [12265.075214038872, 8918.297944149173, 1860.0], 1, 2, 2], "43": [[12323.687044325383, 9264.9534837795, 1710.0003067662055], [10710.77771139217, 8269.786898174481, 1710.0], 4, 2, 2], "44": [[13160.60392788622, 9050.042375406374, 1620.0004332661945], [12781.268167482845, 8555.155077836032, 1620.0], 1, 2, 2], "45": [[14588.747136302327, 8406.028017866465, 1600.0000742877035], [13790.704308149427, 7796.835089310128, 1600.0], 0, 2, 2], "46": [[15382.591290448656, 7933.596551379929, 1669.9999393894566], [14496.407085599161, 7370.572940656573, 1670.0], 0, 2, 2], "47": [[14706.16735129571, 7895.961560547866, 1799.999759824728], [13809.16156771771, 7298.255891226358, 1800.0], 0, 2, 2], "48": [[15658.327534725928, 6762.507772670537, 1700.0000753781833], [15296.375077140408, 6462.93065131953, 1700.0], 1, 2, 2], "49": [[12245.078243365353, 6652.255954203655, 1629.2104052510876], [11888.060951853828, 6309.86342672458, 1560.0], 18, 3, 3], "5": [[-8706.508527485747, -16558.89276509604, 1560.0000429269812], [-7482.163433312461, -13086.416506378748, 1560.0], 41, 2, 2], "50": [[11700.287060611141, 8139.342506542213, 1559.9994423547357], [10706.475965928, 7547.340251774185, 1560.0], 9, 2, 2], "51": [[10735.226489460558, 7560.0499617061205, 1559.9998940064258], [10091.930354091552, 7062.572174860763, 1560.0], 2, 3, 3], "52": [[11179.135933304566, 7372.507936843787, 1559.9999998942055], [10486.060486072276, 6738.107471458433, 1560.0], 17, 3, 3], "53": [[9507.450661225861, 1340.2821887226808, 1464.8912339553206], [8842.136430857021, 1165.7157494392336, 1560.0], 9, 3, 3], "54": [[14488.133664740977, 1232.054589349319, 1597.6048259397842], [15463.964537216058, 1223.5291169501495, 1560.0], 38, 3, 3], "55": [[15317.366726503265, 890.0924148687649, 1559.9997779962703], [14606.276695535473, 666.9875053162012, 1560.0], 36, 3, 3], "56": [[7389.2428079016045, -24484.376957467928, 1559.9987872583831], [3694.5360625968483, -17662.35333833274, 1560.0], 13, 2, 2], "57": [[8003.313882939426, -24635.77304276959, 1502.4367663176472], [4058.316093229979, -17739.324643387332, 1560.0], 24, 2, 2], "58": [[10523.927336528495, -26052.19067483284, 1559.999746289398], [6423.862342206429, -18836.631981792347, 1560.0], 0, 2, 2], "59": [[9326.427573694076, -24163.76391020895, 1560.0000615228057], [5700.223998645006, -17979.015159554347, 1560.0], 1, 2, 2], "6": [[-15562.584334124862, -9600.423979021392, 1560.0005205446896], [-13825.259303635507, -8484.845995347534, 1560.0], 17, 3, 2], "60": [[12718.558671291426, -20178.2594746603, 1436.418687609761], [9196.711620722659, -16345.344502349177, 1560.0], 6, 3, 3], "61": [[9860.3338326176, -18693.934556557426, 1474.4948581466417], [6772.533907815907, -15299.182651602696, 1560.0], 16, 3, 3], "62": [[8986.193304797818, -17495.39269486133, 1319.4247813286067], [5879.632322217578, -14500.02641152311, 1560.0], 4, 3, 3], "63": [[8550.393552953132, -16920.485749252326, 1289.2938702622812], [5661.102305596117, -14118.440372748628, 1560.0], 5, 3, 3], "64": [[11163.790715046436, -16421.25312900026, 1520.0708100467261], [8997.35417362119, -14278.360585235137, 1560.0], 19, 3, 3],