{"0": [[-8387.117579177682, 13479.71072834202, 1390.8856333683082], [-7852.510965496734, 9701.89559264711, 1560.0], 43, 3, 3], "1": [[-8137.286116758514, 12455.770485152978, 1357.9964462119092], [-7889.082630437505, 9163.972926680986, 1560.0], 99, 3, 3], "10": [[-10086.178688373166, 8429.883369243322, 1453.6176975181966], [-9277.663715178596, 6994.152151817527, 1560.0], 63, 3, 2], "11": [[-10863.14121626472, 7976.103800696026, 1574.4133620737473], [-9906.261074050653, 6719.339118033493, 1560.0], 12, 3, 2], "12": [[-11252.868207721292, 7512.508106557858, 1493.772117147702], [-10460.90606456251, 6230.875685872373, 1560.0], 10, 3, 2], "13": [[-11448.707508727786, 9275.45571401532, 1394.9183454333586], [-10528.611890480866, 7138.434590685492, 1560.0], 24, 2, 2], "14": [[-11807.836738622622, 7949.308658016208, 1486.906862920701], [-10826.366393247094, 6447.797701653045, 1560.0], 24, 3, 2], "15": [[-12141.280048794635, 7678.37723109438, 1432.5171220221891], [-11212.778558353439, 6162.812727822815, 1560.0], 9, 2, 2], "16": [[-11595.232009207137, 7054.786440515885, 1470.4883316846178], [-10907.422367671656, 5781.429068665897, 1560.0], 52, 3, 3], "17": [[-9950.251726704124, 7193.2403216959065, 1446.7970216223127], [-9654.570964297673, 5985.191524202119, 1560.0], 59, 3, 3], "18": [[-11185.251236807004, 6413.559525999265, 1469.4787285761488], [-10633.947240547363, 5397.758051790674, 1560.0], 17, 3, 3], "19": [[-11221.55147241772, 5755.733639789788, 1321.2151391448947], [-11051.671116605059, 4722.4494722623485, 1560.0], 81, 3, 3], "2": [[-9365.83103715334, 11379.42063774547, 1559.9998440010886], [-8438.090629043283, 8785.420715074522, 1560.0], 20, 3, 3], "20": [[-11940.674332307448, 5798.270552294057, 1355.1122599973983], [-11513.035095106241, 4761.944818269056, 1560.0], 87, 3, 3], "21": [[-12483.834223288955, 5234.264951077005, 1296.811416576445], [-12165.385872505969, 4230.675803031534, 1560.0], 93, 3, 3], "22": [[-12662.287702195878, 7352.710106163263, 1265.5244496524888], [-11913.512148375417, 5672.767114995272, 1560.0], 31, 2, 2], "23": [[-13673.733207704652, 5879.482090621016, 1444.0021894183114], [-12694.360582047946, 4778.423603812581, 1560.0], 17, 2, 2], "24": [[-13000.322526483917, 5332.635168710645, 1159.4393801317337], [-12677.25977976879, 4142.320912973731, 1560.0], 60, 2, 2], "25": [[-11368.241053600184, -7293.212917643026, 1432.1717310599822], [-11127.614936704149, -6936.687417618046, 1560.0], 16, 3, 2], "26": [[-11922.76764447273, -8445.090321944223, 1560.000236181399], [-11230.061591904268, -7962.439926452399, 1560.0], 18, 3, 2], "27": [[-13932.894897554064, -6711.939823895596, 1506.686224633429], [-13356.01928326221, -6386.933159359137, 1560.0], 10, 3, 2], "28": [[-14806.0276146676, -5913.696291105563, 1559.9998294223674], [-14167.529125667876, -5663.465314353715, 1560.0], 7, 3, 2], "29": [[-7913.144310759926, -16045.795445594142, 1298.1220389207983], [-7471.258068500357, -12982.291188727331, 1560.0], 21, 3, 2], "3": [[-7262.240865076256, 11620.137691132297, 1261.6465278020137], [-7369.76178303137, 8795.317137915566, 1560.0], 31, 3, 3], "30": [[-11250.560499567871, -12963.515785672696, 1559.9999099983334], [-9942.144040181756, -11001.33231466136, 1560.0], 9, 3, 2], "31": [[-11579.772010340805, -13221.078557941046, 1559.9999890521729], [-10170.873837977353, -11069.87002056118, 1560.0], 3, 3, 2], "32": [[8905.771675749495, -18244.022190853328, 1557.4491858505546], [7160.2819391686835, -15453.77987510099, 1560.0], 7, 3, 3], "33": [[9166.580482107673, -17861.598526338035, 1534.656602595609], [7325.234849159056, -15211.8015778633, 1560.0], 14, 3, 3], "34": [[8892.009304982888, -17123.93357726032, 1424.1421693406996], [6324.0438911703795, -14519.854945993839, 1560.0], 28, 3, 3], "35": [[10127.566787741498, -17067.078249274822, 1542.2194297706876], [7785.827791399928, -14515.046727305576, 1560.0], 12, 3, 3], "36": [[10076.381934123376, -16606.475481016038, 1512.8936910074683], [7913.20100412291, -14316.994708694838, 1560.0], 15, 3, 3], "37": [[8722.25980806662, -16087.478255216422, 1313.0806741749855], [6706.251623235805, -13886.944032845904, 1560.0], 93, 3, 3], "38": [[9760.746575070078, -17219.99670053801, 1459.3358379508486], [7659.203889648093, -14709.647546225537, 1560.0], 7, 3, 3], "39": [[8414.916040420288, -15060.58763289341, 1325.9003441273203], [6239.888874280279, -13092.59516827331, 1560.0], 10, 3, 3], "4": [[-8214.917479556641, 10211.877826384594, 1319.701961547987], [-8168.16753102091, 7918.284502105146, 1560.0], 53, 3, 3], "40": [[9143.64662979277, -14454.55629766137, 1381.8045258461611], [7332.907363982052, -12799.05302219807, 1560.0], 20, 3, 3], "41": [[11532.232706803532, -15840.157987234537, 1490.2280187903295], [8825.020272407253, -13705.348817062311, 1560.0], 10, 3, 2], "42": [[10413.238833020452, -19209.120417477472, 1560.000052615838], [7832.765935367116, -15953.662025420077, 1560.0], 11, 3, 3], "43": [[9505.816839896896, -20151.621605048127, 1560.000102634826], [6633.641380661819, -16198.754013944685, 1560.0], 29, 3, 3], "44": [[13095.719929461566, -15144.266033200824, 1594.2872605673178], [12874.959311286275, -13963.12873083954, 1560.0], 44, 2, 2], "45": [[12699.038523722298, -11276.715783829997, 1559.99978719247], [12947.560554941478, -10823.29700876394, 1560.0], 43, 2, 2], "46": [[13378.975871284845, -11369.312005588106, 1749.9999284820037], [13332.400188301537, -11083.645352549085, 1750.0], 0, 1, 1], "47": [[13957.294574495374, -11328.367905116264, 1579.999621586536], [14197.694799874907, -10770.936799256562, 1580.0], 65, 2, 2], "48": [[13381.599724399395, -13040.997961475472, 1749.9996976617351], [13360.019665569827, -12534.700539399768, 1750.0], 0, 1, 1], "49": [[14281.71691659911, -10788.000776328752, 1749.9995824948553], [14200.012865114179, -10398.31653257652, 1750.0], 0, 1, 1], "5": [[-11058.720218058019, 10716.210336819442, 1596.0530559588337], [-9684.40376188573, 8278.83380561305, 1560.0], 73, 3, 3], "50": [[14475.430706395027, -12034.775798826953, 1750.000083895073], [14419.432616912563, -11551.956453870582, 1750.0], 0, 1, 1], "51": [[14784.018599193885, -11432.682627583501, 1750.0000794230668], [14685.325100811762, -10954.99796529137, 1750.0], 0, 1, 1], "52": [[15367.232962214637, -11178.043401506935, 1750.0000689338758], [15233.089837226638, -10700.107561636767, 1750.0], 0, 1, 1], "53": [[15674.458024582802, -11448.638506337718, 1749.9998034450048], [15497.32326826976, -10868.331396207866, 1750.0], 0, 1, 1], "54": [[16073.26533286914, -10751.588106473853, 1750.0000145013032], [15873.381545804452, -10223.214936079998, 1750.0], 0, 1, 1], "55": [[16456.818071871825, -11682.009903157634, 1750.0000284497548], [16224.262431385747, -10977.040368928934, 1750.0], 0, 1, 1], "56": [[5711.729665370675, 12490.778782717834, 1451.2147398005147], [3886.852384760759, 10435.089393999506, 1560.0], 8, 3, 2], "57": [[6815.910456147076, 10443.913169096588, 1410.0929747809846], [4916.418297738681, 9077.052648282282, 1560.0], 48, 3, 3], "58": [[7422.125975745286, 9688.521468124269, 1390.0513781495301], [5060.975035574446, 8160.378099953856, 1560.0], 18, 3, 3], "59": [[8011.050428908435, 10782.03456028362, 1482.597343904795], [6437.522555769744, 9465.866331347039, 1560.0], 21, 3, 3], "6": [[-11214.392222066497, 9759.135467679725, 1583.2956489583585], [-9980.698346001218, 7680.582382939979, 1560.0], 69, 3, 3], "60": [[8966.04135516233, 10501.417789553163, 1506.8818692800655], [7551.153944374824, 9209.530251307417, 1560.0], 8, 3, 3], "61": [[9275.307868217558, 9839.995220514576, 1559.9999120418024], [7898.32590940657, 8942.554518078903, 1560.0], 27, 3, 3], "62": [[17894.381902177345, -15075.636338411223, 1861.1206197797935], [17487.480448137165, -13756.228996835636, 1930.0], 109, 2, 2], "63": [[18535.56743719627, -13904.295403607279, 1529.76618990523], [16841.537897313756, -12592.829181348054, 1560.0], 26, 2, 2],