{"0": [[-8088.392789130472, 12601.079426745586, 1411.1107401061547], [-7648.07323282856, 9367.894972110205, 1560.0], 45, 3, 3], "1": [[-8697.940488063581, 12122.609673032013, 1273.6313850090282], [-8427.659731012653, 8828.954087621034, 1560.0], 40, 3, 3], "10": [[-10135.176313583026, 12003.860521326891, 1520.3578477975868], [-8981.429867228257, 8951.044337284908, 1560.0], 25, 3, 3], "11": [[-14398.988091000405, -5823.940805488854, 1560.0000303163652], [-13809.198000189179, -5612.7246908368525, 1560.0], 3, 3, 2], "12": [[-11642.934655369967, -7397.0762305773615, 1559.9999833179647], [-11208.496137449223, -7085.629907580444, 1560.0], 9, 3, 2], "13": [[-15201.928416854307, -6900.600673861666, 1560.0001495370059], [-14291.97435678281, -6491.565438786633, 1560.0], 1, 3, 2], "14": [[-10904.579155849287, -8448.112790182382, 1559.9996102396583], [-10288.337170432469, -8006.132807347132, 1560.0], 25, 3, 2], "15": [[-11658.710265974727, -8584.074206190142, 1559.9999763599324], [-10935.468808902919, -8088.236773165488, 1560.0], 20, 3, 2], "16": [[-12522.14930196229, -8487.459268331548, 1559.9998936843192], [-11714.449305412243, -7973.748397776057, 1560.0], 21, 3, 2], "17": [[-12710.637878571893, -7953.029427673987, 1559.9999871240668], [-11976.718133158072, -7516.7916736564375, 1560.0], 8, 3, 2], "18": [[-13150.06765215274, -8015.382769870366, 1559.9999356225903], [-12346.018437071218, -7541.109979990681, 1560.0], 5, 3, 2], "19": [[-13908.75973239335, -8284.870131284852, 1559.9999673234593], [-13000.955591486007, -7663.978996899232, 1560.0], 5, 3, 2], "2": [[-9179.939068038113, 10370.778241640024, 1730.439444624129], [-8631.28760937728, 8126.132027111303, 1740.0], 53, 3, 3], "20": [[-15131.690932910551, -8568.231368694815, 1560.0005988325954], [-13806.866729756526, -7817.8314482645, 1560.0], 12, 3, 2], "21": [[-13516.935675094735, -10319.100170673792, 1625.880419477013], [-12033.087771700446, -9267.30425563599, 1560.0], 28, 3, 2], "22": [[-8415.163463928693, -16407.218930003135, 1559.9997722781825], [-7212.073304564899, -13724.026491456381, 1560.0], 0, 1, 1], "23": [[-12477.613342036735, -13499.347124684387, 1560.0002716978754], [-6719.904063766668, -9658.267003871711, 1560.0], 0, 1, 1], "24": [[-12897.805481904232, -16671.698696410742, 1560.0000476281043], [-5969.901411382158, -10763.717355367211, 1560.0], 0, 1, 1], "25": [[-10311.446201832297, -16195.452738878097, 1559.9999188333209], [-5111.194378075514, -12193.376305576838, 1560.0], 0, 1, 1], "26": [[-11232.786558625216, -16332.616302145121, 1559.9996311972243], [-5823.61310850359, -11537.09892223201, 1560.0], 0, 1, 1], "27": [[7365.789623541357, -18617.421580641527, 1468.6415621943272], [4928.248294625777, -15331.269352755651, 1560.0], 23, 3, 3], "28": [[12211.913725166736, -21290.917292876045, 1559.9994082216597], [10094.854489711668, -17437.484556136023, 1560.0], 42, 3, 3], "29": [[8864.25180931032, -16756.19863596242, 1560.0000090556052], [7255.341114938052, -14559.981285012638, 1560.0], 13, 3, 3], "3": [[-9011.403174600935, 8647.170897826003, 1559.9998740610008], [-8508.594802597509, 7216.50630714643, 1560.0], 48, 3, 2], "30": [[9956.15873982604, -15254.835144916868, 1450.3897244140187], [8001.12648991841, -13349.926908379175, 1560.0], 22, 3, 3], "31": [[9971.619994554785, -13176.920836989648, 1428.300535232163], [8328.272673297042, -11891.900271265375, 1560.0], 19, 2, 2], "32": [[20643.90325983622, -22804.342372283343, 1724.3376479005672], [17333.19066700781, -18790.144673555827, 1560.0], 31, 2, 2], "33": [[17128.890411947123, -18657.25700936112, 1959.4986452296866], [16672.39408039225, -16804.220405597134, 1560.0], 9, 3, 3], "34": [[15383.392456490732, -16658.673247587663, 1768.881586536376], [14234.268650513655, -14980.059784708701, 1560.0], 32, 3, 3], "35": [[16968.107633501742, -15474.568534239515, 1685.641349090677], [16234.53617154974, -14432.623048865507, 1560.0], 45, 3, 3], "36": [[17115.91951966598, -10189.905936838082, 1560.0001387620516], [17051.848193106558, -9961.270103581393, 1560.0], 32, 3, 3], "37": [[15493.81219635244, -10939.10369655776, 1487.554246807712], [14608.153870504655, -10306.317238385833, 1560.0], 26, 3, 3], "38": [[16671.49586688475, -11438.146749665519, 1517.041459099369], [15639.046921977684, -10962.647354601087, 1560.0], 49, 3, 3], "39": [[14386.63074697, -11459.293482199291, 1559.9998439059375], [14187.213335857672, -10986.580517169521, 1560.0], 33, 3, 3], "4": [[-9995.386507226014, 7112.1011301493645, 1358.5368182720772], [-9850.16702964203, 5836.204040445748, 1560.0], 57, 3, 3], "40": [[12736.565963214574, -11441.716999123968, 1546.4602634711075], [11680.208194503308, -10849.057877605941, 1560.0], 35, 3, 3], "41": [[15883.50588256782, -12178.738766928169, 1480.6089995317818], [14682.655067879528, -11312.91361687589, 1560.0], 13, 3, 3], "42": [[15222.221304067582, -13348.342970897535, 1560.0001017341947], [13947.818326534818, -12425.661710153401, 1560.0], 35, 3, 3], "43": [[6289.94586570224, 10691.11512543834, 1560.0002148070316], [6965.946181731105, 10127.242447150029, 1560.0], 73, 3, 3], "44": [[11920.013486035414, 9465.829622176638, 1560.0003436850973], [11561.904386979339, 8876.393186067482, 1560.0], 12, 2, 2], "45": [[12705.006095930294, 7696.874240889622, 1559.9998071129558], [11050.936757076941, 6989.2892205583, 1560.0], 8, 2, 2], "46": [[12229.831777072577, 8147.307770641389, 1560.0001868515308], [11766.332215381304, 7725.688509018153, 1560.0], 4, 2, 2], "47": [[13799.41018427482, 9663.763579604985, 1620.0002228872188], [12883.50017066048, 8924.329590661304, 1620.0], 0, 2, 2], "48": [[15246.75350813521, 9661.751507034985, 1780.000029578475], [14418.02127875785, 8989.4611842947, 1780.0], 2, 2, 2], "49": [[13615.481344098125, 7312.602363826941, 1560.0000611418081], [13166.55922694676, 6951.610300815096, 1560.0], 21, 2, 2], "5": [[-11278.348015635012, 6886.93862548896, 1309.2822168038913], [-10966.866088984018, 5498.627712585405, 1560.0], 55, 3, 3], "50": [[14905.513050994055, 7248.11233974086, 1559.999464802891], [14297.649523540727, 6865.923680461284, 1560.0], 3, 2, 2], "51": [[15462.982261897218, 6974.025483439306, 1640.0002083869285], [15043.82320039143, 6660.888644285745, 1640.0], 2, 2, 2], "52": [[17295.409957093372, 9516.616308214549, 1880.0003478981714], [16386.322376450385, 8786.293416039436, 1880.0], 5, 2, 2], "53": [[18147.362523427484, 9372.656584485949, 1760.0000632510878], [16982.6115554981, 8589.123672736205, 1760.0], 2, 2, 2], "54": [[-1230.0718737604893, 11819.171479713204, 1513.039106886728], [-1302.4925680551191, 10060.587472724936, 1560.0], 17, 3, 3], "55": [[-1016.3883206723468, 9309.392532755728, 1510.974259694659], [-1668.4653407955673, 8132.414375688358, 1560.0], 51, 3, 3], "56": [[-8485.65441101541, 18234.72369176015, 1749.9999226000295], [-8304.615875794761, 18028.241280573042, 1750.0], 0, 1, 1], "57": [[-9349.980272068437, 21638.2095113678, 1749.9999628220353], [-8875.594537196455, 20830.3883218858, 1750.0], 0, 1, 1], "58": [[7449.030456406557, 15837.514724665229, 1710.1041409402635], [5280.895499033125, 12815.321004828545, 1850.0], 64, 3, 3], "59": [[7867.039108040025, 15892.270529506648, 1747.7957233191214], [5934.132734494261, 12881.666597539996, 1870.0], 22, 3, 2], "6": [[-12041.743172282246, 6255.4514036671235, 1415.8828309055204], [-11505.400769664628, 5113.846526530689, 1560.0], 70, 3, 3], "60": [[7454.394117206183, 21043.919091911353, 1560.0001801241267], [4858.515457611776, 15635.846114833941, 1560.0], 0, 1, 1], "61": [[6858.06693200607, 21331.225537879487, 1559.9998413225098], [4231.891919780962, 15621.626521509626, 1560.0], 0, 1, 1], "62": [[6861.31395967842, 21369.497264396305, 1560.0002647458418], [4231.891919780962, 15621.626521509626, 1560.0], 0, 1, 1], "63": [[6457.028839629322, 21610.390286358754, 1559.999957453062], [3948.8086976753707, 15729.711913448886, 1560.0], 0, 1, 1], "7": [[-12831.12587504213, 5868.54241544198, 1502.2635813588502], [-11962.813369993819, 4944.6857065763315, 1560.0], 10, 2, 2],