{"0": [[-8910.101522239178, -18097.41589639017, 1559.9999919207883], [-7331.51501482424, -13790.223961924079, 1560.0], 0, 1, 1], "1": [[-7866.099036084496, -17347.748739193303, 1560.0000002210768], [-6997.302468706726, -13861.839701624016, 1560.0], 0, 1, 1], "10": [[-13976.686630615384, 5683.178217766758, 1296.528789289457], [-13143.376646889375, 4466.574654431878, 1560.0], 49, 2, 2], "11": [[-11671.601580855076, 7998.378956557114, 1515.5489903919922], [-10678.097537708018, 6510.74120275462, 1560.0], 30, 3, 3], "12": [[-8498.770075650393, 13162.262574910084, 1421.9806873372859], [-7985.675290151409, 9535.283763092302, 1560.0], 43, 3, 3], "13": [[-9538.730220282954, 12652.763154007864, 1407.329217461913], [-8683.993494656264, 9168.144655959104, 1560.0], 62, 3, 3], "14": [[11614.420691195837, -28020.515510928428, 1560.0001791052903], [6796.881247417307, -19513.82968750849, 1560.0], 3, 2, 2], "15": [[9416.322142795312, -26433.070683404483, 1559.9998064405156], [5099.220212031516, -18621.39302937286, 1560.0], 12, 2, 2], "16": [[10809.594336210504, -26972.197513214087, 1559.9997331051775], [6218.286975938316, -19032.59106046936, 1560.0], 0, 2, 2], "17": [[10519.570426241176, -26011.588310381318, 1559.9998429515415], [6465.2835138347045, -18796.326069345087, 1560.0], 4, 2, 2], "18": [[9878.964349821119, -25556.240510184518, 1559.9999975729545], [5434.433895131125, -18271.241556836543, 1560.0], 12, 2, 2], "19": [[10079.51086809914, -24522.83503667417, 1559.9999613279435], [6438.630594607335, -18281.7828305902, 1560.0], 0, 2, 2], "2": [[-9635.370419409426, -15563.489826507903, 1560.0000359511973], [-8285.03845541509, -12536.837176018827, 1560.0], 7, 3, 2], "20": [[8755.441433918253, -23001.57969571797, 1559.9996237769988], [5586.620966535034, -17547.350868229434, 1560.0], 3, 2, 2], "21": [[10873.784874634586, -23249.758356784238, 1559.999992779836], [7358.806896819432, -17862.736917372422, 1560.0], 1, 2, 2], "22": [[12393.607639014996, -23542.674091712113, 1559.999907845405], [8794.266161157637, -18171.2628828591, 1560.0], 7, 2, 2], "23": [[12069.719284256878, -21396.1889519512, 1320.8120375058998], [8206.312635571494, -16871.175392295674, 1560.0], 18, 3, 3], "24": [[12272.483416928368, -20059.278895342264, 1535.269103781341], [9593.76619480859, -16585.47391941595, 1560.0], 12, 3, 3], "25": [[8271.098776962292, -18639.219001199028, 1475.866416530578], [5801.509787573047, -15345.899249621882, 1560.0], 6, 3, 3], "26": [[18232.74432388804, -17621.83753810954, 2227.435460743621], [18874.83077378067, -16441.301825721537, 1560.0], 19, 3, 3], "27": [[20176.433357155398, -15258.663923725051, 1906.9042094540484], [18960.724462321676, -14284.812710439646, 1560.0], 43, 3, 3], "28": [[9951.922422170657, -13388.901384010464, 1278.4151720151326], [6987.1067545846445, -11684.795950748712, 1560.0], 9, 2, 2], "29": [[13496.135672603861, -12930.385044425173, 1473.8107024570163], [12233.14493537962, -11990.373881572928, 1560.0], 56, 3, 3], "3": [[-8557.466829729048, -15157.074167507308, 1368.0190021154463], [-7981.319608630525, -12587.745445877326, 1560.0], 11, 3, 2], "30": [[14362.869757657681, -12537.406913541285, 1560.0000043154778], [13652.85641844026, -11826.49852573003, 1560.0], 10, 3, 3], "31": [[12984.373105088356, -10889.901658789327, 1559.9997147707822], [11990.479303736993, -10305.743542094477, 1560.0], 9, 3, 3], "32": [[12009.502962798188, -10880.557898170295, 1462.579748504618], [10832.484299493166, -10260.100954222984, 1560.0], 7, 3, 3], "33": [[12592.821159440015, -11274.10811923132, 1559.9998322936551], [11202.487157661399, -10640.611132760985, 1560.0], 19, 3, 3], "34": [[14824.90334353034, -10468.7636241997, 1559.9998757849824], [14050.423893677551, -10086.934232454014, 1560.0], 28, 3, 3], "35": [[18023.452509645787, -10670.227098582374, 1557.9234446193475], [17698.256713261562, -10196.57963570806, 1560.0], 28, 3, 3], "36": [[23400.099982003598, -13717.665558702767, 1576.6581043261062], [21767.726012325296, -11100.35811583642, 1560.0], 24, 2, 2], "38": [[23610.28265089876, -9749.81050899809, 1750.000183566102], [22210.210419359006, -8004.033346187999, 1750.0], 0, 1, 1], "39": [[23061.797483570394, -9444.776430091757, 1749.9998570538546], [21869.08975968849, -7835.941308377639, 1750.0], 0, 1, 1], "4": [[-7690.772424354552, -15690.294954978131, 1324.6490029818533], [-7560.739579563503, -12757.134178486394, 1560.0], 42, 3, 2], "40": [[14813.993600395366, -9695.953686114242, 1340.8279050137676], [13250.415126990692, -9176.5695748005, 1560.0], 26, 3, 3], "41": [[14134.832513827845, -10078.594629526664, 1348.2235083105109], [12460.939735045726, -9461.563456967357, 1560.0], 36, 3, 3], "42": [[12359.199200195255, -9250.189365884464, 1440.4177045140975], [10017.613492166045, -8609.069545960327, 1560.0], 20, 3, 2], "43": [[12066.311158956432, 8471.505991248878, 1560.0000850796218], [11832.3184572378, 7965.027505079201, 1560.0], 11, 3, 3], "44": [[20582.53835109753, 8431.362563031282, 1689.999906999668], [20137.29017271373, 8053.118489165642, 1690.0], 4, 2, 2], "45": [[21268.314633109694, 9189.669802381874, 1879.9999862588031], [20851.828612804617, 8735.25652996572, 1880.0], 8, 2, 2], "46": [[10218.53402512301, 7910.59399434827, 1524.323044958723], [8729.02278861583, 7109.305652157499, 1560.0], 11, 3, 2], "47": [[10748.268384420733, 8604.412537908194, 1559.999986376018], [9822.724061632407, 7829.438862723768, 1560.0], 10, 3, 3], "48": [[10970.603156383573, 9237.550549232052, 1559.9996946959268], [9968.401101437457, 8394.728031667775, 1560.0], 5, 3, 2], "49": [[11243.724189801687, 9601.375154484085, 1538.7973718973178], [10543.487636755726, 8780.757075082476, 1560.0], 6, 3, 3], "5": [[-12130.552145418756, -10246.824022362123, 1559.9999883496478], [-11157.248282194223, -9235.23391990857, 1560.0], 4, 3, 2], "50": [[9945.150293661878, 9970.300553572028, 1345.8774882390153], [8226.254648724593, 8560.912067211291, 1560.0], 63, 3, 3], "51": [[8150.216760605533, 9819.050252572424, 1451.1606381118306], [7045.454816846765, 8748.961472762838, 1560.0], 27, 3, 3], "52": [[8463.303262065687, 10971.508648817311, 1559.9999719850491], [6830.6741803779205, 9518.33342573149, 1560.0], 12, 3, 3], "53": [[7997.854438900552, 11337.361612925995, 1105.3861018342482], [5700.783731819517, 9461.814783184875, 1560.0], 36, 3, 2], "54": [[8205.666240324828, 13005.863564208155, 1309.756500886946], [5432.660913827475, 10580.570472948673, 1600.0], 10, 3, 2], "55": [[8211.724230206222, 13712.995117432027, 1283.3804020597697], [6092.577514760818, 11309.288666539727, 1560.0], 17, 3, 2], "56": [[7657.4668618632895, 13982.951391729326, 1222.3554513721833], [5777.030805497519, 11520.636295499029, 1560.0], 50, 3, 3], "57": [[8142.493415127551, 16393.375593304543, 1469.895595523136], [3745.3786842786003, 12026.167915030894, 1950.0], 14, 3, 2], "58": [[-12238.393937832903, -15046.059126684208, 1560.0000622547948], [-6359.213805664694, -10268.157210955891, 1560.0], 0, 1, 1], "59": [[-8043.951040580324, -19629.035492439856, 1559.9999976733077], [-3221.6882624364866, -15184.932436057405, 1560.0], 0, 1, 1], "6": [[-14883.676261005496, -6177.477114191687, 1499.1217515707788], [-14286.621081085026, -5867.025039925625, 1560.0], 12, 3, 2], "60": [[-8473.438282939742, -19323.759752757633, 1560.0002564178083], [-3535.2665406964175, -14976.978816750983, 1560.0], 0, 1, 1], "61": [[-14038.39307614047, 6551.170196223175, 1749.999732953394], [-9974.885687398855, 6449.280967087521, 1750.0], 0, 1, 1], "62": [[-10230.112692513852, 13376.14678337177, 1452.6761353466102], [-7268.293172107458, 10456.741869635378, 1560.0], 21, 2, 2], "63": [[-4355.935270133632, 11544.486286565303, 1452.2812566587409], [-4777.658613065066, 9253.233593046272, 1560.0], 9, 3, 3], "67": [[20821.68220816294, -10131.630909855421, 1750.000270261686], [20096.609885128593, -8801.759343708582, 1750.0], 0, 1, 1], "68": [[16967.53046639215, -10249.538065071958, 1312.28971047864], [13789.727159507729, -9380.904240428721, 1560.0], 17, 3, 3],