{"0": [[-7979.8695418683055, -16047.232335705432, 1560.000096301186], [-7014.85246152496, -13996.095006369518, 1560.0], 0, 1, 1], "1": [[-9525.827279515628, -16488.56533548083, 1559.9999133449805], [-8106.850885993365, -12930.460217807853, 1560.0], 15, 2, 2], "10": [[-11124.981654215333, 6021.65937922378, 1418.2648424430747], [-10773.40560224794, 5058.573149005032, 1560.0], 80, 3, 3], "11": [[-12491.008772620447, 6237.421244965231, 1426.1921799484048], [-11744.984340120069, 5140.732209451084, 1560.0], 22, 2, 2], "12": [[-13233.840064282154, 5834.610301975901, 1331.1458986982723], [-12513.632034431132, 4677.3645343591725, 1560.0], 11, 2, 2], "13": [[-14542.1955295891, 4600.417807014687, 1560.0000961193962], [-13393.742663733638, 3938.3829066349854, 1560.0], 0, 2, 1], "14": [[-14745.692707341874, 6684.798868340111, 1245.8714509947035], [-13371.169247467144, 5090.594852754248, 1560.0], 98, 2, 2], "15": [[-8606.688854937871, 8339.215239182737, 1307.8665361743065], [-8605.018630619403, 6740.765067763068, 1560.0], 19, 3, 3], "16": [[-7972.211109235476, 10756.98137913847, 1347.5474439965626], [-7772.060666123664, 8372.640260724016, 1560.0], 26, 3, 3], "17": [[-5179.550224517526, 10180.846603327072, 1526.211576986046], [-5204.6204002803925, 8546.656291188618, 1560.0], 11, 3, 3], "18": [[7067.009333598458, 14143.299725252777, 1560.0000891273971], [5505.063016435595, 11912.888383683674, 1560.0], 16, 3, 3], "19": [[6598.631158360821, 10796.68744098182, 1440.527369888838], [4957.233266384374, 9267.039347715077, 1560.0], 28, 3, 3], "2": [[-9834.412190080635, -15817.29778140822, 1560.0000568627504], [-8386.484538352328, -12603.29424693151, 1560.0], 20, 2, 2], "20": [[8810.301827453135, 10995.181052206603, 1507.6160341239167], [7233.734885092329, 9571.985814896789, 1560.0], 9, 3, 2], "21": [[9300.61136782513, 10469.844419431667, 1720.606219256634], [7833.135174947018, 9183.662525321333, 1690.0], 27, 3, 3], "22": [[8003.671032492904, 9614.151837276479, 1533.9427872440328], [7021.644204042465, 8646.152341307856, 1560.0], 14, 3, 3], "23": [[10130.501553450871, 10117.878802272322, 1675.9402731555801], [9602.019205906052, 9307.087072064993, 1590.0], 23, 3, 3], "24": [[10582.25552359165, 9545.762986122092, 1600.000016521301], [9889.975374639955, 8779.211730495037, 1600.0], 2, 2, 2], "25": [[10924.565138387605, 9069.083593916856, 1535.2903308991329], [9467.029045668993, 8243.094488588053, 1560.0], 28, 2, 2], "26": [[10805.082739754384, 8718.336638616915, 1560.0000167666276], [10334.789483162329, 7976.717947692646, 1560.0], 33, 3, 3], "27": [[21083.490681597854, 9468.310318372512, 1789.9999974582609], [19798.492209458513, 8768.910195413966, 1790.0], 5, 2, 2], "28": [[22395.172749829737, 9335.263490658273, 1840.0003624174933], [21067.546087314633, 8655.219609633285, 1840.0], 5, 2, 2], "29": [[20916.451291010482, 8370.151127834411, 1620.0002266611718], [20536.114716018612, 8018.021286003601, 1620.0], 5, 2, 2], "3": [[-7801.060995460397, -14709.288196738107, 1168.2347184159973], [-7301.785197271091, -12517.097971511925, 1560.0], 49, 3, 2], "30": [[14961.01970281558, 5407.306392184768, 1650.000013508121], [14481.449058551267, 5096.484577974657, 1650.0], 1, 2, 2], "31": [[12549.48023778794, 5307.8969202540675, 1526.8682946774009], [11989.192540489843, 4872.03163468275, 1560.0], 11, 3, 3], "32": [[14101.306523354522, 2254.674014585147, 1679.9998565492117], [14554.879044758893, 2215.518567711489, 1680.0], 13, 2, 2], "33": [[14736.84975354489, 1566.51090158902, 1561.5390561153374], [14988.986007700973, 1669.531919861249, 1560.0], 9, 3, 3], "34": [[12106.696529615177, -9201.364298498967, 1284.2121469974034], [10518.875155828035, -8697.148704795822, 1560.0], 9, 3, 3], "35": [[14076.937053739588, -9882.782539352766, 1400.6433159280475], [12513.572533669903, -9365.598810540798, 1560.0], 21, 3, 3], "36": [[15070.8479453538, -11267.062384363317, 1603.6104406855225], [14930.901464475146, -10926.19072633054, 1560.0], 50, 3, 3], "37": [[14406.733471472662, -12504.520522628134, 1546.8137518954532], [13652.85641844026, -11826.49852573003, 1560.0], 27, 3, 3], "38": [[13133.719804840335, -13687.820099657758, 1559.9999143685093], [11801.153779905932, -12670.60251509677, 1560.0], 29, 3, 3], "39": [[13009.657011688558, -10792.512982807702, 1560.000051201993], [12544.311307785245, -10422.690795938732, 1560.0], 21, 3, 3], "4": [[-12770.517129865977, -12059.74162249012, 1559.9999860726132], [-11236.775485334645, -10321.476616919479, 1560.0], 0, 2, 1], "40": [[12556.298896003738, -11256.491773988335, 1559.9997064809888], [11783.323199147273, -10669.681168337249, 1560.0], 19, 3, 3], "41": [[12023.483965598389, -10950.770512671306, 1434.6795246721458], [10832.484299493166, -10260.100954222984, 1560.0], 11, 3, 3], "42": [[28708.198512754356, -19622.315399252053, 1750.0002794382483], [14941.608721983808, -5941.9394219795195, 1750.0], 0, 1, 1], "43": [[25856.585312008552, -19896.748813643684, 1749.9998639672863], [14307.039821499518, -7172.556157591393, 1750.0], 0, 1, 1], "44": [[14763.592470132728, -17945.573121238464, 1581.9288563956047], [12850.177038555246, -15789.43205203816, 1560.0], 20, 3, 3], "45": [[9969.883682223457, -13391.082532817782, 1349.7090125680106], [7814.690366461455, -11921.776616554165, 1560.0], 9, 2, 2], "46": [[12645.641764235972, -18782.68749143731, 1292.1706024529517], [8839.026379203728, -15311.44280850073, 1560.0], 5, 3, 3], "47": [[10524.702148436565, -18329.565321695845, 1559.9998910854192], [8608.596755249582, -15630.716162690553, 1560.0], 8, 3, 3], "48": [[8205.03068038685, -18679.497521164758, 1424.148233290015], [5764.753953962763, -15402.244857794603, 1560.0], 8, 3, 3], "49": [[11833.535932382303, -24624.087277361163, 1560.0000795803944], [7098.891997132953, -18146.61752841835, 1560.0], 6, 2, 2], "5": [[-11803.799633976229, -7994.514346014011, 1560.000237574987], [-11222.378160571006, -7564.606290232784, 1560.0], 0, 2, 1], "50": [[7676.189577342442, -24526.873582908844, 1560.000382072672], [4642.08386655579, -18097.94844517877, 1560.0], 5, 2, 2], "51": [[8051.677237142796, -18233.38878968071, 927.4450595670953], [4198.357580841419, -14478.126221114595, 1560.0], 17, 3, 3], "52": [[14538.12121909531, -17824.502081213264, 1535.3170834029636], [11895.921029823334, -15273.236981568998, 1560.0], 14, 3, 3], "53": [[-10033.910509635185, -14406.074225766166, 1560.0001429421588], [-4536.968909007845, -12967.010205640732, 1560.0], 0, 1, 1], "54": [[-10070.254876766796, -16217.866491208595, 1560.000057470696], [-5163.565976577683, -12240.508312725718, 1560.0], 0, 1, 1], "55": [[-8229.032808209446, -18885.814058628606, 1560.0000057842306], [-3244.8691639096146, -15167.162485836636, 1560.0], 0, 1, 1], "56": [[-8483.52332746619, -18848.339938836296, 1559.9998407157611], [-3573.593545695698, -14861.312554577898, 1560.0], 0, 1, 1], "57": [[-10415.312282185667, 12665.289916735437, 1559.9999930415524], [-7902.384425967501, 11966.941271871026, 1560.0], 9, 2, 2], "58": [[-8256.082047743106, 20367.706758132193, 1749.9997177625723], [-8049.567877628342, 19946.261476856846, 1750.0], 0, 1, 1], "6": [[-10477.096966015984, -7226.394578398636, 1283.2729656173294], [-10809.59725446576, -6825.233865986465, 1560.0], 159, 2, 2], "60": [[7984.963119266903, 20807.37000287808, 1559.999965558658], [5147.160798840995, 15432.243702712633, 1560.0], 0, 1, 1], "61": [[6779.611994478182, 21417.438166336924, 1560.000278375161], [4245.210220897906, 15700.7505444906, 1560.0], 0, 1, 1], "62": [[6042.51178804782, 21765.5898610851, 1560.000207452043], [3658.998122277593, 15756.419821006772, 1560.0], 0, 1, 1], "63": [[8134.841020017287, 20956.387729615955, 1559.9997536880528], [5529.4173969742915, 15731.089151111943, 1560.0], 0, 1, 1], "64": [[7189.416790713254, 21140.91153516239, 1560.0000398481643], [4534.764724616445, 15588.864518872828, 1560.0], 0, 1, 1], "65": [[6554.9990247195, 21576.407628153178, 1560.0002426261588], [0, 0, 1560], 0, 1, 1],