{"0": [[11816.104122657318, -17685.933004563918, 1477.585867887739], [9071.852927149788, -14982.016678438647, 1560.0], 16, 3, 3], "1": [[13853.295875613785, -18014.689207843287, 1311.280585607115], [10720.211889891183, -15137.842339927733, 1560.0], 21, 3, 3], "10": [[-6623.303805936245, -15441.67111431051, 979.795518170126], [-7405.499107109206, -12394.219368988526, 1560.0], 120, 3, 2], "11": [[-5005.371482583374, -11680.447315193065, 1203.5447203899223], [-6611.347520356103, -10373.817584370872, 1560.0], 71, 3, 2], "12": [[-9519.990052571411, -8847.556773624914, 1409.7657520426103], [-9483.078222407805, -8171.872755438536, 1560.0], 36, 3, 2], "13": [[-10685.912288365782, -7939.096498604772, 1497.1133478623829], [-10513.382150611338, -7445.855955628983, 1560.0], 58, 3, 2], "14": [[-12009.727021898552, -10328.750449145728, 1472.0640992432604], [-11226.769162133296, -9198.902993241016, 1560.0], 18, 3, 2], "15": [[-13629.968785104526, -10071.462499810134, 1560.0003335242147], [-12330.949004503193, -8998.758679174385, 1560.0], 5, 3, 2], "16": [[-14524.361183617373, -6283.244634274912, 1483.3418613838883], [-13983.342885757684, -5952.166798943349, 1560.0], 25, 3, 2], "17": [[-12052.271723279984, 7201.804273482853, 1369.159017167638], [-11435.70209831131, 5726.603944843572, 1560.0], 110, 3, 3], "18": [[-12210.68813216494, 6272.069786239852, 1269.1833536065906], [-11769.06500338883, 5026.623713224562, 1560.0], 76, 3, 2], "19": [[-11269.542031913697, 7445.7921626263, 1425.042800908784], [-10642.77156296567, 6048.124105323765, 1560.0], 46, 3, 3], "2": [[17801.59558667416, -17936.3145566011, 1700.115872258135], [16537.33505950429, -16024.117855357246, 1560.0], 61, 3, 3], "20": [[-8984.675052774812, 9940.108019531755, 1268.3118292984745], [-8880.069651407319, 7629.071473660986, 1560.0], 50, 3, 3], "21": [[-8910.230657383605, 10790.547222324829, 1287.2509260028157], [-8666.680999281036, 8186.652613241642, 1560.0], 52, 3, 3], "22": [[-7311.601459877062, 10782.307188120958, 1147.7800714393572], [-7833.631061574572, 8084.639593054864, 1560.0], 56, 3, 3], "23": [[-6660.673167295182, 10866.96786247855, 1331.5567469323296], [-6749.041077688388, 8574.432065642453, 1560.0], 64, 3, 3], "24": [[-5175.561559575033, 10089.220214199722, 1328.2843749417418], [-6138.728181291516, 7931.142689781617, 1560.0], 131, 3, 3], "25": [[-464.31818853456394, 12193.946530997466, 1453.7426541590853], [-1973.091421759472, 9711.6622543493, 1560.0], 60, 3, 3], "26": [[-626.2004153098163, 11028.744211997287, 1378.8460546681406], [-1898.804480705643, 9060.289476661857, 1560.0], 56, 3, 3], "27": [[7812.907325438311, 12031.304052352445, 1554.6801413358842], [5478.717110852676, 10084.42787288988, 1560.0], 37, 3, 2], "28": [[7158.292123505025, 12811.658271805656, 1495.3497780358173], [4902.00907389747, 10623.526458520813, 1560.0], 20, 3, 2], "29": [[8684.515465377157, 9868.340189867564, 1560.0001629334724], [7478.52382792503, 8896.66438510411, 1560.0], 13, 3, 2], "3": [[19872.205252985, -17026.376769070524, 1953.2078000631943], [18638.676656681277, -15691.962005150217, 1560.0], 84, 3, 3], "30": [[8931.213884842056, 10411.763842458751, 1560.0002717357725], [7575.234117953968, 9313.850211115001, 1560.0], 33, 3, 3], "31": [[9615.740267292078, 9203.499845727834, 1472.6846088618001], [7257.33023793914, 7959.507802414347, 1560.0], 21, 3, 3], "32": [[10830.223920125156, 8466.281014000197, 1559.9999468179028], [7517.690306610362, 7361.029396353247, 1560.0], 0, 3, 1], "33": [[11857.368248008888, 9216.117928674068, 1700.0000719579775], [11341.935422115654, 8565.385908113263, 1700.0], 2, 2, 2], "34": [[16208.485790791934, 9159.92684876118, 1559.9997492783932], [15429.91963590597, 8591.10868999485, 1560.0], 1, 2, 2], "35": [[16808.454225186026, 8548.451815065722, 1547.2328925880774], [15191.15815503455, 7800.946098231235, 1560.0], 32, 2, 2], "36": [[17115.029118343515, 8362.28307267657, 1559.9994874360411], [15788.57273694139, 7703.065037004725, 1560.0], 21, 2, 2], "37": [[17094.89421023211, 7861.109451079711, 1560.0001504136926], [15621.48701363404, 7171.207188418922, 1560.0], 0, 2, 2], "38": [[13150.020035557112, 1129.4832938255072, 1360.0383595624407], [10116.142678750704, 652.4971661578293, 1560.0], 80, 3, 3], "39": [[14978.554243493905, 874.450333336045, 1518.235779526828], [16049.559754691645, 1024.4926971788486, 1560.0], 108, 2, 2], "4": [[18142.354112719455, -15516.573293412146, 1420.3303697441113], [15998.080442267707, -13714.28788009512, 1560.0], 55, 3, 2], "40": [[10882.492039613091, -5784.720476668015, 1257.7731636769192], [8815.782481566794, -5560.160376242332, 1560.0], 19, 3, 3], "41": [[10024.085763319606, -13207.936324942828, 1304.7089404796393], [7474.383512379054, -11651.91920691555, 1560.0], 9, 2, 2], "42": [[16743.118924327937, -10066.963475466215, 1236.5531696780347], [13846.505662171536, -9281.07880931453, 1560.0], 60, 3, 3], "43": [[-15853.02865598482, 6254.567339210772, 1255.0512937854448], [-14240.80137262314, 4614.368376657284, 1560.0], 57, 2, 2], "44": [[-13644.180797494273, 5845.241707630801, 1750.0002925141728], [-9708.885907069658, 5860.8880605264485, 1750.0], 0, 1, 1], "45": [[14507.565707686179, 976.162653722044, 1538.419372696456], [13348.889169839305, 573.0200484139826, 1560.0], 98, 3, 3], "46": [[17151.695990172317, 8378.324201444084, 2139.4342214713092], [19605.661706742307, 8693.152398600754, 1950.0], 35, 2, 2], "47": [[-12307.680164368654, -13970.33519919875, 1559.9999060602504], [-10504.162810584352, -11368.833179677551, 1560.0], 6, 2, 2], "48": [[-11202.91023384132, -19880.835219226396, 1839.9999593861974], [-4942.157113784951, -12982.513650643257, 1840.0], 0, 1, 1], "49": [[-8166.625178483839, -19854.068834380596, 1559.9999204713058], [-3515.9931868274352, -14670.58721043031, 1560.0], 0, 1, 1], "5": [[15292.536836557061, -11697.985929056216, 1502.5769885658624], [14744.565713126169, -11216.97696606911, 1560.0], 48, 3, 3], "50": [[-8259.520442852314, -20959.16021327239, 1579.9999660186747], [-3342.6141728669827, -14953.951488082681, 1580.0], 0, 1, 1], "51": [[-8157.73196336329, -22763.732887220536, 1870.0001725964432], [-2739.9537083991445, -16049.476244914187, 1870.0], 0, 1, 1], "53": [[17808.640752723448, -12109.732066630295, 1415.6635499304532], [16854.007738465825, -11447.350968145884, 1560.0], 36, 3, 3], "54": [[17773.01357299345, -12397.911676821603, 1144.6078311896665], [14067.788797959125, -11176.59500648392, 1560.0], 83, 3, 3], "55": [[22647.240129805916, -15430.090491839175, 2046.0513955573126], [20963.280464778698, -14202.592419162662, 1560.0], 23, 3, 3], "56": [[19784.301496806565, -22142.66917409423, 1560.0008089050839], [14868.781307429443, -17758.28291287449, 1560.0], 25, 2, 2], "57": [[19901.023795963047, -21538.168074660385, 1681.7705452672199], [16486.37283709015, -17867.815608970173, 1560.0], 34, 2, 2], "6": [[14405.943953226682, -10639.392922185367, 1424.745815046205], [11703.975166753251, -9732.993901583879, 1560.0], 40, 3, 3], "64": [[-8590.696794598452, 22697.87458987649, 1750.0002115420032], [-8181.238936061626, 21753.66103964877, 1750.0], 0, 1, 1], "65": [[-9034.306900573672, 22211.396937856724, 1749.9997303512155], [-8571.220666680705, 21308.018999479584, 1750.0], 0, 1, 1], "66": [[-9545.830061709254, 22077.116540748386, 1749.9999340808924], [-8990.309519174747, 21098.326978595476, 1750.0], 0, 1, 1], "67": [[-7544.811824535119, 22227.641263896796, 1750.0000964294245], [-7325.855854123691, 21588.895755088113, 1750.0], 0, 1, 1], "68": [[-8604.73204605947, 20458.375561043893, 1750.000062356044], [-8340.004827874414, 19998.654820828233, 1750.0], 0, 1, 1], "69": [[-9668.047157700541, 20076.560295902513, 1750.0002000983675], [-9237.306646638912, 19495.558527093373, 1750.0], 0, 1, 1], "7": [[12922.779994554134, -11592.172586005778, 1311.1070080177192], [10140.911417692912, -10498.738435546455, 1560.0], 17, 3, 3], "70": [[-8800.817199565974, 18680.344446757485, 1749.9998034144944], [-8582.34026878137, 18407.190081797617, 1750.0], 0, 1, 1],