{"0": [[-8893.41168252512, 8686.616047329495, 1455.7626095877176], [-8528.04737983005, 7121.778158607598, 1560.0], 17, 3, 3], "1": [[-9985.505252255905, 7224.157135718405, 1333.220460304415], [-9654.570964297673, 5985.191524202119, 1560.0], 24, 3, 3], "10": [[-15095.162264914985, -8582.98944288201, 1585.3292733727674], [-13763.346908543288, -7841.825918338408, 1560.0], 12, 3, 2], "11": [[-12957.673670618955, -7635.183806142868, 1560.000314408098], [-12290.362534821823, -7230.445557954421, 1560.0], 10, 3, 2], "12": [[-10979.120159767723, -8529.931708794835, 1541.7034725375856], [-10458.00613078107, -8045.33153684565, 1560.0], 15, 3, 2], "13": [[-12659.836529255008, -9328.125698413578, 1771.219133092824], [-11371.007832656194, -8774.237151001147, 1560.0], 11, 3, 2], "14": [[-13189.368049272885, -9582.319567842387, 1770.4433367122972], [-11756.943727327483, -8920.616974107448, 1560.0], 11, 3, 2], "15": [[-11846.761460833899, -11199.651141197088, 1755.0202890015803], [-10341.219668271648, -10135.574996906145, 1560.0], 10, 3, 2], "16": [[-12438.6826604438, -12071.249835722021, 1671.905232836301], [-10767.717819058587, -10508.620930091343, 1560.0], 31, 3, 2], "17": [[10025.898158509866, -13178.866507112749, 1353.0999176434134], [7435.037483863268, -11727.05831274282, 1560.0], 4, 3, 3], "18": [[7473.738599982343, -16975.260142176383, 1254.4740415022084], [4788.998691512574, -14151.280192108168, 1560.0], 16, 3, 3], "19": [[14185.773037992027, -16761.64640856497, 1373.9146821692325], [11249.737361397192, -14409.804538454979, 1560.0], 35, 3, 3], "2": [[-8282.03120011744, 13523.511650479799, 1496.1443227439195], [-7508.194899402019, 9949.61059866665, 1560.0], 46, 3, 3], "20": [[15272.216546663813, -18191.695120539353, 1735.5062398899877], [13406.59487620936, -15982.738996912083, 1560.0], 42, 3, 3], "21": [[11760.4795625072, -21727.081544421133, 1559.9999178970716], [7579.901766082463, -16970.724523781388, 1560.0], 16, 3, 3], "22": [[9938.162804256363, -22680.419757477463, 1559.9998057561434], [6245.143637142877, -17341.55997490078, 1560.0], 15, 2, 2], "23": [[11459.844034276284, -24935.984173360033, 1560.0000622350492], [6927.672303012433, -18328.203812161213, 1560.0], 3, 2, 2], "24": [[10192.903580699474, -22933.52944466626, 1559.9999996095], [6045.199086928897, -18150.19938764102, 1560.0], 0, 3, 1], "25": [[8368.54065213653, -24298.32177736246, 1559.9997663337858], [5141.678532048551, -18062.704261715047, 1560.0], 32, 2, 2], "26": [[24243.3131527302, -22491.101010004004, 1750.0000916151305], [13862.043849227728, -9528.984641917164, 1750.0], 0, 1, 1], "27": [[15031.494145655606, -12871.551588537845, 1559.9999432491322], [13593.975405454257, -11917.424262897375, 1560.0], 3, 3, 3], "28": [[12685.879217789174, -11584.90965872678, 1483.7551221805197], [11103.064489646857, -10817.084085565213, 1560.0], 14, 3, 3], "29": [[14705.576475085441, -11586.295634863298, 1554.895565416419], [12947.560554941478, -10823.29700876394, 1560.0], 17, 3, 3], "3": [[-10693.135511339166, 7603.174771272561, 1304.8472495630867], [-10430.576098835729, 6032.637506844412, 1560.0], 62, 3, 3], "30": [[15565.878028318733, -10918.696314482682, 1530.2258399231437], [14608.153870504655, -10306.317238385833, 1560.0], 10, 3, 3], "31": [[17094.596941602693, -10291.55890816, 1447.0656684334638], [15684.987697403552, -9718.211425357926, 1560.0], 100, 3, 3], "32": [[6560.131955615246, 11350.366758943313, 1528.7334785143155], [5458.335822955907, 9988.348743274591, 1560.0], 29, 3, 3], "33": [[6268.649803288439, 12811.957718105323, 1559.99973649404], [4978.126574989896, 10996.271137466822, 1560.0], 3, 3, 3], "34": [[9105.506588756745, 10926.068095471957, 1599.9997313464075], [8371.494007653162, 9879.755557699349, 1600.0], 7, 2, 2], "35": [[15099.672749699042, 9580.410442416302, 1930.00015689371], [14225.077647145423, 8905.752208500557, 1930.0], 4, 2, 2], "36": [[16822.60268095698, 6594.056790927407, 1750.0003343880505], [16850.50270124767, 6739.860175560248, 1750.0], 0, 1, 1], "37": [[9405.405340943747, 9919.884938008197, 1750.0002687039569], [8381.237368605416, 8967.272487321867, 1750.0], 0, 1, 1], "38": [[10871.28439262997, 8997.273867833726, 1750.0002970306916], [10039.541600622491, 8274.34853622284, 1750.0], 0, 1, 1], "39": [[11705.91366999049, 7508.6784576174, 1749.9998787416332], [11220.739812934118, 7107.942630016402, 1750.0], 0, 1, 1], "4": [[-10591.60503854139, 7397.613619531482, 1016.3140146732517], [-10817.908544883878, 5549.72164239726, 1560.0], 87, 3, 3], "40": [[-8784.370636958467, 20136.267498032274, 1750.0003086151296], [-8500.77226871997, 19698.98601143966, 1750.0], 0, 1, 1], "41": [[-9320.922918884136, 21483.631036300758, 1749.9996059523742], [-8850.079158325852, 20711.00599230255, 1750.0], 0, 1, 1], "42": [[7138.285729059325, 15926.190661950133, 1720.417105021422], [4974.598946240161, 12828.217928451992, 1840.0], 59, 3, 3], "43": [[7665.1046914465205, 16129.117664297468, 1744.931906481256], [5673.745143421534, 13010.13741873946, 1850.0], 22, 3, 2], "44": [[7004.88643299658, 19349.68767103822, 1713.484288382151], [4161.655734370705, 14299.512358802967, 1950.0], 37, 2, 2], "45": [[6954.822121001829, 21330.634807410446, 1559.999729356721], [4218.488266404737, 15542.287817291144, 1560.0], 0, 1, 1], "46": [[6861.31395967842, 21369.497264396305, 1560.0002647458418], [4231.891919780962, 15621.626521509626, 1560.0], 0, 1, 1], "47": [[6861.31395967842, 21369.497264396305, 1560.0002647458418], [4231.891919780962, 15621.626521509626, 1560.0], 0, 1, 1], "48": [[7801.553862385739, 20894.251698927786, 1560.0000110702663], [5175.801152565834, 15599.78628604066, 1560.0], 0, 1, 1], "5": [[-11277.640552676334, 5921.46801134522, 1421.8907079387782], [-10941.445870514015, 4930.228583210989, 1560.0], 77, 3, 3], "6": [[-12215.323290644224, 5590.22985182462, 1543.8308250397586], [-11505.208915698548, 4801.4648395827335, 1560.0], 44, 3, 2], "7": [[-12851.78089357715, 4899.309787195853, 1542.0054599457685], [-12100.26801584213, 4266.167897700014, 1560.0], 12, 3, 2], "8": [[-13888.896303597181, 5913.186007046712, 1437.20423030588], [-12833.222966770445, 4807.83553090632, 1560.0], 20, 2, 2], "9": [[-14093.503769302855, 4603.541953662566, 1559.9998661440554], [-13059.809815730769, 3985.604441703063, 1560.0], 0, 2, 1]}