{
  "0": [
    [
      -8760.029739791727,
      1939.939166190892,
      1504.152262956585
    ],
    [
      -8859.152653992727,
      1715.959941793699,
      1560
    ],
    53,
    3,
    3
  ],
  "1": [
    [
      -11866.364821331175,
      -5068.701332061841,
      1400.0423117281296
    ],
    [
      -11909.317074932358,
      -4930.49606634191,
      1560
    ],
    10,
    3,
    2
  ],
  "2": [
    [
      -10571.698435092583,
      -7934.855045537409,
      1513.0687757482237
    ],
    [
      -10263.617284179161,
      -7537.018246426037,
      1560
    ],
    10,
    3,
    2
  ],
  "3": [
    [
      -9493.419611621532,
      -8871.140744058423,
      1518.0657202120308
    ],
    [
      -9296.303676465164,
      -8282.76572120636,
      1560
    ],
    25,
    3,
    2
  ],
  "4": [
    [
      -14043.122782572655,
      -7629.465666221525,
      1509.6913583135802
    ],
    [
      -13279.61035546402,
      -7126.559385544871,
      1560
    ],
    10,
    3,
    2
  ],
  "5": [
    [
      -2274.7461070239174,
      -12011.555343449003,
      1406.5967025074085
    ],
    [
      -3354.849851977132,
      -10755.884112812084,
      1560
    ],
    167,
    3,
    3
  ],
  "6": [
    [
      -15479.875202472922,
      -10162.349664165586,
      1548.9030896844768
    ],
    [
      -13693.285414917562,
      -8797.535968801154,
      1560
    ],
    17,
    2,
    2
  ],
  "7": [
    [
      -11754.009286741963,
      -13786.36048255768,
      1559.99997896481
    ],
    [
      -10158.812665501166,
      -11343.948714443388,
      1560
    ],
    0,
    3,
    2
  ],
  "8": [
    [
      -7515.7647377766425,
      -16712.532813091704,
      1082.8927867753866
    ],
    [
      -7584.667228297866,
      -12995.86260104187,
      1560
    ],
    50,
    3,
    2
  ],
  "9": [
    [
      -7824.659632549142,
      -17668.52461835179,
      1723.7235747196287
    ],
    [
      -6498.25146868659,
      -13833.411046677606,
      1560
    ],
    22,
    2,
    2
  ],
  "10": [
    [
      -6589.53918847563,
      -16558.489411086706,
      1299.327569723478
    ],
    [
      -6649.616310697318,
      -13180.006805302524,
      1560
    ],
    22,
    3,
    2
  ],
  "11": [
    [
      -6971.757714628477,
      -14795.368099299905,
      1014.4290749635867
    ],
    [
      -7260.364479647555,
      -12184.087736623547,
      1560
    ],
    28,
    3,
    2
  ],
  "12": [
    [
      -3877.6258292852717,
      -17622.970148498294,
      1201.376472467477
    ],
    [
      -4440.417030417944,
      -14082.289742158553,
      1560
    ],
    94,
    3,
    2
  ],
  "13": [
    [
      -12601.588678079885,
      -13869.864927357201,
      1559.99980986768
    ],
    [
      -10626.811668118791,
      -11432.755043295123,
      1560
    ],
    0,
    1,
    1
  ],
  "14": [
    [
      2092.3580256592604,
      -11362.144658452353,
      1088.803617051925
    ],
    [
      -114.21899222246921,
      -10036.979481192546,
      1560
    ],
    11,
    3,
    3
  ],
  "15": [
    [
      11084.574496947864,
      -15917.084987558273,
      1560.0004650089666
    ],
    [
      10110.712896206285,
      -14306.473033908731,
      1560
    ],
    17,
    2,
    2
  ],
  "16": [
    [
      13572.838057408042,
      -19657.73478645433,
      1559.9999495964998
    ],
    [
      10951.466752227547,
      -16449.318505179654,
      1560
    ],
    10,
    3,
    3
  ],
  "17": [
    [
      8297.749089403662,
      -19913.925927727978,
      1249.3438155433419
    ],
    [
      5473.46013122692,
      -15840.35751673177,
      1560
    ],
    40,
    3,
    3
  ],
  "18": [
    [
      7181.098733987409,
      -19492.984720456607,
      2681.628883163861
    ],
    [
      7169.805141092281,
      -17056.659910039623,
      1700
    ],
    77,
    2,
    2
  ],
  "19": [
    [
      11448.949982447351,
      -22304.05625839245,
      1496.24325408814
    ],
    [
      7406.290322462819,
      -17182.549355486903,
      1560
    ],
    3,
    3,
    3
  ],
  "20": [
    [
      8837.400213229248,
      -22003.848554986333,
      1302.9070384460879
    ],
    [
      4905.665639204788,
      -16649.733074580694,
      1560
    ],
    7,
    3,
    3
  ],
  "21": [
    [
      9482.524032803165,
      -22070.166725507406,
      1559.9998980489884
    ],
    [
      5931.581807434625,
      -17714.530558083974,
      1560
    ],
    72,
    3,
    2
  ],
  "22": [
    [
      -324.6296063820072,
      -6490.5179729975425,
      1283.2701373630857
    ],
    [
      -1082.2994656883445,
      -6234.257375085211,
      1560
    ],
    79,
    3,
    3
  ],
  "23": [
    [
      11649.525861407292,
      -8962.119592326166,
      1238.006091413629
    ],
    [
      9572.99115687706,
      -8432.690604310177,
      1560
    ],
    21,
    3,
    3
  ],
  "24": [
    [
      -11151.433448705853,
      -14513.51025165164,
      1559.9997371507552
    ],
    [
      -10039.268847151592,
      -12002.865011523343,
      1560
    ],
    0,
    1,
    1
  ],
  "26": [
    [
      13902.502282742367,
      -5150.708674905631,
      1361.439006907041
    ],
    [
      12781.133200712984,
      -5151.827577758,
      1560
    ],
    37,
    3,
    3
  ],
  "27": [
    [
      15547.040859339015,
      -4583.619117269744,
      1456.8475573071355
    ],
    [
      14248.723535026324,
      -4678.1337904071925,
      1560
    ],
    26,
    3,
    3
  ],
  "28": [
    [
      14550.684603096219,
      -3695.63168738987,
      1559.999868872122
    ],
    [
      13988.02168402575,
      -3850.749789899113,
      1560
    ],
    28,
    3,
    3
  ],
  "29": [
    [
      13601.704999584807,
      -3390.068352232673,
      1559.9999981113745
    ],
    [
      14193.743114236278,
      -3390.096222843492,
      1560
    ],
    5,
    3,
    2
  ],
  "30": [
    [
      13542.434324299036,
      -10355.005941065014,
      1182.333984986357
    ],
    [
      11754.512779502003,
      -9639.914452714793,
      1560
    ],
    77,
    3,
    3
  ],
  "31": [
    [
      14673.507017105318,
      -10927.085577941469,
      1377.9099743182167
    ],
    [
      13817.680159909569,
      -10475.513722901105,
      1560
    ],
    96,
    3,
    3
  ],
  "32": [
    [
      19986.770985537,
      -12639.80457532757,
      1613.8616201488783
    ],
    [
      19739.008896311345,
      -12185.932282348569,
      1560
    ],
    26,
    3,
    3
  ],
  "33": [
    [
      20071.455016235115,
      -14211.105578979268,
      1632.7880489653749
    ],
    [
      18852.499110221004,
      -13313.377147186104,
      1560
    ],
    36,
    3,
    3
  ],
  "34": [
    [
      22382.324445621896,
      -14384.553429537076,
      1956.6238350415713
    ],
    [
      21783.902833359974,
      -10787.260270336206,
      1560
    ],
    14,
    2,
    2
  ],
  "35": [
    [
      15997.69248375547,
      -14418.995328300112,
      1618.772393854536
    ],
    [
      14724.853687102002,
      -13368.20117899595,
      1560
    ],
    11,
    3,
    3
  ],
  "36": [
    [
      8542.29438814236,
      403.38610509780347,
      1434.2902998756388
    ],
    [
      8572.588823940747,
      318.1984653968284,
      1560
    ],
    24,
    3,
    3
  ],
  "37": [
    [
      13380.604755234042,
      3105.953408900882,
      1443.7631453491633
    ],
    [
      13042.522397012071,
      2986.298362908742,
      1560
    ],
    48,
    2,
    2
  ],
  "38": [
    [
      14127.422902688046,
      4464.9673815725055,
      1779.9998038498363
    ],
    [
      13506.003977199405,
      4193.73667785502,
      1780
    ],
    0,
    2,
    2
  ],
  "39": [
    [
      13053.098874879099,
      5049.764476631079,
      1559.999887848376
    ],
    [
      13738.250849123915,
      5089.7365527538,
      1560
    ],
    69,
    2,
    2
  ],