{"0": [[-7882.220579692595, 12880.440536851516, 1497.5619145888868], [-7268.611886865967, 9706.88680537138, 1560.0], 4, 3, 3], "1": [[-8657.588058274523, 11834.675272506853, 1186.4273628644303], [-8574.588150602855, 8582.23111819871, 1560.0], 81, 3, 3], "10": [[-11631.445739111929, 5883.115259130936, 1391.8980810160222], [-11301.17575775176, 4843.577860247274, 1560.0], 110, 3, 3], "11": [[-12927.788369718686, 5738.8097812391825, 1437.2183131089887], [-12173.39842563008, 4754.624430133159, 1560.0], 28, 2, 2], "12": [[-13432.630837130047, 6636.782143666497, 1413.7458668630663], [-12370.169506086613, 5313.106248969493, 1560.0], 36, 2, 2], "13": [[-13824.067438868635, 5708.160463351562, 1353.4728607828406], [-12935.051294310284, 4568.484485087426, 1560.0], 68, 2, 2], "14": [[-14220.4597859404, 6622.380176176043, 1400.438101833543], [-13126.612866187226, 5062.018294006858, 1670.0], 99, 2, 2], "15": [[-11439.337520678268, -6811.468819920996, 1528.384843998882], [-11187.829160712039, -6555.334990789371, 1560.0], 9, 3, 2], "16": [[-12247.358573458441, -6833.528171341311, 1489.7608796994634], [-11901.300087629668, -6531.673427623287, 1560.0], 9, 3, 2], "17": [[-12899.814509915244, -6171.06971121525, 1560.0000041901799], [-12467.547246191058, -5977.434195626993, 1560.0], 6, 3, 2], "18": [[-14102.350176672608, -5977.220248425611, 1559.9999383406193], [-13566.81544246769, -5751.304627597239, 1560.0], 2, 3, 2], "19": [[-14693.896875048356, -5806.737625237898, 1449.3219530617228], [-14214.179238596247, -5535.959639137082, 1560.0], 14, 3, 2], "2": [[-8309.274353708412, 10285.667016129293, 1521.6988446106664], [-7674.324634647054, 8351.363598185586, 1560.0], 8, 3, 3], "20": [[-15430.917484171296, -6683.253443898788, 1560.0000356777798], [-14537.368219755583, -6308.587539871054, 1560.0], 1, 3, 2], "21": [[-13309.489177699714, -7592.808679026755, 1559.9998601369623], [-12586.573396643504, -7168.466751849806, 1560.0], 0, 3, 2], "22": [[-12891.533218761648, -7589.266959124686, 1560.0000137235943], [-12229.368819366666, -7193.163558303501, 1560.0], 1, 3, 2], "23": [[-11994.053398678743, -8003.9778199409975, 1559.9995842563405], [-11438.459441420233, -7545.301333594291, 1560.0], 10, 3, 2], "24": [[-11339.046511101285, -7477.329513754601, 1560.0000373414925], [-10904.64394458335, -7158.887102826278, 1560.0], 0, 3, 2], "25": [[-11084.776288627347, -8477.095881261948, 1559.9994183917465], [-10617.489736877613, -7945.351803047623, 1560.0], 6, 3, 2], "26": [[-11622.448753207063, -9687.443244269698, 1559.9999060499886], [-10797.212392137, -8901.33449918461, 1560.0], 4, 3, 2], "27": [[-12095.153977246404, -9776.35402958351, 1560.0000223600537], [-11161.60282069511, -8938.286873600708, 1560.0], 5, 3, 2], "28": [[-13176.831507595076, -8808.199677371862, 1567.943835052645], [-12210.51444820543, -8158.017547437025, 1560.0], 14, 3, 2], "29": [[-14107.662484022057, -9180.57544016784, 1630.0079713490688], [-12796.553228340375, -8417.74882015385, 1560.0], 11, 3, 2], "3": [[-8888.031731260633, 8537.1481285419, 1363.9162881050463], [-8866.868963120176, 6840.606856748817, 1560.0], 75, 3, 3], "30": [[-14761.215049277613, -8510.206220141474, 1645.426617632907], [-13462.18590933021, -7863.685885085102, 1560.0], 16, 3, 2], "31": [[-12137.802490475378, -13886.620498404556, 1559.9999436999842], [-10051.14898466595, -11875.001481399762, 1560.0], 0, 1, 1], "32": [[-11578.099001954686, -11241.940298614521, 1560.000036091911], [-10495.380343284123, -9964.56063992693, 1560.0], 2, 3, 2], "33": [[-7908.9015835914815, -14597.08246037098, 1424.2910367056822], [-7301.785197271091, -12517.097971511925, 1560.0], 26, 3, 2], "34": [[-6904.531145461696, -16406.70129575041, 1559.9988972001458], [-7557.918658587983, -12729.824917547268, 1560.0], 29, 3, 2], "35": [[-5991.812321755159, -17755.59822048346, 1560.0000748608556], [-6812.5300181428875, -13412.556817471941, 1560.0], 0, 3, 1], "36": [[-8239.840641639463, -17688.41847131141, 1559.9998104673675], [-7078.536194943755, -13579.7415400358, 1560.0], 11, 2, 2], "37": [[-702.4645511790674, -16780.132677882175, 1656.3387809965197], [-1522.905264216414, -14030.447142875393, 1560.0], 133, 3, 3], "38": [[-954.8102591100936, -18065.517700723663, 1552.6413394674203], [-1957.38212856642, -14523.057547815844, 1560.0], 91, 3, 3], "39": [[-744.4372253151325, -18814.91593862286, 1594.6689499778017], [-1242.0820299504255, -15126.632509678493, 1560.0], 19, 3, 3], "4": [[-10761.949039133944, 9084.940582892821, 1572.4908970566682], [-9673.355289510566, 7410.985341246148, 1560.0], 68, 3, 3], "40": [[8111.222504695133, -16395.02717743099, 1357.4392597340143], [6136.922483802894, -14068.797168968773, 1560.0], 14, 3, 3], "41": [[10315.559720096917, -18096.601682994347, 1374.5993879585085], [7856.58768075967, -15181.829734088018, 1560.0], 19, 3, 3], "42": [[15675.222521022675, -18636.978962355406, 2044.940637243998], [15035.307557022428, -16746.89048796403, 1560.0], 11, 3, 3], "43": [[17501.13237288103, -17825.676336409902, 2056.5795223830396], [17824.579585706837, -16547.7276186443, 1560.0], 15, 3, 3], "44": [[21199.481643422798, -13866.994183982135, 1623.534663073098], [20297.121127457413, -11571.000287680234, 1560.0], 11, 2, 2], "45": [[18696.20401471771, -13988.765689584023, 1560.0000351798221], [17320.433960858514, -13052.131466224519, 1560.0], 38, 3, 3], "46": [[15128.364778587553, -14785.577889877142, 1560.0000312290033], [13287.860003788172, -13383.813786458042, 1560.0], 23, 3, 3], "47": [[17128.22661754338, -9840.476393781353, 1559.9998611943763], [16555.412398536013, -9520.207696684623, 1560.0], 14, 3, 3], "48": [[16247.670746535847, -10276.424592277639, 1560.00060501418], [15558.365212535726, -9924.53804953699, 1560.0], 18, 3, 3], "49": [[15221.964239444065, -10507.04583500704, 1559.9995046824008], [14108.823292623936, -9988.61181512327, 1560.0], 34, 3, 3], "5": [[-10244.760079502412, 7139.268402222644, 1425.3976687107602], [-9915.368691725818, 5917.419560231241, 1560.0], 31, 3, 3], "50": [[12835.296790044986, -10511.184810005725, 1501.5568600656152], [11603.107774068025, -9917.887823237, 1560.0], 18, 3, 3], "51": [[17138.965133965292, -11773.303072595672, 1559.99986335858], [18590.248731343494, -11333.953957137255, 1560.0], 130, 3, 2], "52": [[14268.781120462147, -11934.497253405061, 1559.9997936314833], [12276.237297307838, -10881.948016444969, 1560.0], 35, 3, 3], "53": [[14983.4658275726, -11610.672394890435, 1439.532677634201], [14307.017172246196, -10794.636651194076, 1560.0], 33, 3, 3], "54": [[14617.755648980956, -12078.875926979359, 1559.0332664822224], [14620.846072628055, -11408.35496881662, 1560.0], 55, 3, 3], "55": [[16135.37610580116, -10814.13267950405, 1384.1837387502005], [14108.823292623936, -9988.61181512327, 1560.0], 27, 3, 3], "56": [[12470.603098127109, -12444.000696832154, 1559.999888480433], [12342.070017386533, -11815.810731222216, 1560.0], 44, 3, 3], "57": [[-4234.112803227596, 11635.338949969391, 1395.069896571762], [-4789.074156213591, 9194.917307769734, 1560.0], 43, 3, 3], "58": [[-1160.5566986418296, 9457.70495753292, 1329.994347398681], [-2098.657558252532, 8005.235798634372, 1560.0], 4, 3, 3], "59": [[5570.331707864051, 12692.331141169503, 1229.8656406437979], [2586.2282411169303, 9944.788597344515, 1560.0], 29, 3, 3], "6": [[-10783.42345928277, 7073.055541370328, 1399.088878555233], [-10322.21126634231, 5837.522512996364, 1560.0], 17, 3, 3], "60": [[7270.276895586805, 10628.851133272008, 1402.028394296385], [5251.477532194464, 9026.454748010876, 1560.0], 25, 3, 3], "61": [[6933.637875794302, 9392.614821840003, 1376.817870141123], [5420.794320701218, 8194.425463887592, 1560.0], 65, 3, 3], "62": [[7841.54214390688, 8574.607512620656, 1338.9539781921403], [5958.748740200964, 7365.854967097154, 1560.0], 19, 3, 3], "63": [[11809.295966514032, 9728.107106598158, 1560.000024727817], [11106.242401490228, 9061.761323307535, 1560.0], 12, 2, 2],