{"0": [[14166.991010352387, -17610.865736363616, 1557.4964026135585], [10825.25314078416, -14995.781555089388, 1560.0], 22, 3, 3], "1": [[12877.992494055443, -15357.237771755294, 1561.0750167555123], [12699.724848048701, -14204.236629362695, 1560.0], 53, 3, 3], "10": [[307.78905953323283, -18184.65958789666, 1455.8983775230706], [-1227.3291096893665, -14519.828234729388, 1560.0], 60, 3, 3], "11": [[-7607.567630506311, -14917.632756621248, 1320.0402791983438], [-7088.135262979742, -12735.315374900274, 1560.0], 37, 3, 2], "12": [[-8681.19495293506, -14459.243678406132, 1559.9999965687991], [-7613.788277595133, -12179.984283543068, 1560.0], 27, 3, 2], "13": [[-9308.678035767474, -14731.453286066613, 1559.9998478538457], [-8258.827115204558, -12109.18391580202, 1560.0], 2, 3, 2], "14": [[-11709.757182738242, -13702.264803827644, 1633.8889626174432], [-9930.323987510914, -11463.612157794321, 1560.0], 14, 3, 2], "15": [[-12768.169800834441, -13006.09747208645, 1616.6895228166507], [-10868.37461743027, -10939.336114325133, 1560.0], 35, 2, 2], "16": [[-10656.524971771154, -15560.555503115991, 1660.8490530057115], [-9009.859711184834, -12368.368834885756, 1640.0], 12, 2, 2], "17": [[-10150.937515351769, -15913.084832590672, 1560.0001350295756], [-8576.544657333774, -12607.671905247324, 1560.0], 15, 2, 2], "18": [[-9599.65555266969, -15666.338754827204, 1560.0000883405721], [-8189.711917112631, -12622.215863252877, 1560.0], 22, 2, 2], "19": [[-8245.666826187038, -17288.173129178467, 1560.0000366694048], [-7062.466065429243, -13455.58748471786, 1560.0], 9, 2, 2], "2": [[16896.012988929073, -14138.054810243522, 1515.30988008341], [15113.556222607196, -12829.471167182486, 1560.0], 34, 3, 3], "20": [[-8112.770706121851, -17311.266517810243, 1559.9999673685738], [-7028.528640721298, -14103.168642861288, 1560.0], 0, 1, 1], "21": [[-8083.450966852755, -18907.169448270128, 1560.0001433160644], [-3515.9931868274352, -14670.58721043031, 1560.0], 0, 1, 1], "22": [[-12784.849837205187, -9359.932877801919, 1560.0005814842345], [-11768.176109123055, -8605.231020414898, 1560.0], 9, 3, 2], "23": [[-14251.801638592566, -8195.87855215889, 1560.0002358820082], [-13252.63102961433, -7594.129900392971, 1560.0], 7, 3, 2], "24": [[-15553.378485036705, -6702.071471609237, 1559.9999502325368], [-14610.525918058773, -6325.58177568747, 1560.0], 6, 3, 2], "25": [[-14540.90772635848, -6001.693432872528, 1535.330483448788], [-13944.041304210272, -5769.193433341923, 1560.0], 13, 3, 2], "26": [[-12992.366857295794, -6501.411305830681, 1544.7301579658154], [-12531.805837859905, -6252.024067594993, 1560.0], 2, 3, 3], "27": [[-12646.740463581678, -7444.281343172367, 1613.408881811601], [-11911.090387283883, -7160.419124468101, 1560.0], 23, 3, 2], "28": [[-11963.717199304301, -7480.943839587754, 1637.104079261294], [-11286.162506773337, -7196.922723255024, 1560.0], 12, 3, 2], "29": [[-11605.859396411079, -8033.160486137119, 1525.258566185141], [-11148.212082226835, -7559.848549057263, 1560.0], 9, 3, 2], "3": [[16367.253335595686, -9512.196356561246, 1386.850645412794], [13415.129255881771, -8878.303879288811, 1560.0], 52, 3, 3], "30": [[-12071.58577167993, -6477.477205816848, 1445.6605105766446], [-11892.319798260492, -6190.590942166892, 1560.0], 12, 3, 2], "31": [[-11562.274589535828, -6803.128443347, 1525.1275547124585], [-11262.344261796954, -6531.502639618187, 1560.0], 12, 3, 2], "32": [[-14283.267979263166, 6051.966805285105, 1152.5571011391978], [-13375.35765938194, 4594.262648787853, 1560.0], 17, 2, 2], "33": [[-13191.956944025946, 6714.440589123459, 1335.9894655628798], [-12264.562210383385, 5322.33376683632, 1560.0], 15, 2, 2], "34": [[-11894.335141375183, 7436.31628914799, 1654.6217355705294], [-10643.39472841865, 6362.435017264247, 1560.0], 29, 3, 3], "35": [[-10840.933510459683, 5463.555603466443, 1308.7958451055608], [-10722.065401742933, 4549.707647254563, 1560.0], 67, 3, 3], "36": [[-7692.410836497551, 10779.441555780726, 1125.48407945241], [-7684.64180083237, 8303.0739944666, 1560.0], 15, 3, 3], "37": [[-8007.997323763679, 11313.89605008109, 1396.0109283589313], [-7689.002856943647, 8752.295602107486, 1560.0], 11, 3, 2], "38": [[-7555.700514770397, 12917.479973679538, 1087.199649761411], [-7785.304220414168, 9197.378312346307, 1560.0], 22, 3, 3], "39": [[7622.317650483673, 9734.660023680826, 1404.3989889498882], [5442.63026580014, 8291.864458204573, 1560.0], 41, 3, 3], "4": [[15213.479018816912, -10504.370733801827, 1560.000050133298], [14050.423893677551, -10086.934232454014, 1560.0], 30, 3, 3], "40": [[7341.972699637031, 10740.869086795261, 1377.582669702386], [5251.477532194464, 9026.454748010876, 1560.0], 24, 3, 3], "41": [[10365.626752263992, 9795.941087605184, 1560.0000616550396], [8226.254648724593, 8560.912067211291, 1560.0], 34, 3, 2], "42": [[9275.35118092778, 8363.887909710933, 1398.0707692725741], [7964.948157147238, 7492.495348102472, 1560.0], 5, 3, 3], "43": [[9974.60568795078, 9393.258720336655, 1559.9998714947535], [9607.32848840706, 8801.47313544517, 1560.0], 12, 2, 2], "44": [[10523.450203588965, 9647.58053232689, 1559.9998295893452], [9607.32848840706, 8801.47313544517, 1560.0], 5, 2, 2], "45": [[10930.565855518827, 1214.2653764030156, 1559.9999485880428], [11368.769429409223, 1312.072269679209, 1560.0], 31, 3, 3], "46": [[16184.227613372403, 1224.4375302920105, 1559.999546495985], [16152.21163838238, 1283.1859707386363, 1560.0], 33, 2, 2], "47": [[14162.412262776046, -3329.060555148748, 1560.0001492340962], [14780.69458886266, -3524.5037597156706, 1560.0], 34, 3, 3], "48": [[16794.24151989116, 8633.03760818826, 1689.9996999967802], [16577.024838232468, 8247.329036717923, 1690.0], 7, 2, 2], "49": [[-13667.213259646669, -7041.362339636526, 1529.1657243145407], [-13038.519984999362, -6686.53084876437, 1560.0], 7, 3, 3], "5": [[14566.111178678251, -10637.209444786258, 1559.9998966052171], [13338.299056580252, -10162.996919650937, 1560.0], 21, 3, 3], "50": [[-12017.588628394104, 5713.805927448396, 1346.565407783523], [-11663.046470647389, 4643.773587257228, 1560.0], 95, 3, 3], "51": [[9454.312074521715, 11104.186306123896, 1669.9998877187554], [7571.32820987173, 9479.978152540172, 1670.0], 27, 3, 3], "52": [[5721.365975215634, 19201.811497237737, 1749.999834876514], [3404.230575888635, 17934.771476960184, 1750.0], 0, 1, 1], "53": [[7070.087629711404, 19038.987886292576, 1749.9998281114538], [4082.227918713914, 17611.997225926836, 1750.0], 0, 1, 1], "6": [[13114.531690468111, -10031.639565419577, 1444.605569049945], [11805.118931159368, -9546.413263312148, 1560.0], 46, 3, 3], "7": [[9830.20273065592, -13339.851911859521, 1349.2789348913357], [7395.75545089361, -11801.837375009198, 1560.0], 9, 2, 2], "8": [[7882.73787968743, -17494.382220791183, 1436.0937683667057], [5734.1910681310255, -14738.733921300261, 1560.0], 6, 3, 3], "9": [[8323.76523375744, -18390.96321667336, 1060.3186949761866], [4861.253198560034, -14747.750271764671, 1560.0], 17, 3, 3]}