{"0": [[-11018.151567651374, -9067.776957743912, 1560.0003250938087], [-10309.809429065344, -8493.774708474912, 1560.0], 5, 3, 2], "1": [[-10542.243386162148, -7854.571516572181, 1560.0002068285369], [-10087.44719203644, -7525.215630014217, 1560.0], 3, 3, 2], "10": [[-3658.0793969304104, 11923.302512725022, 1362.138347743063], [-4622.238374788218, 9290.39939352384, 1560.0], 35, 3, 3], "11": [[6306.691655576744, 13165.1255120153, 1437.7703270269176], [3282.7434744002767, 10490.737554311458, 1560.0], 61, 3, 3], "12": [[6009.495784743112, 12388.814123162347, 1370.1503368956537], [3510.250770727278, 10108.7325390625, 1560.0], 27, 3, 3], "13": [[6386.303674138435, 11574.346466254683, 1283.7886533105373], [3347.2761368839856, 9308.109572065994, 1560.0], 57, 3, 3], "14": [[7336.948940524888, 10883.498196418728, 1465.2446504819393], [4936.850474836502, 9172.051066431373, 1560.0], 37, 3, 3], "15": [[7505.07403435651, 9992.097215458603, 1354.3789529912906], [5922.5602210723, 8821.711769440291, 1560.0], 51, 3, 3], "16": [[12153.175375439427, -17252.320385337604, 1458.862354933458], [9307.056980720516, -14642.366080224021, 1560.0], 7, 3, 3], "17": [[11991.48881045479, -18424.51713412847, 1482.2854912404482], [8839.026379203728, -15311.44280850073, 1560.0], 6, 3, 3], "18": [[12213.107291269294, -15726.104647795939, 1409.2816230037677], [9005.54038794811, -13416.340219440935, 1560.0], 8, 3, 2], "19": [[12164.556179657066, -15528.701876218305, 1556.0025236254153], [10510.628449667784, -13713.148771927426, 1560.0], 17, 2, 2], "2": [[-11146.98097874244, -6748.534659360981, 1524.4124871367], [-10951.63253632279, -6481.8159477988265, 1560.0], 10, 3, 2], "20": [[10146.684166732168, -16245.783904718244, 1345.32726717218], [7258.971744045377, -13761.601036877548, 1560.0], 8, 2, 2], "21": [[14709.493249085897, -14781.904222501245, 1401.7906669931729], [11640.716307472887, -12918.285505804606, 1560.0], 11, 3, 2], "22": [[9183.117059693961, -14594.322471566555, 1270.7059085440221], [6498.484095978737, -12615.798518837508, 1560.0], 8, 2, 2], "23": [[7249.304369440607, -21346.659465561726, 1502.6910361393973], [4836.08649981237, -16744.700349291867, 1560.0], 14, 3, 3], "24": [[7894.384699788797, -19343.84693165682, 1398.675055983988], [4462.517228123078, -15402.413479877703, 1560.0], 22, 3, 3], "25": [[8197.922400970629, -19767.185567000946, 1399.7911696758915], [5825.548145602708, -15992.746859186342, 1560.0], 17, 3, 3], "26": [[8741.482585884869, -19489.51008910124, 1364.4017140781423], [6012.965235030441, -15720.16088236827, 1560.0], 11, 3, 3], "27": [[7873.699380921327, -16965.869522482157, 1165.8585915650156], [4855.3495093248375, -14032.930718549525, 1560.0], 14, 3, 3], "28": [[7653.319670164159, -15979.614640661233, 1163.9702982052252], [4076.2601940195027, -13236.337454927834, 1560.0], 25, 3, 3], "29": [[13055.226327970298, -7822.366047719372, 1298.9988403810182], [10600.093317019902, -7386.678083959037, 1560.0], 21, 3, 3], "3": [[-13648.047532928522, 5773.650952399581, 1312.485622476026], [-12831.314196493311, 4603.663347318678, 1560.0], 25, 2, 2], "30": [[14305.683994323075, -9615.493551727606, 1326.3917475389765], [12110.163018377747, -8976.547802280313, 1560.0], 22, 3, 3], "31": [[12992.811182218564, -10633.534806530177, 1308.98046587059], [10514.277470634945, -9795.882874379671, 1560.0], 45, 3, 3], "32": [[18650.300325637578, -16095.277209139187, 2044.8676789245212], [17521.654525396218, -14913.614188017284, 1560.0], 18, 3, 3], "33": [[20991.811968931972, -14685.200215229432, 1495.090406510425], [18852.499110221004, -13313.377147186104, 1560.0], 17, 3, 3], "34": [[23418.868631927035, -10867.355776213903, 1749.9997229864266], [21874.857420918754, -9126.647054043236, 1750.0], 0, 1, 1], "35": [[23831.749616938287, -11215.124398129596, 1422.196712035528], [19278.28641021774, -10356.852864641096, 1560.0], 69, 3, 3], "36": [[15129.301350580196, -10498.69071316113, 1341.2254494145425], [13450.680236930119, -9970.223590719059, 1560.0], 36, 3, 3], "37": [[15410.692224371862, -9420.857104870844, 1417.6518397439695], [13960.288530034799, -9080.050850668878, 1560.0], 47, 3, 3], "38": [[12544.735078515729, -11833.975957464776, 1422.13664886966], [10543.936694607066, -10785.984501020115, 1560.0], 18, 3, 3], "39": [[14598.92076276363, -13063.496587341822, 1560.0000284661319], [12901.038196955857, -11954.799328136305, 1560.0], 6, 3, 2], "4": [[-13866.603306297906, 7437.193437771522, 1525.243246899971], [-12369.46452882407, 5910.02936547953, 1560.0], 11, 2, 2], "40": [[12744.305114598541, -13192.702058218201, 1559.999907976909], [11484.57065532754, -12193.371474465966, 1560.0], 11, 3, 3], "41": [[17221.65411344093, -9972.279949782753, 1545.0141438054118], [16489.3210599215, -9626.590669400774, 1560.0], 37, 3, 3], "42": [[16671.1187073133, -9993.82239154991, 1431.0971205589208], [14638.11894504428, -9082.472222127177, 1560.0], 36, 3, 3], "43": [[14059.938476447576, -11180.465008679663, 1560.0000346798315], [14307.017172246196, -10794.636651194076, 1560.0], 25, 3, 2], "44": [[-10350.658201736085, -13681.330540061204, 1560.0001521867737], [-9009.761430052049, -11580.244842734915, 1560.0], 17, 3, 2], "45": [[-9092.283223657405, -17359.491894955827, 1435.4390393351698], [-8016.517849959687, -13110.502507282354, 1560.0], 13, 2, 2], "46": [[-8959.852203308754, -17000.668541978914, 858.478535138109], [-8845.965777393212, -12388.08330460054, 1560.0], 15, 2, 2], "47": [[-8527.539939059192, -20292.217539692563, 1559.9998262920699], [-7217.259868060348, -13769.396411670776, 1560.0], 0, 1, 1], "48": [[-12311.48412629201, -15794.314152950812, 1569.999889318322], [-6411.05482423068, -10365.110727709336, 1570.0], 0, 1, 1], "49": [[-13661.955834157849, -11116.651828307939, 1623.4183969945075], [-11991.467310606042, -9721.611771875025, 1560.0], 12, 3, 2], "5": [[-7246.095704925564, 6875.320919042435, 1398.2631861210414], [-7508.13229643701, 5852.161799810714, 1560.0], 34, 3, 3], "50": [[15296.34644314982, 9350.694462079486, 1870.000259909729], [14456.264702877745, 8629.141302976743, 1870.0], 4, 2, 2], "51": [[14482.67984846009, 9868.176284025902, 1650.0000572405786], [13956.129026809404, 9232.76149908381, 1650.0], 2, 2, 2], "52": [[13722.812802648894, 6914.3478648158025, 1560.0003022230028], [13018.46723108302, 6455.583126436424, 1560.0], 1, 2, 2], "53": [[15208.697007912495, 6491.103055066991, 1560.0002283268677], [14703.349095989084, 6237.288553481997, 1560.0], 13, 2, 2], "54": [[16006.99419563127, 6877.724221023941, 1560.0000990428503], [16098.758764255877, 6658.685910051214, 1560.0], 34, 2, 2], "55": [[21415.094035041653, 9439.576696366808, 1559.9999339870349], [19543.26222938176, 8612.87525781628, 1560.0], 6, 2, 2], "56": [[22402.717396179738, 9280.504600150292, 1710.0008553314767], [20112.206714620574, 8316.283495515048, 1710.0], 16, 2, 2], "57": [[28530.49281278385, 11325.88345764737, 1511.3284214275293], [24097.206296334014, 9863.02180130364, 1560.0], 31, 2, 2], "58": [[8291.514428415785, -16218.029081152159, 1186.1393992906767], [4406.576390140836, -13357.635668829671, 1560.0], 25, 3, 3], "59": [[7987.208666773825, -16032.21870743223, 1378.104904353772], [5840.108408971117, -13807.385841887548, 1560.0], 30, 3, 3], "6": [[-7608.573899866891, 10345.010386033822, 1231.3029399307527], [-7746.186413541001, 8011.801167364295, 1560.0], 34, 3, 3], "60": [[9366.170394449298, -16912.792604941573, 1460.7174059908402], [6476.039729603681, -14271.003407370154, 1560.0], 18, 3, 3], "61": [[10058.006709212348, -14836.102152336282, 1408.4535172373603], [7746.391628138715, -12930.072561063056, 1560.0], 13, 3, 3], "62": [[11510.301191568888, 8034.983219433071, 1559.9998254122559], [10153.051227659138, 7290.562711019907, 1560.0], 8, 2, 2], "63": [[11975.409639837062, 7208.076588069712, 1560.0000719712368], [11499.336318188405, 6772.685201451067, 1560.0], 2, 2, 2], "64": [[12515.555098646038, 7088.54855873089, 1599.999925253208], [12362.3044689173, 6751.9327042259765, 1600.0], 4, 2, 2],