{"0": [[-9636.994374025791, 12045.30209741269, 1403.8759099682063], [-8847.748120306824, 8848.412405823348, 1560.0], 69, 3, 3], "1": [[-10390.492981378815, 9039.142984251072, 1407.5531974209584], [-9821.749865856249, 7099.9053847999885, 1560.0], 105, 3, 3], "10": [[-12846.237559803449, -1175.5139774696204, 1468.1856578874865], [-12809.568705029385, -1216.0805885660368, 1560.0], 8, 3, 2], "11": [[-11694.163932221601, -8173.791936591094, 1560.0000664368768], [-11077.715511038126, -7724.6323378122415, 1560.0], 1, 3, 2], "12": [[-12625.081672324837, -7022.5117115059775, 1559.9998921938534], [-12101.741882557471, -6728.981522003319, 1560.0], 5, 3, 2], "13": [[-13052.42313520535, -6815.933269401335, 1559.9999878421154], [-12473.547483757682, -6562.04210617245, 1560.0], 15, 3, 2], "14": [[-13485.577320863156, -7646.7815764514835, 1560.0003140276624], [-12698.20821944952, -7239.822909654305, 1560.0], 8, 3, 2], "15": [[-13599.912186443256, -9231.162498209073, 1559.999779135725], [-12480.828239379936, -8432.203439184792, 1560.0], 4, 3, 2], "16": [[-15349.369586708943, -6633.139902835076, 1559.9999365920974], [-14464.289408367244, -6265.191988732851, 1560.0], 13, 3, 2], "17": [[7551.938829310591, -18375.84676591028, 1428.1585451412302], [5411.200539287723, -15255.453268451456, 1560.0], 8, 3, 3], "18": [[8298.545174397168, -17827.023346796122, 1559.9996096859156], [6432.267421829544, -15088.906603025047, 1560.0], 5, 3, 3], "19": [[12536.234667471717, -11354.7149316532, 1432.3666203951602], [10687.892192595971, -10524.886404199333, 1560.0], 4, 3, 3], "2": [[-11770.426529406299, 7377.467069330884, 1559.9999287278467], [-10758.964969789116, 6151.458872101552, 1560.0], 85, 3, 3], "20": [[11960.745200858792, -13795.30323001543, 1560.0000082396296], [9601.342189542807, -12432.777387296428, 1560.0], 34, 3, 3], "21": [[12990.916671818382, -14072.758488460353, 1589.3699096120529], [11070.43417877823, -12852.392837319801, 1560.0], 24, 3, 3], "22": [[13546.777080701882, -14833.818172661322, 1617.7798909224696], [12992.35943407284, -13800.006144231169, 1560.0], 22, 3, 3], "23": [[14022.54187031292, -12465.593016612545, 1538.7877589931793], [13071.100180708765, -11686.539467080513, 1560.0], 45, 3, 3], "24": [[15608.823924110486, -9097.341730904262, 1546.9203989949901], [15401.462664782783, -8979.9048515581, 1560.0], 65, 3, 3], "25": [[16676.293734858496, -10276.386728219262, 1537.5949839212692], [16291.619018577208, -9942.639204053534, 1560.0], 50, 3, 3], "26": [[12472.20746095045, 1050.966428545989, 1559.999408276082], [12334.816775589432, 952.1676736457321, 1560.0], 14, 3, 3], "27": [[11939.16205134559, 1689.3293420426523, 1443.8055385667606], [10902.781751240076, 1485.202456079199, 1560.0], 4, 3, 3], "28": [[13415.703055322148, 1143.100082582129, 1560.0000298529612], [13438.446063771642, 813.7520940534243, 1560.0], 55, 3, 3], "29": [[14007.603517163234, 1180.0254217743163, 1559.9998517024815], [14845.678465737174, 1291.2591974618042, 1560.0], 16, 3, 3], "3": [[-12335.316268813298, 7014.734704207265, 1213.891983828784], [-11857.404974895, 5428.391057587408, 1560.0], 70, 3, 3], "30": [[13384.807406408272, 2526.9454656175244, 1560.000300565166], [13396.3662245498, 2332.093816234591, 1560.0], 20, 3, 3], "31": [[9609.71699472122, 8877.206491297864, 1520.1898389313585], [8559.013348235729, 8168.830295322215, 1560.0], 14, 3, 3], "32": [[9747.121631168726, 9400.963180360211, 1428.8815868534352], [8692.009712051748, 8711.46596106049, 1560.0], 46, 3, 3], "33": [[9719.54004099433, 9843.477364964323, 1732.9264358288124], [9670.352581611414, 9231.227423001681, 1570.0], 37, 3, 3], "34": [[17184.180221611306, -17505.167810479612, 2140.2209907884403], [17210.46620987524, -16241.049050294097, 1560.0], 38, 3, 3], "35": [[18865.656595385273, -13957.813057750882, 1432.4492065084112], [16770.499426732422, -12689.292903379546, 1560.0], 43, 3, 3], "36": [[15162.335117873477, 1451.5014820949789, 1679.9995520980158], [15564.213700411026, 1466.2695449319558, 1680.0], 28, 2, 2], "37": [[15131.191997498889, 3369.3257850147697, 1660.0001317462145], [15040.231226405076, 3248.708213220957, 1660.0], 3, 2, 2], "38": [[13770.332068265821, 6183.469063901831, 1590.000076631421], [13896.80120948469, 6060.894698710065, 1590.0], 10, 2, 2], "39": [[16248.889723288365, 7760.587187636174, 1669.9997653784797], [15040.047092046783, 7139.607874214627, 1670.0], 1, 2, 2], "4": [[-11365.464936881279, 6869.229383371533, 1422.7454821214458], [-10871.710914059033, 5625.8970229832385, 1560.0], 63, 3, 3], "40": [[16488.81951253892, 10163.630452011148, 1780.0001585897398], [15825.816879133521, 9511.056067473512, 1780.0], 6, 2, 2], "41": [[13168.756111639324, 9875.481141306382, 1559.999682606753], [11561.904386979339, 8876.393186067482, 1560.0], 4, 2, 2], "42": [[-9221.872224887196, 19591.956309787874, 1750.0004187971454], [-8908.716881400427, 19133.38609368756, 1750.0], 0, 1, 1], "43": [[-9829.816876035442, 19459.979179222795, 1749.9999846504109], [-9387.144608954186, 18948.323079798825, 1750.0], 0, 1, 1], "44": [[-7858.18879928576, 19988.052104923678, 1749.9999674265694], [-7701.112108903255, 19680.17619211452, 1750.0], 0, 1, 1], "45": [[-8652.353785720052, 17819.529559722756, 1750.0000377412016], [-8494.264679309188, 17597.265434013054, 1750.0], 0, 1, 1], "46": [[-8551.537743971263, 16303.91776274592, 1750.0000605417083], [-8430.05643566544, 16205.803635450364, 1750.0], 0, 1, 1], "47": [[-9424.849322181979, 16601.872983808404, 1749.999992161864], [-9177.838667729933, 16422.509263841323, 1750.0], 0, 1, 1], "48": [[-11801.567686546588, -16327.11478238627, 1639.999978990397], [-6088.073980520995, -10763.792297207116, 1640.0], 0, 1, 1], "49": [[-9051.614359122275, -19026.78283200547, 1609.999770944768], [-4218.308140255875, -13797.169792182987, 1610.0], 0, 1, 1], "5": [[-10741.431191970236, 6353.938174372628, 1271.9105676390966], [-10683.727471980066, 5144.9754756661605, 1560.0], 42, 3, 3], "50": [[-11081.93006622831, -17742.81886285602, 1559.999799616019], [-4419.337835306377, -13633.211091404213, 1560.0], 0, 1, 1], "51": [[-11419.971385905345, -18148.3481448416, 1599.9993243731276], [-5352.494711114769, -12308.526980984447, 1600.0], 0, 1, 1], "52": [[6240.369431911295, 16187.543252151125, 1740.9502244614298], [4041.274872328481, 12807.722634176815, 1910.0], 38, 3, 3], "53": [[6112.680743105822, 20016.77791122343, 1586.4176568634525], [4858.515457611776, 15635.846114833941, 1560.0], 30, 2, 2], "54": [[7043.679841397029, 21323.55087344797, 1559.999851836257], [4561.913647492656, 15749.883366167676, 1560.0], 0, 1, 1], "55": [[7382.919544233563, 21137.026253119493, 1559.999966620411], [4872.361740509413, 15717.766921210909, 1560.0], 0, 1, 1], "56": [[7875.767263798732, 20802.29676326836, 1559.9996971078835], [5161.527105851737, 15516.116961543452, 1560.0], 0, 1, 1], "57": [[7483.249887105579, 21137.380075253128, 1560.000004799309], [4858.515457611776, 15635.846114833941, 1560.0], 0, 1, 1], "58": [[7300.6901674054, 21186.018971882117, 1560.0002216149542], [4521.058519583714, 15508.036807735352, 1560.0], 0, 1, 1], "59": [[6861.31395967842, 21369.497264396305, 1560.0002647458418], [4231.891919780962, 15621.626521509626, 1560.0], 0, 1, 1], "6": [[-9970.473222343498, 6992.476622593915, 1321.8014677959834], [-9876.439093482675, 5702.755876642968, 1560.0], 97, 3, 3], "60": [[6536.460396356474, 21561.491605408835, 1559.99986679033], [3935.7735523536076, 15652.058499909066, 1560.0], 0, 1, 1], "61": [[5305.81223681036, 22059.39958245583, 1559.99999793416], [2791.0013126422127, 15606.915572205397, 1560.0], 0, 1, 1], "62": [[5870.502014347837, 21813.64556516258, 1560.0000555036768], [3350.491148828402, 15631.15177468464, 1560.0], 0, 1, 1], "63": [[6952.355351969883, -22836.94554221613, 1630.000080275909], [4390.819642856453, -17376.29489528615, 1630.0], 6, 2, 2], "64": [[10199.271733275691, -26255.865792906046, 1560.0006021621612], [6341.326293615906, -18916.12774241493, 1560.0], 12, 2, 2],