{"0": [[-9328.426942135307, -16506.58314596705, 1559.99991231621], [-7739.473192066658, -13569.248999725782, 1560.0], 0, 1, 1], "1": [[-8465.744779578148, -15679.2789738505, 1349.330348223314], [-7584.667228297866, -12995.86260104187, 1560.0], 54, 3, 2], "10": [[-12572.701715270052, -7493.625292238095, 1559.9999328217855], [-11976.210747606592, -7134.980057153188, 1560.0], 7, 3, 2], "11": [[-13113.043881497804, -5844.1263104195705, 1559.99998468934], [-12761.453829409234, -5657.376728572784, 1560.0], 11, 3, 2], "12": [[-14051.880286599007, -6470.332467976458, 1559.9996828577387], [-13460.869709715911, -6172.446856925512, 1560.0], 2, 3, 2], "13": [[-14731.608215348524, -5699.730624163891, 1559.9999294797715], [-14172.951215488847, -5465.311002206747, 1560.0], 8, 3, 2], "14": [[-12872.780388528769, -2726.6308333818624, 1555.0649194171124], [-12751.202551794531, -2723.5684014246226, 1560.0], 8, 3, 2], "15": [[-11680.287844412842, 4736.871945233806, 1496.4049139576077], [-11311.811440623136, 4066.178332830199, 1560.0], 66, 3, 3], "16": [[-13210.844853856357, 6421.523467790749, 1350.2832116707098], [-12366.644526485676, 5105.78346510363, 1560.0], 61, 2, 2], "17": [[-11083.830389250681, 6307.925960552499, 1472.5927508454627], [-10658.960000244731, 5271.508422269314, 1560.0], 50, 3, 3], "18": [[-11150.083877316461, 7043.610069610454, 1559.9999985289087], [-10456.861415243278, 5907.197392639496, 1560.0], 70, 3, 3], "19": [[-10562.290129549649, 8718.674976811944, 1263.3828551369845], [-10286.249649595735, 6694.605655824944, 1560.0], 119, 3, 3], "2": [[-7918.151509344762, -14808.359092903116, 1192.7844287153619], [-7741.548171922, -12323.740243243828, 1560.0], 45, 3, 2], "20": [[-10972.86951244143, 8896.769083450985, 1480.4884882144945], [-10211.468356496482, 7020.506066315134, 1560.0], 77, 3, 3], "21": [[-8808.368722463989, 8322.55826947885, 1335.6037812412653], [-8693.627949910617, 6774.709362809423, 1560.0], 21, 3, 3], "22": [[-7826.746711415722, 9947.411523143403, 1407.8019786372906], [-7646.9849278624315, 7986.591471499857, 1560.0], 16, 3, 3], "23": [[-7115.49288363621, 11187.432441251487, 1266.634542345028], [-7194.246774671487, 8609.78540505818, 1560.0], 7, 3, 3], "24": [[-8446.887560439938, 13870.102336488733, 1409.1741696264928], [-7910.119916155978, 9834.89386592168, 1560.0], 81, 3, 3], "25": [[5580.789291454348, 12887.238580342297, 1393.5860766774094], [3616.8546174135427, 10640.463455784591, 1560.0], 6, 3, 3], "26": [[6599.369693392309, 12831.088042626076, 1435.8634949628076], [5314.888700338277, 10972.406680970795, 1560.0], 22, 3, 3], "27": [[6614.8278822741695, 12057.712287130511, 1560.0000039030087], [5991.716616491747, 10824.454620762848, 1560.0], 7, 3, 3], "28": [[8176.897390629908, 11582.69844901552, 1741.951692749082], [5914.8479700299295, 9668.45159195279, 1800.0], 24, 3, 3], "29": [[7652.615672604481, 10040.464579771526, 1459.4262853616913], [5900.475117596969, 8722.921318459914, 1560.0], 18, 3, 3], "3": [[-9891.54714979108, -14073.749943828681, 1710.8633651692212], [-8395.66728368242, -11968.018267071891, 1580.0], 18, 3, 2], "30": [[10280.377169346813, 9750.317187420875, 1272.6887923086015], [7772.943023526632, 8414.337078077144, 1560.0], 23, 2, 2], "31": [[10881.878490662535, 9843.222156354892, 1599.9999049263913], [9444.181432154224, 8844.0236670474, 1600.0], 5, 2, 2], "32": [[12891.056889840858, 7482.34206499824, 1610.0000464974992], [12416.47691573365, 7102.430592176849, 1610.0], 2, 2, 2], "33": [[-206.37440026140217, -16976.48111774798, 1678.8324882631246], [-418.15007494441346, -14466.98622272369, 1560.0], 45, 3, 3], "34": [[9128.834728812213, -27040.492837644328, 1560.000277402102], [4916.148210193557, -18803.62416249843, 1560.0], 3, 2, 2], "35": [[7813.569468891513, -17141.067625429205, 1273.1135393196087], [4788.998691512574, -14151.280192108168, 1560.0], 4, 3, 3], "36": [[10512.04251293629, -16121.213264771583, 1500.5710581765957], [8170.176715301868, -13910.491014282563, 1560.0], 5, 3, 3], "37": [[10361.8147144087, -15762.828573938714, 1559.999833732183], [9181.962304186725, -13996.592603769353, 1560.0], 19, 3, 3], "38": [[8482.287437369574, -14848.878724232745, 1236.1327097876938], [5936.037258249387, -12832.696858171728, 1560.0], 13, 3, 3], "39": [[10085.121310937127, -13309.67726454103, 1364.920482770522], [7435.037483863268, -11727.05831274282, 1560.0], 14, 2, 2], "4": [[-12832.256608974334, -9551.995792105517, 1560.0017650296252], [-11763.503437539848, -8749.867488465261, 1560.0], 11, 3, 2], "40": [[24444.73131278988, -23029.112632338216, 1749.9998704757825], [14115.449664674983, -10075.437080952695, 1750.0], 0, 1, 1], "41": [[19483.44612461451, -16228.199908945984, 2271.0725126054062], [20903.53646672955, -15765.841814800795, 1640.0], 31, 3, 3], "42": [[22982.03555894042, -14979.087403777949, 2070.991910994355], [23533.621952052017, -14457.477470187609, 1610.0], 21, 3, 3], "43": [[15097.692610992723, -12630.270642743792, 1498.6867695706285], [13652.85641844026, -11826.49852573003, 1560.0], 27, 3, 3], "44": [[15580.614537632566, -12580.587680918587, 1545.9354003984267], [13770.917377989064, -11643.211115141163, 1560.0], 11, 3, 3], "45": [[19641.716755037814, -12935.861369541344, 1559.9999781726183], [15903.998171681797, -11696.150779323425, 1560.0], 26, 3, 3], "46": [[12333.074249775065, -11178.907139948982, 1560.000164213378], [11783.323199147273, -10669.681168337249, 1560.0], 8, 3, 3], "47": [[13719.472695588369, -10833.781621936881, 1258.3546214320017], [10977.700334689282, -9991.624934994648, 1560.0], 18, 3, 3], "48": [[15238.72772015889, -10774.074676212753, 1468.71001200714], [13338.299056580252, -10162.996919650937, 1560.0], 20, 3, 3], "49": [[16558.42922182585, -9496.222338552074, 1560.0000665647322], [15278.48409874435, -9189.31984248408, 1560.0], 22, 3, 3], "5": [[-12247.053170425215, -9816.68645688346, 1678.0679649040762], [-11089.804857452504, -9064.186253912252, 1560.0], 10, 3, 2], "50": [[22023.694405488717, -8621.970416705663, 1750.0004450192098], [21004.25446522356, -7501.526352895557, 1750.0], 0, 1, 1], "51": [[13536.421548859382, -45.01462081644924, 1560.0001676246154], [13689.358757442496, -107.36798878430825, 1560.0], 17, 3, 3], "52": [[13608.795095913687, 1355.7272626108136, 1560.0002388477021], [14893.478174898619, 1417.044759132645, 1560.0], 22, 3, 3], "53": [[14743.854785240363, 1875.761083760982, 1769.9999599435844], [15244.602055739473, 1916.2270468203176, 1770.0], 20, 2, 2], "54": [[8401.622969520622, 15167.90400278628, 1879.9999774239495], [19213.47562009219, 8609.532129841986, 1880.0], 0, 3, 1], "55": [[21847.601064542127, 8066.972164938894, 1950.000119402933], [20783.72512401545, 7465.670960262864, 1950.0], 0, 2, 2], "56": [[16536.84925622363, 8531.19573787459, 1920.000286421453], [15216.3612111089, 7864.280207545378, 1920.0], 0, 2, 2], "57": [[15692.353353083316, 7232.3153093412175, 1799.9999299029996], [14849.59242809139, 6711.88805491291, 1800.0], 1, 2, 2], "58": [[14706.229409551972, 6964.642491524533, 1649.9999271811887], [14367.941310251872, 6628.6675900573655, 1650.0], 6, 2, 2], "59": [[15023.94997228701, 8050.031827413012, 1689.999942445996], [14463.550856472253, 7597.1949727296815, 1690.0], 2, 2, 2], "6": [[-11498.850140894387, -9640.609193639877, 1560.0000081168178], [-10720.77611834995, -8874.313046616791, 1560.0], 5, 3, 2], "60": [[13673.69531343135, 6815.1373596899275, 1559.999690631971], [13018.46723108302, 6455.583126436424, 1560.0], 9, 2, 2], "61": [[16957.309130198337, -12281.15890603669, 1560.0001603657965], [15316.636931070767, -11453.42221532481, 1560.0], 3, 3, 3], "62": [[12782.12780350134, 8406.916307871126, 1589.9997571517038], [12181.5013289622, 7832.08661220984, 1590.0], 1, 2, 2], "63": [[-9710.330238788489, 14552.061405711824, 1559.9997630492833], [-6965.912311260217, 12209.517547818386, 1560.0], 35, 2, 2], "64": [[-8797.171960739965, 14104.424349364965, 1560.0000124058236], [-6322.2327994109655, 12372.64048662276, 1560.0], 39, 2, 2],