{"0": [[-13854.725494600678, -5878.055824043542, 1396.0309512509343], [-13568.305232588848, -5600.9129000046305, 1560.0], 16, 3, 2], "1": [[-13071.864229841234, -6037.1233449441, 1443.390243719816], [-12763.696505792997, -5820.064707226346, 1560.0], 24, 3, 2], "10": [[12977.189755653939, -18216.31131251332, 1571.7776592334212], [10407.705243475944, -15553.47382506773, 1560.0], 4, 3, 3], "11": [[13000.947605726698, -14880.308665747374, 1504.1830470884295], [10814.572989218379, -13250.131463776157, 1560.0], 30, 3, 3], "12": [[12479.930246140713, -13976.708049609515, 1560.0000121196997], [10077.931662366755, -12568.957269243734, 1560.0], 11, 3, 3], "13": [[12849.06749704239, -11625.967962603918, 1550.8667452831355], [11152.738470706243, -10729.057763993227, 1560.0], 5, 3, 3], "14": [[13911.128589094598, -12555.695061816097, 1560.0001942087433], [13014.31770623742, -11776.424555320293, 1560.0], 6, 3, 3], "15": [[15506.517323915778, -10284.319331561719, 1111.991305497189], [11906.53458763932, -9358.14548789354, 1560.0], 30, 3, 3], "16": [[9910.591670729127, -14744.21541720626, 1464.6775704003162], [7705.367182809975, -13001.415617342805, 1560.0], 3, 3, 3], "17": [[18424.154736444267, -16281.829736013422, 2138.3180490228515], [18969.840435279246, -15332.761327885302, 1560.0], 25, 3, 3], "18": [[18739.8697397709, -17382.845378494403, 2102.6388412752926], [18959.44374015208, -16355.241302495275, 1560.0], 59, 3, 3], "19": [[19032.63031709657, -18128.92657705139, 1678.305885611467], [15956.595036953175, -15732.442982015666, 1560.0], 52, 3, 3], "2": [[-12038.452498783414, -7024.783776929861, 1570.0007167927965], [-11507.941045225858, -6769.504372136576, 1570.0], 9, 3, 2], "20": [[15200.593743791826, 1386.000934550152, 1679.9999933965864], [14836.113936130781, 1277.6304398575378, 1680.0], 1, 2, 2], "21": [[16753.183422351096, 8226.64049645446, 1600.0001713730564], [15561.15666474762, 7640.951873142689, 1600.0], 0, 2, 2], "22": [[15321.862366442805, 9190.304035076213, 1810.0001058999649], [14097.664576687162, 8424.704940554457, 1810.0], 3, 2, 2], "23": [[13602.07931164893, 7010.809232962641, 1749.9998307355763], [13297.61846701222, 6718.9997723925935, 1750.0], 3, 2, 2], "24": [[11932.438663134359, 7626.800307659187, 1649.9999347437772], [11177.088421928447, 7114.575132252379, 1650.0], 1, 2, 2], "25": [[11698.875639595184, 9917.70773465565, 1559.9998871002258], [9579.41465969538, 8689.691733157679, 1560.0], 14, 2, 2], "26": [[11135.98099257422, 9940.465803112264, 1570.00020570493], [9587.420750514968, 8895.982309087154, 1570.0], 3, 2, 2], "27": [[10661.649605469704, 7772.6812898753, 1679.9998044234108], [9570.895789966542, 7111.549693840429, 1680.0], 4, 2, 2], "28": [[10223.734991483612, 10201.796494772425, 1699.9999878200701], [9101.88638626693, 9218.984307854735, 1700.0], 1, 2, 2], "29": [[11816.177699270198, 7120.103635631009, 1382.2802259906903], [9436.249259624192, 6369.414900248107, 1560.0], 40, 3, 3], "3": [[-11408.801796252816, -12345.742829813238, 1692.6722608391603], [-10113.03457029181, -10676.917652544864, 1650.0], 16, 3, 2], "30": [[9555.220490632597, 10972.766715348973, 1582.469369269016], [7623.194382036513, 9522.521509394324, 1560.0], 38, 3, 3], "31": [[8516.85022949828, 10339.835799348131, 1560.0001446439967], [6716.203121720742, 9010.838944151934, 1560.0], 21, 3, 3], "32": [[8987.044095647767, 12286.25173839166, 1535.1674911461957], [6634.9823331440875, 10366.622877357111, 1560.0], 34, 3, 2], "33": [[6525.656542876065, 11234.250010019057, 1473.9328267913925], [4668.277111593643, 9501.137536203898, 1560.0], 8, 3, 3], "34": [[6237.918437688288, 11757.249405083261, 1191.044170256893], [3383.7930486165087, 9486.272693937055, 1560.0], 22, 3, 3], "35": [[5751.088810852274, 12505.644949702973, 1329.689492643758], [3545.975982858747, 10286.188285105565, 1560.0], 7, 3, 3], "36": [[-8478.76601001116, 13804.06939111153, 1420.0243558936813], [-7798.348449907677, 9916.633009208928, 1560.0], 28, 3, 2], "37": [[-9977.222494886308, 9942.113474678834, 1593.7242743761767], [-9123.23692682177, 7912.388745016397, 1590.0], 52, 3, 3], "38": [[-8502.331470828236, 8505.207115264535, 1471.5326335469072], [-8365.951929134771, 6961.9850368440475, 1560.0], 47, 3, 3], "39": [[-10069.402835144798, 7359.83775683081, 1501.119332764631], [-9618.69729332738, 6164.703016077237, 1560.0], 32, 3, 3], "4": [[-3959.8014441726973, -14651.630269122377, 1559.9999979231568], [-3801.491339230134, -13132.231810860296, 1560.0], 43, 3, 2], "40": [[-11039.528887345215, 6070.836219008929, 1381.7879932958958], [-10700.102999814331, 5060.471213869484, 1560.0], 29, 3, 3], "41": [[-11943.143869777368, 5497.483994629865, 1492.6282940788458], [-11406.474582984554, 4642.463723443871, 1560.0], 86, 3, 3], "42": [[-12731.123760287965, 5932.539481247851, 1559.9998789647566], [-11829.082304461306, 5024.271808337699, 1560.0], 41, 2, 2], "43": [[-11161.530642460477, 7661.169759110926, 1343.4379469658102], [-10705.754776557042, 6079.992507610563, 1560.0], 43, 3, 3], "44": [[-13386.892778882328, 6298.694702378039, 1409.2556320555432], [-12427.197174058916, 5067.251391657619, 1560.0], 30, 2, 2], "45": [[-13660.12125937585, 5495.480998337214, 1279.1713675006679], [-12987.545860434071, 4329.428121314607, 1560.0], 57, 2, 2], "46": [[-16135.277411682873, 8117.62625719765, 1749.999431957326], [-11140.766224445772, 7523.257844724267, 1750.0], 0, 1, 1], "47": [[-17400.32007202987, 8205.909597615686, 1749.9999641461031], [-11722.949959078273, 7367.051954041049, 1750.0], 0, 1, 1], "48": [[10546.331968341054, -24887.360727465257, 1560.000152474129], [6438.630594607335, -18281.7828305902, 1560.0], 7, 2, 2], "49": [[6830.553117525794, -27831.988471442422, 1719.9998549686684], [2526.2669105847885, -18365.386140690596, 1720.0], 15, 2, 2], "5": [[9071.275622357656, -19657.675900430575, 1372.2429080224815], [5975.322405468688, -15775.392119565968, 1560.0], 7, 3, 3], "51": [[-8486.652476135096, 22789.260755755495, 1749.9997188675482], [-8089.212096500271, 21840.010894036295, 1750.0], 0, 1, 1], "52": [[-9140.601476626818, 22035.807429000954, 1749.9995722653478], [-8669.727201205507, 21154.770768126262, 1750.0], 0, 1, 1], "53": [[-8905.279143629552, 19908.008841993786, 1750.0002297478916], [-8616.328193974028, 19474.58093690412, 1750.0], 0, 1, 1], "54": [[-8115.714571534316, 18374.68291363468, 1750.0000498832892], [-7976.418547237865, 18158.82895184857, 1750.0], 0, 1, 1], "55": [[-8729.19267527202, 18086.15653372918, 1749.9999293998735], [-8545.455009145924, 17839.837492265302, 1750.0], 0, 1, 1], "56": [[-9054.153397880702, 15120.725659294203, 1749.9999953404204], [-8884.565168876437, 15036.29755529251, 1750.0], 0, 1, 1], "57": [[-9211.38840159146, 14440.517875493228, 1750.000467696773], [-9007.665841414288, 14381.460811489493, 1750.0], 0, 1, 1], "58": [[-9798.025914279757, 14488.350665958727, 1749.9999892887527], [-9514.506389833588, 14394.24527923935, 1750.0], 0, 1, 1], "59": [[-10183.89061956509, 14452.132047131361, 1749.999747291246], [-9844.332310403823, 14402.300303938773, 1750.0], 0, 1, 1], "6": [[10145.128365835033, -19419.42239340422, 1612.3526698446715], [8574.24714255551, -16410.76017721122, 1560.0], 12, 3, 3], "60": [[7358.587632997158, 14438.890549726919, 1736.8579644669537], [5865.731529011265, 12198.970982502136, 1760.0], 34, 3, 3], "61": [[6175.683560112022, 16485.65475992373, 1739.1706053834184], [3857.693731964248, 12950.772127302886, 1880.0], 47, 3, 3], "62": [[7063.9106575427195, 16445.47636080546, 1707.43457119858], [4743.012136172583, 13012.279889939296, 1910.0], 73, 3, 3], "63": [[7459.437429529418, 16296.610450394966, 1754.7571273009191], [5752.626890993875, 13218.267372667367, 1840.0], 22, 3, 2], "64": [[6125.061336299727, 19895.000862550572, 1576.1409897745252], [4844.578567116476, 15553.714753580447, 1560.0], 35, 2, 2], "65": [[6251.058758633215, 20771.101211945028, 1560.0010980562852], [4218.488266404737, 15542.287817291144, 1560.0], 12, 2, 2],