{"0": [[18454.438319493256, -19645.202508311413, 2225.7877579100777], [17712.533275380854, -17582.48599162909, 1560.0], 2, 3, 3], "1": [[27567.93025066536, -20012.674787958513, 1750.0001194744168], [14638.377855066328, -6552.546705414025, 1750.0], 0, 1, 1], "10": [[14560.72137083057, -9460.911208881616, 1559.999525123003], [13305.24923839445, -9077.593802653197, 1560.0], 24, 3, 3], "11": [[13596.901715529482, -12261.918428523402, 1639.641175211013], [12506.13885320096, -11550.573013237521, 1560.0], 11, 2, 2], "12": [[14027.241333671498, -12230.93110424901, 1705.959376824505], [13881.786851539493, -11665.33279292245, 1650.0], 19, 2, 2], "13": [[12995.252375237398, -11599.3249610263, 1387.0373958682012], [10687.892192595971, -10524.886404199333, 1560.0], 12, 2, 2], "14": [[12486.869871628682, -10927.078023258422, 1382.9670861905695], [10420.540955271674, -9973.994505988447, 1560.0], 10, 2, 2], "15": [[18049.23934813377, -14804.075239926871, 1963.3755795242425], [18220.163668964662, -14087.665539522628, 1560.0], 29, 3, 3], "16": [[11590.423412890992, -20945.787797798956, 1579.404201580513], [9099.55073847421, -17175.115672125004, 1560.0], 9, 2, 2], "17": [[8309.60645375492, -17643.680566734227, 1538.8403797663361], [6135.728577984939, -14822.871021296214, 1560.0], 8, 2, 2], "18": [[13728.807561551776, 1076.7819267679727, 1560.000068719198], [14060.298493422517, 863.9530857416968, 1560.0], 29, 3, 3], "19": [[12360.961713146922, 3528.5161605684702, 1723.1594916879067], [12677.191023021047, 3382.6722709851683, 1660.0], 13, 3, 3], "2": [[22948.45660081615, -15099.576455262406, 2075.047005322993], [23671.27538473551, -14492.277507401004, 1590.0], 9, 3, 3], "20": [[13795.265649148714, 7864.651323916988, 1560.0001369848087], [13313.385624743525, 7449.927997053133, 1560.0], 2, 2, 2], "21": [[14664.232979021106, 9971.246414004876, 1769.999860199987], [13931.849373033023, 9202.127945543643, 1770.0], 2, 2, 2], "22": [[12341.973813386638, 7775.147311207099, 1549.9614831166937], [10517.747813782029, 6853.393821740546, 1560.0], 23, 3, 3], "23": [[10850.176820894561, 10151.297787640095, 1669.9999220426305], [10176.378995966044, 9272.643879457853, 1670.0], 5, 3, 3], "24": [[10526.725433205616, 9168.645391430815, 1659.9998404542844], [9514.49409580775, 8340.788489511093, 1660.0], 2, 2, 2], "25": [[10109.781661426989, 10794.499980425964, 1559.99984375242], [7997.453816474315, 9365.589858622408, 1560.0], 16, 2, 2], "26": [[9657.41853804781, 11031.822804687246, 1559.9999448472086], [7647.072699117554, 9626.867580499307, 1560.0], 17, 2, 2], "27": [[8308.60798761546, 11975.642976653631, 1559.9999310384874], [7054.775458161422, 10532.870852944854, 1560.0], 6, 2, 2], "28": [[1199.7422074262827, 12377.225643294587, 1399.3523046335533], [47.92349954812117, 10219.495208943716, 1560.0], 7, 2, 2], "29": [[-3402.0373146402376, 11468.319283516548, 1476.5661361600364], [-3827.933036443067, 9360.520529165027, 1560.0], 8, 2, 2], "3": [[25088.30210251274, -11379.023663555095, 1559.9999710470902], [23151.233633572898, -8930.145618980905, 1560.0], 0, 2, 1], "30": [[-4448.887797729192, 10337.066830792914, 1289.4075551767194], [-5100.255280123951, 8342.252406632593, 1560.0], 7, 2, 2], "31": [[7531.4117301319175, 14209.980275450778, 1352.7984105373473], [4722.422900786803, 11385.79637241159, 1560.0], 11, 2, 2], "32": [[-7872.442294879376, 12249.504998393213, 1419.8452328130004], [-7583.689147505465, 9219.119167532825, 1560.0], 61, 2, 2], "33": [[-10099.1597064341, 14461.030287843585, 1559.9994164541654], [-7121.6439941265835, 11312.844898791134, 1560.0], 30, 2, 2], "34": [[-9713.633919995584, 12441.02834076254, 1461.8557848856142], [-8683.993494656264, 9168.144655959104, 1560.0], 20, 3, 2], "35": [[-10254.77764692675, 13981.982168752924, 1389.1787246252259], [-7428.208256172204, 11236.981491218694, 1560.0], 19, 2, 2], "36": [[-10793.519426718956, 10016.66606655274, 1519.3145461540419], [-9726.67227236438, 7823.975953016602, 1560.0], 16, 3, 2], "37": [[-10526.507916727014, 9066.178766755704, 1515.304336740329], [-9788.384971675894, 7183.498479003849, 1600.0], 74, 3, 3], "38": [[-10197.81359707234, 8754.653095817823, 1580.4414959708236], [-9308.336127076698, 7243.264976556338, 1560.0], 35, 3, 3], "39": [[-8559.94894964426, 8318.442171608653, 1366.3987051219535], [-8605.018630619403, 6740.765067763068, 1560.0], 37, 3, 3], "4": [[18737.034050225368, -11406.227617339131, 1677.465723230974], [17995.949878568445, -10973.960291658981, 1560.0], 9, 3, 3], "40": [[-10079.970520601017, 7683.938675927323, 1468.4043972496938], [-9667.73414326361, 6332.996626247818, 1560.0], 37, 3, 3], "41": [[-11355.322847840109, 7347.182415188544, 1349.817989498728], [-10890.182239924676, 5861.868913901691, 1560.0], 52, 3, 3], "42": [[-12480.733727314624, 5774.765246409559, 1557.0882311216112], [-11740.01538971118, 4875.376053248282, 1560.0], 95, 3, 3], "43": [[-13268.438711076526, 5779.261324542274, 1514.5387528296262], [-12323.175146980799, 4824.139190755166, 1560.0], 48, 2, 2], "44": [[-9044.425549855092, -11036.83718868732, 1466.757727511232], [-8711.070770503786, -9857.703400957416, 1560.0], 15, 3, 2], "45": [[-11616.444817558571, -12625.116507402656, 1594.6417744993887], [-10177.878394010275, -10835.000991477937, 1560.0], 17, 3, 2], "46": [[-11668.944823138654, -11608.458908404087, 946.1506028607266], [-11344.546133891547, -9632.129184462876, 1560.0], 29, 3, 2], "47": [[-11693.825269707793, -12062.507724151405, 1153.3069063253859], [-11062.504002576099, -10029.04356894114, 1560.0], 22, 3, 2], "48": [[-12456.03711051928, -13460.213564695845, 1819.0939489992625], [-10535.508843950513, -11227.172596188675, 1690.0], 12, 2, 2], "49": [[-8428.469314100934, -17914.02385821302, 1557.729663342188], [-7201.291958484739, -13631.249844938682, 1560.0], 22, 2, 2], "5": [[17389.757468292766, -11434.912470453157, 1559.999977979792], [17133.57188248605, -11039.150848669902, 1560.0], 30, 3, 3], "50": [[-7931.981480049609, -18007.465077548568, 1560.0004452821815], [-6897.49108716463, -13999.884090639107, 1560.0], 0, 1, 1], "52": [[17851.68059792529, -12136.145860387824, 1559.999796144825], [17849.86399260354, -11184.138223139149, 1560.0], 81, 3, 3], "53": [[5156.272605047953, 20964.85110394633, 1749.9997899614327], [2815.440147301735, 19204.101561792744, 1750.0], 0, 1, 1], "54": [[6023.4363918915515, 20899.093943597254, 1750.0001856210654], [3259.988478440434, 18982.93900804186, 1750.0], 0, 1, 1], "55": [[6203.3586808724385, 20567.373024167133, 1750.0000386755469], [3417.1051603209576, 18723.107931767056, 1750.0], 0, 1, 1], "6": [[18542.87891855437, -10641.320004242823, 1560.000257331367], [18363.30259159727, -10438.658568695044, 1560.0], 55, 3, 3], "7": [[17015.986692575723, -9746.104279927362, 1523.1343164848017], [15278.48409874435, -9189.31984248408, 1560.0], 4, 3, 3], "8": [[15558.848377808927, -10421.319081633013, 1526.182774089621], [14167.306772631224, -9889.817925439917, 1560.0], 19, 3, 3], "9": [[15779.460058857812, -10775.34013602833, 1138.5914775508927], [12868.614995143973, -9856.913076844037, 1560.0], 17, 3, 3]}