{"0": [[-11154.667865840242, -6774.894964318317, 1560.0000134111847], [-10796.007574701187, -6567.450790021219, 1560.0], 3, 3, 2], "1": [[-12119.702617857862, -6475.201765012026, 1559.9997763077852], [-11757.594757781635, -6267.630071639381, 1560.0], 7, 3, 2], "10": [[-13484.969219655799, -11193.354337149236, 1560.0002898587554], [-11935.450196332877, -9732.657048914349, 1560.0], 25, 3, 2], "11": [[-10331.4995836345, -11957.852977284072, 1560.0001472093622], [-9427.794258172438, -10481.456905796753, 1560.0], 3, 3, 2], "12": [[-14805.951905322358, -6173.814628103529, 1496.8914598553492], [-14202.852849652432, -5871.127772178518, 1560.0], 11, 3, 2], "13": [[-14934.530068596525, -8672.636720896979, 1543.9316887759492], [-13719.421716010605, -7866.0117726866765, 1560.0], 39, 3, 2], "14": [[7413.9048589359545, -21354.1497992821, 1360.1280093134226], [3883.0449551143697, -16295.285017038876, 1560.0], 9, 3, 3], "15": [[8886.87539396881, -19232.045001165177, 1296.375304063357], [5375.6785770385095, -15311.133169975956, 1560.0], 6, 3, 3], "16": [[8180.469817729335, -19970.227767696462, 1248.5744461389786], [5401.4042262175235, -15946.385417119809, 1560.0], 18, 3, 3], "17": [[7930.746472118981, -19388.193165783152, 1162.4605660500972], [4528.287824943735, -15296.623968887003, 1560.0], 15, 3, 3], "18": [[12975.286795241136, -15484.521647201273, 1474.6302767074048], [10611.565249184297, -13560.533268266481, 1560.0], 17, 2, 2], "19": [[13676.503360173374, -16793.049056301705, 1384.4172918017437], [10645.09531532905, -14394.241011355289, 1560.0], 23, 3, 3], "2": [[-10468.922902717562, -8025.215080208271, 1559.9993138079112], [-10094.283880092673, -7636.526564277526, 1560.0], 7, 3, 2], "20": [[11264.34940010189, -16370.53050770967, 1469.9071473691663], [8645.847322204765, -13987.989556192659, 1560.0], 9, 2, 2], "21": [[10216.030373905765, -16107.029846500425, 1290.6174461818766], [6472.832974574784, -13488.982972279702, 1560.0], 27, 2, 2], "22": [[10346.293289171485, -18446.41944555117, 1540.2670672411755], [7727.796755074877, -15368.510593110685, 1560.0], 2, 3, 3], "23": [[-5359.871402052099, 6774.990463204775, 1419.3656135081687], [-5844.8786254819515, 5880.26550727265, 1560.0], 35, 3, 3], "24": [[-735.4873434135479, 11556.832651093233, 1450.7995975222063], [-1819.5110215117022, 9478.87579259726, 1560.0], 27, 3, 3], "25": [[-7588.232544563457, 10269.649134323974, 1100.4656718941762], [-7884.453189738074, 7842.683580019087, 1560.0], 41, 3, 3], "26": [[-7434.135993980144, 11210.261241318625, 1237.047042072532], [-7533.5266938424775, 8523.809919129715, 1560.0], 15, 3, 3], "27": [[-6281.441550703898, 14720.561639165446, 1237.531874319042], [-6592.913114808601, 10333.48296468009, 1560.0], 42, 3, 3], "28": [[-8408.161286202476, 12347.434436973, 1258.3316590944683], [-8310.300908276853, 8946.714354116773, 1560.0], 90, 3, 3], "29": [[-13514.478939146855, 6013.040130930181, 1248.90442259355], [-12759.360083944246, 4707.9156044028605, 1560.0], 19, 2, 2], "3": [[-12638.389129218682, -5995.851370610255, 1311.897920795667], [-12644.537102766892, -5724.7408844673255, 1560.0], 40, 3, 3], "30": [[-14018.760319087596, 7692.396951002291, 1472.3664854261124], [-12490.315385834958, 5982.862431041219, 1560.0], 25, 2, 2], "31": [[-15655.957367447729, 6890.035261133327, 1129.4646381080843], [-14052.492823909877, 4930.408731577835, 1560.0], 79, 2, 2], "32": [[12294.297106128284, -10702.169538272756, 1292.9326442318086], [10420.540955271674, -9973.994505988447, 1560.0], 41, 3, 3], "33": [[15497.534663872368, -10000.665917517945, 1436.6399677642203], [13733.024872026444, -9480.270752550918, 1560.0], 22, 3, 3], "34": [[14401.234136396439, -9457.645621850586, 1559.999612706082], [13960.288530034799, -9080.050850668878, 1560.0], 6, 3, 3], "35": [[15348.2145337259, -9318.719990025438, 1479.305934453291], [14017.291478681971, -8978.848189104361, 1560.0], 18, 3, 3], "36": [[9113.167913003083, -14368.621623846979, 1363.9597780878698], [6151.257252384463, -12424.32400669611, 1560.0], 16, 2, 2], "37": [[7993.725978914092, -17160.542076815942, 1242.2464596806133], [5166.7271572545005, -14225.197619429217, 1560.0], 11, 3, 3], "38": [[8347.653172640514, -16448.959635385552, 1284.9980023912044], [5055.944017530366, -13669.944844813466, 1560.0], 7, 3, 3], "39": [[8026.536031015663, -15987.965546904623, 1287.5693864037107], [5512.490608356761, -13612.5955180106, 1560.0], 11, 3, 3], "4": [[-8993.10319177457, -17327.578806712565, 1435.2977071509104], [-7917.286279335824, -13149.737141964031, 1560.0], 13, 2, 2], "40": [[7681.425329500784, -15676.121910599753, 1159.953721837741], [4168.489615433936, -13053.43883024714, 1560.0], 19, 3, 3], "41": [[17881.698081714534, -14870.723355909555, 1309.680586286764], [15620.255640155385, -13177.558098835221, 1560.0], 69, 3, 2], "42": [[14585.641333459465, -13102.447580191505, 1276.984183590959], [11220.130838443745, -11634.92400140306, 1560.0], 36, 3, 3], "43": [[22860.220838731555, -12282.229078522114, 1497.9500985127079], [20313.063191128444, -11430.013359386618, 1560.0], 20, 3, 3], "44": [[21679.466211508196, -10762.75509285596, 1402.3064161781315], [19432.584414027748, -10133.300116736287, 1560.0], 46, 3, 3], "45": [[22718.450556409112, -15539.414514517191, 1782.5392425222362], [20873.886692053205, -14303.229703345402, 1560.0], 31, 3, 3], "46": [[7519.517319575244, 9681.420141802837, 1190.2776323084192], [4688.597297909828, 8032.045958852091, 1560.0], 36, 3, 3], "47": [[9199.801481362098, 11119.239196054094, 1559.9998228697202], [8144.044701663377, 10000.51527666956, 1560.0], 15, 2, 2], "48": [[7375.474913910729, 11008.258351333363, 1472.1061614624964], [5314.096335060759, 9315.166380069939, 1560.0], 17, 3, 2], "49": [[6354.860647096485, 11383.554653350242, 1353.610246338598], [4345.930444133037, 9543.911754954075, 1560.0], 32, 3, 3], "5": [[-8957.326560090352, -17198.2720520492, 953.6958456220325], [-8667.97892846883, -12573.612851103198, 1560.0], 14, 2, 2], "50": [[6068.43649777016, 12361.829841474864, 1371.6764484242235], [4180.453157376065, 10314.681399402223, 1560.0], 11, 3, 3], "51": [[6488.192590516259, 13091.70481542331, 1359.3516651483242], [4254.169381908237, 10678.294282818935, 1560.0], 41, 3, 3], "52": [[-14239.316984740626, -5613.901931083589, 1488.0636151707993], [-13811.894118041917, -5405.6683280439565, 1560.0], 11, 3, 2], "53": [[-15444.374261868605, -6750.267379225263, 1545.1919443283896], [-14572.190609238365, -6342.597098799706, 1560.0], 12, 3, 2], "54": [[-15109.762971986655, -7973.297994486215, 1559.9999515637276], [-13978.462310628189, -7353.76274862127, 1560.0], 0, 3, 2], "55": [[-13840.256333029529, -8252.53645400339, 1560.0002729060834], [-12896.747743773572, -7687.179013075279, 1560.0], 13, 3, 2], "56": [[-12212.617243990078, -8732.354246198047, 1547.3832582109226], [-11580.385891394228, -8096.239630195445, 1560.0], 14, 3, 2], "57": [[-13274.870881337729, -8022.754460317447, 1559.9999457535162], [-12521.157586981426, -7522.54579343115, 1560.0], 11, 3, 2], "58": [[-12849.779023710136, -7929.666891447586, 1531.2004956829373], [-12227.28998328117, -7441.443738221913, 1560.0], 18, 3, 2], "59": [[-13321.431498041824, -7720.888032936593, 1453.0423781102697], [-12755.178771165696, -7186.051227429638, 1560.0], 21, 3, 2], "6": [[-6146.420353011307, -17704.002227514957, 1104.7302406900467], [-6453.257497877567, -13571.815635590116, 1560.0], 83, 3, 2], "60": [[-12867.924055900447, -7297.295924623856, 1236.0638213095074], [-12763.45903203809, -6764.672091151222, 1560.0], 31, 3, 3], "61": [[11268.49473386603, -16643.433203760367, 1486.5532396206775], [8951.4251560453, -14347.790731456284, 1560.0], 9, 2, 2], "62": [[10025.45616910104, -14938.992989900846, 1471.676851293887], [8517.373283611907, -13346.787268377378, 1560.0], 13, 3, 3], "63": [[9287.926502588854, -16442.88575401616, 1278.6259444587859], [6285.512069907553, -13814.637257103028, 1560.0], 3, 3, 3],