{"0": [[-9613.948963094714, -15023.971944980074, 1560.0000477590756], [-8369.88257671669, -12269.025398851862, 1560.0], 4, 3, 2], "1": [[-10430.164338956012, -13884.445094169501, 1559.9999430691607], [-9190.238158376544, -11583.722126267936, 1560.0], 3, 3, 2], "10": [[1339.3552230046996, -15889.632871577533, 1489.2006990315606], [-472.32424422193475, -13310.187331947302, 1560.0], 118, 3, 3], "11": [[3630.5343708561813, -17729.492240710253, 1222.0403664795444], [884.3561082197889, -14139.224416831978, 1560.0], 19, 3, 3], "12": [[3936.9026950790103, -17632.760197079504, 1205.6634673157084], [1470.215960257594, -14222.30701555008, 1560.0], 4, 3, 3], "13": [[-76.92416158656896, -6088.81182457599, 1445.918748958786], [-513.0001697040984, -5972.264923915405, 1560.0], 14, 3, 3], "14": [[-7863.710409197452, 2414.453702932497, 1176.754065743495], [-8709.94694153071, 2000.4134569127687, 1560.0], 25, 3, 3], "15": [[-6363.217791599852, 5720.551574644267, 1310.5586169097182], [-6946.557613407962, 4938.1805415299605, 1560.0], 50, 3, 3], "16": [[-3253.1771941779207, 10855.44353349093, 1323.7858999133684], [-4103.351088035301, 8767.246222858257, 1560.0], 8, 3, 3], "17": [[-1960.805095884139, 12603.44946448356, 1419.6717798761156], [-3035.141944873399, 9969.606992086125, 1560.0], 22, 3, 3], "18": [[-1577.4603599888767, 11335.217731302895, 1340.406781962344], [-2425.1227032421425, 9354.760626786085, 1560.0], 13, 3, 3], "19": [[-1806.014348180493, 5181.29779730284, 1287.1606847566686], [-2951.2279094897362, 4532.530601887075, 1560.0], 32, 3, 3], "2": [[-374.89247971175274, -17806.571219906, 1545.856625795411], [-1651.6846573080925, -14353.829642678968, 1560.0], 54, 3, 3], "20": [[-11310.932095520071, 5348.107537728147, 1339.5653489156007], [-11175.542997672039, 4434.181779955396, 1560.0], 61, 3, 3], "21": [[-11002.068013395952, 4116.117943005901, 1092.5940171716547], [-11454.181742391915, 3239.8094803567196, 1560.0], 84, 3, 3], "22": [[-12014.990807993972, 2655.7448368442488, 1219.1071349219148], [-12219.757682538688, 2138.7411729811824, 1560.0], 86, 3, 3], "23": [[-12768.14201091611, 2777.637648523391, 1229.6941701989672], [-12854.773591151457, 2218.5374872415573, 1560.0], 93, 3, 3], "24": [[-12013.87327986156, 746.6070936425986, 1483.2510923653288], [-12047.40499227475, 546.4816293714204, 1560.0], 74, 3, 3], "25": [[-11902.664705821557, -871.4201477435065, 1394.6473368726013], [-12082.424348736246, -951.5314859774952, 1560.0], 10, 3, 2], "26": [[-12489.3656520803, -848.7235623573972, 1341.1702121346739], [-12723.661041833308, -947.4057314991344, 1560.0], 54, 3, 2], "27": [[-13347.225155143218, -1086.739637172932, 1473.8307430598668], [-13314.955813928962, -1122.4468780623142, 1560.0], 46, 3, 2], "28": [[-13017.568583358165, 201.2433561980601, 1365.2516251675324], [-13089.52604147704, 17.57405555471692, 1560.0], 77, 3, 3], "29": [[-14214.600312512124, -808.239718570188, 1490.0902000558947], [-14049.85664027439, -872.8710685459906, 1560.0], 29, 3, 2], "3": [[143.7389282298383, -16505.9341918631, 1464.4393586989133], [-1147.0691775567693, -13704.068840301856, 1560.0], 71, 3, 3], "30": [[-14260.22936220381, 1200.4064298570281, 1200.5011610769675], [-14226.485555116802, 828.0490993989763, 1560.0], 60, 2, 2], "31": [[-10885.583552629136, -7916.88824631448, 1559.9998377482957], [-10516.946038087488, -7517.918312815402, 1560.0], 47, 3, 2], "32": [[-14967.275600081095, -5243.4685148025865, 1496.0695112555973], [-14477.385736385231, -5033.274660535073, 1560.0], 14, 3, 2], "33": [[-14063.33011166876, -5268.431522960102, 1255.5786592837069], [-14000.949999202332, -4994.4881971136365, 1560.0], 23, 3, 2], "34": [[-12073.726295636103, -9037.689030847843, 1560.0000509409822], [-11234.02828631589, -8411.22955989671, 1560.0], 33, 3, 2], "35": [[-11972.792696349536, -3517.996435040165, 1448.5252167578815], [-12033.530896550901, -3558.5263465004555, 1560.0], 92, 3, 3], "36": [[-15009.00604257224, -1873.5867757638368, 1293.2519076357269], [-14934.295309221547, -1896.3742034048669, 1560.0], 39, 3, 2], "37": [[-597.138250921531, -135.42759130973423, 1310.2361484665055], [-1591.2588990566999, -259.86288128073886, 1560.0], 30, 3, 3], "38": [[6208.089958903368, -2331.6952512545713, 1326.4837486159154], [4460.366433521337, -2421.7952068727545, 1560.0], 13, 3, 3], "39": [[5476.221204174806, -1760.1030217486393, 1442.9566615836486], [4285.512548483496, -1800.406754133173, 1560.0], 23, 3, 3], "4": [[1701.100731589298, -17135.138697100592, 1456.4366023153495], [26.856550645185777, -14088.980869239816, 1560.0], 90, 3, 3], "40": [[261.6184870323206, 3653.5293540774614, 1559.9997684799368], [-90.6118132901318, 3457.600242997732, 1560.0], 12, 3, 3], "41": [[12462.431082639143, -20931.764467522542, 1560.0000077762402], [9295.891611877505, -16944.30195247334, 1560.0], 8, 3, 3], "42": [[13232.70021390037, -16688.985252043978, 1291.531415927542], [9688.271897037299, -14077.485453415311, 1560.0], 25, 3, 3], "43": [[15738.76550366803, -17678.266179917766, 1680.1908180528294], [13154.446419705888, -15416.859070564804, 1560.0], 56, 3, 3], "44": [[15920.489825986502, 2149.0989696371166, 1546.7678692524446], [14475.793237637417, 1979.8536177369576, 1560.0], 19, 2, 2], "45": [[13183.166767738769, 7509.408887325322, 1559.9999662978903], [12677.725374593932, 7176.172814055341, 1560.0], 27, 2, 2], "46": [[12041.893169542414, 8362.247544909575, 892.8591328176575], [7778.652307488951, 6748.2364384688435, 1560.0], 24, 2, 2], "47": [[17608.307624151767, 8118.205723823201, 1719.9998936985166], [16867.337677806834, 7557.644112524992, 1720.0], 4, 2, 2], "48": [[14457.432101353195, 1880.8495171115742, 1660.3163738277103], [15908.35354110213, 2383.4342894736074, 1560.0], 94, 3, 3], "49": [[13553.441549008725, 2151.58122405103, 1621.4265251829431], [14613.708720198363, 2357.0467091313203, 1560.0], 32, 3, 3], "5": [[1162.19189537308, -16049.13917283457, 1469.922391655747], [-752.8568992743961, -13351.494532004088, 1560.0], 112, 3, 3], "50": [[14522.178048625901, 1109.2235557952877, 1574.9695887911148], [14060.298493422517, 863.9530857416968, 1560.0], 40, 3, 3], "51": [[6709.564452657767, -6673.493150787313, 1297.328582376897], [5013.024823111053, -6432.8172007200255, 1560.0], 12, 3, 3], "52": [[8498.932509924196, 448.5940572917967, 1537.6490328694663], [8606.32331876546, 423.3589867590271, 1560.0], 17, 3, 3], "53": [[9248.538522041239, 1767.9190616717208, 1471.4091038862725], [9010.119024362513, 1702.4528577492235, 1560.0], 32, 3, 3], "54": [[2078.779612845324, 5384.07668616328, 1384.7038494901376], [1275.201773659994, 4967.080808314831, 1560.0], 24, 3, 3], "55": [[-7761.943594650328, 10855.839568547524, 1222.0108122741162], [-7899.083225353022, 8251.072763278718, 1560.0], 21, 3, 3], "56": [[-11144.91242048541, 6842.2091047044005, 1559.9999935380915], [-10313.49889091288, 5880.048887108656, 1560.0], 14, 3, 2], "57": [[-11957.589112048872, 6545.338940880124, 1267.164142891172], [-11614.58519032914, 5185.286256360256, 1560.0], 77, 3, 3], "58": [[-9413.343655368653, 13472.039593152474, 1399.3990206254496], [-6082.3289834050165, 9169.100064533015, 1560.0], 57, 2, 2], "59": [[-12799.269426870973, 5058.598263944217, 1333.7073830510947], [-12356.4186047815, 4126.36559456317, 1560.0], 59, 3, 3], "6": [[-668.9764901378857, -9075.348089634637, 1384.5699422237344], [-1907.4668475836718, -8498.69550855702, 1560.0], 81, 3, 3], "60": [[5542.498245713716, -16731.807848172397, 1113.4813533617046], [2138.933297539303, -13510.3655660352, 1560.0], 18, 3, 3], "61": [[6124.496819443405, -15877.747289285655, 1311.1360944987764], [3293.4548198592624, -13295.773337094412, 1560.0], 12, 3, 3], "62": [[3861.5740358853354, -14968.922864218199, 1352.866850078635], [1506.3628672983007, -12745.522530161119, 1560.0], 40, 3, 3], "63": [[8821.2938171984, -16867.658852932473, 1173.6264864664047], [5732.4991735188, -13995.053715936028, 1560.0], 23, 3, 3],