{"0": [[-13156.55688368338, -9530.128632300222, 1207.1571283861322], [-12538.648925655989, -8375.613038674534, 1560.0], 16, 3, 2], "1": [[-13889.680395032872, -7922.969452663617, 1560.0001190680246], [-13013.98333832208, -7412.583467920438, 1560.0], 0, 3, 2], "10": [[-8391.061062294084, -15991.278711281715, 1560.0001972831676], [-3927.819855599207, -14189.463272079705, 1560.0], 0, 1, 1], "11": [[-12008.52874011496, -18261.679862395074, 1560.0002259737992], [-5408.354621106685, -12501.879873837384, 1560.0], 0, 1, 1], "12": [[8143.795330078379, -20191.888501056976, 1483.689144602148], [5329.656461132932, -16051.019500536922, 1560.0], 5, 3, 3], "13": [[7744.3642863002015, -18784.584971286284, 1560.0000010083882], [6012.965235030441, -15720.16088236827, 1560.0], 7, 3, 3], "14": [[7699.8168955035235, -16311.089372122606, 1474.4993397585329], [5732.4991735188, -13995.053715936028, 1560.0], 9, 3, 3], "15": [[8126.649773681079, -16850.80665835071, 1464.2960385810989], [5952.785620685527, -14378.573304455058, 1560.0], 9, 3, 3], "16": [[8319.806047656266, -17659.75903508566, 1388.4560325291886], [5734.1910681310255, -14738.733921300261, 1560.0], 12, 3, 3], "17": [[9625.932641146614, -17739.474170376467, 1183.563741533746], [5916.173020069988, -14439.475070569095, 1560.0], 8, 3, 2], "18": [[9445.510953374062, -17054.309734544233, 1560.0003377097996], [7617.163180964154, -14773.749595994957, 1560.0], 11, 3, 3], "19": [[9004.52470489699, -15533.862674065142, 1361.742745250934], [6900.1064505101685, -13556.966512179066, 1560.0], 11, 3, 3], "2": [[-14336.156277439879, -7379.97919669118, 1246.0659862488153], [-13858.625228586454, -6734.559384736938, 1560.0], 14, 3, 2], "20": [[8396.717016880813, -14371.773136335101, 1382.6247091644893], [6424.2722641455875, -12753.772429185941, 1560.0], 24, 3, 3], "21": [[9849.67008510885, -13324.783886251143, 1332.0396812217261], [7395.75545089361, -11801.837375009198, 1560.0], 9, 2, 2], "22": [[12722.424272062028, -21440.65967879082, 1264.7712690394872], [7887.50736481886, -16585.029914492563, 1560.0], 6, 3, 3], "23": [[10681.231388695693, -21649.643411094374, 1559.9998985693637], [7492.899150442036, -17077.412441790897, 1560.0], 3, 3, 3], "24": [[9712.779545790212, -30563.910602667616, 1782.793322008882], [3304.3696640416024, -18919.714280121912, 1850.0], 33, 2, 2], "25": [[11144.23186259767, -31140.10215131928, 1649.9997471752956], [5171.474485817884, -19824.779538347982, 1650.0], 5, 2, 2], "26": [[12715.26709162508, -13634.595776823722, 1658.8314483801041], [11747.578962089707, -12753.61074791119, 1560.0], 25, 3, 3], "27": [[15622.262547630984, -10882.361625906942, 1605.908685069514], [15180.734429741879, -10531.515320221471, 1560.0], 22, 3, 3], "28": [[21613.89252819594, -12549.771664152164, 1565.2574430934546], [19198.308907892133, -11702.474713467718, 1560.0], 24, 3, 3], "3": [[-12743.611316136916, -7591.548097482142, 1559.9999388350473], [-12104.510793471796, -7212.125635769724, 1560.0], 8, 3, 2], "30": [[15028.43824963033, 1240.81831457316, 1559.9994548024474], [14152.826314709682, 1109.853406925878, 1560.0], 3, 2, 2], "31": [[15801.057172026334, 7193.250791137631, 1669.9997613372948], [15597.18362262503, 6901.4169285173475, 1670.0], 5, 2, 2], "32": [[15223.637947592484, 7099.1470995767595, 1720.000123883057], [14633.658778912079, 6676.717343819786, 1720.0], 1, 2, 2], "33": [[14198.965791178649, 6754.315438082161, 1559.9995684726618], [13551.833428848517, 6343.30355676545, 1560.0], 7, 2, 2], "34": [[14289.600327565477, 8119.167033217402, 1640.0003114721935], [13536.771631978654, 7608.133209536875, 1640.0], 2, 2, 2], "35": [[13515.35560584298, 7015.505330633101, 1809.9998782067692], [12969.384865781274, 6632.126008077351, 1810.0], 0, 2, 2], "36": [[12900.594820121793, 7969.318997524416, 1440.7257201019167], [11115.866025305435, 7223.8157080399, 1560.0], 21, 2, 2], "37": [[12515.860677269322, 7777.007160863263, 1720.0004654446566], [11375.36788845952, 7153.156492184143, 1720.0], 1, 2, 2], "38": [[12065.551921458578, 7082.844986953014, 1610.0000637071507], [11213.360319220601, 6584.216534609495, 1610.0], 0, 2, 2], "39": [[11491.816333956296, 9726.31773984211, 1560.0002374207581], [10572.988024546057, 8895.87761482066, 1560.0], 6, 2, 2], "4": [[-12113.219041385602, -6890.312547728434, 1621.4783976579558], [-11560.01610246087, -6682.098980546058, 1560.0], 10, 3, 2], "40": [[11216.377960019512, 9981.972391592595, 1559.9991584818365], [9635.167189968553, 8913.301856433733, 1560.0], 10, 2, 2], "41": [[10132.673163122956, 9827.311513673743, 1659.999585787346], [9212.329912527472, 8960.58232612072, 1660.0], 2, 2, 2], "42": [[8488.771588708483, 10015.977954460068, 1559.999928374261], [7045.454816846765, 8748.961472762838, 1560.0], 18, 3, 3], "43": [[8895.636891131056, 10511.382533263246, 1643.2447928293566], [8071.074103072119, 9683.02500705137, 1560.0], 31, 3, 3], "44": [[9915.667892695205, 10782.944815295872, 1560.0001213505197], [6097.266035191043, 9612.128434130547, 1560.0], 0, 3, 1], "45": [[6873.886306575099, 11136.698914498538, 1487.5902271612024], [4997.847962095845, 9456.976279028178, 1560.0], 14, 3, 2], "46": [[8784.657247916344, 12035.619167604524, 1559.9990280835996], [6183.223106959661, 10007.145706472955, 1560.0], 39, 3, 2], "47": [[5794.504973672054, 12488.400509976862, 1344.7612326584028], [3545.975982858747, 10286.188285105565, 1560.0], 15, 3, 3], "48": [[-8130.744232324359, 12349.275470717457, 1489.8787053371057], [-7551.78344405253, 9357.339404652841, 1560.0], 26, 3, 3], "49": [[-7771.903127879505, 11858.393927299488, 1408.73460016326], [-7528.15187579955, 9018.972754670596, 1560.0], 22, 3, 3], "5": [[-13329.156943612672, -6310.803648779637, 1560.0002648234067], [-12823.307172461065, -6090.149803244285, 1560.0], 2, 3, 2], "50": [[-7965.990590820475, 10429.520202070558, 1294.6543393773165], [-7705.225248242578, 8206.271363104233, 1560.0], 68, 3, 3], "51": [[-8651.211876136493, 8467.713247765778, 1539.8574747068278], [-8346.532426822432, 7058.64086193776, 1560.0], 61, 3, 3], "52": [[-10143.93811303333, 7066.006998810717, 1544.8736641207597], [-9550.361827410246, 6083.674923095824, 1560.0], 14, 3, 2], "53": [[-10776.729231722791, 6802.353627986204, 1397.6022215239338], [-10365.372789026544, 5624.314707520732, 1560.0], 41, 3, 3], "54": [[-11348.434570748595, 6526.684511495717, 1559.999999866115], [-10673.714345239297, 5560.31621783728, 1560.0], 50, 3, 3], "55": [[-10924.984489433526, 6030.156032172983, 1422.6165915335941], [-10625.85690739276, 5062.33884046587, 1560.0], 76, 3, 3], "56": [[-12509.131511876205, 4573.270170086049, 1543.464947644583], [-11844.658704339647, 4019.013246792936, 1560.0], 11, 3, 2], "57": [[-12639.57856268372, 5292.300402807597, 1370.2383627829474], [-12135.823928814598, 4381.37605516462, 1560.0], 20, 3, 3], "58": [[-12070.160433970224, 6221.4865995636, 1442.83957655761], [-11433.462499988334, 5155.816459095677, 1560.0], 49, 3, 3], "59": [[-12905.867331071118, 5819.911339941453, 1435.150775910342], [-12165.63548449141, 4791.5040367863385, 1560.0], 32, 2, 2], "6": [[-14022.28846291609, -5913.6827039507325, 1560.000036125454], [-13517.696256509926, -5707.43372255351, 1560.0], 10, 3, 2], "60": [[-13645.472125285776, 5323.2767731943895, 1215.8162430249502], [-13071.345826490686, 4159.789997403042, 1560.0], 35, 2, 2], "61": [[-13808.166844082152, 6151.570955245072, 1312.2993803793238], [-12873.100425679564, 4839.819485323078, 1560.0], 19, 2, 2], "62": [[-10295.768986565716, 8820.903200594114, 1538.2376985483397], [-9480.911287367026, 7208.928269342409, 1560.0], 33, 3, 3], "63": [[-10873.298705135347, 8993.843917301654, 1500.7364891627678], [-10039.703009667188, 7133.988986487574, 1560.0], 65, 3, 3], "64": [[25408.57377763387, -23143.949835771928, 1750.000220577775], [14236.972059352747, -9448.492894300984, 1750.0], 0, 1, 1], "65": [[28221.433773889214, -24452.454250439958, 1750.0003990815196], [15050.537752698614, -9247.944373440707, 1750.0], 0, 1, 1],