{"0": [[-8063.937257662572, -17762.32703516249, 1559.999798828362], [-7012.013433522636, -13974.154579183953, 1560.0], 0, 1, 1], "1": [[-8604.887168371051, -16789.856032762247, 1472.8124867250658], [-7592.054787930387, -13072.596450212683, 1560.0], 33, 2, 2], "10": [[-10966.9728716645, 6936.083041664562, 1350.201245707651], [-10583.184674635226, 5649.337828341143, 1560.0], 39, 3, 3], "11": [[-10953.44792656585, 7872.2375654094085, 1492.1751979968872], [-10274.53155712129, 6417.735613557973, 1560.0], 59, 3, 3], "12": [[-9959.198387079297, 8087.28160485282, 1560.0001868566717], [-9324.85861965394, 6770.535647309419, 1560.0], 46, 3, 3], "13": [[-10463.744102683831, 8894.727911835442, 1594.7393226193115], [-9442.365179824788, 7381.397344662042, 1560.0], 18, 3, 2], "14": [[-10212.882238377322, 9892.750556084517, 1559.999943410041], [-9248.450338388604, 7872.247317232643, 1560.0], 72, 3, 3], "15": [[-10221.7432811698, 10855.923812653014, 1586.994882583569], [-9019.401419497575, 8487.311072419518, 1560.0], 48, 3, 3], "16": [[-7743.547284722041, 11875.670100670372, 1425.4830852757382], [-7407.53662970043, 9098.90529884644, 1560.0], 40, 3, 3], "17": [[7487.899329338407, 9191.371980165486, 1333.7243202758898], [5721.971400646603, 7933.171565720933, 1560.0], 10, 3, 2], "18": [[9483.264256207362, 11611.940296077502, 1650.0000874430395], [7805.522314839764, 10143.398965607046, 1650.0], 21, 3, 3], "19": [[9885.759546674368, 10583.381284737421, 1559.9999956356025], [8926.980668027049, 9690.473774578686, 1560.0], 18, 3, 3], "2": [[-8893.293223425562, -15154.54650474961, 1296.1027446186401], [-8188.192176888766, -12596.672202604954, 1560.0], 25, 3, 2], "20": [[10921.11650948678, 9339.504456104209, 1464.107019143692], [8559.013348235729, 8168.830295322215, 1560.0], 24, 3, 3], "21": [[11497.777845890916, 9914.414459452575, 1560.0000207545195], [10631.742184268516, 9126.283312891972, 1560.0], 4, 2, 2], "22": [[11976.45331972103, 8353.595028342783, 1580.0000128775557], [11664.530715071116, 7694.56495765115, 1580.0], 34, 3, 3], "23": [[19449.60344374219, 8805.531979704107, 1560.0003683984046], [18691.853994005116, 8274.773545372203, 1560.0], 0, 2, 2], "24": [[19590.043286609638, 9359.766522101378, 1829.99999639685], [17998.79583789465, 8579.287314020552, 1830.0], 2, 2, 2], "25": [[21403.861807697995, 9037.034699374879, 1949.9999565781886], [21178.22191935416, 8523.244600686567, 1950.0], 13, 2, 2], "26": [[24081.77374411587, -9986.337344010315, 1749.9998529671773], [22471.33438766507, -8177.834656337631, 1750.0], 0, 1, 1], "27": [[21993.636338824013, -10801.35750360651, 1559.999847593029], [20912.903213629095, -9170.80924705564, 1560.0], 5, 3, 3], "28": [[19143.69387774497, -10677.543768172496, 1559.9971254437373], [17840.54844880919, -9980.45997327077, 1560.0], 19, 2, 2], "29": [[17573.37932363651, -10445.624359366187, 1489.6583911935156], [16225.91170894481, -10046.956244364897, 1560.0], 53, 3, 3], "3": [[-11242.594730817233, -12943.810804017592, 1559.9999657062033], [-10021.831245059691, -10927.532323195064, 1560.0], 9, 3, 2], "30": [[17698.553990621647, -10918.187432611478, 1559.999970627863], [16710.993158208094, -10487.40328492882, 1560.0], 45, 3, 3], "31": [[18584.487814047956, -11498.97820256492, 1560.000098439594], [17922.84504220788, -11079.330261249788, 1560.0], 81, 3, 3], "32": [[18868.031947872892, -12336.436398142849, 1395.5899324846343], [16784.414165434264, -11548.044228127274, 1560.0], 50, 3, 3], "33": [[14337.253253815821, -12977.631037573236, 1559.9996614726235], [13476.514849841109, -12097.842210950932, 1560.0], 14, 3, 3], "34": [[16362.806301966844, -13808.758664543171, 1559.999904716719], [14553.984210764671, -12579.437103132037, 1560.0], 5, 3, 3], "35": [[21568.146164275375, -14696.022104476402, 1826.4500980075316], [20325.51652768059, -13796.970103655018, 1560.0], 20, 3, 3], "36": [[18146.27075649521, -15735.4756281301, 1911.391673602782], [18394.198723758826, -14938.461054782929, 1560.0], 30, 3, 3], "37": [[18405.637132010426, -17832.71481940897, 2000.7238793764584], [17985.81232276865, -16381.35126645416, 1560.0], 9, 3, 3], "38": [[18373.443467211924, -19382.35501955894, 1986.0876537364527], [16444.610058203576, -17037.05551479587, 1560.0], 9, 3, 3], "39": [[11987.617147747957, -14015.758755244842, 1541.6667336606909], [10077.931662366755, -12568.957269243734, 1560.0], 10, 3, 2], "4": [[-13798.16653861037, -9571.693334852896, 1690.5529709883015], [-12434.339151920867, -8740.11492501671, 1580.0], 14, 3, 2], "40": [[10001.498495964956, -13225.195751034325, 1392.5113289938577], [7895.9366959417985, -11770.41833941071, 1560.0], 9, 2, 2], "41": [[13913.47188322736, -15247.018614863682, 1427.8278836560369], [11844.511394528405, -13557.266908744114, 1560.0], 19, 3, 3], "42": [[10448.869917270462, -14828.420930402825, 1506.0407794715331], [8212.763739920298, -12991.983626126019, 1560.0], 8, 2, 2], "43": [[10441.994659856206, -16588.168745891944, 1494.4976235828349], [8379.644070093855, -14400.071124759195, 1560.0], 9, 3, 3], "44": [[12522.253579294911, -17783.294937317216, 1478.2291361064315], [10085.367708564054, -15176.596185304556, 1560.0], 29, 3, 3], "45": [[11413.92805087959, -17771.787428980268, 1559.9997798197535], [8978.435857044282, -15115.010095930216, 1560.0], 6, 3, 3], "46": [[11348.90622818546, -23032.310323527377, 1560.0000296470319], [7928.486561847783, -17846.871422115368, 1560.0], 0, 3, 3], "5": [[-13548.75840729041, -9080.580184096963, 1559.9998179302215], [-12487.45932249571, -8322.684552505023, 1560.0], 21, 3, 2], "50": [[-9501.117392806129, -16916.518713072735, 1559.9997214396249], [-4668.05273654943, -12746.226766636777, 1560.0], 0, 1, 1], "51": [[-6950.206153755256, -13357.740038307238, 1281.1205371948026], [-7023.3744719356655, -11348.610873336924, 1560.0], 17, 3, 2], "53": [[-10310.145416783429, 13574.615293792333, 1559.999953177294], [-7428.208256172204, 11236.981491218694, 1560.0], 15, 2, 2], "54": [[-13951.714259798002, 7167.185709600205, 1630.0003112695874], [-12443.249534115881, 5761.521061698601, 1630.0], 10, 2, 2], "55": [[5472.008350614177, 18671.182092630894, 1750.0000477202873], [3405.90765373402, 17565.19257094872, 1750.0], 0, 1, 1], "56": [[7255.460676690473, 18081.72245731746, 1750.0001810934289], [4315.465680231801, 16974.44772142666, 1750.0], 0, 1, 1], "57": [[7046.033934510822, 19116.343469642117, 1750.0000994775612], [4064.1399523953983, 17665.40741907149, 1750.0], 0, 1, 1], "58": [[6084.159304742997, 19219.312745438096, 1749.9999055586536], [3575.137490738503, 17905.188541090676, 1750.0], 0, 1, 1], "59": [[6952.378514506183, 19666.00826635986, 1750.0001269946843], [3939.293639661199, 18021.390333951455, 1750.0], 0, 1, 1], "6": [[-14182.460522144513, -6335.528189893473, 1559.9997942334894], [-13561.257004259089, -6077.541069668021, 1560.0], 7, 3, 2], "60": [[7057.9787944185055, 19787.87302734987, 1749.9999046970554], [3929.0558541788664, 18111.755525139786, 1750.0], 0, 1, 1], "61": [[5558.097479977199, 20639.00672218975, 1750.000502539965], [3082.860859880657, 18919.256349681295, 1750.0], 0, 1, 1], "65": [[-9353.450201491938, 15501.573565565473, 1750.0002925754563], [-9138.600833779781, 15389.795596199636, 1750.0], 0, 1, 1], "66": [[-8242.232860677523, 16392.887359969744, 1749.9998255020903], [-8143.608994293765, 16285.282511503636, 1750.0], 0, 1, 1], "67": [[-8234.692577982238, 17632.276418249574, 1749.999997544014], [-8094.450492645982, 17484.170146073666, 1750.0], 0, 1, 1], "68": [[-9152.52084689235, 16745.626880522606, 1749.9998754974113], [-8924.172031758266, 16573.965214036823, 1750.0], 0, 1, 1], "69": [[-9748.101638131557, 16851.147573838192, 1749.999441792547], [-9449.693037988733, 16632.899583590675, 1750.0], 0, 1, 1], "7": [[-13670.544405181643, -6287.989131878422, 1559.9998441014907], [-13154.057812219253, -6041.07131335899, 1560.0], 5, 3, 2], "70": [[-10371.909914616359, 17205.549486724973, 1749.9999837981534], [-9925.181404838148, 16891.581213211324, 1750.0], 0, 1, 1],