{"0": [[-8054.620391720138, -14925.262329802157, 1531.6551796541419], [-7394.954797084061, -12304.613094299622, 1560.0], 12, 3, 2], "1": [[-8843.536097063356, -16564.864038513228, 1560.0000038988533], [-7725.228369024246, -13369.823257059068, 1560.0], 0, 1, 1], "10": [[-7718.1943066608155, 10797.900974115286, 1160.1733668265165], [-7802.924591933747, 8228.972061442008, 1560.0], 7, 3, 3], "11": [[-7434.891965369286, 11304.716735755399, 1367.3016378660009], [-7267.061187240713, 8777.167782881274, 1560.0], 12, 3, 3], "12": [[-8673.418069463662, 12574.236526891478, 1273.2302278684572], [-8268.17929036091, 9120.601043398961, 1560.0], 18, 3, 3], "13": [[-6175.732638417472, 14836.720957001342, 1346.7501247982966], [-6052.67429020448, 10710.775026560887, 1560.0], 8, 3, 3], "14": [[-8468.444498937106, 13665.307734971462, 1437.3902980302887], [-7591.973233636865, 9996.720480253525, 1560.0], 19, 3, 3], "15": [[6446.757829479828, 11565.318352388927, 1272.0867502267176], [3684.937285457088, 9445.127024859197, 1560.0], 40, 3, 3], "16": [[6081.26101993351, 12402.026226989354, 1263.3426114947388], [3492.318790952665, 10019.933021681005, 1560.0], 37, 3, 3], "17": [[6407.515435621447, 13180.264956016674, 1312.5951333008072], [4272.46511017084, 10769.061949151152, 1560.0], 44, 3, 3], "18": [[7555.705468479954, 10038.919623825732, 1280.9486032202374], [5507.852672724077, 8584.27526266096, 1560.0], 38, 3, 3], "19": [[8531.54603986305, 10960.316448553973, 1549.1080433684635], [6853.382231882423, 9619.837470440716, 1560.0], 34, 3, 3], "2": [[-8649.391293227107, -16847.98404354221, 931.4831999112572], [-8571.48574246471, -12436.658828022884, 1560.0], 16, 2, 2], "20": [[-15162.156189638858, -10320.571467193742, 1560.0000388763601], [-13400.512298432206, -8948.676350203232, 1560.0], 0, 1, 1], "21": [[-13400.896440101817, -11530.56164103874, 1559.9998715703587], [-11804.145959360761, -9927.310385969802, 1560.0], 0, 3, 1], "22": [[-14865.06998785002, -8780.500593088886, 1642.0218245290566], [-13488.204302433789, -8039.70864155161, 1560.0], 30, 3, 2], "23": [[-15735.787987289796, -7415.8121340014295, 1615.968377411687], [-14519.401890282657, -6914.303994306828, 1560.0], 21, 3, 2], "24": [[-14962.882075243413, -8103.958205197728, 1551.544098302937], [-13890.05074972419, -7423.145143571139, 1560.0], 45, 3, 2], "25": [[-10573.24491686453, -7932.765676584862, 1560.0001756219403], [-10178.34363627894, -7568.090440060432, 1560.0], 3, 3, 2], "26": [[-10864.940591759365, -6918.333421784235, 1411.192018521318], [-10880.974630223607, -6653.257238933288, 1560.0], 81, 3, 3], "27": [[-12075.265216261576, -6543.2810721455535, 1522.258804388318], [-11758.704588203263, -6302.31822254709, 1560.0], 11, 3, 2], "28": [[-12736.032119638, -7783.383310216267, 1550.3874210227002], [-12104.229781443433, -7338.253279436236, 1560.0], 24, 3, 2], "29": [[-13067.13075251528, -7998.182986512748, 1560.0001230592713], [-12286.422870298247, -7537.276874639808, 1560.0], 11, 3, 2], "3": [[10013.236455248447, -16002.139336982405, 1293.9682475239952], [6939.094799723315, -13489.884237068789, 1560.0], 53, 3, 3], "30": [[-12699.061580029038, -5976.816280731755, 1331.772415216732], [-12643.94491220466, -5691.77689737861, 1560.0], 10, 3, 2], "31": [[-14150.427422137958, -5480.678625421764, 1466.4358142977992], [-13765.27408655681, -5270.201468417764, 1560.0], 11, 3, 2], "32": [[-13821.115131964218, -8250.347911231336, 1560.000002036003], [-12844.474711822098, -7684.88040987869, 1560.0], 14, 3, 2], "33": [[-14520.194980061218, -6165.987935131975, 1407.6422302914107], [-14030.010238322871, -5879.387030826703, 1560.0], 58, 3, 3], "34": [[-13214.541318961139, -7295.454184770163, 1529.972589291895], [-12647.695653732018, -6932.059429720977, 1560.0], 14, 3, 3], "35": [[15189.4777960933, -10417.785446647558, 1536.6665067273104], [14729.24587203148, -10107.59880776345, 1560.0], 36, 3, 3], "36": [[14249.30874968102, -9580.380481015243, 1545.728903746598], [12619.046610695194, -9172.368578998095, 1560.0], 30, 3, 3], "37": [[16214.659394523558, -8595.169310254047, 1314.789288455596], [14418.325002223164, -8257.571692416252, 1560.0], 46, 3, 3], "38": [[16936.748482205232, -17290.53694495004, 2046.121890668437], [16612.00466758367, -15942.101961315071, 1560.0], 13, 3, 3], "39": [[11708.04624597253, -15047.874929871312, 1560.0000356327303], [10124.20945488166, -13410.158504805819, 1560.0], 9, 2, 2], "4": [[9320.06142146551, -14661.537043136334, 1369.2694869414638], [6461.345634584045, -12684.960304097049, 1560.0], 11, 2, 2], "40": [[16937.369273641067, -13358.71853139792, 1400.5458061198115], [14806.415664117896, -12212.191889212889, 1560.0], 30, 3, 3], "41": [[17048.90147391552, -12960.203636374801, 1472.912892187427], [15572.575001952799, -12177.472456783138, 1560.0], 62, 3, 3], "42": [[14580.645780212866, -13045.011936213352, 1380.9594310686905], [12901.038196955857, -11954.799328136305, 1560.0], 23, 3, 3], "43": [[8779.321797471963, -19512.3036129357, 1383.0895339335536], [5975.322405468688, -15775.392119565968, 1560.0], 8, 3, 3], "44": [[8282.752997929347, -20028.986744324335, 1509.3946073025008], [6108.76025749702, -16255.567785055779, 1560.0], 16, 3, 3], "45": [[7880.405412055374, -19308.56891080956, 1273.6373165550797], [4528.287824943735, -15296.623968887003, 1560.0], 2, 3, 3], "46": [[8040.995042977655, -21598.887739603935, 1403.5990024004602], [4545.374726166336, -16544.65638119238, 1560.0], 7, 3, 3], "47": [[8297.519694366918, -16546.033452784137, 1258.014260690878], [5022.351723487509, -13731.270605376742, 1560.0], 34, 3, 3], "48": [[14413.225165501448, 245.45455961366653, 1560.0000082087906], [14270.226873111362, -193.62895832974857, 1560.0], 69, 3, 3], "49": [[10398.472574686964, 9678.50098360309, 1552.4987258374745], [8639.011069851635, 8494.274490583268, 1560.0], 25, 3, 3], "5": [[7777.250946007053, -16642.33657159449, 1285.6620286947552], [5304.237263141709, -13984.210651147756, 1560.0], 4, 3, 3], "50": [[11558.50367606173, 7963.194025106747, 1559.9998798826807], [11766.332215381304, 7725.688509018153, 1560.0], 59, 2, 2], "51": [[15421.6185337228, 9507.86216831948, 1900.000020234911], [15002.206576170342, 8893.203942289836, 1900.0], 5, 2, 2], "52": [[13830.274916577233, 7052.920331871193, 1283.6167276090785], [9751.40954125106, 5816.291826052847, 1560.0], 66, 2, 2], "53": [[12964.274447466129, -11044.036739566056, 1476.7438912385333], [10420.540955271674, -9973.994505988447, 1560.0], 23, 3, 3], "54": [[13537.48719639787, -12450.881237147336, 1526.0217342579624], [12451.359029247498, -11639.43850260351, 1560.0], 30, 3, 3], "55": [[12870.056716747153, -12448.60442030404, 1559.999788462522], [11957.263071466388, -11418.430640407612, 1560.0], 23, 3, 3], "56": [[12404.317677132656, -11997.716342107742, 1524.639743480923], [10954.49540391202, -11078.643109928838, 1560.0], 16, 3, 3], "57": [[12570.933032415158, -13133.508852815785, 1559.9999138806618], [11432.488346954831, -12277.279110957053, 1560.0], 43, 3, 3], "58": [[15418.488254550572, -11600.718108844083, 1558.769557492152], [14247.06814201159, -10890.849943749421, 1560.0], 23, 3, 3], "59": [[16277.440050608573, -11044.158393712383, 1369.390112791302], [14668.6550129239, -10207.200509785216, 1560.0], 27, 3, 2], "6": [[-11021.788785069532, 1238.5093942766084, 1413.7241363069468], [-11119.152331237481, 1054.1062005494553, 1560.0], 7, 3, 2], "60": [[16713.183327112914, -10883.287536132422, 1331.2139215881525], [15432.111584757615, -10128.862652983042, 1560.0], 36, 3, 3], "61": [[17151.49344135895, -9837.010055679255, 1434.9195508912078], [14519.935105636909, -9287.143203654523, 1560.0], 42, 3, 3], "62": [[13286.13074215019, 7298.442294931224, 1559.999928114819], [12606.431213930216, 6931.090023334683, 1560.0], 16, 2, 2], "63": [[15713.912779415683, 6759.028580186787, 1569.9999592647937], [15354.236013941969, 6496.5299260063475, 1570.0], 4, 2, 2],