{"0": [[-9093.127645884919, -17623.298411729585, 1560.0001721966892], [-7224.783288689221, -13836.171895734638, 1560.0], 0, 1, 1], "1": [[-8569.989330280092, -17635.34602961736, 1560.0001340608444], [-7195.698075159455, -13583.847596380128, 1560.0], 61, 2, 2], "10": [[-10803.230204301612, -7048.666993919701, 1508.2133941970742], [-10641.188153496587, -6729.54317847636, 1560.0], 11, 3, 2], "11": [[-12430.403146978078, -6620.426045218988, 1493.097590046881], [-12095.229460326866, -6331.2420213816595, 1560.0], 9, 3, 2], "12": [[-13709.360172228835, -5862.5659910356335, 1559.9993384233474], [-13261.285679783203, -5666.37687163883, 1560.0], 5, 3, 2], "13": [[-15152.531187085191, 6695.024852733217, 1342.7291702324262], [-13605.783307626081, 5065.701357637085, 1560.0], 42, 2, 2], "14": [[-14382.926303136637, 4948.583289177897, 1173.2435317120742], [-13723.842112336933, 3796.8218779485587, 1560.0], 115, 2, 2], "15": [[-13406.806970731675, 5287.758140440455, 1299.6146860735869], [-12757.482032090515, 4253.170690501519, 1560.0], 22, 2, 2], "16": [[-12705.285858806694, 5638.1145490613435, 1180.7148968177678], [-12352.726990164216, 4423.589149127683, 1560.0], 23, 2, 2], "17": [[-11216.971028047301, 6384.076407752236, 1446.0109156331093], [-10715.733156840068, 5351.827419505037, 1560.0], 48, 3, 3], "18": [[-12184.871339367959, 6230.722085041705, 1464.3695844883334], [-11489.209489506307, 5191.800502194046, 1560.0], 58, 3, 3], "19": [[-11141.82285364932, 9501.388523433188, 1560.000225422024], [-10020.070761873561, 7521.120435618588, 1560.0], 88, 3, 3], "2": [[-10553.856851004968, -15526.479588922139, 1660.588338877492], [-8901.146557033231, -12392.022578588656, 1630.0], 12, 2, 2], "20": [[-8619.269837334106, 8373.944301740214, 1362.838828765073], [-8486.310545089436, 6850.662886200629, 1560.0], 19, 3, 3], "21": [[-8387.205823581957, 9465.908951679427, 1396.7571449416087], [-8135.303755353607, 7606.660551884793, 1560.0], 7, 3, 3], "22": [[-7735.090731525023, 10483.09825955431, 1282.5047380097196], [-7833.631061574572, 8084.639593054864, 1560.0], 25, 3, 3], "23": [[-8619.82885164254, 11352.106351714372, 1337.2999577592605], [-8207.062234823929, 8606.354334095588, 1560.0], 17, 3, 3], "24": [[-8273.247098836588, 11930.62506778081, 1371.530663811075], [-7827.5457325667, 9015.247065183474, 1560.0], 10, 3, 3], "25": [[-7717.094062468042, 13311.335717882293, 1349.4636555476804], [-7368.138670447122, 9714.408151589394, 1560.0], 23, 3, 3], "26": [[6184.814141950166, 14189.462201346578, 1346.7143724758603], [4812.923666615595, 11842.473249990575, 1560.0], 32, 3, 2], "27": [[7110.098908218634, 14207.145441126726, 1329.1524872106527], [4722.422900786803, 11385.79637241159, 1560.0], 26, 3, 3], "28": [[6881.074247580268, 13408.118654759723, 1447.016829883901], [5015.824146842931, 11182.295635081167, 1560.0], 16, 3, 3], "29": [[6123.555139103302, 12419.89823719503, 1514.6280314146552], [4555.71394986784, 10559.389062146574, 1560.0], 22, 3, 3], "3": [[-8883.082665052825, -16233.35500493094, 1559.9998857675935], [-7686.222495796151, -12905.993149462642, 1560.0], 34, 2, 2], "30": [[7914.103988691034, 12067.195903413309, 1658.376415976856], [6549.287923941058, 10395.814918966913, 1680.0], 16, 3, 3], "31": [[6067.33164935665, 11453.980508279614, 1559.9998624950965], [4747.040477907065, 9875.80575278687, 1560.0], 29, 3, 3], "32": [[6684.926197817653, 10912.970989457173, 1336.0073469522274], [4977.565990352052, 9362.015190300323, 1560.0], 14, 3, 3], "33": [[7369.23689667, 9917.560167084492, 1380.0648199264238], [5486.160149501573, 8486.791618110652, 1560.0], 7, 3, 3], "34": [[9722.510646538045, 10263.098659909245, 1559.9999999308388], [8354.5276805919, 9096.724585253169, 1560.0], 15, 3, 3], "35": [[10258.019778768077, 9979.504572138945, 1559.9999228403533], [9197.74933203668, 8976.424787395288, 1560.0], 9, 3, 3], "36": [[12269.43214881759, 9952.36327975127, 1559.9999445190742], [11655.360916030942, 9232.533330135084, 1560.0], 5, 2, 2], "37": [[18463.173787156466, 9550.22232557453, 1849.9998311368604], [17233.759292298866, 8764.026365354308, 1850.0], 2, 2, 2], "38": [[21052.526036049403, 9135.243665205611, 1939.9998663410643], [19569.0556616939, 8418.080200155979, 1940.0], 1, 2, 2], "39": [[18521.903157742774, 8186.903489944955, 1860.0003323907788], [18321.14398162042, 7872.760187951568, 1860.0], 8, 2, 2], "4": [[-8869.414894569509, -15136.559637643511, 1287.5184107769576], [-7991.011396478062, -12718.337500863776, 1560.0], 22, 3, 2], "40": [[14254.06161562174, 7249.080109868882, 1680.0001438683776], [13680.55766844833, 6820.352497427045, 1680.0], 0, 2, 2], "41": [[12688.312258960003, 6707.863232087268, 1560.0003146979675], [12570.66942733076, 6808.751217287341, 1560.0], 69, 3, 3], "42": [[13032.939020179312, 7922.923580490348, 1640.0001646521014], [12364.816403425344, 7422.415261341834, 1640.0], 1, 2, 2], "43": [[13173.956480216928, 8540.012372898887, 1559.999829003896], [12959.647268359382, 8161.484033160707, 1560.0], 9, 2, 2], "44": [[16230.797143400165, 1008.0821203450848, 1889.9999548324008], [16250.561250808936, 1006.8488654065507, 1890.0], 2, 2, 2], "45": [[14324.760703992193, 1301.0474321131371, 1649.355645811115], [15463.964537216058, 1223.5291169501495, 1560.0], 20, 3, 3], "46": [[22161.468739802844, -10834.04368958761, 1560.0001006970267], [21251.18055742166, -8908.906296672696, 1560.0], 7, 2, 2], "47": [[22666.945744000896, -9811.259667987924, 1661.8786913123668], [21822.241060068907, -7730.887349983393, 1560.0], 20, 2, 2], "49": [[15469.547380024784, -9514.630635043484, 1559.9998911200107], [15217.117962186678, -9293.296740669944, 1560.0], 18, 3, 3], "5": [[-7698.838923941785, -14854.006766777338, 1289.185185274803], [-7405.499107109206, -12394.219368988526, 1560.0], 21, 3, 2], "50": [[14836.39359925581, -9427.643485933873, 1383.4825834330795], [13305.24923839445, -9077.593802653197, 1560.0], 36, 3, 3], "51": [[13862.25543452883, -9567.37856195731, 1408.6725672907426], [12059.157756324894, -9072.579993281295, 1560.0], 22, 3, 3], "52": [[12034.631209878004, -9439.32764974461, 1302.5589663661208], [10426.974221219227, -8881.769778499682, 1560.0], 28, 3, 3], "53": [[15683.210007346514, -11880.014261561768, 1391.3165810954188], [13528.718589209004, -10950.659859285113, 1560.0], 25, 3, 3], "54": [[14506.608294153746, -12508.678793930503, 1559.9998539839385], [13127.977148772223, -11596.188674621131, 1560.0], 22, 3, 3], "55": [[12337.677191706442, -13233.939241834474, 1559.9998741967804], [11432.488346954831, -12277.279110957053, 1560.0], 39, 3, 3], "56": [[12094.729111967945, -14462.720168278312, 1585.897560906134], [10865.5594724501, -13171.450818996578, 1560.0], 3, 3, 3], "57": [[10008.79570837949, -13172.89222768523, 1369.9577911619458], [8370.36347125108, -11814.923387552633, 1560.0], 23, 2, 2], "58": [[12946.540211041114, -10744.217432055837, 1560.0000499206842], [11502.521107130577, -10101.095634168734, 1560.0], 8, 3, 3], "59": [[12495.865638740084, -10982.303614474227, 1560.0000177874763], [11352.17668806884, -10372.747660394036, 1560.0], 10, 3, 3], "6": [[-12208.893957761155, -11705.420913429401, 1560.0000335352008], [-10851.000637868276, -10203.822104937926, 1560.0], 3, 3, 2], "60": [[11666.959306919625, -10687.203677004214, 1444.8264570098258], [10373.77028043881, -10062.450731272886, 1560.0], 21, 3, 3], "61": [[8200.67337786816, -15037.583806185949, 1317.145492560339], [5864.803015322933, -12966.086629587924, 1560.0], 11, 2, 2], "62": [[8399.542052581892, -14814.330522317276, 1214.9553680080323], [5567.380545858578, -12710.137214172, 1560.0], 8, 2, 2], "63": [[10403.785050252725, -16981.608441774104, 1559.999864810905], [8677.73961889465, -14755.910042113406, 1560.0], 4, 3, 3], "64": [[8391.330269735065, -17913.835385192426, 1519.040859427975], [6060.928234011795, -14941.582551096508, 1560.0], 8, 3, 3], "65": [[7334.106965737898, -24335.334725516932, 1559.9998819336677], [4330.62878205465, -17936.663561347967, 1560.0], 5, 2, 2],