{"0": [[-14867.516128442225, -5580.358449062197, 1538.854910169626], [-14303.636168224311, -5366.72794740436, 1560.0], 16, 3, 2], "1": [[-14200.833093658886, -5865.566270997868, 1495.5408864287022], [-13761.802343245376, -5628.1700954613125, 1560.0], 11, 3, 2], "10": [[-8854.725562199557, -14312.140832637962, 1559.9999028482962], [-7931.874137611351, -11998.467905234424, 1560.0], 28, 3, 2], "11": [[-8103.754068445564, -14439.021765689693, 1306.8259003087471], [-7524.769453557625, -12419.193123035562, 1560.0], 17, 3, 2], "12": [[-8836.102322677656, -16983.66516251513, 1490.663698444946], [-7706.193380847861, -13132.864944988325, 1560.0], 31, 2, 2], "13": [[-8533.278586294657, -19077.171823003082, 1559.9998597662768], [-3803.8725432776623, -14496.16700307626, 1560.0], 0, 1, 1], "14": [[-8350.662720410102, -19103.349810158925, 1560.000158076221], [-3713.22542611443, -14569.251701719082, 1560.0], 0, 1, 1], "15": [[-10612.578174968288, -18134.098203590773, 1670.0001685465672], [-5294.829110596414, -12325.551126979393, 1670.0], 0, 1, 1], "18": [[8087.723693836857, -20356.47042145692, 1532.0144296129345], [5994.11142134144, -16413.432687106513, 1560.0], 23, 2, 2], "19": [[7706.653226505238, -18690.986875158018, 1559.9998965535326], [6050.68761670178, -15664.571779010948, 1560.0], 2, 2, 2], "2": [[-13069.50513664164, -5852.416008688659, 1504.3768896768265], [-12761.453829409234, -5657.376728572784, 1560.0], 15, 3, 2], "20": [[10488.626253862149, -18333.025605684215, 1559.9999226197538], [8184.4884448817165, -15466.742837405298, 1560.0], 0, 2, 2], "21": [[9771.848978607442, -17476.215605092708, 1145.1808132325245], [5661.102305596117, -14118.440372748628, 1560.0], 9, 2, 2], "22": [[9475.781551110682, -16931.92548961548, 1596.792294422183], [8542.119109672132, -14954.552921538276, 1560.0], 15, 3, 3], "23": [[10612.56576993407, -15961.464228707297, 1492.3705793587033], [7749.703101225193, -13766.890823746544, 1560.0], 32, 3, 3], "24": [[9148.623224295483, -15453.115128471723, 1237.9717504004702], [6623.943639507823, -13222.074505037652, 1560.0], 14, 2, 2], "25": [[8116.973093403928, -16850.567356863874, 2552.6909737600504], [8607.589493199956, -15424.71129144216, 1950.0], 8, 2, 2], "26": [[7918.799666369058, -14620.453566571707, 1361.1467809300882], [5567.380545858578, -12710.137214172, 1560.0], 8, 2, 2], "27": [[7579.939498183594, -16374.954192153888, 1535.0011291246117], [5696.766382566015, -14056.919389671899, 1560.0], 7, 2, 2], "28": [[7381.430520689577, -17588.51951178655, 1519.304539850211], [5273.369883724264, -14772.50242551118, 1560.0], 7, 2, 2], "29": [[7338.981181984868, -16945.41338582275, 1179.6163780189688], [4822.141827942034, -14092.270554611277, 1560.0], 37, 2, 2], "3": [[-10938.346779164687, -7385.537286049774, 1559.9999854652212], [-10496.020116636406, -7117.288257363159, 1560.0], 9, 3, 2], "30": [[12041.987970154174, -22465.736841451744, 1453.1920973832841], [8760.280600707803, -17563.028538468265, 1560.0], 28, 3, 3], "31": [[10064.46012479767, -12485.4963062486, 1112.2115406346068], [8223.551799700115, -11150.231553139227, 1560.0], 73, 2, 2], "32": [[14877.893392535449, -11514.863984818274, 244.74512239410774], [7602.461407632525, -9468.284876733791, 1560.0], 12, 3, 2], "33": [[13018.468315320995, -11905.316661775354, 1242.2576941336254], [9655.40851349996, -10388.162167799057, 1560.0], 67, 3, 3], "34": [[12393.528020259851, -11497.180559231418, 1168.6100704958299], [11252.31007755883, -10551.74401478385, 1560.0], 128, 2, 2], "35": [[12089.542613121295, -11690.814353851432, 1696.5159521949124], [13242.01255479456, -11414.088327731215, 1560.0], 38, 3, 2], "36": [[13760.755398987158, -10616.37449085207, 1560.0006492181737], [8889.351808468815, -8794.601852523438, 1560.0], 22, 3, 2], "37": [[14416.97928975762, -10705.639688063506, 1356.132148880415], [11074.851132858033, -9810.589390059398, 1560.0], 18, 3, 3], "38": [[15570.836368846132, -8453.235024204965, 1259.4452537282623], [11657.945150373598, -7533.8972470451345, 1560.0], 41, 3, 3], "39": [[15362.84725726458, -10895.836598491966, 1559.999549514013], [11129.646163972719, -8599.180244136645, 1560.0], 4, 3, 2], "4": [[-12900.570630335626, -7386.791856210495, 1560.0000027814135], [-12291.510417796067, -7011.445630686846, 1560.0], 6, 3, 2], "40": [[17237.54826681102, -9646.658117763429, 1427.1659673534302], [10330.21188801972, -7958.786164114854, 1560.0], 30, 3, 2], "41": [[17893.266212881877, -11601.97961933282, 1715.6500129037395], [17777.007508665505, -11288.384829102486, 1560.0], 29, 3, 3], "42": [[19646.206643014513, -12429.282676372459, 1598.2980862974905], [19041.242104626515, -11913.723127659812, 1560.0], 27, 3, 3], "43": [[21662.848273154686, -9103.499573284542, 1750.0001432534386], [20785.638042527196, -7777.4615679495955, 1750.0], 0, 1, 1], "44": [[27806.399880061974, -22727.178917095967, 1750.0000928261625], [14797.939871359633, -8150.232540722258, 1750.0], 0, 1, 1], "45": [[23079.60272970932, -25243.098212340334, 1749.999945252525], [13695.031133471552, -12049.461774872958, 1750.0], 0, 1, 1], "46": [[14940.467324395715, 771.9798636668187, 1559.9997632313116], [6461.793099714961, 442.1219460500782, 1560.0], 0, 2, 1], "47": [[13047.08852509841, 2039.574446162795, 1751.4822719538065], [5903.230395188546, 1244.2585950363823, 1560.0], 54, 3, 2], "48": [[14504.458295895452, 8339.917398728696, 1559.9999011783905], [14007.576257881978, 7859.876632698905, 1560.0], 6, 2, 2], "49": [[13820.451906283562, 6776.797464823975, 1559.9999659073394], [13590.259159891264, 6468.845371344052, 1560.0], 1, 2, 2], "5": [[-13809.822353822734, -7706.194478896642, 1559.999951876385], [-12968.226380636648, -7265.6997460329485, 1560.0], 11, 3, 2], "50": [[13873.499901731846, 8417.497017474056, 1720.0000490406915], [13213.049297658745, 7856.395989767367, 1720.0], 0, 2, 2], "51": [[12530.260473879565, 5473.678375513402, 1616.5177486325229], [12062.74498057703, 5111.808385382774, 1560.0], 48, 3, 3], "52": [[12381.246785890075, 7697.365042292707, 1699.9998630042383], [10890.84618685007, 6923.691630672885, 1700.0], 14, 2, 2], "53": [[12281.934584400567, 8482.287527820507, 1433.6096106452896], [10213.907167950483, 7518.931294640456, 1560.0], 20, 2, 2], "54": [[11533.859446854838, 8833.32034566084, 1819.9997839391579], [10663.588598047256, 8128.122834226103, 1820.0], 0, 2, 2], "55": [[10844.500026701417, 9814.11822059106, 1610.0000658607087], [10414.669890579102, 9152.535597028804, 1610.0], 4, 2, 2], "56": [[11035.505686692873, 10042.521104145853, 1559.9999658967747], [9662.92970825663, 9025.175102639436, 1560.0], 5, 2, 2], "57": [[9630.710482867999, 10790.865918382711, 1784.001292788077], [8095.47106401773, 9788.852611675457, 1560.0], 86, 3, 3], "58": [[7312.587268002466, 9670.444084601211, 1511.308490612649], [5856.148578467071, 8525.374338536769, 1560.0], 9, 3, 3], "59": [[6821.246770213489, 11149.292397997691, 1486.437965811047], [5396.849655155353, 9699.9573279264, 1560.0], 4, 3, 3], "6": [[-14140.971473668302, -6958.580309617556, 1266.7502476605046], [-13785.693493276378, -6416.000772749323, 1560.0], 11, 3, 2], "60": [[8154.05541926242, 12451.634632858495, 1663.2003422697223], [5203.566900659235, 9894.49761278118, 1900.0], 108, 3, 3], "61": [[6437.186868131656, 12027.836700142678, 1252.7816766850724], [4105.914592091758, 9950.313802047835, 1560.0], 22, 3, 3], "62": [[5853.589959060901, 12420.455179152581, 1299.286121359882], [4217.416635547745, 10496.591547551125, 1560.0], 15, 3, 3], "63": [[-8566.461758745032, 8437.502826239792, 1432.109677607035], [-8253.667273966974, 7026.073150606967, 1560.0], 11, 3, 3], "64": [[-7924.751731479139, 10401.696840328477, 1334.9877246339342], [-7823.413191506955, 8132.8225246730135, 1560.0], 29, 3, 3], "65": [[-7772.002337255225, 11752.102232848663, 1366.1664889684635], [-7538.697478510729, 8971.841632524149, 1560.0], 16, 3, 3], "66": [[-8150.887575090834, 12446.451687564633, 1395.6911121203298], [-7541.1170765557845, 9403.215052013007, 1560.0], 49, 3, 3],