{"0": [[-16133.4714743148, -7931.157012297769, 1560.0000506741703], [-14751.328442855445, -7226.463310670393, 1560.0], 11, 3, 2], "1": [[-14544.440679857515, -7882.139076685168, 1478.88194743414], [-13691.742993454252, -7251.2066678617575, 1560.0], 52, 3, 2], "10": [[-14323.28646268993, -6660.314880180425, 1746.5837946881206], [-13404.182779656976, -6455.257330127651, 1560.0], 8, 3, 2], "11": [[-10674.525396866413, -11901.261308018913, 1539.9448360379663], [-9775.513036520932, -10386.177059837524, 1560.0], 14, 3, 2], "12": [[-8470.670957586352, -17212.344679040285, 1412.884794962479], [-7599.145778118625, -13147.897213869514, 1560.0], 13, 2, 2], "13": [[-9218.091313135366, -17068.268792135776, 1559.99996854073], [-7816.526828105379, -13189.423987353059, 1560.0], 3, 2, 2], "14": [[11513.453023863874, -21628.92404478416, 1434.301461743257], [7231.6282211628995, -16745.82602995901, 1560.0], 13, 3, 3], "15": [[7279.964097147306, -18840.799294073433, 1110.4829876609479], [4594.333454906187, -15189.509190680457, 1560.0], 37, 3, 3], "16": [[8833.820228246139, -18421.67916143296, 949.2867891015861], [4928.663837982579, -14633.97405627668, 1560.0], 25, 3, 3], "17": [[9315.813632039695, -17768.38769244947, 1409.353873436857], [6210.829856991647, -14702.735260308978, 1560.0], 3, 3, 3], "18": [[12556.923065591123, -19159.130700549336, 1438.4895644646806], [9090.810948011484, -15735.278576688912, 1560.0], 10, 3, 3], "19": [[16437.61128343347, -14353.473459051127, 1559.9998545301921], [13706.288325882133, -12780.883266406217, 1560.0], 32, 3, 3], "2": [[-12997.449737764544, -8092.339273727168, 1560.0000522767882], [-12285.878920880155, -7567.563559156381, 1560.0], 21, 3, 2], "20": [[14447.103059405936, -11307.545830139286, 1416.4197606489895], [13701.82946846751, -10666.98090289391, 1560.0], 58, 3, 3], "21": [[15288.01672492848, -11371.829779509542, 1559.9998561528146], [14367.059813485788, -10697.94027958334, 1560.0], 11, 3, 3], "22": [[13336.269687514654, -10498.430962083374, 1352.0015139844313], [12198.842381201954, -9934.88424865303, 1560.0], 60, 3, 3], "23": [[20037.66559345058, -11490.586692403049, 993.908853351688], [16847.02056693869, -10278.543933830784, 1560.0], 79, 3, 2], "24": [[16493.774156779575, -9617.06804664321, 1492.4179399311422], [15278.48409874435, -9189.31984248408, 1560.0], 28, 3, 3], "25": [[14576.105162843067, 2419.862202734092, 1545.4919171577674], [15322.153993747033, 2562.6449690296, 1560.0], 97, 2, 2], "26": [[13390.439769583843, 1164.4598647948928, 1560.0000375077686], [12878.934166810071, 883.9607744498269, 1560.0], 36, 3, 3], "27": [[10597.61400199363, 2261.820440692478, 1444.8504646185115], [9603.173405739994, 2089.028286717145, 1560.0], 71, 3, 3], "28": [[18685.411374079344, 7894.801622156428, 1559.9999129766873], [17686.231241127745, 7388.748667031424, 1560.0], 1, 2, 2], "29": [[20092.081331212314, 8613.4289991907, 1559.9992991879003], [19395.57942162705, 8174.987230395919, 1560.0], 50, 2, 2], "3": [[-12477.479926566231, -7516.167017292739, 1559.9999913690826], [-11975.993330845899, -7102.685592639895, 1560.0], 14, 3, 2], "30": [[19283.446126129696, 9010.140358749928, 1630.0001377023116], [19154.841993751317, 8639.583456457214, 1630.0], 12, 2, 2], "31": [[11337.413512815481, 8378.228411205851, 1492.6586412680651], [8757.099381533842, 7218.600613920044, 1560.0], 32, 3, 2], "32": [[9385.328746257304, 8267.250861032697, 1226.2154007757797], [6220.454969221688, 6885.823063316126, 1560.0], 53, 3, 3], "33": [[10350.076640087744, 9685.802168346383, 1620.000107623552], [8861.506198564131, 8653.421274593735, 1620.0], 2, 2, 2], "34": [[10087.524162797195, 9928.284925786478, 1559.9992820534808], [9224.703716284022, 9086.724805900734, 1560.0], 16, 2, 2], "35": [[9103.922712947311, 10573.461641925529, 1496.928977307652], [7551.153944374824, 9209.530251307417, 1560.0], 34, 3, 3], "36": [[9440.23782019779, 11272.904851207946, 1559.9999292238956], [7280.16140176554, 9777.80153180069, 1560.0], 36, 3, 2], "37": [[7657.610563125059, 9817.989368491282, 1268.3515553399175], [4709.528466053425, 8127.007786198924, 1560.0], 34, 3, 3], "38": [[-8138.139383269485, 10697.037092213866, 1136.3444161142381], [-8546.331943990646, 7919.67768592025, 1560.0], 139, 3, 3], "39": [[-8486.82625465349, 11139.542357374987, 1208.7743961373512], [-8676.807797737914, 8142.297603743687, 1560.0], 115, 3, 3], "4": [[-9692.16555927889, -8778.360652893967, 1003.7263787052046], [-10362.89374402095, -7795.336577669468, 1560.0], 105, 3, 2], "40": [[-7950.379993651303, 12522.843092758965, 904.8858823374343], [-8678.518432128536, 8511.08397223127, 1560.0], 126, 3, 3], "41": [[-10138.753367775433, 9230.91541762919, 1559.9998331390334], [-10351.81033953771, 6722.072507823507, 1560.0], 15, 3, 2], "42": [[-12402.922705645955, 5400.008109674928, 1306.5559840847102], [-12012.071250644223, 4416.337404516652, 1560.0], 33, 3, 2], "43": [[-13359.082933199079, 6909.294169890976, 1278.9118611708352], [-12405.423072042055, 5377.930747428196, 1560.0], 16, 2, 2], "44": [[-14302.19824847649, 5907.6758461629, 842.7896575318125], [-13757.486987219536, 4182.920522264822, 1560.0], 49, 2, 2], "45": [[-15244.586359947407, 6428.782423210334, 1559.999896105863], [-13426.053447028582, 5173.797798213637, 1560.0], 0, 2, 1], "46": [[-14821.899339798467, 6470.164424609292, 1749.9996511855502], [-10425.462295494248, 6345.472797518458, 1750.0], 0, 1, 1], "47": [[-11468.926134923666, -14109.496865095185, 1560.0003224388936], [-6138.1280225969285, -10477.08738279274, 1560.0], 0, 1, 1], "48": [[-8182.0493678654475, -17970.384272550644, 1559.9999057446014], [-3535.3384608496017, -14505.004492026543, 1560.0], 0, 1, 1], "49": [[-8350.661926196293, -19103.33336128332, 1560.0001739456343], [-3646.8081761415797, -14483.864518615754, 1560.0], 0, 1, 1], "5": [[-10673.792228840637, -7832.904777155722, 1272.4424226514707], [-10829.877103739369, -7257.9287477546895, 1560.0], 40, 3, 2], "50": [[-10327.821685242292, -19348.460499868914, 1669.9998355371188], [-4904.191147813824, -13051.303314799146, 1670.0], 0, 1, 1], "51": [[-11020.624569809966, -19932.59932491806, 1570.000113067994], [-4786.579267511666, -13314.90902173594, 1570.0], 0, 1, 1], "52": [[-11822.716778234817, -20341.797957480852, 1649.9999324868338], [-4887.078724817242, -13216.768998192489, 1650.0], 0, 1, 1], "53": [[9764.235945844819, -14841.183609669699, 1750.0002548896887], [9770.063011626455, -14598.271784732317, 1750.0], 0, 1, 1], "6": [[-11730.042370148136, -6923.150941066557, 1508.6117791916151], [-11414.089066594772, -6625.540033039941, 1560.0], 16, 3, 2], "7": [[-12267.379194271947, -6726.171417667383, 1378.7069827175558], [-12160.17369832339, -6343.417821990308, 1560.0], 13, 3, 2], "8": [[-14597.454772215971, -6102.70479447824, 1180.899030034272], [-14376.831693013031, -5672.056166363671, 1560.0], 28, 3, 2], "9": [[-15746.259703614953, -6763.995620825492, 1559.9999506399372], [-14788.426338337282, -6341.497511515045, 1560.0], 11, 3, 2]}