{"0": [[-8343.440645625751, 13480.777707255982, 1309.3897275592242], [-7974.933874076832, 9578.416694309228, 1560.0], 27, 3, 3], "1": [[-8113.2685649460855, 12369.350373505125, 1320.5486399859808], [-7795.889975909173, 9151.98827596915, 1560.0], 62, 3, 3], "10": [[-11109.655189449186, 9587.440705512909, 1652.6556805878643], [-9913.59053329025, 7661.110992579446, 1560.0], 132, 3, 3], "100": [[10377.570996771072, -13462.54206592656, 1559.999950709041], [8684.987957365223, -12170.790172222674, 1560.0], 1, 2, 2], "11": [[-11015.874803896277, 9064.315592438428, 1650.0003387659954], [-10083.05488397273, 7220.953836981698, 1650.0], 95, 3, 3], "12": [[-11502.829058370717, 9522.257638981073, 1288.4665978915586], [-10658.324188278379, 7143.8964669118595, 1560.0], 13, 2, 2], "13": [[-12085.606304288018, 7875.68475051729, 1404.6397418984986], [-11194.966953589701, 6239.031254021369, 1560.0], 12, 2, 2], "14": [[-10977.919380470956, 7831.696587955349, 1459.7500815478231], [-10311.088243783393, 6390.483831637281, 1580.0], 19, 3, 2], "15": [[-9842.244703299835, 7276.904737525422, 1371.7269515483265], [-9748.568821893123, 5932.583648144554, 1560.0], 67, 3, 3], "16": [[-11032.361036061839, 6505.84140879783, 1414.864153023062], [-10633.947240547363, 5397.758051790674, 1560.0], 22, 3, 3], "17": [[-11178.843283803275, 5884.626211738795, 1325.553221350835], [-11027.928093275304, 4846.495099976124, 1560.0], 96, 3, 3], "18": [[-11940.462824190274, 5750.095126129209, 1415.8414030751437], [-11440.635484460256, 4802.124898619263, 1560.0], 84, 3, 3], "19": [[-12486.367602967824, 5245.925204367143, 1352.8352303599265], [-12034.411410919134, 4302.030408942548, 1560.0], 79, 3, 3], "2": [[-9322.749384669405, 11419.987620990552, 1559.9999453458588], [-8427.659731012653, 8828.954087621034, 1560.0], 33, 3, 3], "20": [[-12392.610465797825, 7001.337689910326, 1218.3836043818035], [-11857.404974895, 5428.391057587408, 1560.0], 41, 2, 2], "21": [[-12551.054782045147, 6325.183223649547, 1157.40760181572], [-12205.795638847407, 4863.573627122782, 1560.0], 93, 2, 2], "22": [[-13725.940470550328, 5762.405478307729, 1413.75732333832], [-12767.07252527292, 4673.366293033753, 1560.0], 35, 2, 2], "23": [[-11575.856340267383, -7286.781131301124, 1437.0662941178452], [-11350.196753185808, -6894.605552880416, 1560.0], 21, 3, 2], "24": [[-13897.14182170809, -6634.926246065247, 1504.0810087267919], [-13358.052480675444, -6298.409832091571, 1560.0], 14, 3, 2], "25": [[-14891.452675907118, -5975.198950778649, 1560.0000543487176], [-14250.825535752756, -5717.060371915725, 1560.0], 20, 3, 2], "26": [[-10936.069372081449, -12910.24763830213, 1730.993192212013], [-9379.701471246199, -11221.642628019905, 1570.0], 11, 3, 2], "27": [[-8983.186912527886, -15049.244624925148, 1559.999928501624], [-7856.651671408608, -12376.075245165597, 1560.0], 23, 3, 2], "28": [[-8956.176976890963, -14729.340212757234, 1320.3323058281924], [-7981.319608630525, -12587.745445877326, 1560.0], 41, 3, 2], "29": [[-8160.611487424552, -15736.964284129017, 1097.6437925713512], [-7361.227314328589, -13021.134570453376, 1560.0], 14, 3, 2], "3": [[-7195.132515725179, 11664.648590614675, 1259.4599838061936], [-7491.780184869588, 8716.864728405018, 1560.0], 54, 3, 3], "30": [[-14122.742954789925, 1012.2897142498426, 1551.6229617896256], [-13714.698133453541, 892.6260381221446, 1560.0], 19, 3, 2], "31": [[8948.577969625845, -18205.65124281447, 1530.0424706868027], [7160.2819391686835, -15453.77987510099, 1560.0], 12, 3, 3], "32": [[9064.019475150944, -17612.14529038318, 1556.6930049704836], [6972.283338348239, -14997.685620451948, 1560.0], 15, 3, 3], "33": [[8775.193438939083, -16936.096086341062, 1404.8334490247446], [6026.226004353884, -14255.717239187301, 1560.0], 22, 3, 3], "34": [[9790.387676474093, -17230.72997599324, 1435.7923608210278], [7701.328330783782, -14645.163346198291, 1560.0], 11, 3, 3], "35": [[10142.297322703771, -17016.394109206438, 1537.9616346458613], [8203.897589334329, -14666.914408113284, 1560.0], 6, 3, 3], "36": [[10146.587733755085, -16626.22287859632, 1503.852727821045], [8335.577632117356, -14467.371166904595, 1560.0], 20, 3, 3], "37": [[8572.566552890263, -16114.75960949201, 1293.7254086576363], [5912.188810443678, -13680.545561929868, 1560.0], 8, 3, 2], "38": [[8210.82151113164, -15064.431693011582, 1269.4792009871076], [5829.281576389338, -13032.269613734887, 1560.0], 6, 3, 3], "39": [[8929.054001764369, -14571.944991465687, 1411.9917830646318], [7253.5782748887805, -12940.136124805736, 1560.0], 20, 3, 3], "4": [[-8316.000233136094, 10137.237554260313, 1303.5340544725393], [-8380.144185421716, 7826.447430890019, 1560.0], 66, 3, 3], "40": [[11452.73017189893, -15932.112077136675, 1553.466628327285], [9736.342491063937, -14005.008780650127, 1560.0], 20, 3, 3], "41": [[9470.505615412852, -20119.86989101126, 1559.9997924948477], [6971.8801385412635, -16416.0757384652, 1560.0], 6, 3, 3], "42": [[10303.678101209021, -19299.639196357635, 1522.6533213725672], [7388.257273673551, -15849.36691905635, 1560.0], 12, 3, 3], "43": [[12587.627608527051, -10981.367668197641, 1551.6887410064273], [11402.21939629768, -10282.618120411327, 1560.0], 48, 3, 3], "44": [[12429.744057888827, -12282.189764607956, 1561.3589356660998], [12396.669261214585, -11727.85094818128, 1560.0], 68, 3, 3], "45": [[13786.420866213535, -13464.985608613268, 1559.9999242010977], [13184.644662511959, -12540.548478909643, 1560.0], 14, 3, 2], "46": [[13618.210445815008, -10355.182217493908, 1551.6516660841232], [12814.371007827627, -9952.322198783733, 1560.0], 76, 3, 3], "47": [[14021.332978165188, -11632.527378340832, 1560.0000005185934], [13528.718589209004, -10950.659859285113, 1560.0], 8, 3, 2], "48": [[14548.107628942018, -11497.613167587053, 1560.0001252130896], [14247.06814201159, -10890.849943749421, 1560.0], 13, 3, 2], "49": [[16726.772206114296, -10993.280421318606, 1559.9999069664382], [15964.070269136, -10459.070901297056, 1560.0], 9, 3, 2], "5": [[-9659.589676518415, 8664.003158057787, 1343.936824727969], [-9384.541348273371, 6890.169845636675, 1560.0], 21, 3, 3], "50": [[15866.2000305925, -11405.584987185297, 1560.0002000096022], [14993.212572568573, -10828.268446531898, 1560.0], 1, 3, 2], "51": [[16857.57945884472, -9820.89487162994, 1480.51118777582], [15278.48409874435, -9189.31984248408, 1560.0], 14, 3, 2], "52": [[16306.873290756192, -10219.608441623404, 1559.9999658913414], [15033.521534688618, -9602.306746653612, 1560.0], 1, 3, 2], "53": [[15505.434446018018, -10321.430488115799, 1556.375265635052], [13676.399483073556, -9579.178448080578, 1560.0], 11, 3, 2], "54": [[15134.310776477618, -10770.624299951563, 1559.9999469297202], [14668.6550129239, -10207.200509785216, 1560.0], 6, 3, 2], "55": [[12733.239083634922, 1319.0071302290385, 1560.0000522301534], [12376.671173930816, 1069.7254137255763, 1560.0], 15, 3, 3], "56": [[13525.026624810744, 1370.4181950286393, 1559.9991785299453], [13572.614831023218, 1177.0512080327624, 1560.0], 20, 3, 3], "57": [[14493.172074698305, 1206.7546686637636, 1669.9997779577134], [14843.855272588266, 1158.210997225307, 1670.0], 7, 2, 2], "58": [[4973.746712288039, 11290.577035684666, 1403.0983863944361], [3420.142245551132, 9664.309233242264, 1560.0], 15, 3, 3], "59": [[5953.0207987853355, 13290.423643672648, 1559.9998893799159], [4704.13594333939, 11294.231999562884, 1560.0], 26, 3, 3], "6": [[-10403.94107446798, 8442.861597419493, 1559.9998481013995], [-9612.990582804005, 6976.641325945217, 1560.0], 17, 3, 2], "60": [[5484.70478686913, 12324.826428877579, 1357.1861823520737], [3545.975982858747, 10286.188285105565, 1560.0], 5, 3, 3], "61": [[6403.983150536593, 10565.28391735079, 1460.8445752318619], [4916.418297738681, 9077.052648282282, 1560.0], 27, 3, 3], "62": [[7414.0354681568015, 9573.07131334218, 1509.0192431280316], [5833.908625339732, 8426.622479368265, 1560.0], 32, 3, 3],