{"0": [[-7925.83104489513, -15642.676426040074, 1560.000017066701], [-7229.627272718298, -13879.832588483494, 1560.0], 0, 1, 1], "1": [[-10290.924447820787, -15988.433577596259, 1559.9999300415789], [-8580.664829432373, -12816.978399529975, 1560.0], 0, 1, 1], "10": [[-12038.50638095985, -7306.999848315958, 1559.9998468530987], [-11498.250756150266, -7015.400292490095, 1560.0], 15, 3, 2], "11": [[-12630.13377452022, -7358.650149888299, 1559.9996543785219], [-12103.966604399257, -6988.635382037576, 1560.0], 4, 3, 2], "12": [[-14081.923134177086, -6569.241035403671, 1495.404177423766], [-13557.686212266912, -6223.679270290043, 1560.0], 10, 3, 2], "13": [[-14898.682490327106, -5915.561207969734, 1559.9998919459208], [-14252.766276153743, -5661.426407106258, 1560.0], 6, 3, 2], "14": [[-12989.11620738337, 4913.745395608273, 1429.1160848806164], [-12418.691987916722, 4092.2993103713384, 1560.0], 58, 3, 3], "15": [[-10937.322830453566, 6366.540835057715, 1449.0298744512875], [-10492.604175443623, 5363.437632549888, 1560.0], 34, 3, 3], "16": [[-11531.800249617654, 7165.119444814668, 1559.999415847188], [-10651.550010183706, 6007.260743070277, 1560.0], 46, 3, 3], "17": [[-10446.702555229565, 10141.154836211601, 1516.2975374401906], [-9472.720458332324, 7931.11837903429, 1560.0], 29, 3, 3], "18": [[-10526.773358207996, 11218.632546280016, 1363.3127101825326], [-9605.248717165938, 8304.082099694877, 1560.0], 44, 3, 3], "19": [[-8697.496140316836, 8320.793980831892, 1403.2616587600216], [-8486.310545089436, 6850.662886200629, 1560.0], 30, 3, 3], "2": [[-7123.458194500325, -15718.516918850999, 1170.956925452576], [-7534.193674352271, -12505.76189852353, 1560.0], 70, 3, 2], "20": [[-7646.812190936911, 10399.003796460072, 1319.0256793865642], [-7246.562861811779, 8360.459741473067, 1560.0], 61, 3, 3], "21": [[5518.89444806543, 12893.528523213994, 1312.290558058235], [3599.2079402572467, 10551.979885525503, 1560.0], 48, 3, 3], "22": [[7816.345586702441, 15005.384656735952, 1348.5094111762292], [5929.9001908326445, 12280.893207923902, 1560.0], 49, 3, 3], "23": [[6660.383843434354, 12799.78061392979, 1463.6293997334167], [4198.960914912718, 10405.661221729022, 1560.0], 70, 3, 3], "24": [[6627.483421639819, 12108.288093475085, 1511.8734956281332], [5197.7238538148795, 10405.2568805779, 1560.0], 13, 3, 3], "25": [[7744.116143358707, 9801.115228893359, 1452.764285874742], [5833.908625339732, 8426.622479368265, 1560.0], 26, 3, 3], "26": [[9699.022166586174, 11134.939844759441, 1600.000017602092], [8321.843646479632, 9666.33118990965, 1600.0], 84, 3, 3], "27": [[10062.673429453735, 9730.218017404435, 1382.2297990071827], [7772.943023526632, 8414.337078077144, 1560.0], 19, 2, 2], "28": [[11058.481572453775, 9516.797188997427, 1329.0890591799714], [8096.356565837671, 8026.0629116141645, 1560.0], 22, 2, 2], "29": [[10927.900776702281, 9659.533650034407, 1700.0003431212594], [9913.914052733966, 8766.554794234613, 1700.0], 0, 2, 2], "3": [[-3867.222871009376, -16137.571213949981, 1593.4748440023395], [-3734.685298847841, -13554.355276617494, 1560.0], 65, 3, 3], "30": [[11741.910447992732, 8623.363742552612, 1461.1497812104321], [10334.789483162329, 7976.717947692646, 1560.0], 41, 3, 3], "31": [[16574.42453406091, 8814.930340978697, 1900.0002686885641], [15418.004265372469, 8161.317893934855, 1900.0], 1, 2, 2], "32": [[16682.27187654682, 7640.567003861385, 1639.9998913252498], [16565.793500917764, 7375.321255295754, 1640.0], 7, 2, 2], "33": [[15743.319338984998, 7037.807360963396, 1870.000112885772], [15087.12135116803, 6632.460074315049, 1870.0], 1, 2, 2], "34": [[14284.657960022143, 6840.237352300558, 1749.9999060418832], [13813.035941377208, 6487.40497335816, 1750.0], 0, 2, 2], "35": [[12760.1629238191, 7412.444924341231, 1820.0001601509048], [11895.256681815767, 6935.951651465861, 1820.0], 0, 2, 2], "36": [[13742.620236878445, 1430.8298805798463, 1560.0002177321992], [14245.251049124397, 1356.9534517842033, 1560.0], 22, 3, 3], "37": [[14190.656501337098, -8413.639815944474, 1420.0956460971975], [13150.418794249079, -8180.199282937391, 1560.0], 13, 3, 3], "38": [[16612.79860160672, -9513.459904491, 1503.980620687005], [15278.48409874435, -9189.31984248408, 1560.0], 21, 3, 3], "39": [[23853.031572783715, -11148.887716569348, 1559.9997371979048], [22103.69177622283, -9337.678775561508, 1560.0], 6, 2, 2], "4": [[-7817.744811543543, -16279.77812696303, 1559.9998997125274], [-3620.1619587299206, -14640.767661949822, 1560.0], 0, 1, 1], "40": [[23637.30149145786, -10689.034455321857, 1649.7965255759996], [22496.412918205, -8266.130205790665, 1560.0], 15, 2, 2], "41": [[21640.74420738513, -8286.211475026064, 1681.3409652841428], [21072.925809497752, -6637.770800667856, 1560.0], 28, 2, 2], "42": [[15375.807690554944, -10546.426243538654, 1499.0097589951233], [14108.823292623936, -9988.61181512327, 1560.0], 7, 3, 3], "43": [[13158.263180205207, -11475.45230682264, 1236.3438747695998], [10187.349070462818, -10412.279752917642, 1560.0], 24, 3, 3], "44": [[15612.866236530586, -12537.1131210513, 1545.5638146505748], [13184.948109893654, -11505.371763083152, 1560.0], 35, 3, 3], "45": [[15145.981981382776, -12684.330345378323, 1559.9830817914178], [13127.977148772223, -11596.188674621131, 1560.0], 4, 3, 3], "46": [[23258.671368623556, -15145.482462551456, 2098.4357319102955], [22963.9704200857, -14320.775475153141, 1560.0], 4, 3, 3], "47": [[10026.026067024792, -13384.893994410844, 1483.851545743325], [8244.298857574795, -12044.722696453016, 1560.0], 10, 2, 2], "48": [[8493.443944805285, -14838.143482238695, 1336.9720826465814], [6313.444744314828, -12958.112825572289, 1560.0], 9, 3, 3], "49": [[-922.5129960936623, -15387.004135451694, 1508.2253696203575], [-1674.9490975771537, -13148.346867578308, 1560.0], 33, 3, 3], "5": [[-11493.236207965016, -16746.769916560035, 1630.000360748551], [-6168.176395266761, -10972.693324985132, 1630.0], 0, 1, 1], "50": [[7922.304253794007, -17190.43232942395, 1297.7103587934591], [4788.998691512574, -14151.280192108168, 1560.0], 3, 3, 3], "51": [[9909.688580245254, -19045.988328071282, 1596.8855852927181], [7789.218996200593, -16012.764200782414, 1560.0], 29, 3, 3], "52": [[11151.732553650896, -20443.65312520039, 1498.8252575390272], [8812.790557680133, -16821.248032808657, 1560.0], 28, 3, 3], "53": [[11849.640043081328, -22944.792780198943, 1537.6246142460232], [8065.5330708994115, -17694.583626059553, 1560.0], 3, 3, 3], "54": [[11627.101167446295, -25634.372306782043, 1559.9999358458504], [7503.285388652535, -18872.88726010482, 1560.0], 16, 2, 2], "55": [[21252.12389111962, -10918.268639690985, 1639.9330850531335], [19278.28641021774, -10356.852864641096, 1560.0], 18, 3, 3], "59": [[-8440.1192591697, 19039.87157064032, 1749.99989055619], [-8254.652222193745, 18743.670688054593, 1750.0], 0, 1, 1], "6": [[-10904.227489965822, -19537.742431349314, 1669.9999456152746], [-4706.37557468247, -13468.239053715082, 1670.0], 0, 1, 1], "60": [[-8477.68342506982, 17452.14085350229, 1750.0000884050235], [-8345.702752383686, 17281.059762871744, 1750.0], 0, 1, 1], "63": [[6038.055167225086, 16159.50615008621, 1626.0664907235043], [5141.29555595896, 13555.509414529837, 1560.0], 9, 2, 2], "64": [[7307.3078671582, 21226.85992617902, 1559.9998096359145], [4534.764724616445, 15588.864518872828, 1560.0], 0, 1, 1], "65": [[7157.110647519489, 21335.42667360621, 1560.0000276093133], [0, 0, 1560], 0, 1, 1], "66": [[6215.1957541100355, 21681.129310337772, 1559.9999341207244], [0, 0, 1560], 0, 1, 1], "67": [[6813.678151567571, 21480.305409567325, 1559.9999607745244], [0, 0, 1560], 0, 1, 1], "7": [[-12806.326873638156, -9603.155677781338, 1613.8851596617071], [-11698.333926655647, -8811.602932567259, 1560.0], 10, 3, 2], "8": [[-12086.894019202522, -9791.06746311803, 1569.5101951502115], [-11090.587416493587, -8973.754702948032, 1560.0], 14, 3, 2], "9": [[-10966.410468264976, -8119.518636481007, 1560.0003615375965], [-10443.734481931884, -7727.856544488, 1560.0], 7, 3, 2]}