{"0": [[-14904.181371877421, -5594.040053968318, 1496.9889906561848], [-14387.081811114278, -5367.543112920899, 1560.0], 11, 3, 2], "1": [[-14253.340669291823, -5873.992782867642, 1539.4034033004284], [-13761.802343245376, -5628.1700954613125, 1560.0], 14, 3, 2], "10": [[-8972.43337150551, -16838.175980899243, 1512.1119513808108], [-7807.4572597644465, -13069.14466228261, 1560.0], 19, 2, 2], "13": [[-8277.367519541045, -18412.99277175918, 1559.999878869042], [-3351.877010617815, -15046.235216315963, 1560.0], 0, 1, 1], "14": [[-8833.422770670386, -19755.73440417638, 1559.9999534656447], [-3761.3099412975644, -14567.801262352206, 1560.0], 0, 1, 1], "15": [[-8891.572267432432, -19489.871401403732, 1599.9997332476692], [-4342.901630038549, -13915.866977128664, 1600.0], 0, 1, 1], "16": [[8160.912015311636, -20151.68502065081, 1406.223460707556], [5329.656461132932, -16051.019500536922, 1560.0], 9, 3, 3], "17": [[7669.369831697975, -18638.392488228816, 1498.2222543918854], [5375.6785770385095, -15311.133169975956, 1560.0], 7, 3, 3], "18": [[7996.771260162727, -17916.92926503936, 1387.0617536620196], [6023.641202828402, -15000.405133239085, 1560.0], 29, 3, 3], "19": [[9569.927546270492, -17670.6327271275, 1095.9643779585426], [5589.9808412844195, -14240.449371843612, 1560.0], 8, 3, 2], "2": [[-12917.27427768675, -5894.020632193533, 1559.9999951272216], [-12523.91587536487, -5726.841720167838, 1560.0], 7, 3, 2], "20": [[9418.360901951444, -17066.71377738942, 1590.2700049661544], [8029.542112441688, -14927.490324439845, 1560.0], 11, 3, 3], "21": [[9046.600922660737, -15565.976692413551, 1306.9994727860449], [6978.1551820544755, -13422.439012175071, 1560.0], 27, 3, 3], "22": [[8387.841822151158, -13983.233814714848, 1349.8454620834395], [6187.346439659686, -12355.063718587635, 1560.0], 17, 3, 3], "23": [[8055.006460927478, -14565.56948848406, 1394.0050588428003], [5601.9724927725865, -12643.480216578077, 1560.0], 3, 3, 3], "24": [[7388.133307346616, -16881.92303571502, 1559.999723645473], [5448.568341730257, -14480.343398512574, 1560.0], 70, 3, 3], "25": [[7483.482859874271, -16079.044797642524, 1354.6283980515468], [5408.067150421719, -13799.92584852718, 1560.0], 13, 3, 3], "26": [[9947.537147079493, -31048.62409959871, 1680.0001070557241], [4853.265279622163, -19886.4017204632, 1680.0], 5, 2, 2], "27": [[11841.76723574171, -28690.117721051385, 1559.9215437773018], [5974.954401632373, -19255.572995337436, 1560.0], 26, 2, 2], "28": [[10038.38788843422, -13394.669983045555, 1382.85349315114], [8286.251036767539, -11968.499973866932, 1560.0], 18, 2, 2], "29": [[10441.815082750292, -18350.26073143665, 1559.9998310826911], [7770.638713805142, -15306.670609663382, 1560.0], 5, 3, 3], "3": [[-14258.045418494452, -6919.083660525168, 1106.9878465886397], [-14055.592574096538, -6306.210687171986, 1560.0], 40, 3, 2], "30": [[14613.18911583554, -14461.880375879844, 1560.000073953114], [12229.545043578788, -12986.171777590267, 1560.0], 6, 3, 3], "31": [[13033.912908605927, -12901.968766429083, 1520.4335920172769], [11118.788622241525, -11804.833838881596, 1560.0], 27, 3, 3], "32": [[13474.4260707098, -11035.238402920986, 1560.0004652531338], [13644.036562760339, -10762.009824803425, 1560.0], 31, 3, 3], "33": [[15364.80440131374, -10883.585277420192, 1560.0000469848746], [14487.423425928151, -10503.096921133298, 1560.0], 36, 3, 3], "34": [[13694.145556759993, -3448.6529935726435, 1510.0915491285075], [12875.687420641123, -3582.069122726316, 1560.0], 10, 3, 3], "35": [[14880.212704674637, -2742.549296771642, 1559.9998650553507], [14399.761437140418, -2923.2699183672694, 1560.0], 19, 3, 3], "36": [[16252.372241518533, -2228.0379597569463, 1775.1548716574916], [16637.361264765117, -2455.7870983497064, 1560.0], 29, 3, 3], "37": [[12070.95358319633, -1764.5198501889713, 1560.0000792900757], [11836.612506278558, -1887.3007954806185, 1560.0], 38, 3, 3], "38": [[14860.64494301, 1029.185289896737, 1750.0002440626695], [15011.89067630072, 1042.8150991104471, 1750.0], 4, 2, 2], "39": [[13839.984939349037, 684.2805194466315, 1609.9998942541245], [13696.8831540901, 594.0486990436908, 1610.0], 0, 2, 2], "4": [[-13903.505508160724, -7347.738468776559, 1559.9999401016964], [-13136.27121131589, -6937.115953874106, 1560.0], 9, 3, 2], "40": [[13098.318959204815, 2093.8173854239717, 1615.5997449788645], [12668.96308489734, 1900.1258680779895, 1560.0], 11, 3, 3], "41": [[12596.496998754074, 908.058142712485, 1560.0000523945805], [12251.045367913088, 717.8728890396673, 1560.0], 23, 3, 3], "42": [[14530.837235692576, 8250.430694443254, 1559.9998968069742], [13970.07144824614, 7732.710561015662, 1560.0], 3, 2, 2], "43": [[13943.323243981333, 8374.741093737828, 1830.0006864517716], [13871.241212399053, 8009.599178320806, 1830.0], 6, 2, 2], "44": [[13618.025147859878, 7222.320946318588, 1610.0000706570454], [13474.049347487738, 6900.370978380503, 1610.0], 5, 2, 2], "45": [[12563.790479043995, 7630.865392561043, 1329.2851498428115], [9968.928082908902, 6607.807875266015, 1560.0], 20, 2, 2], "46": [[12477.44860795242, 7637.694085006065, 1700.0000465025105], [12015.738346334227, 7210.209462362917, 1700.0], 0, 2, 2], "47": [[12132.03181240643, 7125.181861936063, 1590.0003141636348], [11873.583766666945, 6747.991579356475, 1590.0], 4, 2, 2], "48": [[11554.209197441636, 9973.47132701726, 1431.0192673290978], [9607.32848840706, 8801.47313544517, 1560.0], 23, 2, 2], "49": [[11116.90930419931, 9831.73224443383, 1559.9999072761925], [9607.32848840706, 8801.47313544517, 1560.0], 4, 2, 2], "5": [[-12860.351171582734, -7559.410008377187, 1560.0000213541337], [-12229.507001798554, -7161.8072050838355, 1560.0], 1, 3, 2], "50": [[10940.589905215755, 9870.741035363391, 1560.0002503564644], [10660.993652436982, 9241.56260691935, 1560.0], 17, 2, 2], "51": [[10226.992742705337, 10193.737933611274, 1687.7055158572757], [9278.386450729575, 9307.427351002025, 1560.0], 25, 3, 3], "52": [[9584.570733444281, 11151.101764171739, 1603.0832128309416], [7626.04282635034, 9712.686926999073, 1570.0], 28, 3, 3], "53": [[8539.00794288512, 10208.975977398663, 1420.9979121584763], [6716.203121720742, 9010.838944151934, 1560.0], 53, 3, 3], "54": [[7322.51624466341, 9683.930035469974, 1440.9823868961887], [5856.148578467071, 8525.374338536769, 1560.0], 11, 3, 3], "55": [[6707.859399249547, 11082.692094730306, 1484.9080342116295], [5376.2425769700785, 9603.783613618754, 1560.0], 7, 3, 3], "56": [[6314.463020855972, 12058.432280316756, 1338.5392839681665], [3759.012277233265, 9805.66202648798, 1560.0], 11, 3, 3], "57": [[5950.5338626861585, 12368.374916343277, 1371.0507215473092], [3850.5684539463036, 10255.482800229807, 1560.0], 4, 3, 3], "58": [[-8045.435582883554, 12491.744475193675, 1509.5257645956872], [-7541.1170765557845, 9403.215052013007, 1560.0], 35, 3, 3], "59": [[-7921.569142277148, 11798.294506805556, 1524.1770952241934], [-7626.008815833087, 9033.483010905386, 1560.0], 88, 3, 3], "6": [[-11355.998870402631, -7102.986480703098, 1560.0000800848834], [-10969.35183073636, -6845.880971262539, 1560.0], 2, 3, 2], "60": [[-8850.440691893184, 10887.233225507036, 1339.8089891077884], [-8656.532922582934, 8230.92985461641, 1560.0], 73, 3, 3], "61": [[-7986.9892038332255, 10209.958015167254, 1478.4141031127112], [-7715.491372115031, 8157.760396750703, 1560.0], 18, 3, 3], "62": [[-8537.63869136044, 8393.010074771677, 1454.778130841141], [-8375.631200235071, 6913.581187847398, 1560.0], 33, 3, 3], "63": [[-10080.108561959583, 7110.193194826085, 1491.0731236575518], [-9748.568821893123, 5932.583648144554, 1560.0], 69, 3, 3], "64": [[-10541.230272277584, 7003.483924914072, 1416.8339508663382], [-10348.188234805162, 5709.710270073687, 1560.0], 127, 3, 3], "65": [[-11347.428382419177, 6211.909461802517, 1559.9997896301213], [-10642.312099909528, 5355.70738522287, 1560.0], 56, 3, 3], "66": [[-12095.670458055773, 6197.802041124873, 1454.201585390558], [-11425.344485163536, 5195.030665779807, 1560.0], 32, 3, 3],