{"0": [[-7920.797561904432, 12520.63566249558, 1313.2762325066792], [-7679.976567595736, 9231.148227569363, 1560.0], 13, 3, 3], "1": [[-9267.161975966976, 10286.115864545836, 1713.8205082731681], [-8272.976283101227, 8341.354187794064, 1670.0], 17, 3, 3], "10": [[-12591.916064188772, 4057.6293823011983, 1455.5330682711074], [-12183.37123730147, 3496.825443542644, 1560.0], 23, 3, 2], "11": [[-14273.839829660728, -6637.841203093542, 1581.7503769932339], [-13505.323251564072, -6358.532800464488, 1560.0], 30, 3, 2], "12": [[-13227.55128366928, -7974.588808935697, 1560.0000546540457], [-12405.534115844806, -7514.903634102331, 1560.0], 49, 3, 2], "13": [[-12825.184552899695, -7848.880638083488, 1624.6434244649463], [-11976.824760783189, -7485.381942632859, 1560.0], 36, 3, 2], "14": [[-11077.781571907726, -8661.49254608822, 1559.9994209730908], [-10462.273116316102, -8149.516532795761, 1560.0], 30, 3, 2], "15": [[-12843.034651016658, -8715.894766559553, 1559.9999865415007], [-12032.13526376129, -8069.636877276369, 1560.0], 0, 3, 2], "16": [[-14275.048007137078, -9072.070295672818, 1559.9999182248996], [-13056.69557788938, -8251.882852556882, 1560.0], 3, 3, 2], "17": [[-15245.51596411018, -8458.216671877526, 1559.9998911013965], [-13937.97352885379, -7722.8552759657705, 1560.0], 10, 3, 2], "18": [[-1009.7202831514505, -16918.60561885952, 1570.9329574513129], [-894.0401320117203, -14338.052926151246, 1560.0], 53, 2, 2], "19": [[9655.913050859745, -18931.04913060068, 1486.9862872731512], [7037.462376541436, -15631.307515862049, 1560.0], 4, 3, 3], "2": [[-8961.715673183024, 8666.423931193227, 1459.6461853982432], [-8626.425744842876, 7105.343844374251, 1560.0], 45, 3, 3], "20": [[12387.338946870912, -16814.91120912037, 1560.000020431858], [9962.342950101649, -14521.939549533723, 1560.0], 55, 3, 3], "21": [[10037.647099936163, -13096.18765577187, 1289.4350951615409], [7513.79325917346, -11576.41991865686, 1560.0], 9, 2, 2], "22": [[14527.25746413403, -15001.324224317466, 1492.2013208185565], [12608.727441231222, -13390.456749005876, 1560.0], 24, 3, 3], "23": [[14526.478809653347, -13997.177911324805, 1560.000163133697], [13586.181209542547, -12955.572291855524, 1560.0], 35, 3, 3], "25": [[17144.201612724868, -10097.340603821578, 1539.6205060440411], [15748.435357391576, -9614.296694142766, 1560.0], 55, 3, 3], "26": [[15586.82766038982, -10999.031374277143, 1474.6786637461075], [14547.743119966577, -10404.94927668709, 1560.0], 34, 3, 3], "27": [[14489.18083740711, -11472.76379720563, 1523.565294868919], [13586.332742311353, -10856.569371203164, 1560.0], 37, 3, 3], "28": [[12575.247165630242, -11559.130364365743, 1483.464692009675], [10543.936694607066, -10785.984501020115, 1560.0], 35, 3, 3], "29": [[13605.659144234032, -12671.543662467053, 1486.779558209555], [12396.669261214585, -11727.85094818128, 1560.0], 14, 3, 3], "3": [[-10111.390318593249, 7079.478412658308, 1452.8567389050045], [-9748.568821893123, 5932.583648144554, 1560.0], 59, 3, 3], "30": [[15856.984223106134, -12151.404885508793, 1443.955961142448], [13356.419814627174, -11230.12031833393, 1560.0], 34, 3, 3], "31": [[-823.3043005740062, 11385.00341051363, 1663.5929297334421], [-1885.9436756323425, 9341.761935822205, 1720.0], 20, 2, 2], "32": [[-724.164099295811, 10745.903435764603, 1610.4669053109938], [-1595.0558940584447, 9053.184854881716, 1670.0], 16, 2, 2], "33": [[2480.7521506708035, 11122.463998576728, 1521.2047626708174], [1688.6742056939554, 9624.975757444843, 1560.0], 6, 3, 3], "34": [[7642.4949976943935, 12692.108781241695, 1529.4676112972206], [6805.921828934941, 11165.50232121022, 1560.0], 11, 3, 3], "35": [[8673.831003389958, 10051.5384874268, 1559.999896592403], [7478.52382792503, 8896.66438510411, 1560.0], 11, 3, 3], "36": [[9184.921183261838, 10851.7747983013, 1560.0001493725815], [8095.47106401773, 9788.852611675457, 1560.0], 11, 2, 2], "37": [[11651.912690169705, 8569.717806690944, 1749.999983086579], [10958.949171339067, 8012.238834677174, 1750.0], 0, 2, 2], "38": [[11826.326547374216, 8040.670543029698, 1560.0001043847717], [11212.725737205192, 7576.411542088228, 1560.0], 1, 2, 2], "39": [[12604.957013746809, 7826.090529096267, 1630.0001466090414], [11839.25211503573, 7288.798078687365, 1630.0], 0, 2, 2], "4": [[-11088.282573524364, 6970.143515920929, 1388.280657519378], [-10566.045125939725, 5732.9060956580515, 1560.0], 16, 3, 3], "40": [[13249.816196587897, 9660.664668161482, 1559.999776807523], [12060.64443396326, 8805.628446010762, 1560.0], 0, 2, 2], "41": [[13284.127253015156, 7454.6286431319895, 1559.999875472819], [12642.116970025912, 7053.564829661477, 1560.0], 1, 2, 2], "42": [[15130.012629945892, 9475.13656230743, 1890.000190399005], [13757.6837485963, 8664.986048565446, 1890.0], 0, 2, 2], "43": [[-8368.001733766572, 15145.148221143227, 2025.0752533991622], [-7446.889795537772, 17324.85311275544, 1950.0], 30, 2, 2], "44": [[-8913.951380334998, 16963.323319358748, 1749.9999963527948], [-8731.442764889336, 16792.909134391655, 1750.0], 0, 1, 1], "45": [[7336.25268319571, 15684.52684554265, 1713.6261303762806], [5177.207998856725, 12676.616127474806, 1870.0], 56, 3, 3], "46": [[7718.904657844, 16061.977171861838, 1752.237197635365], [5656.077274731526, 12918.24540146356, 1850.0], 22, 3, 2], "47": [[7719.884182093257, 20944.834886446683, 1559.9997537197708], [5189.982213446306, 15683.24873893882, 1560.0], 0, 1, 1], "48": [[7043.679841397029, 21323.55087344797, 1559.999851836257], [4561.913647492656, 15749.883366167676, 1560.0], 0, 1, 1], "49": [[6768.0364241168445, 21372.515989573338, 1560.0000525306002], [4231.891919780962, 15621.626521509626, 1560.0], 0, 1, 1], "5": [[-12411.252611683307, 6639.281213496359, 1476.507621845789], [-11548.727270481719, 5491.670637404298, 1560.0], 29, 3, 2], "50": [[5962.654501619227, 21776.85438725902, 1559.999800511392], [0, 0, 1560], 0, 1, 1], "6": [[-13833.011852012913, 5937.565497634574, 1498.6997512850164], [-12720.310640210633, 4880.166812509612, 1560.0], 24, 2, 2], "7": [[-13595.615378676901, 4841.099975892265, 1372.3892959125144], [-12914.608321232972, 3976.3407065272213, 1560.0], 49, 2, 2], "8": [[-12703.229721817765, 5163.315605237789, 1317.1266218540497], [-12411.484123827579, 4129.20285393972, 1560.0], 158, 3, 3], "9": [[-11927.994736193597, 5428.704698125238, 1324.3621387293013], [-11708.755017419744, 4408.626793924057, 1560.0], 81, 3, 3]}