{"0": [[-10483.83411488621, 9789.61115870269, 1496.9263620732268], [-9522.4503888198, 7723.400971524252, 1560.0], 24, 3, 3], "1": [[-12113.719515737586, 7512.522053561387, 1441.5928752610912], [-11165.665453105303, 6095.566453849388, 1560.0], 9, 3, 2], "10": [[-8568.594332865896, 173.23342491056206, 1260.1377214860715], [-9217.381766369843, -60.55067697167594, 1560.0], 61, 3, 3], "11": [[-9542.241780909453, -423.2682926484318, 1435.1348526374275], [-9773.217557952044, -514.3573453295089, 1560.0], 10, 3, 2], "12": [[-9286.131701706576, -4312.242371250232, 1451.6857017833504], [-9423.989207964807, -4279.312184514415, 1560.0], 8, 3, 2], "13": [[-13884.263446269995, -7891.716078148288, 1559.999976209476], [-13015.29210212988, -7384.316726126826, 1560.0], 5, 3, 2], "14": [[-11828.584530492964, -8344.300631938204, 1560.0000119762647], [-11155.2383932022, -7861.510216468067, 1560.0], 4, 3, 2], "15": [[-7833.1689467094675, -15860.551854363992, 1560.0001153282753], [-7105.339376418946, -13792.544971502908, 1560.0], 0, 1, 1], "16": [[2181.8906489523124, -17422.057911166354, 1496.8304020536225], [750.8918174472583, -14422.297986197626, 1560.0], 37, 3, 3], "17": [[3761.505574239778, -15768.98433859557, 1348.4792958635953], [1318.456884942459, -13178.945254173377, 1560.0], 38, 3, 3], "18": [[5222.989917838756, -16697.312044172177, 1326.3168693164032], [3313.6338240609907, -13984.069563093486, 1560.0], 12, 3, 3], "19": [[7997.6992387582195, -14808.627426462539, 1230.290221200837], [5140.329441234984, -12721.582061580837, 1560.0], 11, 3, 3], "2": [[-11772.641164609893, 6967.103519884776, 1507.160212886993], [-10898.816563015263, 5821.669895350634, 1560.0], 6, 3, 2], "20": [[8188.278255491613, -16320.13257142539, 1444.7427196656588], [5804.170331863895, -13870.287209795044, 1560.0], 9, 3, 3], "21": [[7912.768757787395, -19227.23936118603, 1569.2184311402416], [5862.872004866952, -15938.942856709886, 1560.0], 6, 3, 3], "22": [[9232.43683063482, -18200.31294298991, 1559.999991748925], [7599.802450400312, -15551.714814487332, 1560.0], 15, 3, 3], "23": [[8718.681309406013, -19917.35056893998, 1569.1734517093885], [6553.9118888723615, -16307.784356462276, 1560.0], 9, 3, 3], "24": [[12367.736256616085, -18754.466340921583, 1493.5290593060724], [9186.048289634375, -15607.128122259335, 1560.0], 6, 3, 3], "25": [[13174.35657422686, -16712.558694589916, 1674.4373052329258], [11544.38599285938, -14876.792814866647, 1560.0], 4, 3, 3], "26": [[11991.149093176693, -13892.99571455739, 1544.5274807701574], [10617.14449732846, -12628.73247875618, 1560.0], 15, 3, 3], "27": [[12617.903440686492, -12403.808379920165, 1559.9999384837183], [11798.917497855264, -11680.70638782894, 1560.0], 33, 3, 3], "28": [[12630.437893086932, -10736.673458649793, 1448.968219291347], [9925.696211481718, -9869.348292337763, 1560.0], 27, 3, 3], "29": [[15710.561683214586, -11570.724083736191, 1508.7802176643838], [14247.06814201159, -10890.849943749421, 1560.0], 33, 3, 3], "3": [[-9930.21963396656, 7260.526220252831, 1419.2124248064672], [-9645.63954260274, 6030.129293062145, 1560.0], 68, 3, 3], "30": [[16537.599555097586, -10591.160167658896, 1531.1751718609362], [15432.111584757615, -10128.862652983042, 1560.0], 72, 3, 3], "31": [[15669.032370104303, -9410.317636082349, 1448.7209972431472], [14638.11894504428, -9082.472222127177, 1560.0], 37, 3, 3], "32": [[16679.67485852201, -8359.754748755731, 1538.5182828318184], [15834.387519632453, -8231.60043591682, 1560.0], 39, 3, 3], "33": [[15278.814981262762, -6827.238660174962, 1559.999738023404], [14472.000909644226, -6896.128744456969, 1560.0], 27, 3, 3], "34": [[14333.24701779145, -4806.066585449356, 1500.422767909808], [14195.682059595207, -4791.268796321936, 1560.0], 15, 3, 3], "35": [[13728.689747244547, -3359.953376184462, 1575.1648212760645], [14142.282236586683, -3505.840707820648, 1560.0], 13, 3, 3], "36": [[10330.56626952566, -4614.139403056621, 1429.5224750750917], [10194.193284680892, -4649.604358374857, 1560.0], 21, 3, 3], "37": [[-6283.798472948185, 10520.569695673044, 1335.4885143696315], [-6142.718355262248, 8562.377353149586, 1560.0], 31, 3, 3], "38": [[-5500.473384465246, 11291.560350709513, 1305.7698159469828], [-5965.404591172152, 8810.156652982185, 1560.0], 58, 3, 3], "39": [[1609.7911725304184, 11345.852925719459, 1437.7434635578554], [132.26873879126396, 9428.430353649886, 1560.0], 20, 3, 3], "4": [[-10665.909289598076, 4228.748182529482, 1536.1911796056058], [-10389.906125723966, 3778.6239806110516, 1560.0], 8, 3, 2], "40": [[6119.142964454181, 8676.904873574007, 1285.658403933433], [3869.1988640478753, 7321.733221233483, 1560.0], 25, 3, 3], "41": [[6622.256779144862, 7703.505510783429, 1249.676564461172], [4713.7713262753705, 6625.020829455993, 1560.0], 12, 3, 3], "42": [[3025.6079998600685, -943.7222927248616, 1559.9999162866106], [3489.792328972911, -947.8913976540539, 1560.0], 11, 3, 3], "43": [[6968.5158274877795, 10955.510614928735, 1513.2697659036912], [5334.865202342554, 9411.385757540662, 1560.0], 17, 3, 3], "44": [[6123.218304500527, 10605.669773334912, 1480.821417046891], [3877.770132812472, 8854.146833131093, 1560.0], 29, 3, 3], "45": [[6795.777265009585, 9791.771581467152, 1440.5114792246939], [5124.898178723256, 8448.999260070277, 1560.0], 8, 3, 3], "46": [[7842.899927124837, 9668.960854492265, 1559.9998594770632], [6646.805244361636, 8706.4531770157, 1560.0], 17, 3, 3], "47": [[8029.698387289016, 10214.830124252685, 1580.5354780913126], [7163.6018400258545, 9263.274785190712, 1560.0], 15, 3, 3], "48": [[8315.774624347236, 10816.167141717566, 1560.0000661905026], [6853.382231882423, 9619.837470440716, 1560.0], 12, 3, 3], "49": [[9081.564595605989, 10159.873134484507, 1560.000042794297], [8379.97701623485, 9203.973904253282, 1560.0], 79, 3, 3], "5": [[-12061.401152934182, 5315.063369132491, 1385.4930860127893], [-11645.84837701917, 4406.894209199286, 1560.0], 76, 3, 3], "50": [[12593.395678451167, -24231.548290125105, 1559.999659571374], [8551.83935895026, -18420.32050684735, 1560.0], 11, 2, 2], "51": [[18716.12254453148, -14013.663983475395, 1419.6019129908775], [16770.499426732422, -12689.292903379546, 1560.0], 30, 3, 3], "52": [[22250.72023054676, -13582.51099467221, 1560.0000734389257], [19576.389449097656, -12396.387699339988, 1560.0], 26, 3, 3], "53": [[13195.560753077454, 3645.720734943463, 1570.0001488581693], [13195.57397338797, 3588.7846406989265, 1570.0], 2, 2, 2], "54": [[13327.057400560512, 6771.602773782549, 1489.9382948688153], [12426.8881631115, 6320.811553780896, 1560.0], 35, 2, 2], "55": [[11003.975022933571, 7875.688446623415, 1560.0000233066653], [10675.193032976473, 7431.430420496662, 1560.0], 12, 2, 2], "56": [[12299.4032266895, 8851.961086654563, 1559.9999473849969], [11930.685306423904, 8324.759443219315, 1560.0], 5, 2, 2], "57": [[13017.032929260242, 9625.698979334513, 1560.0000267520782], [12672.430563769161, 9099.371156612116, 1560.0], 9, 2, 2], "58": [[14346.036615041865, 9341.042613854514, 1689.9998674832184], [14231.306994461858, 8836.324312904013, 1690.0], 12, 2, 2], "59": [[16099.963867816274, 9499.825595978406, 1869.9997231134776], [14456.264702877745, 8629.141302976743, 1870.0], 1, 2, 2], "6": [[-11929.670623864436, 6132.027872938827, 1337.0023427153935], [-11465.641680559258, 4998.633553115105, 1560.0], 57, 3, 3], "60": [[16630.617455405172, 7627.902517530811, 1559.9995302164077], [14908.147732365522, 6885.873013983196, 1560.0], 5, 2, 2], "61": [[-7786.8708057872955, 21482.37268480064, 1749.999736014767], [-7582.048473088249, 20967.21456589513, 1750.0], 0, 1, 1], "62": [[-9423.398265794862, 21232.342235884847, 1749.999694163139], [-8946.353649348755, 20502.892002668792, 1750.0], 0, 1, 1], "63": [[-9372.010866839773, 20442.87113671596, 1750.000008932076], [-8965.877852477091, 19851.454071254495, 1750.0], 0, 1, 1], "64": [[-9186.281411110427, 19291.584478973255, 1750.0001190301514], [-8886.929725640044, 18898.349051109173, 1750.0], 0, 1, 1],