{"0": [[-7684.429735471122, 11496.396326300795, 1341.1919159328334], [-7591.187324968912, 8734.8614902089, 1560.0], 33, 3, 3], "1": [[-10422.217210468432, 8660.850674584684, 1520.8148524067676], [-9686.853950840145, 7004.286483161261, 1560.0], 60, 3, 3], "10": [[-11864.417985429984, -6517.905325349431, 1408.0262675260794], [-11756.458794940923, -6232.872884415494, 1560.0], 9, 3, 2], "11": [[-14063.51538202662, -5356.834440895457, 1445.5545391817645], [-13765.613026980118, -5149.324534923953, 1560.0], 10, 3, 2], "12": [[-14768.057510621313, -6396.966701834804, 1559.9984450818465], [-14065.829806239393, -6086.365515385627, 1560.0], 10, 3, 2], "13": [[-13062.095633292929, -7234.494140082223, 1492.3111665759789], [-12591.11371496777, -6831.9002683772715, 1560.0], 10, 3, 2], "14": [[-11571.189828767365, -8121.263424919484, 1495.8223766383055], [-11149.963394966757, -7627.4657876098045, 1560.0], 12, 3, 2], "15": [[-13325.42127177556, -7927.60895846508, 1560.0001528819716], [-12522.728799544266, -7463.218719107208, 1560.0], 6, 3, 2], "16": [[-14950.699506336834, -7556.058931825265, 1559.9999625226521], [-13965.209614445572, -7043.85809593753, 1560.0], 2, 3, 2], "17": [[-13910.034700724402, -8763.23257122138, 1560.000403355154], [-12822.233233294219, -8071.446332781863, 1560.0], 12, 3, 2], "18": [[-12534.07668320135, -11850.83471623251, 1737.7375786300001], [-10840.867292049124, -10414.737919505278, 1560.0], 11, 3, 2], "19": [[-11929.373173192838, -14539.762863644692, 1560.0000430590017], [-10063.455105228299, -11719.993255699415, 1560.0], 8, 2, 2], "2": [[-11252.336807535163, 7699.054075852392, 1405.715877809754], [-10688.078668400625, 6160.928108844783, 1560.0], 76, 3, 3], "20": [[-7520.472682169308, -14781.706813767494, 1075.1463590888293], [-7185.984596016951, -12552.186959568782, 1560.0], 65, 3, 2], "21": [[-8156.623330419585, -15719.07728889463, 1170.753872770423], [-7786.838925756952, -12816.802642389972, 1560.0], 49, 3, 2], "22": [[8835.844319197653, -18122.02012957805, 1559.9999812258213], [7160.2819391686835, -15453.77987510099, 1560.0], 2, 3, 3], "23": [[9121.701786207594, -17470.5423799533, 1546.438526008491], [7093.108957464494, -14812.33459028688, 1560.0], 22, 3, 3], "24": [[8842.132933457293, -16947.464886375277, 1441.2846102978692], [6399.8931513109, -14396.146198214508, 1560.0], 16, 3, 3], "25": [[9757.696739340803, -17206.94777601453, 1559.9998955998042], [8073.00000809829, -14862.932237431734, 1560.0], 15, 3, 3], "26": [[10066.487565091207, -16992.502859074695, 1438.84166058665], [7785.827791399928, -14515.046727305576, 1560.0], 5, 3, 3], "27": [[10133.674087987883, -16656.360526473276, 1492.0430378997949], [7913.20100412291, -14316.994708694838, 1560.0], 5, 3, 3], "28": [[8573.324155395787, -19184.38404682281, 1534.5162120504906], [6050.68761670178, -15664.571779010948, 1560.0], 4, 3, 3], "29": [[9477.564171075803, -19075.124262247664, 1488.2947843496042], [6996.693586661305, -15689.7324064385, 1560.0], 14, 3, 3], "3": [[-11044.879630807927, 7158.610378548364, 1345.9815736723815], [-10703.635119328485, 5761.182941288809, 1560.0], 106, 3, 3], "30": [[11579.472096264088, -16956.655417519236, 1559.9999332363711], [9765.888361182435, -14803.303165701624, 1560.0], 40, 3, 3], "31": [[15461.392529302051, -7888.588753071495, 1560.0000988191086], [14706.833359048656, -7728.602006818485, 1560.0], 30, 3, 3], "32": [[12019.165157280337, -8438.703403135762, 1350.0466250709617], [11368.971114002079, -8120.936251253026, 1560.0], 25, 3, 3], "33": [[17224.74556305637, -10219.92930538181, 1560.0003104507869], [16291.619018577208, -9942.639204053534, 1560.0], 21, 3, 3], "34": [[14686.185404288104, -10257.195292916502, 1559.9999018549574], [13563.382085049032, -9775.617867708826, 1560.0], 17, 3, 3], "35": [[15951.819667993748, -11481.413678085264, 1560.0001027462908], [16305.496101055249, -11101.26896427225, 1560.0], 30, 3, 3], "36": [[14214.026437303271, -11664.325616023669, 1274.4305167335135], [12947.560554941478, -10823.29700876394, 1560.0], 61, 3, 3], "37": [[12742.019095186219, -10932.349205434795, 1417.3814611691305], [11452.33437258148, -10192.067486854192, 1560.0], 12, 3, 3], "38": [[9844.534949315774, 9742.555399561483, 1870.7558594387997], [8303.420916531104, 8882.304804501058, 1560.0], 146, 3, 2], "39": [[10531.605740957408, 9518.347321539432, 1559.9997782807984], [9089.202126464583, 8535.630837347657, 1560.0], 17, 2, 2], "4": [[-10006.683794559027, 7223.822686759198, 1330.3171085379772], [-9841.35918855213, 5880.613613304446, 1560.0], 76, 3, 3], "40": [[11614.131978390335, 8733.918016531721, 1670.0000214662466], [10316.616138353029, 7950.519650131513, 1670.0], 2, 2, 2], "41": [[12532.51622280065, 7069.129973241284, 1469.198776570102], [10887.434931674274, 6405.009690504548, 1560.0], 20, 2, 2], "42": [[13334.669691079083, 8137.8471447877955, 1560.0000226964235], [12234.342742186665, 7515.416740204606, 1560.0], 0, 2, 2], "43": [[14182.939746297538, 7438.987484870082, 1559.9999251541747], [13166.55922694676, 6951.610300815096, 1560.0], 1, 2, 2], "44": [[14677.06129079109, 7363.7254819346945, 1559.9995643275865], [13705.071546242574, 6846.433001241246, 1560.0], 3, 2, 2], "45": [[15403.237118094778, 7091.061823363513, 1560.0000764065512], [14218.648455012328, 6610.058957392076, 1560.0], 0, 2, 2], "46": [[16128.113074844361, 9956.535360434284, 1949.9999757876737], [15487.697581225433, 9260.251927029607, 1950.0], 8, 2, 2], "47": [[13406.201666576068, 1968.4687513123845, 1463.3224357938302], [13181.27838605273, 1723.9485388677701, 1560.0], 23, 3, 3], "48": [[13668.740861015585, 2563.3290020102713, 1440.961797951052], [12793.798916026853, 2259.927008100046, 1560.0], 11, 3, 3], "49": [[15883.141528722284, 2930.6339928887674, 1559.9997598352968], [15416.98036684927, 2820.439148084509, 1560.0], 7, 2, 2], "5": [[-11879.478477162047, 6005.660420525369, 1388.668262083886], [-11409.0011247127, 4960.936929841485, 1560.0], 69, 3, 3], "50": [[18696.922517653, -14049.633940992739, 1559.999891253152], [16628.82692330374, -12880.571257778784, 1560.0], 17, 3, 3], "51": [[22782.392279912907, -11759.866473453321, 1465.9875326664383], [21000.059920027266, -10456.554601042782, 1560.0], 15, 2, 2], "52": [[22463.968161577486, -9519.757562986128, 1559.9999941332035], [20636.984731701472, -9693.24327633174, 1560.0], 9, 2, 2], "53": [[7707.658728985575, 16285.504904045349, 1747.5043082324974], [5735.112095205158, 13126.48102228665, 1840.0], 26, 3, 2], "54": [[6342.989584919054, 18250.728596015535, 1729.5458514636503], [3735.2071756608143, 13690.775762018768, 1950.0], 30, 3, 2], "55": [[7091.681530159538, 17975.143182357304, 1707.990878136482], [5112.046189344654, 13985.289665894885, 1950.0], 68, 3, 2], "56": [[5994.803974973795, 20974.978991088945, 1560.000413571152], [3922.6552514389978, 15574.187098877337, 1560.0], 10, 2, 2], "57": [[7647.506457965637, 21037.92109457904, 1559.999779221648], [4844.578567116476, 15553.714753580447, 1560.0], 0, 1, 1], "58": [[7539.14994901985, 20996.446760479583, 1559.9999952267437], [4844.578567116476, 15553.714753580447, 1560.0], 0, 1, 1], "59": [[6707.848590059838, 21473.087872136, 1559.999977150737], [4245.210220897906, 15700.7505444906, 1560.0], 0, 1, 1], "6": [[-12964.553004536521, 5615.344382756928, 913.4293104741358], [-12878.911464120429, 4151.579824632249, 1560.0], 62, 2, 2], "60": [[7125.096796508304, 21274.634952134078, 1560.0000010705098], [4548.383328460144, 15669.48098799101, 1560.0], 0, 1, 1], "61": [[6442.898715474038, 21563.137061031415, 1559.9999041019103], [3935.7735523536076, 15652.058499909066, 1560.0], 0, 1, 1], "62": [[5801.950582979114, 21905.772605591377, 1559.9998982088032], [3363.0872158305106, 15706.151347715038, 1560.0], 0, 1, 1], "63": [[5394.924755218564, 22057.892380854813, 1559.9997835297177], [3086.178684486224, 15729.916003611412, 1560.0], 0, 1, 1], "64": [[5406.271202179028, 22103.643827693097, 1559.99967336427], [3098.459544143092, 15803.282743465497, 1560.0], 0, 1, 1],