{"0": [[-9585.203098265625, 11232.382365357273, 1485.2418499832795], [-8750.198461567898, 8569.574661024382, 1560.0], 34, 3, 3], "1": [[-8853.208202070222, 11176.566942804206, 1262.2550471259133], [-8531.055243097784, 8389.656714505325, 1560.0], 14, 3, 3], "10": [[-12607.833517026553, -10470.182241666671, 1559.9995525831087], [-11486.757253056798, -9339.062878657147, 1560.0], 17, 3, 2], "11": [[-13892.50826204073, -11399.751994630828, 1717.5380453240002], [-11963.946397622403, -9961.26980587656, 1560.0], 13, 3, 2], "12": [[-10134.280732732186, -16461.291301078512, 1669.7008197344808], [-8516.510397980868, -12821.907925256914, 1660.0], 12, 2, 2], "13": [[-10940.041784493304, -17163.298896390734, 1639.9999066014482], [-8922.793745101315, -12714.5656602847, 1640.0], 0, 1, 1], "14": [[7556.718414727687, -17236.477043747116, 1463.1346979442305], [5413.388954192989, -14539.459421956977, 1560.0], 3, 3, 3], "15": [[8536.043105018969, -17901.63054066833, 1412.6096223327331], [6060.928234011795, -14941.582551096508, 1560.0], 9, 3, 3], "16": [[9955.172007846983, -13168.350035137324, 1296.7845978388284], [7474.383512379054, -11651.91920691555, 1560.0], 10, 2, 2], "17": [[12013.42471226802, -17281.620317045017, 1550.0031089904169], [9717.021076317978, -14872.589933520338, 1560.0], 18, 3, 3], "18": [[12153.717430135996, -20494.969846592227, 1507.317261936133], [8955.959439152384, -16645.88365570368, 1560.0], 14, 3, 3], "19": [[12291.933479044417, -24037.095625087964, 1559.9998005285258], [8600.089296294098, -18371.32920585461, 1560.0], 7, 2, 2], "2": [[-8716.410666479289, 10878.576068739141, 948.7212826693645], [-9003.415623911407, 7852.275476751806, 1560.0], 21, 3, 3], "20": [[11486.350591588507, -25652.244724705666, 1559.999950932395], [7503.285388652535, -18872.88726010482, 1560.0], 5, 2, 2], "21": [[20450.386592425657, -17923.888049128756, 1995.6867964012363], [20678.518036341335, -16656.750516270055, 1560.0], 18, 3, 3], "22": [[21374.27960225942, -14345.253665749697, 1815.70273622484], [20539.653716938228, -11672.769057736452, 1560.0], 37, 3, 3], "23": [[17172.40770762215, -15758.628777043, 1983.3808823624845], [16831.7893575162, -14713.850464542584, 1560.0], 6, 3, 3], "24": [[15117.991889599665, -14412.315838235336, 1520.0376792745737], [13466.517366884898, -13128.320182656716, 1560.0], 29, 3, 3], "25": [[15573.568725338528, -10878.999094272218, 1453.7667401633869], [13933.879969220414, -10282.165532892222, 1560.0], 26, 3, 3], "26": [[17131.794926015435, -10214.378859165032, 1560.000515415767], [14972.492596387277, -9704.337081301897, 1560.0], 30, 3, 3], "27": [[12715.254903799527, -11511.20278278824, 1520.3316448430094], [11731.726689549314, -10759.585364821534, 1560.0], 16, 3, 3], "28": [[21303.02321558115, -10526.2188517392, 1559.999806749315], [19992.144411959805, -10610.356935598169, 1560.0], 20, 2, 2], "29": [[21863.068339389807, -9145.715012175646, 1766.8341546876097], [21163.523045343467, -7371.022301818702, 1560.0], 97, 2, 2], "3": [[-8497.893527369077, 8378.605496573611, 1368.9685427451413], [-8385.290082773728, 6865.127896604212, 1560.0], 17, 3, 3], "30": [[9133.66757076155, 11454.8800613285, 1595.7360785033213], [7788.860815331382, 10252.921388651823, 1560.0], 25, 2, 2], "31": [[5852.947176306677, 12544.115675627289, 1476.7653548483588], [3886.852384760759, 10435.089393999506, 1560.0], 11, 2, 2], "32": [[16489.570773948286, 10822.44243287926, 1749.9999220431907], [16531.762763926537, 11168.395051715452, 1750.0], 0, 1, 1], "33": [[16584.44913993766, 7950.384230599922, 1749.9999795867705], [16533.74934621587, 8082.482940536657, 1750.0], 0, 1, 1], "34": [[9412.522936588066, 10602.408429388432, 1750.0000019426318], [6306.498389009751, 11277.5936823697, 1750.0], 0, 1, 1], "35": [[-9712.658780565418, 13925.74274217164, 2009.9336873119587], [-8484.528598701227, 15802.193004167979, 1950.0], 32, 2, 2], "36": [[-9225.917922810662, 14069.509393458355, 2006.5785990412605], [-8041.801682682649, 15960.599852521005, 1950.0], 30, 2, 2], "37": [[-9815.094702077842, 17339.07664740776, 1750.00016654703], [-9480.872897900965, 17043.147524973236, 1750.0], 0, 1, 1], "38": [[-9553.485332886376, 19615.06487989541, 1749.9998934650814], [-9170.013447457535, 19108.712091137608, 1750.0], 0, 1, 1], "39": [[-9356.87549847221, 21698.72998978509, 1750.0000546533784], [-8863.962564512703, 20862.398847771805, 1750.0], 0, 1, 1], "4": [[-10093.671799656879, 7145.2182800850205, 1337.733893556325], [-9932.963787716679, 5829.26991842956, 1560.0], 47, 3, 3], "41": [[7576.452453809562, 16367.533374317609, 1748.8493616180094], [5752.626890993875, 13218.267372667367, 1840.0], 24, 3, 2], "42": [[7539.14994901985, 20996.446760479583, 1559.9999952267437], [4844.578567116476, 15553.714753580447, 1560.0], 0, 1, 1], "43": [[6768.0364241168445, 21372.515989573338, 1560.0000525306002], [4231.891919780962, 15621.626521509626, 1560.0], 0, 1, 1], "44": [[6968.419266086971, 21377.09734457129, 1559.9995633412345], [4218.488266404737, 15542.287817291144, 1560.0], 0, 1, 1], "5": [[-12551.532339680014, 5217.711282033608, 1515.3783631782699], [-11885.425746198462, 4451.967191122884, 1560.0], 62, 3, 3], "6": [[-13709.618988667982, 4836.906553825988, 1410.2762500154524], [-12956.493937520476, 4014.3939226059883, 1560.0], 17, 2, 2], "7": [[-13343.600191165551, 6113.895007039249, 1315.6537832945373], [-12577.989354256439, 4851.463280956096, 1560.0], 37, 2, 2], "8": [[-10471.861859559824, -9053.777890253647, 1559.9999206907883], [-9876.52852653031, -8500.713039991499, 1560.0], 9, 3, 2], "9": [[-9202.254988237182, -12549.826852786615, 1560.0000765418526], [-8381.899515411134, -10971.589859134727, 1560.0], 7, 3, 2]}