{"0": [[-11564.758774261421, -12863.908567614619, 1560.000099937321], [-10098.524045671464, -10960.631464418177, 1560.0], 24, 3, 2], "1": [[-11817.39489520372, -12210.286001868622, 1146.4730043592335], [-11125.000632753427, -10095.122935470667, 1560.0], 15, 3, 2], "10": [[-1019.6222111633658, -14986.571452688671, 1643.8208413048205], [-1402.0698051000568, -13061.388118185636, 1560.0], 18, 3, 3], "11": [[8109.065450119099, -21296.558514719814, 1519.1812106079065], [5347.631969400258, -16659.98327768321, 1560.0], 11, 3, 3], "12": [[8687.63189656615, -19562.129723260998, 1560.0000109283287], [6633.641380661819, -16198.754013944685, 1560.0], 10, 3, 3], "13": [[9347.099490837203, -17520.753865561157, 1391.2472812558583], [7093.108957464494, -14812.33459028688, 1560.0], 10, 3, 3], "14": [[8488.529794972334, -17745.52170217152, 1482.967570880616], [6509.528669670273, -14969.437929181599, 1560.0], 9, 3, 3], "15": [[7534.267061571811, -18751.32132408737, 1249.2003573633435], [4594.333454906187, -15189.509190680457, 1560.0], 13, 3, 3], "16": [[7803.190338764824, -16943.44453586426, 1413.3926182550676], [5554.523720453945, -14300.937947669901, 1560.0], 4, 3, 3], "17": [[7616.860890028448, -15220.73606914044, 1312.497369666387], [6093.57390563544, -13357.380649450406, 1560.0], 30, 3, 3], "18": [[8366.717217991825, -15356.487588889375, 1213.8518510803099], [5758.430966619505, -13163.61274720522, 1560.0], 7, 3, 3], "19": [[10237.503003174495, -13144.138314062367, 1374.169659555206], [9317.048028628622, -11986.86874631998, 1560.0], 92, 2, 2], "2": [[-11907.207729248361, -11512.09421014379, 1115.2055681797472], [-11341.834629629147, -9686.336961518968, 1560.0], 19, 3, 2], "20": [[12396.957357531828, -16442.354261540106, 1560.0004735929965], [16907.88432185575, -18326.58753585944, 1560.0], 0, 3, 1], "21": [[14777.791988076784, -15433.161991018778, 1632.4375571332903], [13441.113709599387, -14133.190530236823, 1560.0], 12, 3, 3], "22": [[15999.352208829992, -13652.80028528298, 1654.8953569335583], [15113.556222607196, -12829.471167182486, 1560.0], 15, 3, 3], "23": [[18640.368950769538, -11772.291727288515, 1710.0000702927016], [17675.23757659848, -11144.231515609476, 1710.0], 6, 2, 2], "24": [[17320.863153968898, -10435.180240678548, 1560.0002085326257], [16225.91170894481, -10046.956244364897, 1560.0], 24, 3, 3], "25": [[16478.52369524288, -10568.858504653143, 1588.3173138407533], [16029.380931970521, -10356.814545809088, 1560.0], 43, 3, 3], "26": [[16958.489068105246, -9389.704818660124, 1559.9999299456913], [16003.117052507841, -9193.622938750057, 1560.0], 26, 3, 3], "27": [[16243.787699186581, -11013.989643418028, 1443.6265472385987], [14668.6550129239, -10207.200509785216, 1560.0], 32, 3, 2], "28": [[15517.046742489107, -11341.885225180178, 1411.2387796491398], [12652.100812923347, -10235.878100338357, 1560.0], 11, 3, 2], "29": [[16245.47397948138, -9559.109135220422, 1560.000027997919], [15217.117962186678, -9293.296740669944, 1560.0], 36, 3, 3], "3": [[-11142.662642387844, -8154.375978481058, 1559.8174644079795], [-10688.676485491793, -7705.049323217339, 1560.0], 12, 3, 2], "30": [[15232.034052097637, -11330.794411983155, 1560.0001190073467], [14367.059813485788, -10697.94027958334, 1560.0], 3, 3, 2], "31": [[14191.826446668325, -12537.962920086578, 1586.6716200791757], [13652.85641844026, -11826.49852573003, 1560.0], 15, 3, 3], "32": [[13861.531824859616, -12579.864954374563, 1559.9999798388994], [13593.975405454257, -11917.424262897375, 1560.0], 20, 3, 3], "33": [[14640.984747816397, -10493.124453379534, 1522.6259678357803], [18818.42730206428, -11013.48990952704, 1560.0], 93, 3, 2], "34": [[14776.631998635658, -9045.663884066, 1492.2893961883087], [18341.944150593554, -9206.709939885217, 1560.0], 53, 3, 2], "35": [[14088.353949889455, -10283.218045229494, 1495.4011772083836], [12355.885679680185, -9652.192045810236, 1560.0], 14, 3, 3], "36": [[12821.242136026407, -10343.881087261341, 1317.699453432496], [10655.36287416831, -9525.716963832088, 1560.0], 7, 3, 3], "37": [[12399.421784452112, -13887.793066444521, 1475.3738847907048], [10617.14449732846, -12628.73247875618, 1560.0], 19, 3, 3], "38": [[12634.262652626798, -14317.332432437139, 1559.9999989207047], [10967.81172119264, -13012.789861239033, 1560.0], 44, 3, 3], "39": [[16486.944670831894, 802.3895983983746, 1870.0000786125925], [16262.236906987004, 759.7323460977882, 1870.0], 1, 2, 2], "4": [[-12555.4717651579, -6600.601827203809, 1559.9998438927382], [-12095.916801261783, -6364.758603768877, 1560.0], 7, 3, 2], "40": [[14704.699698431785, 407.05780924228674, 1708.2517950368604], [15740.99146780498, 256.5105983266355, 1560.0], 22, 3, 3], "41": [[13340.043034264969, 1022.345584146009, 1605.8406040000866], [14060.298493422517, 863.9530857416968, 1560.0], 17, 3, 3], "42": [[12207.770549430026, 1121.5272512963627, 1776.151705801307], [13817.542493807638, 1191.587548275318, 1630.0], 15, 3, 3], "43": [[18404.433501030162, 8366.077664156495, 1839.9999140420148], [17701.49441143034, 7860.36238379293, 1840.0], 5, 2, 2], "44": [[16989.949653169508, 9005.481199759128, 1790.000031625543], [16070.18492335233, 8349.036448176943, 1790.0], 0, 2, 2], "45": [[15840.60745459756, 7527.047705471846, 1650.0003187879634], [15797.899859083265, 7196.64820027059, 1650.0], 8, 2, 2], "46": [[15618.258736840686, 7424.288040944081, 1800.000270580239], [14262.925816218773, 6817.42091285183, 1800.0], 2, 2, 2], "47": [[15898.570025722149, 9858.561568595685, 1840.0001518803806], [15433.39023797911, 9266.138450900351, 1840.0], 5, 2, 2], "48": [[15277.386881719944, 8055.413646554367, 1620.000255410243], [14164.031828556293, 7416.921315916778, 1620.0], 2, 2, 2], "49": [[15268.834893637435, 7036.300354715785, 1599.9999191112556], [15311.44544818735, 6848.905478869731, 1600.0], 10, 2, 2], "5": [[-13665.149545857666, -6112.20255688557, 1462.5890182593334], [-13260.879720246168, -5851.8798939422295, 1560.0], 14, 3, 2], "50": [[15049.64945596072, 8576.676173636703, 1720.0004212815038], [14451.45220686625, 8063.9403650234335, 1720.0], 1, 2, 2], "51": [[14921.813821173746, 9410.068485242135, 1899.9998656268367], [13701.070467849897, 8647.163526924756, 1900.0], 1, 2, 2], "52": [[14434.32356690419, 6955.8019845352, 1560.0003891327933], [14908.147732365522, 6885.873013983196, 1560.0], 18, 2, 2], "53": [[14073.707362958452, 6962.365784149632, 1770.000113701878], [14432.745965895683, 6861.644197297716, 1770.0], 20, 2, 2], "54": [[14347.54258757257, 7953.148501917078, 1810.0005262564273], [13830.48070836286, 7535.59974046589, 1810.0], 1, 2, 2], "55": [[14549.945129380194, 9819.34525426995, 1830.0006572448644], [14245.889206651165, 9282.30339377137, 1830.0], 8, 2, 2], "56": [[13916.044512151877, 8030.2451358346625, 1559.9999422953013], [13349.884068234234, 7574.8435366651365, 1560.0], 1, 2, 2], "57": [[13394.227638214308, 6911.664170075641, 1650.000005499375], [13183.45610011457, 6593.74802621858, 1650.0], 1, 2, 2], "58": [[13683.555790909777, 9658.687152637007, 1759.999895925878], [12737.319886628853, 8854.161433703974, 1760.0], 0, 2, 2], "59": [[13275.176087223967, 8714.315770579738, 1560.0001103557013], [12404.584216764482, 8122.683362727653, 1560.0], 0, 2, 2], "6": [[-14510.559673136442, -6203.78297814944, 1559.9998853103095], [-13848.194819232376, -5945.1798532331895, 1560.0], 3, 3, 2], "60": [[12429.70661301533, 7273.401715417061, 1511.3996772211967], [11532.96487235146, 6891.400556992657, 1560.0], 30, 3, 3], "61": [[12419.391559333417, 8037.485467808952, 1660.0003398997617], [11192.004815716247, 7334.680858034443, 1660.0], 2, 2, 2], "62": [[13272.130434012593, 9075.872114128675, 1559.9998880125527], [13098.503044718715, 8656.794441413167, 1560.0], 6, 2, 2], "63": [[20479.340879958396, 7947.370967644296, 1860.0002544107092], [19729.145664096013, 7526.698137535636, 1860.0], 3, 2, 2], "64": [[21965.03350075852, 8269.966266825426, 1978.110395853084], [22737.1310296179, 8024.047086809658, 1950.0], 30, 3, 2],