{"0": [[-7073.5963038703, 10682.026870203708, 1445.5948324046965], [-6991.002874846796, 8516.778626898391, 1560.0], 24, 3, 3], "1": [[-6879.495497570965, 11676.344352298307, 1189.5856874624683], [-7277.579969854483, 8728.200619493426, 1560.0], 51, 3, 3], "10": [[-13417.240688927708, 6494.872678663345, 1069.176518100902], [-12825.369981547938, 4841.839239440641, 1560.0], 84, 2, 2], "11": [[-14400.569538727521, 6368.692307079645, 1181.4840393219483], [-13362.329127976149, 4815.568629311793, 1560.0], 21, 2, 2], "12": [[-12630.373473952304, -7330.121256838699, 1417.6061607586528], [-12291.576228991016, -6884.773590624807, 1560.0], 16, 3, 2], "13": [[-14950.361775534528, -10545.700522816453, 1560.0000708289517], [-13165.591177306544, -9138.082924582792, 1560.0], 16, 3, 2], "14": [[-11508.920843314205, -12387.537464507503, 1559.9997556610513], [-10181.141850924841, -10673.215388659099, 1560.0], 18, 3, 2], "15": [[-2014.6622925402141, -17305.10144396563, 1105.9293405986089], [-3533.5363169659095, -13530.022913711688, 1560.0], 4, 3, 2], "16": [[7454.161740523328, -16940.534400121138, 1529.9213418860732], [5483.817346036153, -14420.884672717433, 1560.0], 5, 3, 3], "17": [[9391.700044511877, -19590.38291162368, 1488.076401475084], [7178.946292646782, -16137.465164318055, 1560.0], 11, 3, 3], "18": [[8671.264307459474, -21687.23234536735, 1401.5975847328816], [5654.674467057813, -16867.6339549075, 1560.0], 13, 3, 3], "19": [[12023.358353901986, -19595.579496880775, 1522.0593668535278], [9293.758720474581, -16222.219425565794, 1560.0], 6, 3, 3], "2": [[-8496.669648858457, 10252.01798110096, 1291.609757781582], [-8468.936361880436, 7850.56217328074, 1560.0], 67, 3, 3], "20": [[11417.569337778337, -18018.86921251701, 1570.8304941744432], [8839.026379203728, -15311.44280850073, 1560.0], 11, 3, 3], "21": [[13702.844835661095, -16342.334050513318, 1542.8042891046748], [11876.165446960824, -14425.413425964105, 1560.0], 12, 3, 3], "22": [[13441.172815826978, -15420.16457989946, 1475.4897061618772], [11735.427751887308, -13716.338937576693, 1560.0], 29, 3, 3], "23": [[10065.441273244132, -13496.078547982519, 1391.55583582198], [8244.298857574795, -12044.722696453016, 1560.0], 12, 2, 2], "24": [[11344.538798929041, -14204.639869252816, 1512.2662337692445], [9462.63163813037, -12665.791007032703, 1560.0], 14, 3, 3], "25": [[21198.711881880354, -20597.434077789738, 1560.0026862948473], [17876.022350855255, -17426.645869299035, 1560.0], 30, 2, 2], "26": [[12928.327992887753, -13335.86714906698, 1542.0701577036286], [12016.400783270446, -12334.08603106994, 1560.0], 17, 3, 3], "27": [[13911.238402205649, -12006.930509141714, 1496.9124400212302], [12222.866733583165, -10972.468508041657, 1560.0], 51, 3, 3], "28": [[12098.96340458191, -11044.600091022998, 1336.5593869274426], [10784.216967398605, -10348.772691938973, 1560.0], 61, 3, 3], "29": [[10529.933382316207, -9903.987263900553, 1426.572272230108], [9663.570358514971, -9329.52381876323, 1560.0], 25, 3, 2], "3": [[-8688.86284788172, 13321.966631645791, 1342.935068855708], [-8063.580819893876, 9584.668938717648, 1560.0], 20, 3, 3], "30": [[18435.006443328693, -11570.5178270867, 1517.162958770945], [17203.756777985065, -10935.74101593433, 1560.0], 40, 3, 3], "31": [[19130.052454238634, -10562.828585515546, 1560.000285469321], [18659.328106430286, -10000.24023077968, 1560.0], 11, 3, 3], "32": [[16762.0312347127, -11549.010199639648, 1560.0000320322638], [14993.212572568573, -10828.268446531898, 1560.0], 45, 3, 3], "33": [[19870.926049197577, -11945.706980431287, 1559.999988480253], [17777.007508665505, -11288.384829102486, 1560.0], 75, 3, 3], "34": [[16079.879434795506, -6643.479489622956, 1559.9995088018425], [16017.905054403584, -6592.850371816696, 1560.0], 12, 3, 3], "35": [[15055.896211545847, -7429.283216967079, 1503.6554827343796], [14303.673618977067, -7219.782358370991, 1560.0], 17, 3, 3], "36": [[5873.024847195654, 10774.352860491645, 1248.5068965344467], [3916.236885368042, 9037.056298311656, 1560.0], 6, 3, 3], "37": [[7389.070263937416, 10503.36095832756, 1421.501786934858], [5230.502881482273, 8930.207484597082, 1560.0], 21, 3, 3], "38": [[8771.053664202958, 10027.859602970952, 1392.5173554400053], [7502.797922703727, 9000.934754402188, 1560.0], 20, 3, 3], "39": [[7685.670707113066, 8006.561393168051, 1307.786960231425], [5865.125205990131, 6967.470360617945, 1560.0], 5, 3, 3], "4": [[-10531.182337202059, 10044.085359256182, 1577.5557734471308], [-9379.105437744285, 7995.378760412989, 1560.0], 30, 3, 3], "40": [[10001.074311585618, 9112.549977086961, 1559.9994960632052], [8559.013348235729, 8168.830295322215, 1560.0], 10, 3, 2], "41": [[9444.575774980682, 9600.12090909845, 1494.9922525810416], [8252.042972871119, 8668.00788117533, 1560.0], 11, 3, 3], "42": [[10963.392664375735, 9321.657726405685, 1559.99937980301], [10513.906571805506, 8665.695282316183, 1560.0], 16, 3, 3], "43": [[13792.882389627412, 8253.93459895264, 1559.999730781537], [13422.621322523175, 7825.057118026908, 1560.0], 1, 2, 2], "44": [[15107.462607537998, 9693.505383491973, 1739.9998939180502], [13989.916862138307, 8875.577865814716, 1740.0], 0, 2, 2], "45": [[17511.62343500989, 8630.104150076977, 1810.0003031140404], [15083.142617250238, 7609.167382687638, 1810.0], 17, 2, 2], "46": [[-10525.691192899567, 12237.376184925564, 1983.4721603328464], [-9215.291359811641, 14458.931990419691, 1950.0], 39, 2, 2], "47": [[-9966.028589743097, 13507.11308285088, 2011.9759876763221], [-8811.11780924677, 15683.738381016281, 1950.0], 34, 2, 2], "48": [[-8771.173318980465, 14853.279164876316, 2017.593278201822], [-7913.78942582848, 17155.007761382054, 1950.0], 30, 2, 2], "49": [[-9155.160393967299, 15802.286741204596, 2029.8376769963288], [-8250.717415099847, 18235.463853052795, 1950.0], 31, 2, 2], "5": [[-8387.871630941807, 8411.41559016006, 1380.6282319620907], [-8385.290082773728, 6865.127896604212, 1560.0], 56, 3, 3], "50": [[-8362.150120469041, 18276.33927362139, 1750.0000845091015], [-8202.645214157394, 18032.794482562666, 1750.0], 0, 1, 1], "51": [[-7919.976162686693, 18859.22776642694, 1750.0004498424032], [-7797.7943190687165, 18611.547743701667, 1750.0], 0, 1, 1], "52": [[-8919.645216005505, 19532.878257424836, 1749.9998582190035], [-8642.593195384068, 19156.513552297005, 1750.0], 0, 1, 1], "53": [[-8227.467712074622, 19211.158767237226, 1750.000002519496], [-8063.767895703593, 18907.83799032478, 1750.0], 0, 1, 1], "54": [[-9565.155824534966, 20155.617081983164, 1750.000087836674], [-9154.54542023346, 19588.18892211538, 1750.0], 0, 1, 1], "55": [[-9618.631253648939, 21543.180651229213, 1750.000047491985], [-9078.272669421807, 20705.52923905893, 1750.0], 0, 1, 1], "56": [[-8733.417971311139, 20928.48418709997, 1749.9999968270147], [-8425.018027763006, 20364.906316673136, 1750.0], 0, 1, 1], "57": [[-8695.886487726739, 21728.52884552182, 1750.000400921416], [-8335.063672831775, 21002.151656379734, 1750.0], 0, 1, 1], "58": [[-7976.227757295327, 21707.320415995684, 1749.9997956180173], [-7726.104409101427, 21109.06352048876, 1750.0], 0, 1, 1], "59": [[-8723.760092346847, 22581.946515378, 1750.0003443173368], [-8296.986952259304, 21661.601722699037, 1750.0], 0, 1, 1], "6": [[-10150.216441578403, 7045.956548811698, 1379.1003027978652], [-9941.723107138245, 5785.138752590618, 1560.0], 77, 3, 3], "60": [[7473.104841996889, 16142.32306184328, 1754.0271800903274], [5691.323366323024, 13101.907201825647, 1850.0], 20, 3, 2], "61": [[6885.683707924347, 16163.901498955962, 1719.6611120885289], [4313.109505586158, 12710.855428653122, 1920.0], 55, 3, 3], "62": [[6422.7594174441065, 19426.758469803022, 1580.4472346600926], [5500.442387403982, 15561.239239840734, 1560.0], 51, 2, 2], "63": [[6940.255719038043, 21283.483429778404, 1560.0000477860847], [4218.488266404737, 15542.287817291144, 1560.0], 0, 1, 1], "64": [[7465.307862923559, 21087.91745946435, 1560.0000389158602], [4858.515457611776, 15635.846114833941, 1560.0], 0, 1, 1],