{"0": [[-7635.4194115281025, 11472.515744137065, 1216.1684341889463], [-7720.276487606461, 8610.535527320315, 1560.0], 15, 3, 3], "1": [[-10036.845898871776, 7064.723542023665, 1369.128800761101], [-9950.456932431593, 5740.970973296865, 1560.0], 70, 3, 3], "10": [[-14284.228303793796, -3113.3579524397733, 1409.2975449014777], [-14194.033895670302, -3080.786463520952, 1560.0], 13, 3, 2], "11": [[-12233.062739297342, -4123.827057079076, 1428.6668404694108], [-12266.541165265264, -4054.828325485086, 1560.0], 14, 3, 2], "12": [[-11599.384928274063, -4590.530393113159, 1308.2479996959141], [-11882.82106588281, -4451.118226970678, 1560.0], 13, 3, 2], "13": [[-11964.589765486748, -6904.980349295005, 1503.553047813435], [-11628.957341587738, -6623.889628599885, 1560.0], 9, 3, 2], "14": [[-13195.399851750884, -6255.034126208558, 1371.658059275321], [-12991.361775457284, -5939.936254929006, 1560.0], 9, 3, 2], "15": [[-13633.437607540543, -6364.858107059421, 1512.5557238694776], [-13153.610482412992, -6102.454107096432, 1560.0], 36, 3, 2], "16": [[-14481.249089218592, -5736.545750853188, 1559.9999774619034], [-13903.136598557592, -5553.0470248248375, 1560.0], 15, 3, 2], "17": [[-13398.690562246495, -7925.679002909381, 1560.0001835272026], [-12579.60514845764, -7467.305830789935, 1560.0], 12, 3, 2], "18": [[-15057.823010096581, -7450.997770791415, 1559.9995499552015], [-14055.353611330498, -6950.998166198026, 1560.0], 35, 3, 2], "19": [[-14031.557982450433, -8712.736883239379, 1559.9998938893946], [-12927.958281368408, -8017.299431272961, 1560.0], 5, 3, 2], "2": [[-11287.300424817568, 6333.203123875621, 1378.2322750383426], [-10963.385878192788, 5176.072064583831, 1560.0], 87, 3, 3], "20": [[-12562.442152305812, -9687.64099692666, 1559.999754313902], [-11569.621496786236, -8820.552864983896, 1560.0], 6, 3, 2], "21": [[-8288.153754357552, -14482.805995430743, 1114.8617541098406], [-7641.306155935766, -12442.995364432629, 1560.0], 29, 3, 2], "22": [[-12189.013456820076, -12406.58227236148, 1560.0003637746945], [-10694.014627428236, -10602.822753576309, 1560.0], 11, 3, 2], "23": [[-12703.851571617895, -12693.565531749364, 1448.3260622297657], [-11217.215411369001, -10540.622598291415, 1560.0], 18, 3, 2], "24": [[8831.01799485112, -18221.624313923086, 1559.9994474378286], [7160.2819391686835, -15453.77987510099, 1560.0], 18, 3, 3], "25": [[8945.492255285668, -17518.00906104077, 1559.99972654556], [7408.220739814923, -15088.543306662868, 1560.0], 5, 3, 3], "26": [[8720.325971234377, -17017.62982625812, 1525.5497701861884], [6743.186753937498, -14602.303195079587, 1560.0], 7, 3, 3], "27": [[9775.198231992417, -17300.691869442577, 1509.5086779352262], [8073.00000809829, -14862.932237431734, 1560.0], 11, 3, 3], "28": [[10138.241368229028, -17014.414850103596, 1556.56954687122], [7743.536350589426, -14580.296553085063, 1560.0], 11, 3, 3], "29": [[9961.816039092046, -16521.610019357704, 1389.0489630408292], [7955.82447323812, -14250.208424429546, 1560.0], 10, 3, 3], "3": [[-11806.729337455117, 6044.86296119003, 1376.7464447113618], [-11416.953136415874, 4921.277502787043, 1560.0], 103, 3, 3], "30": [[9364.063835272536, -19000.144174978795, 1559.999934461555], [6996.693586661305, -15689.7324064385, 1560.0], 31, 3, 3], "31": [[8558.91382947264, -19218.609950441707, 1462.969505162271], [6418.148929986417, -15818.65547545632, 1560.0], 13, 3, 3], "32": [[12223.750553428068, -14391.888529762617, 1583.5455438709046], [11899.208548060971, -13477.049659511913, 1560.0], 62, 3, 3], "33": [[14882.197101971706, -6620.081426557215, 1515.2424396449912], [13404.487388614009, -6438.966838952109, 1560.0], 11, 3, 3], "34": [[12721.417835608578, -10954.386307946641, 1430.4497427516485], [10880.820961630103, -10171.019146467983, 1560.0], 14, 3, 3], "35": [[11828.74102258407, -6792.182142508806, 1559.9996764436557], [10917.039165855178, -6702.124465588329, 1560.0], 23, 3, 3], "36": [[14655.730776278342, -10049.963888644861, 1559.9999404073646], [14850.693986133387, -9906.939418862396, 1560.0], 56, 3, 3], "37": [[14270.07203737187, -11515.342663860998, 1555.6597721752157], [12947.560554941478, -10823.29700876394, 1560.0], 6, 3, 3], "38": [[15644.991133789257, -11595.128769952262, 1571.8049706431432], [14187.213335857672, -10986.580517169521, 1560.0], 11, 3, 3], "39": [[17776.322382911298, -10755.450233128013, 1454.698258161577], [16225.91170894481, -10046.956244364897, 1560.0], 15, 3, 3], "4": [[-11213.745850392923, 7495.161951430561, 1493.0685013856682], [-10552.393491858535, 6138.994242538492, 1560.0], 58, 3, 3], "40": [[10008.965711309784, 9239.640850582024, 1484.7845125516158], [9089.202126464583, 8535.630837347657, 1560.0], 14, 3, 3], "41": [[12358.445068394944, 7321.443768909352, 1560.0000004716094], [12096.71186562925, 7031.657197100189, 1560.0], 7, 2, 2], "42": [[12997.256966901572, 8120.987583031829, 1619.999920878676], [13138.422280916564, 7854.98334202847, 1620.0], 21, 2, 2], "43": [[14256.09511726062, 7365.481335005855, 1729.999936416961], [14082.5616564368, 7023.825787834548, 1730.0], 1, 2, 2], "44": [[15098.579586488888, 6955.028581114635, 1680.000045079786], [14818.144107676078, 6604.275186437257, 1680.0], 3, 2, 2], "45": [[16257.551213839433, 9901.991579700658, 1890.0003661791918], [15100.271920194064, 9042.185069758785, 1890.0], 0, 2, 2], "46": [[12944.537068857248, 1833.0795405287893, 1507.6442635753747], [12007.788816168299, 1601.0105853552727, 1560.0], 15, 3, 3], "47": [[13561.028253620694, 1886.8304348192064, 1559.999919371487], [13095.025622390223, 1482.5711631189097, 1560.0], 52, 3, 3], "48": [[15849.673878880896, 1277.316227496957, 1809.9996876277564], [16111.262640028477, 1253.3186219078098, 1810.0], 12, 2, 2], "49": [[18745.943757932113, -14064.073409058494, 1470.3034347602318], [16699.595579410554, -12785.20664438072, 1560.0], 21, 3, 3], "5": [[-12349.276038717608, 6187.937791651889, 1235.1954952967153], [-11912.151471458752, 4908.930623530984, 1560.0], 50, 2, 2], "50": [[20290.239319173757, -12789.495059469651, 1559.9996084974678], [18363.267398925615, -11649.20730700582, 1560.0], 21, 3, 2], "51": [[20754.960639112458, -10573.321862714869, 1560.0000841439073], [19432.584414027748, -10133.300116736287, 1560.0], 58, 3, 3], "52": [[10834.359362896608, -23276.56097970655, 1413.2623112163187], [6205.630586446629, -17389.459921534297, 1560.0], 24, 2, 2], "53": [[11931.646521264343, -26148.12761451302, 1559.9999101342232], [6673.923236769048, -18589.189794133206, 1560.0], 22, 2, 2], "54": [[7456.8338976619025, -20967.673177505363, 1623.7346428340422], [4579.1133118756925, -16497.1663341885, 1560.0], 30, 3, 3], "55": [[7622.437818046505, 16793.643715721635, 1731.9961966895446], [5497.346949810739, 13316.868258498695, 1910.0], 32, 3, 2], "56": [[6605.663239523849, 19910.148575397016, 1578.2521362145285], [5161.527105851737, 15516.116961543452, 1560.0], 23, 2, 2], "57": [[6162.545609961516, 19852.134551055235, 1582.2227149355833], [4830.551773116491, 15471.375729979583, 1560.0], 37, 2, 2], "58": [[7617.9229481856755, 20944.18918851483, 1559.99978892882], [4830.551773116491, 15471.375729979583, 1560.0], 0, 1, 1], "59": [[6768.0364241168445, 21372.515989573338, 1560.0000525306002], [4231.891919780962, 15621.626521509626, 1560.0], 0, 1, 1], "6": [[-13883.036758857323, 7649.263440248049, 1310.8202909591384], [-12583.030372880852, 5810.656996037177, 1560.0], 38, 2, 2], "60": [[7454.394117206183, 21043.919091911353, 1560.0001801241267], [4858.515457611776, 15635.846114833941, 1560.0], 0, 1, 1], "61": [[6886.845849720202, 21425.47385747417, 1560.0001964919722], [4231.891919780962, 15621.626521509626, 1560.0], 0, 1, 1], "62": [[7119.892684637505, 21234.87046917445, 1560.000020672304], [4548.383328460144, 15669.48098799101, 1560.0], 0, 1, 1], "63": [[6358.695656352462, 21572.079842082036, 1559.9999014034925], [3948.8086976753707, 15729.711913448886, 1560.0], 0, 1, 1],