{"0": [[-8279.003668260368, 12461.264347046052, 1409.7505949205402], [-7764.082443696462, 9287.866235208736, 1560.0], 23, 3, 3], "1": [[-10654.752841449279, 10611.714556876008, 1514.8313880643573], [-9576.054624387523, 8129.376889791482, 1560.0], 39, 3, 3], "10": [[-12739.995659527713, 5572.405550558609, 1512.9816174330906], [-11951.183595867833, 4720.03679618179, 1560.0], 11, 3, 2], "11": [[-12837.21783522924, 5298.460812601459, 1190.4025457629298], [-12512.446249046146, 4171.106532246535, 1560.0], 63, 2, 2], "12": [[-13486.116213614992, 5815.726615205825, 1281.21299398384], [-12790.016042552255, 4569.529273576899, 1560.0], 42, 2, 2], "13": [[-12803.438117912929, 7116.3935633149795, 1400.4522483670462], [-11856.351088821786, 5679.451507113954, 1560.0], 21, 2, 2], "14": [[-11888.235654778384, 2684.9192465977035, 1177.7184258408356], [-12225.61008974993, 2099.389688862612, 1560.0], 68, 3, 3], "15": [[-13784.14105968863, -6761.994418311941, 1520.6755681480481], [-13201.330087800434, -6445.888915577824, 1560.0], 10, 3, 2], "16": [[-14645.59807546356, -6179.958947409553, 1559.9996904814445], [-13984.289335440699, -5923.923243219725, 1560.0], 10, 3, 2], "17": [[-11686.161818415, -10504.16041288294, 1559.9999461846357], [-10723.79746657299, -9460.985966143531, 1560.0], 3, 3, 2], "18": [[-10454.974657875608, -13742.577663517395, 1579.446837531164], [-9100.830189795832, -11582.135003566329, 1560.0], 25, 3, 2], "19": [[-8516.528957247054, -14182.812929083288, 1438.9304296255036], [-7915.197378822802, -11818.219344525773, 1560.0], 16, 3, 2], "2": [[-9084.357782597928, 12174.573082990655, 1331.1342683042722], [-8585.01608118099, 8897.285663841196, 1560.0], 64, 3, 2], "20": [[-8240.350735769329, -16448.978950139943, 1560.000129399804], [-7139.334455881878, -13127.19915348023, 1560.0], 8, 3, 2], "21": [[8897.583689382527, -18236.63086341452, 1477.947528337679], [6393.754482925921, -15148.097166723535, 1560.0], 4, 3, 3], "22": [[9187.080569370502, -17985.520208622496, 1559.9998500983347], [6852.188960157136, -15179.69446822729, 1560.0], 10, 3, 3], "23": [[8768.180547580727, -17240.037712107405, 1530.9153624031007], [6286.23110004525, -14581.172410617764, 1560.0], 9, 3, 3], "24": [[9711.694616594323, -17163.88354341983, 1486.2712216249943], [8116.545323333815, -14797.983877812703, 1560.0], 16, 3, 3], "25": [[10160.04408580117, -17038.49484527073, 1548.2150258525726], [8203.897589334329, -14666.914408113284, 1560.0], 4, 3, 3], "26": [[10205.204892371788, -16578.676387366544, 1503.8283741786993], [8379.644070093855, -14400.071124759195, 1560.0], 8, 3, 3], "27": [[8233.743472285436, -14872.399565214593, 1272.9715539778729], [5900.388303894875, -12899.562440923874, 1560.0], 13, 3, 3], "28": [[8783.86805279761, -15122.536628777978, 1301.5704461870564], [6661.893954086884, -13154.458389276015, 1560.0], 11, 3, 3], "29": [[9290.869817844929, -14498.625563206006, 1422.655840224672], [7332.907363982052, -12799.05302219807, 1560.0], 3, 3, 3], "3": [[-7235.4003976570775, 11512.93018437553, 1230.8446989841736], [-7512.685302629048, 8620.499642773339, 1560.0], 24, 3, 3], "30": [[10388.996520645152, -15505.198483870849, 1403.730506715374], [7095.766600236377, -13217.9227718249, 1560.0], 27, 3, 3], "31": [[13294.21978336357, -16066.262237904395, 1560.000028773569], [11356.929171465139, -14258.84961309184, 1560.0], 29, 3, 3], "32": [[13097.046236709868, -15449.981307540324, 1559.9998914607327], [10561.04935391701, -13637.056041908512, 1560.0], 9, 3, 3], "33": [[12704.760149824362, -12482.75136320486, 1309.3165954489557], [11423.802838817808, -11289.953175886152, 1560.0], 109, 3, 3], "34": [[12633.90915437615, -10876.3734879137, 1474.3904715680628], [11402.21939629768, -10282.618120411327, 1560.0], 31, 3, 3], "35": [[13516.658886062913, -10341.00664592448, 1498.1211225223196], [12251.117663079795, -9841.086822011079, 1560.0], 19, 3, 3], "36": [[14549.435478827529, -10159.722456011967, 1538.0159251174994], [13619.851666162029, -9677.627443206837, 1560.0], 21, 3, 3], "37": [[14203.284870525127, -11644.105410512737, 1560.0013196382172], [12836.681716696032, -11007.846034800607, 1560.0], 34, 3, 3], "38": [[14985.055371257202, -11055.792111399385, 1560.0001626488945], [14307.017172246196, -10794.636651194076, 1560.0], 109, 3, 3], "39": [[15381.654924944574, -11273.427421628217, 1560.0012502802513], [14993.212572568573, -10828.268446531898, 1560.0], 15, 3, 2], "4": [[-8250.705503147166, 10059.700782959786, 1273.9899241583541], [-8410.092628409438, 7686.6380347070235, 1560.0], 68, 3, 3], "40": [[16820.511832555756, -9745.212732430573, 1485.1454020598098], [15875.599600795456, -9404.963203745887, 1560.0], 35, 3, 3], "41": [[15436.284683696278, -6503.413768979699, 1458.7308987084566], [13958.785095171452, -6610.811592323506, 1560.0], 83, 3, 3], "42": [[12918.563576508564, 1486.3503322482393, 1501.585022446467], [11845.98887719898, 1134.44482057703, 1560.0], 20, 3, 3], "43": [[13458.925955589444, 1327.2877787118152, 1560.0000763968164], [12965.443602426762, 1122.5673459442485, 1560.0], 11, 3, 3], "44": [[7274.774208634189, 9711.113511222633, 1357.873265890937], [5082.327846739212, 8256.571300425196, 1560.0], 21, 3, 3], "45": [[7767.366373651723, 12193.035181872, 1560.0002263678352], [6268.18364230945, 10401.822662282926, 1560.0], 61, 3, 3], "46": [[9555.31271486144, 9437.19077997855, 1599.3478180554173], [8433.987785539979, 8518.548859749824, 1610.0], 10, 3, 2], "47": [[10481.579443083916, 8799.920734256662, 1533.4388851224687], [8451.456908777925, 7735.6538079715965, 1560.0], 19, 3, 2], "48": [[9786.816691461303, 9391.229699179778, 1630.0000688476387], [9273.391838230173, 8681.39491805883, 1630.0], 2, 2, 2], "49": [[10294.723360645216, 8885.632162990738, 1750.0001758739375], [10069.201049308438, 8387.796296875345, 1750.0], 9, 2, 2], "5": [[-10757.762729934479, 7522.010018886156, 1403.929822235644], [-10077.476857250147, 6281.19884198416, 1560.0], 62, 3, 3], "50": [[12489.542979046231, 9507.158292185686, 1320.5423118671574], [9438.755272457302, 8131.590889926264, 1560.0], 21, 2, 2], "51": [[12649.847867370981, 7243.314624605413, 1532.704369637722], [10390.621817902804, 6392.936841278141, 1560.0], 25, 2, 2], "52": [[14249.288886737557, 7425.11585425635, 1560.0002086468514], [13743.182656337893, 6972.606722124772, 1560.0], 2, 2, 2], "53": [[14756.697041341708, 6924.2282933933375, 1639.9999776313641], [14423.431847139342, 6642.793851727291, 1640.0], 2, 2, 2], "54": [[15438.000494164913, 7115.504149412501, 1629.999904491771], [15141.998780868533, 6805.858445107248, 1630.0], 5, 2, 2], "55": [[16148.078061693694, 9798.751541713682, 1950.0001580892022], [15447.517006675838, 9128.171756408525, 1950.0], 2, 2, 2], "56": [[16458.084894485684, 9180.66813686863, 1719.9999805722377], [15160.537663390047, 8369.20030612105, 1720.0], 0, 2, 2], "57": [[9396.937429838916, -20784.996264820038, 1378.2741859076195], [6032.244349818629, -16361.171757980863, 1560.0], 3, 3, 3], "58": [[11743.583569990455, -26208.366746563606, 1560.0005140239884], [7368.665183931975, -19000.58360345787, 1560.0], 6, 2, 2], "59": [[15585.30855428664, -21812.18283432264, 1831.6277589033825], [12865.859464653642, -18164.311372089964, 1560.0], 33, 3, 3], "6": [[-9677.41775663185, 7343.438565510999, 1355.0342812787303], [-9471.871346263313, 6046.811037139141, 1560.0], 24, 3, 3], "60": [[19849.705487395033, -17157.03935026866, 1988.1474943126595], [20157.91468269792, -16146.871542481607, 1560.0], 32, 3, 3], "61": [[20124.396956728368, -15574.596153311177, 1906.1391219258562], [20429.97728694065, -14796.673617828215, 1560.0], 22, 3, 3], "62": [[18814.47196153941, -14017.141468182675, 1559.9985294665587], [17467.71485905272, -12858.545053412725, 1560.0], 14, 3, 3], "63": [[18691.445793751092, -12935.233963159886, 1588.435310679588], [17838.41540140947, -12364.653224574326, 1560.0], 30, 3, 3], "64": [[-9576.771448470157, 19827.067500371202, 1750.0001226180611], [-9169.671876584283, 19288.394859332, 1750.0], 0, 1, 1],