{"0": [[-13168.631456254792, -11174.838892020509, 1560.1116382980301], [-11706.05467499021, -9752.0947883387, 1560.0], 12, 3, 2], "1": [[-4531.563531856806, -14885.765407102277, 1208.2710862653546], [-5470.512845867915, -12208.02834723178, 1560.0], 57, 3, 2], "10": [[17306.830327262214, -16540.17131775312, 1761.8103116151376], [16537.444769375867, -15062.287175967549, 1560.0], 55, 3, 3], "11": [[18500.528776553136, -15837.731625099686, 1798.6035354463595], [18394.198723758826, -14938.461054782929, 1560.0], 61, 3, 3], "12": [[12776.198511436867, -13722.490679351342, 1559.999976839475], [15048.465187875145, -12920.544722204459, 1560.0], 0, 3, 1], "13": [[21766.99060409836, -14509.136700209297, 1527.2707983595055], [20075.026875413783, -12752.89565721491, 1560.0], 115, 2, 2], "14": [[15736.91095418765, -11287.185281712258, 1384.5819312977437], [15055.62220898766, -10729.848712437808, 1560.0], 126, 3, 3], "15": [[13479.615586884895, -9782.22724040522, 1208.6449249968282], [10939.213825925946, -8974.590481945532, 1560.0], 34, 3, 3], "16": [[9865.527308083409, -3976.100228947557, 1428.1622014344666], [8247.371419571431, -3838.076247996178, 1720.0], 22, 3, 2], "17": [[14736.830558534328, -362.8884344985155, 1560.0004469106739], [14222.157626071958, -315.2719199530915, 1560.0], 25, 3, 2], "18": [[12829.795272992958, 2629.4262795852287, 1492.0816866691896], [11681.475865466096, 2238.6665423376467, 1560.0], 65, 3, 3], "19": [[15657.111635684927, 3977.3344863152106, 1559.99878579246], [14459.545572380603, 3662.91002773238, 1560.0], 17, 2, 2], "2": [[-11721.960222740612, -8834.849428753914, 1448.380911486852], [-11232.425689580146, -8156.833054047485, 1560.0], 10, 3, 2], "20": [[11956.588999325268, 7169.071058160023, 1382.5398529063457], [10422.496394470461, 6507.876442409346, 1560.0], 48, 2, 2], "21": [[11950.5382256011, 7318.9065611385495, 1559.9995419049797], [11018.368788249565, 6872.195276951528, 1560.0], 23, 2, 2], "22": [[15388.960151786217, 7922.488462993818, 1531.9862285891204], [13819.156720744628, 7225.403450845215, 1560.0], 28, 2, 2], "23": [[14706.085643652616, 9202.452926917289, 1560.0000288428707], [12994.498984397735, 8285.159416377532, 1560.0], 2, 2, 2], "24": [[15156.05811364138, 9311.070434519735, 1620.0003835977263], [15208.873277826695, 8883.384225736767, 1620.0], 27, 2, 2], "25": [[11543.613193649135, 8597.0069775083, 1559.9997249844566], [9793.37828090115, 7716.5990715896805, 1560.0], 17, 3, 2], "26": [[10800.128583653095, 8491.020174269863, 1559.9998752722388], [9822.724061632407, 7829.438862723768, 1560.0], 5, 3, 2], "27": [[9291.502520902492, 9193.218463523393, 1559.9994896313922], [9116.446352174065, 8645.76294088817, 1560.0], 39, 2, 2], "28": [[9302.918776623406, 9680.08621923426, 1559.9999380506147], [6949.864938710982, 8337.876680402533, 1560.0], 70, 3, 2], "29": [[9291.352866895317, 9946.735343096821, 1560.0000958094358], [8823.283742905496, 9255.090091551076, 1560.0], 46, 2, 2], "3": [[-9338.139032651176, -8772.002925609082, 1374.5188578683324], [-9383.022616298735, -8132.469143715771, 1560.0], 10, 3, 2], "30": [[8980.762145025548, 11689.123101813668, 1495.7919310625846], [6525.9206743790955, 9866.352949861212, 1560.0], 37, 3, 2], "31": [[8352.1430069191, 12205.612607327474, 1560.0000414883327], [6268.18364230945, 10401.822662282926, 1560.0], 25, 3, 2], "32": [[5366.264611946543, 11124.171337552196, 1382.3566654664216], [2712.5675985112275, 9130.234209604572, 1560.0], 48, 3, 3], "33": [[5530.8661894370825, 12436.7122475201, 1295.001896175516], [2887.413786201723, 9998.35957354193, 1560.0], 51, 3, 3], "34": [[6909.65002171597, 13387.776973889871, 1509.888988921677], [4630.388381181925, 10927.29491709712, 1560.0], 75, 3, 3], "35": [[6313.906329534266, 13360.804750211408, 1387.3743864629555], [4327.0218861507965, 11041.001436140503, 1560.0], 7, 3, 3], "36": [[-225.95832957834568, 11099.05829998653, 1305.4560172249376], [-1925.3280505773776, 8920.270825121333, 1560.0], 35, 3, 3], "37": [[-2389.506417718297, 9995.479312207955, 1445.7635363565819], [-3355.143528737084, 8285.038029154146, 1560.0], 40, 3, 3], "38": [[-449.15446402878075, 12001.519316354501, 1444.581553136968], [-1999.0989700734285, 9574.401441596128, 1560.0], 76, 3, 3], "39": [[-4631.581030007397, 9432.720697218512, 1088.5448862210847], [-6277.530794389295, 7205.705118760901, 1560.0], 117, 3, 3], "4": [[3002.864695290027, -17249.93347206312, 1429.262986436291], [1712.417921830263, -14389.13319084504, 1560.0], 29, 3, 3], "40": [[-5023.045405715037, 9511.22644346244, 1074.0040508341501], [-6518.916459459703, 7280.857582836637, 1560.0], 98, 3, 3], "41": [[-10171.041129003315, 9036.671681442069, 1332.5578852977073], [-9658.369172539546, 7132.52131922662, 1560.0], 19, 3, 3], "42": [[-9878.898235623481, 9776.56411532828, 1320.4908872964465], [-9591.02402976965, 7429.584258104207, 1560.0], 82, 3, 3], "43": [[-10974.824050760839, 7957.45275315502, 1429.0425953318863], [-10341.189564533113, 6447.851935644693, 1560.0], 61, 3, 2], "44": [[-12397.89579224328, 6400.432100428037, 1560.0003846728982], [-11367.694976661613, 5468.550564170185, 1560.0], 0, 3, 1], "45": [[-11090.130649507075, 5907.727980544395, 1173.456767874543], [-11197.745810045548, 4681.81593895419, 1560.0], 63, 3, 3], "46": [[-13414.755281086747, 7295.41354065632, 1115.816901841292], [-12589.819189975902, 5425.182294418242, 1560.0], 23, 2, 2], "47": [[-14376.675981554297, -6379.869743796139, 1559.9499867238908], [-13751.390294657867, -6094.177893238899, 1560.0], 9, 3, 2], "48": [[-10613.027220986203, -7866.458343095682, 1459.8098831631169], [-10427.273523620426, -7403.125326308676, 1560.0], 13, 3, 2], "5": [[6765.599373064245, -15341.815313004834, 1055.2298220175273], [3872.4083987992053, -12874.902716389523, 1560.0], 23, 3, 3], "50": [[15659.149975764893, -9257.930700161842, 1318.810461110913], [14697.32775452196, -8979.427572664299, 1560.0], 71, 3, 3], "51": [[14678.475268544342, -8345.235018738198, 1459.9448399317967], [11513.2223888799, -7829.207036090872, 1560.0], 52, 3, 3], "52": [[17623.25412710605, -11424.464039417682, 1511.791568545789], [16933.87119702602, -11112.289471411827, 1560.0], 51, 2, 2], "53": [[7409.397864504529, 18247.45451848286, 1750.0001344004645], [4383.22515991815, 17021.727788979195, 1750.0], 0, 1, 1], "54": [[6048.950063206086, 18142.940177299537, 1749.999724597237], [3782.174367149026, 17110.321257405947, 1750.0], 0, 1, 1], "6": [[-3619.294279599289, -10576.107733699495, 1263.0206824731756], [-4417.110006536324, -9625.429348799627, 1560.0], 40, 3, 3], "63": [[-9042.064830745785, 22834.133812918328, 1750.0000982091394], [-8524.404419298708, 21761.714423289875, 1750.0], 0, 1, 1], "65": [[-8779.575954542293, 20387.827710564376, 1749.9996046696613], [-8500.782875074266, 19903.08575740277, 1750.0], 0, 1, 1], "66": [[-9069.94110540607, 20276.843691559607, 1749.9999960015386], [-8730.217768029777, 19758.24571025854, 1750.0], 0, 1, 1], "67": [[-9510.313689393233, 20225.033776229746, 1749.9996389417665], [-9113.525220289841, 19633.982711434353, 1750.0], 0, 1, 1], "68": [[-8623.846598430813, 18520.38375960111, 1750.000008350009], [-8423.952166988798, 18251.102377523508, 1750.0], 0, 1, 1], "69": [[-9606.924293670949, 17363.862014508042, 1750.0004015131742], [-9291.780629970071, 17116.736104229843, 1750.0], 0, 1, 1], "7": [[11740.494043090888, -17137.091019067877, 2185.896753887546], [11054.367686995427, -15523.179051304602, 1560.0], 49, 2, 2], "70": [[-8855.696766112842, 16151.964238596705, 1749.9999046833716], [-8692.148469841484, 16047.508693220612, 1750.0], 0, 1, 1], "71": [[-9991.921400817984, 15861.633766878664, 1749.9999997288674], [-9642.442243260473, 15721.747557066874, 1750.0], 0, 1, 1], "8": [[15122.516137867222, -16394.816699221552, 502.48486725796545], [9696.895300669501, -13188.133357283854, 1560.0], 88, 3, 2], "9": [[9993.222490273589, -13346.345281019681, 1134.9889829230947], [7435.037483863268, -11727.05831274282, 1560.0], 37, 2, 2]}