{"0": [[-9946.771518253094, -17975.234460603137, 1559.9998948039138], [-7839.892395821883, -13547.427611462457, 1560.0], 0, 1, 1], "1": [[-9486.979813300348, -14653.187687412383, 1559.9998325443662], [-8846.870675069562, -12621.47575365338, 1560.0], 0, 1, 1], "10": [[-13051.10277117591, -10372.490037446218, 1255.9790322885049], [-12222.804962106158, -8984.697402822456, 1560.0], 15, 3, 2], "11": [[-13695.574504480208, -8603.991624689399, 1560.0000991428378], [-12725.591183594306, -7933.479836799171, 1560.0], 8, 3, 2], "12": [[-14183.721572796012, -8553.084878782483, 1560.0003145762123], [-13137.284426393007, -7858.662583411679, 1560.0], 0, 3, 2], "13": [[-14594.62014012584, -7840.862071631545, 1560.0001023112466], [-13599.297612722656, -7295.939567287415, 1560.0], 7, 3, 2], "14": [[-13277.587658606963, -7701.731757535502, 1606.9129082628594], [-12409.001084891659, -7333.6810583593615, 1560.0], 40, 3, 2], "15": [[-10936.166137899801, -7623.454289480167, 1559.9927723145508], [-10587.567309090913, -7271.703944976634, 1560.0], 15, 3, 2], "16": [[-11497.5163414493, -7135.219575614969, 1304.664150721977], [-11560.01610246087, -6682.098980546058, 1560.0], 14, 3, 2], "17": [[-12254.305556802085, -6640.88278350515, 1450.6385218587734], [-11964.480819329336, -6374.23953643119, 1560.0], 29, 3, 2], "18": [[-13637.806045945605, -6375.230731206866, 1550.5700526624028], [-13099.993926797579, -6121.033140860466, 1560.0], 10, 3, 2], "19": [[-13968.943164285196, -6329.154360249037, 1517.9721451025666], [-13463.185790833388, -6053.977014584069, 1560.0], 10, 3, 2], "2": [[-7963.511149644853, -18691.540805951277, 1559.9999217245788], [-6900.605942308697, -14022.186572141987, 1560.0], 0, 1, 1], "20": [[-14649.455284812833, -6373.475252433093, 1560.0000565252894], [-13934.240054986134, -6081.716207646125, 1560.0], 2, 3, 2], "21": [[-15159.970964312493, -6424.197651976265, 1559.999824382503], [-14356.318600420465, -6104.944257155618, 1560.0], 12, 3, 2], "22": [[-14781.831949933721, 6874.412941750738, 1387.1541972662856], [-13230.19192875128, 5316.685161071186, 1560.0], 10, 2, 2], "23": [[-14001.527710028378, 7252.647895618283, 852.9023488664441], [-13305.63603257549, 5036.100119353166, 1560.0], 118, 2, 2], "24": [[-14113.876435402162, 6715.748364120233, 733.9823408457412], [-13572.489007836313, 4619.764164878255, 1560.0], 22, 2, 2], "25": [[-14311.580163557172, 6211.786156217512, 1150.2609056952238], [-13401.77769861012, 4656.920153477758, 1560.0], 37, 2, 2], "26": [[-13397.001837921163, 6711.078109787837, 1249.0531441944172], [-12548.526151794325, 5196.017234936809, 1560.0], 48, 2, 2], "27": [[-13138.343246991837, 5852.185684636793, 1115.3058047618185], [-12705.548865251936, 4499.789823024468, 1560.0], 17, 2, 2], "28": [[-12546.786429809099, 6817.862410980677, 1309.210552625518], [-11798.813848230397, 5433.418162703807, 1560.0], 11, 2, 2], "29": [[-12886.00187331563, 5282.908843709333, 1492.87424225951], [-12113.337151451422, 4494.1445861653065, 1560.0], 23, 3, 2], "3": [[-7962.277272263514, -18130.536046538302, 1581.513375786172], [-6638.658540256305, -13909.518119204404, 1560.0], 30, 2, 2], "30": [[-12442.318443276703, 7799.378497365547, 1546.5238661235317], [-11232.025041988058, 6342.027835815307, 1560.0], 11, 2, 2], "31": [[-11195.844316104172, 8016.446062577171, 1383.6798421577728], [-10652.387991994166, 6322.231544756642, 1560.0], 83, 3, 3], "32": [[-10950.691477358658, 6980.611188415139, 1482.722749022218], [-10398.726075236193, 5830.431057916034, 1560.0], 37, 3, 3], "33": [[-10281.218230370983, 7721.88839133738, 1514.544059140504], [-9640.341467694907, 6465.685650274063, 1560.0], 13, 3, 3], "34": [[-8001.642079784538, 10172.21680064237, 1464.5515808092032], [-7715.491372115031, 8157.760396750703, 1560.0], 35, 3, 3], "35": [[-7442.695983045569, 11325.370336619804, 1488.3162059527128], [-7003.613548907496, 8987.777568620111, 1560.0], 15, 3, 3], "36": [[243.46142744004408, 10793.145724762433, 1559.9997567573], [-350.51715168784625, 9341.77512176455, 1560.0], 14, 3, 3], "37": [[6705.389672722893, 13187.865462080343, 1523.8776730060642], [4978.126574989896, 10996.271137466822, 1560.0], 30, 3, 3], "38": [[4125.324526203904, 11872.690337086326, 1285.9830552352269], [2274.851947807899, 9807.701299538496, 1560.0], 6, 3, 3], "39": [[3186.795240623029, 11479.03422050933, 1316.2464686988583], [1380.9252197176613, 9413.84097963624, 1560.0], 38, 3, 3], "4": [[-8164.986913234044, -17657.657518052616, 1233.1962932800336], [-7706.193380847861, -13132.864944988325, 1560.0], 13, 2, 2], "40": [[7873.051022479568, 9804.315421600844, 1610.0001328134547], [6849.463179835489, 8765.6492484639, 1610.0], 5, 3, 3], "41": [[10298.532625479513, 10220.14486676351, 1824.3574294984835], [9259.394933165064, 9256.979010279294, 1770.0], 17, 3, 3], "42": [[11605.434206017535, 9772.233676518254, 1599.999967914682], [10906.547363583364, 8991.604201920132, 1600.0], 4, 2, 2], "43": [[10974.026741138912, 9394.32428942186, 1580.972525642957], [9551.426755686769, 8577.960423282757, 1560.0], 58, 3, 3], "44": [[17572.587643165178, 9448.151560903425, 1800.0000782550928], [17586.826024827948, 8992.797700333917, 1800.0], 17, 2, 2], "45": [[15692.673830036192, 8468.18283792579, 1680.0000422840646], [15962.222891527917, 8217.971100788734, 1680.0], 23, 2, 2], "46": [[13389.550861924938, 8393.274135572516, 1890.0000712955703], [12938.027523372944, 7866.6862994038365, 1890.0], 7, 2, 2], "47": [[14777.888446688237, 7640.976229287427, 1729.9999373884611], [14781.47699740575, 7309.223644533909, 1730.0], 15, 2, 2], "48": [[14159.699446710258, 7258.477732109154, 1740.0000754103048], [14026.830402817537, 7008.927979367106, 1740.0], 12, 2, 2], "49": [[13998.769108955403, 8402.11726936644, 1830.0000982548638], [13233.236451186429, 7841.601810889704, 1830.0], 1, 2, 2], "5": [[-8126.034164816403, -16029.66696540039, 1168.1371696312772], [-7587.162609706851, -13021.59933512213, 1560.0], 53, 3, 2], "50": [[12372.635009868152, 6622.333182231545, 1609.9940239731468], [12426.8881631115, 6320.811553780896, 1560.0], 40, 3, 3], "51": [[11302.865362095054, 7272.495658102016, 1550.0169901420998], [10454.309647497645, 6622.934161792371, 1560.0], 24, 3, 3], "52": [[10762.626789474652, 7452.021129499234, 1546.9107610265446], [10030.553136807834, 6834.980427959199, 1560.0], 7, 3, 3], "53": [[14350.683607994588, 1161.3196182456006, 1759.9996887266132], [15004.366929607284, 1162.6598057927743, 1760.0], 21, 2, 2], "54": [[15077.484817346358, 868.3638716318993, 1659.9995933802584], [15426.549111757817, 841.1203178514534, 1660.0], 17, 2, 2], "55": [[13331.284100790124, 919.1518572572355, 1560.0001345788744], [13438.446063771642, 813.7520940534243, 1560.0], 11, 3, 3], "56": [[13365.586027156212, -6818.275854118776, 1460.839192619284], [12612.03307930094, -6794.792880085961, 1560.0], 29, 3, 3], "57": [[12043.19016047807, -11644.365928815349, 1105.0246023768784], [8638.797211460527, -10341.727351545418, 1560.0], 13, 3, 3], "58": [[13275.50152439264, -10719.752041719563, 1373.3381982353897], [10977.700334689282, -9991.624934994648, 1560.0], 15, 3, 3], "59": [[15041.344399984951, -10582.990729465426, 1447.1110617798886], [13450.680236930119, -9970.223590719059, 1560.0], 13, 3, 3], "6": [[-10108.402179911232, -12265.805000412953, 1527.6762269523115], [-9252.669872394994, -10669.60677581666, 1560.0], 22, 3, 2], "60": [[15715.917291362792, -10328.379765891175, 1407.2480842982534], [14225.873663509708, -9790.552359360561, 1560.0], 46, 3, 3], "61": [[16494.453624005673, -9893.968730528639, 1559.999819130384], [15033.521534688618, -9602.306746653612, 1560.0], 33, 3, 3], "62": [[17103.868026683544, -9957.803803993605, 1605.3268666544004], [16423.324501481377, -9732.456721494269, 1560.0], 18, 3, 3], "63": [[17471.57415588693, -11937.850507013125, 1559.9992241109376], [15574.353169769387, -11061.82458849593, 1560.0], 17, 3, 3], "64": [[19668.679077568107, -11902.506538437841, 1559.9996980219223], [17777.007508665505, -11288.384829102486, 1560.0], 49, 3, 3],