{"0": [[-7868.849515730723, 12517.902289352438, 1419.1863333777692], [-7199.702874560479, 9558.562523889752, 1560.0], 61, 3, 3], "1": [[-10733.30050059783, 10532.02391785792, 1438.1199830041562], [-9666.425913757752, 8065.490999253534, 1560.0], 24, 3, 3], "10": [[-13812.77307073021, 6019.042835935364, 1494.5377782249805], [-12712.402877001037, 4914.514416868136, 1560.0], 28, 2, 2], "11": [[-14224.689922510584, -6649.634828558474, 1560.0000513056052], [-13505.323251564072, -6358.532800464488, 1560.0], 24, 3, 2], "12": [[-13247.052822497057, -8030.366437720615, 1561.8270582870005], [-12404.159573344763, -7574.7405327061015, 1560.0], 32, 3, 2], "13": [[-12786.799095706629, -7876.507369922957, 1623.4662458338785], [-11912.342823668801, -7512.421656827864, 1560.0], 31, 3, 2], "14": [[-11020.118987018617, -8590.12227769873, 1495.98689957543], [-10620.070935880525, -8014.409410850953, 1560.0], 15, 3, 2], "15": [[-12777.951901523804, -8742.08994354999, 1560.0002022175033], [-11906.155117062111, -8128.818692258936, 1560.0], 16, 3, 2], "16": [[-13762.604778036855, -9332.395523007252, 1560.0002607862496], [-12584.938077782992, -8481.052910135666, 1560.0], 32, 3, 2], "17": [[-14971.831538401695, -8659.93822786596, 1566.6908697461276], [-13675.08628111981, -7890.3913659801065, 1560.0], 31, 3, 2], "18": [[-5221.299254131588, -16891.12375548271, 1480.7319464090394], [-5291.239239884876, -13529.610850696017, 1560.0], 126, 3, 3], "19": [[9006.96091043386, -23080.14737998009, 1560.0000466155427], [5624.266661054551, -17502.09961335736, 1560.0], 12, 2, 2], "2": [[-10089.85157372707, 9610.130673457681, 1562.5454668238917], [-9003.415623911407, 7852.275476751806, 1560.0], 15, 3, 3], "20": [[10636.031626602848, -19113.650996842676, 1496.34025386362], [7963.965621165046, -15774.010815188492, 1560.0], 25, 3, 3], "21": [[12524.1967491645, -17208.726110739102, 1514.3404982565733], [10338.24256095352, -14827.46246434333, 1560.0], 21, 3, 3], "22": [[11783.108443856505, -15107.747276933998, 1487.25853069189], [10075.407415443002, -13485.981289216057, 1560.0], 12, 3, 3], "23": [[10072.160954959667, -13240.796562285164, 1424.3670004051457], [8328.272673297042, -11891.900271265375, 1560.0], 20, 2, 2], "24": [[13900.446273544881, -13609.579481218894, 1560.922814740637], [13646.179572528954, -12868.47074039952, 1560.0], 39, 3, 3], "25": [[16803.060797969312, -10666.103224847231, 1559.9999219412416], [16357.423549778994, -9837.806134027493, 1560.0], 91, 3, 3], "26": [[15619.096181837998, -10924.497992300086, 1486.6052202870067], [14608.153870504655, -10306.317238385833, 1560.0], 29, 3, 3], "27": [[14445.144664799673, -11554.748877016582, 1560.0001257883475], [13528.718589209004, -10950.659859285113, 1560.0], 23, 3, 3], "28": [[12804.213098310975, -11581.956180235233, 1463.3165974596814], [11680.208194503308, -10849.057877605941, 1560.0], 18, 3, 3], "29": [[15890.580861588563, -12265.994302003777, 1398.4319722385624], [14559.139320173814, -11503.301489042942, 1560.0], 37, 3, 3], "3": [[-9049.96941322386, 8596.305046288388, 1478.328148503804], [-8733.054407750476, 7042.339843849102, 1560.0], 28, 3, 3], "30": [[5266.997241224433, 12376.191313306546, 1401.6031088141328], [2904.6783769313597, 10084.937710484035, 1560.0], 22, 3, 2], "31": [[8208.465756152202, 10420.316637492982, 1585.8609055146496], [5576.2940038772995, 8749.51326323406, 1740.0], 38, 3, 2], "32": [[10308.097569336493, 8650.47416228467, 1689.9999808578334], [9284.346477577134, 7957.583656798812, 1690.0], 6, 3, 2], "33": [[10475.946992469093, 9938.220386711911, 1914.4642554949141], [9143.789536204242, 9035.246198624345, 1680.0], 94, 3, 2], "34": [[10105.799278984483, 7979.40431867905, 1749.9999491389028], [9859.955823234512, 7595.173648512575, 1750.0], 8, 2, 2], "35": [[11438.106351595465, 8395.248992519642, 1689.99983357877], [11796.798951338678, 8151.68425958418, 1690.0], 30, 2, 2], "36": [[12637.979894784658, 7800.7590168638335, 1560.0001599985887], [11633.424741109684, 7248.271543483432, 1560.0], 6, 2, 2], "37": [[13423.895235165304, 7487.266071816306, 1679.9998570698745], [12603.150847550087, 7023.081060689426, 1680.0], 1, 2, 2], "38": [[13088.303929408, 8670.238669592589, 1729.9997949427468], [12098.283729082324, 8006.532109573987, 1730.0], 0, 2, 2], "39": [[13711.537806329005, 9375.026978336959, 1920.0002076064352], [14358.266771104954, 9180.246135573077, 1920.0], 56, 2, 2], "4": [[-10231.744254364885, 6920.851477900461, 1412.3644500926744], [-9858.949633039736, 5791.757416243583, 1560.0], 5, 3, 2], "40": [[-8494.319883221744, 18187.604820006905, 1750.0000770494767], [-8316.463672792632, 17968.99390206995, 1750.0], 0, 1, 1], "41": [[-8408.222457822538, 22450.76894406875, 1750.00021987627], [-8051.152845320665, 21626.356858174746, 1750.0], 0, 1, 1], "42": [[3059.2371722700614, 11115.810165257257, 1569.9997979054747], [2204.4823874283643, 9620.068044665826, 1570.0], 4, 3, 3], "43": [[7792.921050533812, 15977.259765775634, 1749.8624153768217], [5952.171339598793, 12974.709624318166, 1870.0], 22, 3, 2], "44": [[6925.922688456155, 16813.168792693177, 1704.211588102899], [4562.919751227746, 13243.207514749249, 1880.0], 77, 3, 3], "45": [[7640.456012648411, 20996.909832672376, 1560.000031827464], [4830.551773116491, 15471.375729979583, 1560.0], 0, 1, 1], "46": [[6795.7974128858805, 21466.08629755991, 1559.9999954738687], [4245.210220897906, 15700.7505444906, 1560.0], 0, 1, 1], "47": [[6954.822121001829, 21330.634807410446, 1559.999729356721], [4218.488266404737, 15542.287817291144, 1560.0], 0, 1, 1], "48": [[6534.484512005811, 21524.09160631837, 1559.9999147640658], [3935.7735523536076, 15652.058499909066, 1560.0], 0, 1, 1], "5": [[-10974.341569665157, 7020.568997759529, 1276.7029971711147], [-10817.908544883878, 5549.72164239726, 1560.0], 75, 3, 3], "6": [[-12001.379952681564, 5687.4031988946, 1424.4498509140872], [-11520.83225466829, 4722.39735629655, 1560.0], 70, 3, 3], "7": [[-11295.713976356452, 5603.301100423426, 1446.6538799994769], [-10901.988535924356, 4763.933765005991, 1560.0], 69, 3, 3], "8": [[-12724.453090652854, 5084.303020662472, 1403.1072857836793], [-12229.776261062296, 4195.548424866565, 1560.0], 36, 3, 3], "9": [[-13557.365755206292, 4893.363031540654, 1355.7496157932203], [-12914.608321232972, 3976.3407065272213, 1560.0], 51, 2, 2]}