{"0": [[-9519.267803911403, -15856.820006103324, 1559.999960811599], [-7923.128690113597, -13242.326124393016, 1560.0], 0, 1, 1], "1": [[-10049.67052452466, -16453.487360396357, 1559.9998952326332], [-8396.211480047054, -12866.644860157283, 1560.0], 26, 2, 2], "10": [[-11579.021269869672, 6983.054347579046, 1549.7456371885557], [-10758.107568827812, 5836.1166017146115, 1560.0], 62, 3, 3], "11": [[-11516.774651450127, 7609.811621072863, 1490.3182935157283], [-10670.289777939217, 6241.676322727122, 1560.0], 16, 3, 2], "12": [[-10934.533449798533, 7226.560740636095, 1628.3426835131306], [-10095.419378458613, 6195.659913151498, 1560.0], 65, 3, 3], "13": [[-10744.485607426152, 8084.0950362275435, 1603.7497407940234], [-9815.948449875506, 6775.581635472743, 1560.0], 56, 3, 3], "14": [[-10104.194904242953, 7793.46111416516, 1378.81753822582], [-9751.894721932124, 6322.511314483292, 1560.0], 13, 3, 3], "15": [[-9380.757116395162, 9302.466080065522, 1518.3929261285593], [-8816.323103855137, 7513.693507870103, 1560.0], 48, 3, 3], "16": [[-11153.223701103698, 9358.525824864457, 1579.078083407205], [-9776.16436895918, 7620.6188584833435, 1560.0], 5, 3, 2], "17": [[-10730.415599378417, 10349.57108349542, 1388.7858572518765], [-9960.850224357906, 7759.87175101088, 1560.0], 88, 3, 3], "18": [[-8098.391290828051, 13453.283895728759, 1457.758974920023], [-7303.217184386386, 9985.999516439104, 1560.0], 7, 3, 3], "19": [[-8986.083432994981, 13526.972072526272, 1624.817842681226], [-7652.294253933056, 10127.640468670861, 1560.0], 28, 3, 3], "2": [[-7320.225513270086, -14192.617184944655, 1124.893525464865], [-7376.750914819786, -12152.207022259585, 1560.0], 32, 3, 2], "20": [[-10516.515545962018, 11687.267592506947, 1414.5008865115744], [-9371.080931257036, 8634.030668915917, 1560.0], 15, 3, 3], "21": [[9431.40299896823, 11772.602486048598, 1560.0001108497286], [8216.340379559362, 10317.98639590377, 1560.0], 52, 3, 3], "22": [[9774.055459774747, 10817.313785509925, 1601.2834121883927], [9437.552078880179, 9970.151780431386, 1560.0], 53, 3, 3], "23": [[9855.422716840993, 9834.591977522934, 1640.0000521053373], [8847.592375488135, 8946.1149780188, 1640.0], 0, 2, 2], "24": [[10927.216812211702, 9274.395383910243, 1537.9323901740754], [9523.365823931255, 8466.281959755259, 1560.0], 19, 3, 3], "25": [[11422.331200661216, 9712.804223210149, 1859.9999111610384], [9637.368240193679, 8647.366825452455, 1860.0], 6, 2, 2], "26": [[10442.256633559211, 8866.27508166281, 1560.000029346488], [9382.00210794245, 7908.7773405928265, 1560.0], 23, 3, 3], "27": [[8585.57087454329, 7669.9241223316485, 1385.558030252952], [6147.9303090884405, 6583.909356560341, 1560.0], 35, 3, 3], "28": [[18220.400526090045, 9254.58069780924, 1690.0002704994215], [17361.082316998043, 8571.777397226959, 1690.0], 0, 2, 2], "29": [[20122.199841365047, 9333.153272853448, 1859.9999878559436], [19393.531116399612, 8790.640303315444, 1860.0], 5, 2, 2], "3": [[-11463.258093531616, -10686.822515495736, 1559.99985465273], [-10496.15758073035, -9609.383484309581, 1560.0], 4, 3, 2], "30": [[20554.711417575083, 8963.364091858679, 1690.0001787285044], [20293.5290252382, 8498.61541492344, 1690.0], 13, 2, 2], "31": [[-6497.476347936143, -12205.78047164188, 1366.2829265275568], [-6660.324321588896, -10689.029048860713, 1560.0], 12, 3, 2], "32": [[11276.099958047975, -20726.43051142792, 1560.0000302700935], [8717.880104869666, -16936.103245957234, 1560.0], 14, 3, 3], "33": [[12683.05024885054, -17852.346106008463, 1467.2386236824414], [9619.583480188458, -15009.902683543269, 1560.0], 3, 3, 3], "34": [[9915.754207744907, -16166.482845494971, 1285.9862229427024], [6783.5754546941625, -13756.038588161224, 1560.0], 33, 3, 3], "35": [[11403.625949962609, -16015.328269259508, 1560.0002496406216], [9640.293840053439, -14149.54610860209, 1560.0], 1, 2, 2], "36": [[12315.5475231961, -15444.720007888252, 1545.2333110120567], [9978.075165310116, -13636.36744419456, 1560.0], 15, 3, 3], "37": [[9866.127588663649, -14913.51695334325, 1370.2504654458837], [7705.367182809975, -13001.415617342805, 1560.0], 21, 2, 2], "38": [[9965.480048664815, -13280.659741993539, 1424.053285555784], [7855.280216856073, -11846.28166262304, 1560.0], 10, 2, 2], "39": [[17490.840012116874, -15173.85463982775, 1822.891429755348], [17278.143928509347, -14174.279283086074, 1560.0], 15, 3, 3], "4": [[-12512.914272557065, -11169.682742385685, 1559.9999477021613], [-11271.098080930216, -9804.998347743382, 1560.0], 1, 3, 2], "40": [[14397.744895870394, -12832.462115546761, 1467.8613282170493], [12396.669261214585, -11727.85094818128, 1560.0], 25, 3, 3], "41": [[13598.219991659204, -12674.328106945652, 1559.9999875880542], [12287.561758012773, -11903.318242385294, 1560.0], 39, 3, 3], "42": [[18294.166589794615, -12231.130077968477, 1559.9996748146812], [16104.237951903102, -11401.07554162504, 1560.0], 34, 3, 3], "43": [[20267.433183187073, -12601.10438940851, 1481.7013669441924], [17704.276355140948, -11392.070745457902, 1560.0], 12, 2, 2], "44": [[19959.717596187722, -11771.300098548421, 1721.181588939424], [19752.53275347037, -10944.296142301693, 1560.0], 50, 3, 3], "45": [[15632.032449635177, -10141.916536703213, 1560.0003554252598], [15558.365212535726, -9924.53804953699, 1560.0], 42, 3, 3], "46": [[16015.46741986229, -9789.849033396957, 1559.9999624495547], [15094.635911452131, -9499.790031684885, 1560.0], 22, 3, 3], "47": [[18024.45675260583, -10965.07991073147, 1434.2652659448875], [16778.953895575847, -10383.238985017082, 1560.0], 30, 3, 3], "48": [[19369.614878969132, -18683.701798588405, 2030.354953462454], [18454.942701033062, -16862.432344640565, 1560.0], 9, 3, 3], "49": [[19944.477140457093, -20307.973207956635, 1764.165280939655], [17794.171226471437, -17504.861606414892, 1560.0], 28, 2, 2], "5": [[-13224.383155289031, -11351.599071442171, 1665.7863588769696], [-11603.947952765635, -9931.373580257212, 1580.0], 11, 3, 2], "50": [[20331.03384257632, -13730.323174555164, 1640.0002168460028], [18757.197323462497, -12691.327093768841, 1640.0], 7, 2, 2], "51": [[25623.512268159426, -19038.74483583451, 1749.9997974239175], [14152.55153445677, -6680.152972629799, 1750.0], 0, 1, 1], "52": [[22124.280940930938, -9920.208044458988, 1560.0002189616685], [21176.339561899724, -8286.817469571964, 1560.0], 6, 2, 2], "53": [[23098.364269766676, -10417.316747686926, 1559.999683800013], [19820.470270205053, -9564.149955866382, 1560.0], 17, 2, 2], "54": [[23744.35307104741, -11335.460094416308, 1750.000313430489], [22188.86906199476, -9263.150760837447, 1750.0], 0, 1, 1], "55": [[24671.398156816344, -8726.93201837976, 1749.9999603378271], [22904.135186166244, -7184.229172023671, 1750.0], 0, 1, 1], "58": [[-10872.482854702477, -18193.842843899398, 1729.999576439413], [-5254.812568817597, -12438.195555654105, 1730.0], 0, 1, 1], "59": [[-8981.639622757264, -18087.87924433074, 1560.000083608711], [-4159.761235125588, -13876.500119316364, 1560.0], 0, 1, 1], "6": [[-16124.015514787487, -8264.398125179605, 1594.4969030566247], [-14610.561863679139, -7511.309442057859, 1560.0], 12, 3, 2], "60": [[-9698.14151490167, -18460.157781264214, 1559.9999765956934], [-4638.463144828072, -13323.511401059292, 1560.0], 0, 1, 1], "61": [[-11341.838543478327, -19128.703507707258, 1950.000019015461], [-5535.242966241767, -12349.741889710576, 1950.0], 0, 1, 1], "62": [[-6919.2659718786945, 9439.168595844394, 1233.860374086763], [-7316.100115958358, 7468.067019903299, 1560.0], 16, 3, 3], "63": [[-15724.840255985226, 8163.079197231586, 1750.0001701077856], [-10915.54511749494, 7582.499021278162, 1750.0], 0, 1, 1], "64": [[5828.15872595837, 16601.616927236642, 1749.9999108180207], [3854.278151650857, 16035.800940003624, 1750.0], 0, 1, 1], "65": [[6111.819601210984, 17821.91573788029, 1749.9997414623886], [3827.830858744367, 16921.706913076872, 1750.0], 0, 1, 1], "66": [[7008.317944820309, 17974.725653697933, 1749.9999181495275], [4215.112778031719, 16930.225013472136, 1750.0], 0, 1, 1],