{"0": [[-9189.899220559028, -16522.16822063286, 1560.0004164878947], [-7934.294769557966, -13441.322057245461, 1560.0], 0, 1, 1], "1": [[-8648.101828410634, -15450.29709816051, 1233.1665008382447], [-7989.137954541386, -12692.522286464146, 1560.0], 58, 3, 2], "10": [[-11979.444196128166, -7180.285745320788, 1560.0000716055556], [-11494.531724941126, -6878.710786198954, 1560.0], 5, 3, 2], "11": [[-12629.37998994262, -7307.52368583295, 1559.9998566110155], [-12103.78173337022, -6956.423921127985, 1560.0], 1, 3, 2], "12": [[-14670.804365138694, -5475.033980264318, 1559.999771013775], [-14133.026074420837, -5278.353415652152, 1560.0], 4, 3, 2], "13": [[-13757.389261572898, -5299.241460985366, 1378.8560778654776], [-13568.570756149831, -5080.108490635196, 1560.0], 9, 3, 2], "14": [[-12614.837019290733, 1932.38527387762, 1430.5063208362444], [-12602.200561167721, 1599.1007168486758, 1560.0], 112, 3, 3], "15": [[-11699.197657195422, 4735.205189654181, 1458.348667448898], [-11460.853060024676, 3993.1312224003127, 1560.0], 106, 3, 3], "16": [[-12527.669932693443, 4471.017212794451, 1207.4899997661603], [-12468.21399365037, 3530.0640957242704, 1560.0], 99, 3, 3], "17": [[-13031.64927768253, 4356.025020437171, 1475.1011198231406], [-12495.992500957309, 3685.0268787553787, 1560.0], 78, 3, 3], "18": [[-11047.973261614812, 6256.581974060567, 1448.0184503516796], [-10584.623506298163, 5274.804884314987, 1560.0], 35, 3, 3], "19": [[-14740.930337008827, 4485.624785799352, 1559.9998609103116], [-13593.250569540003, 3819.229533871736, 1560.0], 0, 2, 1], "2": [[-7966.258197038434, -15126.09049330282, 1190.9026213201673], [-7757.799466221035, -12493.57505925339, 1560.0], 76, 3, 2], "20": [[-13185.524200498332, 6374.661259278061, 1373.9082981772824], [-12313.50303583743, 5109.059821613703, 1560.0], 20, 2, 2], "21": [[-11572.233049030525, 7588.558100184815, 1367.5343019194988], [-10992.596197175642, 6005.156207845026, 1560.0], 67, 3, 3], "22": [[-11037.364801499942, 7188.548116285334, 1559.999982718738], [-10278.382363928436, 6049.747310174511, 1560.0], 31, 3, 3], "23": [[-8604.518496973189, 8293.400971760562, 1399.1433492558672], [-8605.018630619403, 6740.765067763068, 1560.0], 50, 3, 3], "24": [[-7680.11532303269, 10096.854995505248, 1409.7534591107026], [-7402.626266349641, 8134.4813065249045, 1560.0], 11, 3, 3], "25": [[-6978.869336425988, 11239.529533255674, 1309.6625390269853], [-7067.151324359383, 8689.147086174402, 1560.0], 25, 3, 3], "26": [[-8059.894248508316, 12521.112306177, 1318.0184930331077], [-7774.701682221912, 9242.67133393901, 1560.0], 33, 3, 3], "27": [[-8487.83960406746, 12613.887468992547, 1282.4289508471563], [-8170.291983277909, 9153.350374080823, 1560.0], 28, 3, 3], "28": [[-8300.966743654859, 13715.705209142925, 1377.8423129031446], [-7728.491338600332, 9826.832038433506, 1560.0], 27, 3, 3], "29": [[7415.214307401292, 15558.038438482505, 1467.7640578286798], [3551.547888853499, 11656.627323681078, 1810.0], 24, 3, 2], "3": [[-7923.151655702186, -14196.447881980386, 1595.6062141505574], [-6890.457418472225, -12217.993986146255, 1560.0], 91, 3, 2], "30": [[5518.246258227947, 13005.995398247333, 1376.2155385018466], [3300.084771402269, 10578.117405559424, 1560.0], 25, 3, 3], "31": [[6460.682043507172, 12720.665442389596, 1396.6852560490506], [4217.416635547745, 10496.591547551125, 1560.0], 20, 3, 3], "32": [[6746.07538383985, 12276.241628622722, 1559.9998370661663], [5599.755622869278, 10660.1908565843, 1560.0], 18, 3, 3], "33": [[7113.904445761089, 11454.070123192749, 1579.999859874865], [5334.393816057641, 9758.858669759058, 1580.0], 35, 3, 3], "34": [[7664.361304304992, 10030.466286900839, 1501.8966000219193], [6280.532758810852, 8764.954345797381, 1560.0], 20, 3, 3], "35": [[10413.969551026572, 9680.69835493851, 1372.4304177190604], [8200.401330170509, 8453.854823379997, 1560.0], 27, 2, 2], "36": [[11002.39330014036, 9839.588535475126, 1580.0000814186726], [10562.464147693834, 9205.951802963129, 1580.0], 3, 2, 2], "37": [[10938.307491335658, 8645.812479568722, 1642.987228314273], [10394.798274346556, 8206.092842008231, 1560.0], 14, 3, 2], "38": [[15930.578808585822, 8303.677335405051, 1950.0003103110514], [15706.512443652087, 7859.750948026765, 1950.0], 14, 2, 2], "39": [[15606.422997610272, 8726.07740596312, 1610.0001024011146], [15750.046437077302, 8421.996538591386, 1610.0], 15, 2, 2], "4": [[-10909.05771816138, -9483.610988318944, 1559.9999045690902], [-10318.516654089832, -8730.5842854695, 1560.0], 7, 3, 2], "40": [[15704.284979453283, 7179.194108434054, 1739.999928088456], [15891.445845584338, 6955.807005583382, 1740.0], 12, 2, 2], "41": [[15026.107668580114, 7884.124508109237, 1699.9998724500638], [14368.265268522207, 7453.0457315032745, 1700.0], 2, 2, 2], "42": [[14538.181838219794, 6835.027617199755, 1669.9998727071336], [14216.748538444554, 6472.633940819454, 1670.0], 1, 2, 2], "43": [[13789.210482078503, 6873.578227100967, 1559.9998379145347], [13018.46723108302, 6455.583126436424, 1560.0], 0, 2, 2], "44": [[12827.185307279567, 7328.605968446095, 1770.0001511187972], [11545.980217452588, 6747.658379203181, 1770.0], 2, 2, 2], "45": [[12181.792634256193, 7850.61696332648, 1560.0000100670165], [11600.010295103131, 7129.196444003162, 1560.0], 87, 3, 3], "46": [[15541.158478012903, 1127.9739687206547, 1640.0000149405562], [15642.369866303387, 1106.9958912683662, 1640.0], 3, 2, 2], "47": [[13689.403849186068, 1329.562605775575, 1560.0001449643166], [14199.05221401598, 1233.2543841887568, 1560.0], 16, 3, 3], "48": [[22192.347914212, -8232.872812524414, 1637.3419432160376], [21459.6333405796, -6578.839041395188, 1560.0], 13, 2, 2], "49": [[16516.014691044475, -9459.059975518807, 1517.5177361059261], [14697.32775452196, -8979.427572664299, 1560.0], 14, 3, 3], "5": [[-11623.209659497441, -9485.992407450985, 1560.000230782471], [-10795.81869473626, -8774.723900734403, 1560.0], 12, 3, 2], "50": [[14126.321052131016, -9770.056576638723, 1317.6073531571155], [11466.085442178131, -9070.026586335904, 1560.0], 15, 3, 3], "51": [[15313.066129447876, -10719.385182553971, 1430.543655912979], [13992.109235864065, -10184.785394848535, 1560.0], 31, 3, 3], "52": [[23048.47662531217, -15068.877912116099, 2126.2763647462866], [23432.115484568014, -14563.248264576721, 1610.0], 22, 3, 3], "53": [[18729.1202792114, -12430.941080397673, 1560.0000070517387], [18137.50420518356, -11959.270694617468, 1560.0], 42, 3, 3], "54": [[16720.228541691737, -12251.30289517792, 1542.2250349910441], [15903.998171681797, -11696.150779323425, 1560.0], 55, 3, 3], "55": [[15634.347798941628, -12712.073119883677, 1559.9997941263443], [14374.63829379727, -11785.176902788418, 1560.0], 8, 3, 3], "56": [[15031.758552891813, -12826.407358592825, 1560.000033047157], [13652.85641844026, -11826.49852573003, 1560.0], 6, 3, 3], "57": [[12434.574851069387, -11228.071354141033, 1562.0151805457313], [12329.689970696983, -10790.984199541484, 1560.0], 15, 3, 3], "58": [[9957.132183504273, -13310.418797138256, 1379.7829245050636], [8286.251036767539, -11968.499973866932, 1560.0], 17, 2, 2], "59": [[16680.70253182966, -18764.33035470635, 2087.03827414688], [15727.611943921851, -16889.52954762056, 1560.0], 15, 3, 3], "6": [[-12246.220120260748, -9814.74302209634, 1674.0665677971022], [-11089.804857452504, -9064.186253912252, 1560.0], 19, 3, 2], "60": [[3389.566440275647, -17490.199354873672, 1559.999921939755], [1933.0885225919253, -14607.565889677808, 1560.0], 7, 3, 3], "61": [[7807.638267203994, -17229.694150456897, 1309.9743539949832], [5098.372888049326, -14343.67018129466, 1560.0], 3, 3, 3], "62": [[8479.693024606906, -16372.523526768704, 1400.8069790038714], [6173.963649038257, -14005.786336797692, 1560.0], 4, 3, 3], "63": [[8108.133973497551, -15953.66156356163, 1385.6088031328618], [5876.114619432645, -13744.138712460071, 1560.0], 11, 3, 3], "64": [[8347.351387956141, -14869.907639934201, 1209.4269473607349], [5173.72439283137, -12656.123501850245, 1560.0], 10, 3, 3],