{"0": [[-8604.807094910107, 13411.01761779566, 1496.9379270322272], [-8148.019566704043, 9485.361065889676, 1700.0], 62, 3, 3], "1": [[-8193.233187934757, 12421.66346499832, 1516.137580432891], [-7648.07323282856, 9367.894972110205, 1560.0], 37, 3, 3], "10": [[-11720.556615245949, 6794.780020409619, 1559.999900061901], [-10846.117184824972, 5747.807967009944, 1560.0], 3, 3, 2], "11": [[-10850.107133388787, 7319.792453319763, 1386.2296855922962], [-10448.126828900191, 5949.052855674137, 1560.0], 69, 3, 3], "12": [[-10133.42129445823, 7229.736845399233, 1351.9777008016906], [-9915.368691725818, 5917.419560231241, 1560.0], 22, 3, 3], "13": [[-8389.34853252645, 3736.9824504553667, 1322.5567048997068], [-8611.664953079018, 3301.879057935625, 1560.0], 11, 3, 2], "14": [[-6260.021783577433, 3360.572491655554, 1141.285865349751], [-7174.70519773889, 2843.0626792592057, 1560.0], 18, 3, 3], "15": [[-12722.059291790372, 453.07686401233997, 1519.7738870396195], [-12583.400832785872, 347.3501871920817, 1560.0], 15, 3, 2], "16": [[-12058.371737428357, 364.6438326164024, 1555.864482154336], [-11872.336288650933, 308.91798111532836, 1560.0], 6, 3, 2], "17": [[-11443.777383002047, -299.26951818211455, 1389.316508969441], [-11601.168120922592, -408.90255624513253, 1560.0], 11, 3, 2], "18": [[-10647.987343472774, -1661.7043223294106, 1567.1753799371122], [-10461.0563253885, -1662.8644200192325, 1560.0], 7, 3, 2], "19": [[-12113.561970153123, -2990.1739115884634, 1521.0136056539795], [-12060.071176632046, -2981.1001315498806, 1560.0], 10, 3, 2], "2": [[-9506.346891988602, 11512.575678871508, 1576.6003220589425], [-8396.246730482653, 8958.999062033225, 1560.0], 40, 3, 3], "20": [[-8989.637378314183, -4655.3239610053515, 1390.0503170181903], [-9251.159950049167, -4577.456109450153, 1560.0], 8, 3, 2], "21": [[-12523.214199219301, -6483.653117997216, 1559.999961783332], [-12093.776219315121, -6264.0089276059925, 1560.0], 0, 3, 2], "22": [[-10879.259061748699, -9453.574106996728, 1560.0000631748142], [-10236.406032709167, -8767.531416515565, 1560.0], 6, 3, 2], "23": [[-12368.677831390936, -8329.23479545356, 1559.9999975597848], [-11648.090314895002, -7814.863444044397, 1560.0], 3, 3, 2], "24": [[-14337.516047341443, -7958.915130667413, 1560.0000757000332], [-13311.083448281848, -7434.715145130664, 1560.0], 85, 3, 2], "25": [[-4395.035887555429, 7241.500290182278, 1462.8240085883078], [-4881.6115173736425, 6294.357525442136, 1560.0], 38, 3, 3], "26": [[-10299.726795709463, -12083.252443754589, 1560.0000324731805], [-9341.21532549416, -10590.535825698913, 1560.0], 0, 3, 2], "27": [[-11152.057370044862, -12823.423870112058, 1559.9998881835372], [-9862.855455926938, -10940.501433011015, 1560.0], 7, 3, 2], "28": [[-11901.446560888795, -12526.746963867938, 1560.0000448337103], [-10477.808622723605, -10707.72180277652, 1560.0], 13, 3, 2], "29": [[-11741.285124527967, -13356.661825468149, 1560.000059682035], [-10166.937550900037, -11171.204132751312, 1560.0], 10, 3, 2], "3": [[-9939.263544695734, 11566.166212620628, 1544.419251957998], [-8858.22427870827, 8806.992452623861, 1560.0], 14, 3, 3], "30": [[-9399.154282859517, -16884.925966320585, 1532.3032953202892], [-8110.701286192945, -13001.78118935708, 1560.0], 19, 2, 2], "31": [[90.72368805367842, -16426.473871686754, 1560.0000427955267], [-695.1854395400001, -13862.603971667613, 1560.0], 11, 3, 3], "32": [[-1743.9818379940698, -10827.786792909306, 1446.5946505000898], [-2313.9243650454546, -10015.146028819763, 1560.0], 48, 3, 3], "33": [[5029.365866592181, -12012.121655174307, 1251.2989390024293], [2662.6429878349227, -10736.020291887338, 1560.0], 47, 3, 3], "34": [[3819.3588503871083, -13961.77426131928, 1429.052339633101], [2339.240475164993, -12325.763067608239, 1560.0], 6, 3, 3], "35": [[4828.797685187551, -8582.37652708142, 1236.706636540895], [3323.524523141981, -8071.036254211899, 1560.0], 7, 3, 3], "36": [[10892.251288564248, -16798.077046444276, 1560.000150834155], [8423.796756987183, -14332.37749336407, 1560.0], 25, 3, 3], "37": [[11202.870322425135, -17254.586688589538, 1560.0001106087925], [9118.70420848067, -14914.90677515804, 1560.0], 3, 3, 3], "38": [[11480.99698205306, -18017.97779172447, 1560.0000960065865], [9785.356179276443, -15581.41735855828, 1560.0], 9, 3, 3], "39": [[10853.317538070325, -18699.105173819087, 1559.9998578202728], [8608.596755249582, -15630.716162690553, 1560.0], 24, 3, 3], "4": [[-10726.052631695631, 10308.477419615665, 1496.3235931007084], [-9696.665642997601, 7945.086816564295, 1560.0], 66, 3, 3], "40": [[11747.966962558165, -19521.54437928008, 1560.0003269836523], [9693.95248064278, -16462.478039773003, 1560.0], 11, 3, 3], "41": [[13063.507661695208, -16012.591370060392, 1559.999822765432], [10799.90016347217, -14171.75651130263, 1560.0], 17, 3, 3], "42": [[16946.08221826687, -16392.65360437117, 1892.8403656824953], [17139.59235349908, -15352.15176601529, 1560.0], 70, 3, 3], "43": [[14518.687224457079, -14578.469671383411, 1559.999972895966], [12780.389886856396, -13140.430620449906, 1560.0], 4, 3, 3], "44": [[16862.09743120228, -13887.151041809127, 1471.403351739537], [15687.719109699194, -13085.972520643434, 1560.0], 104, 3, 3], "45": [[16660.98476264462, -13689.71512481329, 1551.7060906068932], [15178.76905150899, -12737.88177249635, 1560.0], 44, 3, 3], "46": [[16535.54106179767, -13458.343852497648, 1560.0000469289494], [14679.9730856065, -12396.822066315264, 1560.0], 3, 3, 3], "47": [[16500.66542550809, -9527.791886515744, 1289.882747941485], [13415.129255881771, -8878.303879288811, 1560.0], 26, 3, 3], "48": [[14846.400910530789, -9157.345361406342, 1411.088194300845], [12263.562844331207, -8685.920534405708, 1560.0], 38, 3, 3], "49": [[14129.198934274466, -9220.844939422375, 1423.817100645325], [12777.769478532306, -8879.270568291242, 1560.0], 26, 3, 3], "5": [[-10158.543518870163, 10137.845812959311, 1494.2886848641035], [-9218.451363149723, 7999.589260983398, 1560.0], 12, 3, 3], "50": [[14290.252972018045, -7215.799028110808, 1450.0568428707386], [13090.753556822867, -7071.904185988974, 1560.0], 25, 3, 3], "51": [[11435.22718838891, -8318.051308965985, 1522.0005764842313], [9788.907647399064, -7973.874493325146, 1560.0], 29, 3, 3], "52": [[10393.68140497752, -4982.8161116542, 1264.1659634079863], [9049.116916934605, -4979.334991474211, 1560.0], 49, 3, 3], "53": [[13950.770643071393, -3104.582396916055, 1500.245639105844], [13622.94608800824, -3259.4252244694194, 1560.0], 38, 3, 3], "54": [[12365.679666480992, -828.529141176184, 1493.6966160000254], [12765.290169618063, -962.1561744965139, 1560.0], 26, 3, 3], "55": [[12946.087842282008, 3363.965274350575, 1710.0003191499254], [12972.901471090423, 3304.6617270201714, 1710.0], 0, 2, 2], "56": [[12661.457727985098, 3101.786016928849, 1559.9996359658394], [12450.358462308062, 2904.6894890218514, 1560.0], 4, 3, 3], "57": [[13726.63639844024, 4348.414905358788, 1484.9651893656385], [12262.015680968172, 4015.884968547413, 1560.0], 22, 2, 2], "58": [[14521.54717287346, 4873.786826823142, 1491.3807900392046], [12967.205438477202, 4481.494827810382, 1560.0], 19, 2, 2], "59": [[15267.73712730497, 4126.5726673591325, 1559.9996776196228], [13908.591187467886, 3817.737606534372, 1560.0], 12, 2, 2], "6": [[-10810.26310939591, 8813.664678329736, 1526.2830525637437], [-9892.291185836035, 7125.467694547495, 1560.0], 16, 3, 2], "60": [[3314.422808994258, 4592.0636865981805, 1412.5224107686029], [2550.936182798697, 4231.953984665963, 1560.0], 20, 3, 3], "61": [[1072.6953012250183, 11641.112291790843, 1559.999904453882], [485.66821285002794, 10017.139510382554, 1560.0], 16, 3, 3], "62": [[6718.330153489702, 10217.703439833333, 1299.1432189678842], [4834.209282022226, 8697.003176420458, 1560.0], 19, 3, 3], "63": [[7732.400171766683, 11822.538623695453, 1526.4389534238287], [7076.806016858192, 10634.214706169367, 1560.0], 23, 3, 3],