{"0": [[-8041.203969828857, -15221.840084328845, 1560.0000505281791], [-7012.013433522636, -13974.154579183953, 1560.0], 0, 1, 1], "1": [[-8575.478044120593, -17777.55312194557, 1559.9998905190805], [-7307.519380343593, -13563.598862585925, 1560.0], 22, 2, 2], "10": [[-12273.106988269321, -6614.153262007165, 1511.4916633413607], [-11963.654083319383, -6340.3300388643775, 1560.0], 11, 3, 2], "11": [[-13728.485388983141, -5819.603447340879, 1560.0000877273092], [-13261.262938749634, -5635.2699586079125, 1560.0], 0, 3, 2], "12": [[-15143.234981828025, 6721.1287877593195, 1310.421080053592], [-13605.783307626081, 5065.701357637085, 1560.0], 48, 2, 2], "13": [[-14411.38412105372, 4920.93281892946, 1281.1430864679023], [-13620.991999798034, 3887.245170119622, 1560.0], 41, 2, 2], "14": [[-12825.310986135186, 5462.542672991543, 1257.9857837614065], [-12360.17844733234, 4386.877300257267, 1560.0], 26, 2, 2], "15": [[-12140.189964529314, 6276.701073067334, 1424.7512331601981], [-11489.209489506307, 5191.800502194046, 1560.0], 65, 3, 3], "16": [[-11213.488634691637, 6203.192838384363, 1380.849701784285], [-10909.114782131122, 5096.115267861052, 1560.0], 92, 3, 3], "17": [[-11885.71051724141, 11644.496909117384, 1749.9995826047293], [-9125.79353219894, 11199.464234485338, 1750.0], 0, 1, 1], "18": [[-8359.452446024918, 9393.613140961097, 1441.5309493028738], [-8030.81204403439, 7627.193015708864, 1560.0], 18, 3, 3], "19": [[-7961.16795624479, 10318.325935817822, 1372.4662675691443], [-7939.9444541085295, 8060.354665288528, 1560.0], 57, 3, 3], "2": [[-9123.97011262958, -16202.592426285266, 1561.5901677717297], [-7690.890687708079, -12957.51238138491, 1560.0], 59, 2, 2], "20": [[-8641.450863167283, 11278.292618227948, 1391.0473081119349], [-8207.062234823929, 8606.354334095588, 1560.0], 30, 3, 3], "21": [[-8357.511869231967, 12015.827209487095, 1311.8152193301355], [-7920.742092224512, 9028.666410158121, 1560.0], 7, 3, 3], "22": [[-7669.531714543536, 13285.675681873547, 1305.3666934423363], [-7498.298382184519, 9585.698556324718, 1560.0], 18, 3, 3], "23": [[7263.984153289317, 16325.684049869993, 1437.0646885271308], [4676.843725470443, 12835.456474829614, 1560.0], 8, 3, 2], "24": [[6917.318682905047, 15156.22947230257, 1384.4268237758333], [4901.803951143278, 12297.007516398013, 1560.0], 10, 3, 3], "25": [[6846.021527099517, 13409.19486443168, 1499.1247802477592], [5391.7527486377185, 11349.417338319836, 1560.0], 6, 3, 3], "26": [[6071.428886874639, 12593.668810402438, 1451.0478270203703], [4940.186347279148, 10810.008097690845, 1560.0], 9, 3, 3], "27": [[6264.936963360729, 11539.667416133138, 1504.1357401530888], [5499.040135425706, 10180.4772476477, 1560.0], 23, 3, 3], "28": [[8022.167082280315, 11907.34372586696, 1559.9998588628112], [6225.831073199114, 10204.536908247626, 1560.0], 16, 3, 3], "29": [[6622.7383196866285, 10905.075158012944, 1531.6679906232453], [5355.580854063649, 9507.592293826643, 1560.0], 24, 3, 3], "3": [[-9159.30651483783, -14836.215078161234, 1296.7784119747039], [-8086.73503384585, -12605.509596730306, 1560.0], 14, 3, 2], "30": [[7632.05482115969, 9957.806836399703, 1306.6699475647315], [5486.160149501573, 8486.791618110652, 1560.0], 3, 3, 3], "31": [[9651.320034145218, 10308.75618905485, 1559.999910776265], [9331.760952631172, 9528.247879009812, 1560.0], 13, 3, 3], "32": [[10192.878282900716, 10055.962361525617, 1561.6144576580111], [9224.703716284022, 9086.724805900734, 1560.0], 25, 3, 3], "33": [[11828.746465627753, 9745.29710741413, 1619.9998916195184], [11350.941898494462, 9125.781102984309, 1620.0], 3, 2, 2], "34": [[11794.247719565832, 8335.881428661336, 1560.000356059363], [11276.928996242612, 7811.980882668084, 1560.0], 1, 2, 2], "35": [[15321.842563918906, 8311.668544094518, 1650.000065629588], [15399.49516722092, 7958.556497823298, 1650.0], 13, 2, 2], "36": [[12187.265639866471, 6985.24370887725, 1590.8847488593512], [11957.89179776933, 6549.919405492876, 1560.0], 28, 3, 3], "37": [[13135.236852292022, 6985.113085375884, 1610.0002165727858], [12828.346727144388, 6633.056219493756, 1610.0], 2, 2, 2], "38": [[14451.841815023346, 7189.199878470713, 1719.9999878128265], [14059.073592728353, 6783.927523619589, 1720.0], 3, 2, 2], "39": [[19744.369545137815, 9147.674187660296, 1590.0002247955508], [19404.77703819219, 8707.94945069246, 1590.0], 9, 2, 2], "4": [[-12163.363536531475, -13568.642720046948, 1622.8026421741533], [-10376.166714367675, -11275.555984651197, 1560.0], 11, 2, 2], "40": [[19265.263735664834, 9345.900824213695, 1809.999781318274], [18931.558932168013, 8817.06670149988, 1810.0], 13, 2, 2], "41": [[21063.731192452582, 8836.87812435605, 1879.9999379516455], [19861.5922716767, 8228.494766387534, 1880.0], 0, 2, 2], "42": [[20390.846247621514, 8011.890471354466, 1859.9998985055581], [19729.145664096013, 7526.698137535636, 1860.0], 0, 2, 2], "43": [[16131.973885084544, 981.5699064862843, 1789.9999618374572], [16070.463812997923, 877.9829299204252, 1790.0], 3, 2, 2], "44": [[14358.024656667589, 1350.8945914549927, 1656.3576539762735], [15463.964537216058, 1223.5291169501495, 1560.0], 19, 3, 3], "45": [[7370.6820953221695, -24371.138818875886, 1560.0001227941925], [4330.62878205465, -17936.663561347967, 1560.0], 0, 2, 2], "46": [[12212.568909808264, -27246.17607212625, 1559.999729637903], [7520.00256382059, -19396.239793346125, 1560.0], 4, 2, 2], "47": [[8142.869730128396, -22151.54542885647, 1560.0001053118403], [5395.357826164712, -17200.957668645282, 1560.0], 4, 3, 3], "48": [[7342.605273415258, -19510.74590538964, 925.0044646686817], [3154.026080796094, -14962.079840877304, 1560.0], 7, 3, 3], "49": [[7390.661478703679, -19125.15037795585, 1497.607662036279], [4826.094406238971, -15492.292947363749, 1560.0], 2, 3, 3], "5": [[-7609.870788848295, -14777.178989368462, 1341.6746046592189], [-7515.059591042163, -12331.246405881577, 1560.0], 25, 3, 2], "50": [[8184.9131407347595, -18335.6140651385, 1560.0000585786743], [4727.247266213927, -14971.294351078806, 1560.0], 147, 3, 3], "51": [[10406.561366571677, -16807.79693205549, 1560.0004637132997], [6393.754482925921, -15148.097166723535, 1560.0], 0, 3, 1], "52": [[10418.400234718034, -16992.088433540514, 1582.0298640327333], [9118.70420848067, -14914.90677515804, 1560.0], 12, 3, 3], "53": [[11692.19950126134, -15479.165760872771, 1560.0004643213158], [10410.07271621708, -13864.046201782085, 1560.0], 14, 3, 3], "54": [[8392.166406990415, -14986.675963978396, 1288.1945938306494], [5864.803015322933, -12966.086629587924, 1560.0], 12, 3, 3], "55": [[9958.31010250121, -13512.364898156386, 1364.1644217952055], [7356.537686397781, -11876.256538729966, 1560.0], 10, 2, 2], "56": [[14022.515352319606, -13115.277835455463, 1585.1600155367828], [13887.272492443439, -12515.199069715354, 1560.0], 32, 3, 3], "57": [[14389.687399007933, -12572.827143750526, 1560.0000183675397], [13071.100180708765, -11686.539467080513, 1560.0], 2, 3, 3], "58": [[15740.621151714266, -11823.126320803924, 1381.3387115944142], [13586.332742311353, -10856.569371203164, 1560.0], 12, 3, 3], "59": [[12960.416901102235, -10770.707732999435, 1560.0001377306116], [12652.100812923347, -10235.878100338357, 1560.0], 7, 3, 3], "6": [[-11614.681998585118, -7844.484360590823, 1560.0000144373405], [-11144.385496542414, -7423.628521058318, 1560.0], 4, 3, 2], "60": [[12544.473447562226, -11024.054597514707, 1560.0000200496042], [11886.748261691006, -10488.576902580735, 1560.0], 15, 3, 3], "61": [[11693.740156547086, -10658.447890321348, 1462.7999379482037], [9880.48986569503, -9956.790984875666, 1560.0], 11, 3, 3], "62": [[18279.533653648858, -11244.057929536912, 1593.1220366732093], [17274.057729850814, -10831.786097579907, 1560.0], 27, 3, 3], "63": [[24636.001797851928, -10701.152433139807, 1749.9994834249342], [22747.179597742957, -8754.708921183676, 1750.0], 0, 1, 1], "64": [[15468.754895873479, -9686.737301593048, 1559.9998274416246], [15094.635911452131, -9499.790031684885, 1560.0], 38, 3, 3],