{"0": [[-14265.438918769776, -6302.276880093904, 1461.0920102574014], [-13754.617864048883, -5978.917560203491, 1560.0], 10, 3, 2], "1": [[-14258.624350084714, -7893.618059933612, 1480.4020709663237], [-13462.629891723249, -7283.6095453617145, 1560.0], 24, 3, 2], "10": [[-10612.09653101358, -15778.25500364392, 1559.999980787944], [-9020.725009449638, -12417.890877393565, 1560.0], 9, 2, 2], "11": [[12082.091908595823, -21171.507531171745, 1373.14457837727], [7887.50736481886, -16585.029914492563, 1560.0], 21, 3, 3], "12": [[12877.681367237488, -21047.47225166539, 1557.6751806504176], [10306.050892141957, -17201.035238735076, 1560.0], 28, 3, 3], "13": [[15377.49081319415, -21071.420472330934, 1257.690162837869], [10258.407701841832, -16520.046497914842, 1560.0], 8, 3, 3], "14": [[15554.776064381582, -20402.899639421863, 1760.493936129183], [13638.263856518286, -17386.030227153413, 1560.0], 10, 3, 3], "15": [[10796.363953361611, -16780.48463222108, 1363.4987969958054], [7955.82447323812, -14250.208424429546, 1560.0], 5, 3, 3], "16": [[12825.972948176579, -17621.833941094817, 1560.0000529917002], [10667.854373297594, -15208.211529128757, 1560.0], 6, 3, 2], "17": [[12510.335854336925, -16542.052467327976, 1559.9996442707334], [9544.6162440179, -14292.421433232243, 1560.0], 19, 3, 3], "18": [[9975.102011397044, -13272.84159373486, 1334.85747690783], [6817.703043760517, -11537.933252864948, 1790.0], 13, 3, 2], "19": [[12423.975357128174, -11334.048024388549, 1171.5782211414175], [9745.249219349242, -10216.781971208986, 1560.0], 20, 3, 3], "2": [[-12814.966974497185, -8690.906222542306, 1339.8755866341442], [-12278.0770856491, -7895.862734196723, 1560.0], 18, 3, 3], "20": [[15919.03636341009, -14570.9590204316, 1468.600596347812], [13526.293667167194, -13042.188557569774, 1560.0], 71, 3, 3], "21": [[22543.01070256011, -15479.484217149624, 1827.400481406337], [20963.280464778698, -14202.592419162662, 1560.0], 20, 3, 3], "22": [[16405.865593253173, -9511.317769266008, 1377.1078210301512], [14017.291478681971, -8978.848189104361, 1560.0], 39, 3, 3], "23": [[15838.493723293124, -6810.5759185296365, 1315.0021238278307], [13352.077992676579, -6545.499792951337, 1560.0], 29, 3, 3], "24": [[15314.547948070694, -6307.438465333584, 1559.8041052064848], [12966.139968904501, -6059.552395047637, 1560.0], 46, 3, 2], "25": [[14832.363608297723, 1101.5602727230114, 1566.6238084367378], [14797.850065648425, 1165.7815496114147, 1560.0], 19, 3, 2], "26": [[11896.811895284418, 8079.327859327119, 1560.000226305474], [11212.725737205192, 7576.411542088228, 1560.0], 6, 3, 2], "27": [[10675.145277169593, 8874.08551435277, 1559.9998356412304], [10454.50696670055, 8435.759432436646, 1560.0], 50, 2, 2], "28": [[10366.450506142186, 10196.807265569534, 1652.8193756102044], [9278.386450729575, 9307.427351002025, 1560.0], 61, 3, 3], "29": [[7616.911875364173, 8671.663668352077, 1379.4450941978278], [5631.580179076322, 7538.916360973561, 1560.0], 35, 3, 3], "3": [[-13719.418410721233, -8920.316365125997, 1562.1738747433849], [-12657.99085239403, -8181.868849291411, 1560.0], 11, 3, 2], "30": [[22976.794285347467, 9876.724875340475, 1560.0002451201397], [20376.620819470423, 8814.678242789958, 1560.0], 3, 2, 2], "31": [[7371.864008704772, 11640.72988352557, 1221.0462532343704], [3973.6157958319113, 9311.29776284054, 1560.0], 57, 3, 3], "32": [[7517.625927564744, 13672.471940309015, 1488.740280455247], [5015.824146842931, 11182.295635081167, 1560.0], 67, 3, 3], "33": [[7153.347481990608, 14094.479225146932, 1598.0879451454946], [5127.404312499463, 11738.735482835626, 1560.0], 51, 3, 2], "34": [[-1062.932771216384, 10773.386620625768, 1260.1634636703043], [-2553.3380133101264, 8677.184459355261, 1560.0], 18, 3, 3], "35": [[6544.793595105647, 14125.163590326289, 1407.4291609762317], [3386.0698161345545, 11014.050248697582, 1560.0], 53, 3, 3], "36": [[-3528.5740334681077, 12413.560358989283, 1317.3010606822786], [-4406.354583254134, 9624.0010269357, 1560.0], 26, 3, 3], "37": [[-8134.908049686428, 10514.842971457572, 1145.3485639293085], [-8576.321770813809, 7782.692017457336, 1560.0], 139, 3, 3], "38": [[-8335.600936222656, 11081.050427707563, 1179.9033118198993], [-8485.792418226665, 8191.704955489273, 1560.0], 68, 3, 3], "39": [[-12421.042548731686, 7545.066872506636, 1191.6780525561085], [-11781.35974422349, 5759.406426614943, 1560.0], 46, 2, 2], "4": [[-10731.220847246408, -7708.946738295694, 1478.4494690863867], [-10587.567309090913, -7271.703944976634, 1560.0], 37, 3, 2], "40": [[-13484.367288268304, 6811.00066212405, 1250.7445482103217], [-12582.110446715937, 5260.406543514971, 1560.0], 25, 2, 2], "41": [[-12168.379616290407, 5582.3156704694275, 1228.634702847914], [-11877.87650725602, 4490.469226153587, 1560.0], 25, 3, 3], "42": [[-14447.323616657475, 5915.252675829924, 1236.6155645830331], [-13425.03304265673, 4561.309842197638, 1560.0], 14, 2, 2], "43": [[-10828.221415273681, -17444.1954749332, 1559.9999547838052], [-8492.945192772113, -13157.129855622887, 1560.0], 0, 1, 1], "44": [[-9059.931208532971, -19242.73536835332, 1560.0001537631379], [-3957.9129951853874, -14294.047562052807, 1560.0], 0, 1, 1], "45": [[-7943.6093969802505, -21589.764399668882, 1609.9998964917313], [-3083.0271312059044, -15566.69226940628, 1610.0], 0, 1, 1], "46": [[-8520.01126073962, -21461.19948454412, 1809.9999131341035], [-3605.8544791786026, -14932.872979150861, 1810.0], 0, 1, 1], "47": [[23743.125841199766, -26107.558466097867, 1749.999961113552], [14067.86672085727, -12646.11753971718, 1750.0], 0, 1, 1], "48": [[9398.928143409315, 11309.486387241737, 1620.8410077482647], [7280.16140176554, 9777.80153180069, 1560.0], 110, 3, 3], "49": [[-10278.695650966018, 12515.884798774987, 1560.0000474761891], [-7268.293172107458, 10456.741869635378, 1560.0], 40, 2, 2], "5": [[-9496.31749797374, -8799.331007917386, 1519.4886374898956], [-9196.6588835449, -8282.030671732577, 1560.0], 10, 3, 2], "50": [[-9471.183854347288, 16991.860965154498, 1560.0000692368035], [-7014.367935367382, 15006.425257580277, 1560.0], 22, 2, 2], "51": [[-8837.010167390377, 16392.90298162168, 1560.000270383173], [-6398.322913535091, 14197.48082153656, 1560.0], 32, 2, 2], "52": [[7237.227587850868, 17923.871503932667, 1749.9997736247083], [4354.030112846109, 16849.962737796406, 1750.0], 0, 1, 1], "53": [[7445.602746834974, 18510.74202418551, 1749.9997751645114], [4352.235129777057, 17195.14916130256, 1750.0], 0, 1, 1], "54": [[6790.264365204067, 19612.749977537074, 1749.9995196830428], [3836.772549405278, 18043.861759997715, 1750.0], 0, 1, 1], "55": [[6610.099652184101, 20049.08729188369, 1750.0001568030377], [3687.224814480051, 18338.64766658338, 1750.0], 0, 1, 1], "6": [[-16075.030407040727, -9543.841926267723, 1560.0001854528994], [-14226.914280596706, -8358.674010152661, 1560.0], 7, 2, 2], "7": [[-12353.299897220097, -13946.410519654484, 1560.0000482337698], [-10504.162810584352, -11368.833179677551, 1560.0], 4, 2, 2], "8": [[-8545.965474001177, -15156.19555584123, 1559.9997578368743], [-7927.1565754969915, -13310.099661335978, 1560.0], 0, 1, 1], "9": [[-6307.856346726616, -16758.176952197122, 1560.000123380862], [-7339.35397556945, -12831.220425230187, 1560.0], 0, 3, 1]}