{"0": [[-7861.864908553315, -16484.533977683463, 1559.9997204998942], [-7124.277745510506, -13948.463289243116, 1560.0], 0, 1, 1], "1": [[-9458.104007935382, -15842.03948777531, 1560.0000702780694], [-8091.86812574145, -12682.772250873719, 1560.0], 23, 2, 2], "10": [[-15148.30291412441, 6341.150564052307, 1425.7245884554734], [-13601.147799088218, 4949.5675989348065, 1560.0], 17, 2, 2], "11": [[-14161.610775513407, 5311.600585259437, 1296.504575390143], [-13336.416713192924, 4203.244968004372, 1560.0], 24, 2, 2], "12": [[-13438.119638403969, 4706.637811800013, 1243.14691115732], [-13012.248251057323, 3734.6456193812037, 1560.0], 36, 2, 2], "13": [[-12931.911414975626, 5593.682517957859, 1209.190708222877], [-12521.559587158468, 4390.382521493288, 1560.0], 42, 2, 2], "14": [[-11123.425523699561, 6010.658660795466, 1361.0677401609867], [-10861.976913314373, 4973.148756602754, 1560.0], 46, 3, 3], "15": [[-8463.58788971508, 8519.761295766122, 1378.2802588973163], [-8365.951929134771, 6961.9850368440475, 1560.0], 20, 3, 3], "16": [[-7931.736112184199, 10495.719391594306, 1518.5957347080912], [-7554.303668424463, 8426.804097630662, 1560.0], 39, 3, 2], "17": [[-8262.566688696148, 12591.613715434261, 1264.2196308194696], [-7857.267326559754, 9298.407881601277, 1560.0], 53, 3, 3], "18": [[7334.9429447127095, -24212.591750786396, 1560.0000360924503], [4364.566296826914, -17897.42400228184, 1560.0], 2, 2, 2], "19": [[9262.150822825406, -22778.087155472032, 1412.617589010035], [6126.876880561653, -17484.16109738933, 1560.0], 19, 3, 3], "2": [[-8651.004568793345, -15359.708493941464, 1335.331116561038], [-7686.222495796151, -12905.993149462642, 1560.0], 20, 3, 2], "20": [[7171.105766126923, -19426.520303800487, 906.2052617034112], [3425.390494102391, -15145.106153177565, 1560.0], 33, 3, 3], "21": [[7309.350046301363, -18788.53856031386, 1315.4973939767865], [4235.547082292349, -15104.158454796812, 1560.0], 5, 3, 3], "22": [[8606.29359105797, -18019.36181788991, 1524.344884880724], [6812.320570164731, -15239.62337589602, 1560.0], 12, 3, 3], "23": [[9384.717777105525, -16045.679605579026, 1469.3505282830392], [7218.838770546975, -13828.481562864716, 1560.0], 13, 2, 2], "24": [[9349.412788020247, -15893.395127706057, 1319.9044154843095], [6472.832974574784, -13488.982972279702, 1560.0], 24, 3, 3], "25": [[9931.919574660393, -13436.311647982995, 1402.5860326978875], [7814.690366461455, -11921.776616554165, 1560.0], 9, 2, 2], "26": [[14442.123418397407, -12425.151502689974, 1559.9997614133483], [13127.977148772223, -11596.188674621131, 1560.0], 16, 3, 3], "27": [[15770.562446180058, -11996.661170997322, 1356.6181210891884], [13471.194676160225, -11044.28161783627, 1560.0], 9, 3, 3], "28": [[17302.610245321644, -10931.204754447883, 1498.8025417633312], [15964.070269136, -10459.070901297056, 1560.0], 28, 3, 3], "29": [[13914.423058152386, -10776.800751434752, 1517.935756657439], [12706.113328296942, -10141.804554674452, 1560.0], 8, 3, 3], "3": [[-7746.118848399252, -14642.039307416107, 1254.5954207580285], [-7408.950604001997, -12423.780478033992, 1560.0], 32, 3, 2], "30": [[13044.040703427572, -10735.687985741532, 1560.0000598563524], [12042.45825820641, -10213.678017480968, 1560.0], 27, 3, 3], "31": [[12575.661750246336, -11201.55996226083, 1560.0000126228267], [11783.323199147273, -10669.681168337249, 1560.0], 20, 3, 3], "32": [[12003.95198907649, -10885.222102882903, 1428.2803740385596], [10880.820961630103, -10171.019146467983, 1560.0], 7, 3, 3], "33": [[17289.987603305166, -9916.35252234658, 1567.8241249603777], [16489.3210599215, -9626.590669400774, 1560.0], 19, 3, 3], "34": [[15062.672664795053, -9140.881063891884, 1481.9116765407841], [14131.516788073268, -8775.065275625038, 1560.0], 28, 3, 3], "35": [[13923.82266410757, -9644.112273633707, 1376.6089843801783], [12059.157756324894, -9072.579993281295, 1560.0], 28, 3, 3], "36": [[12486.890270931268, 968.8956734969249, 1631.3948986305238], [12835.646524568821, 765.0815701284844, 1560.0], 21, 3, 3], "37": [[14472.183580146639, 1266.241240451741, 1669.2288812474876], [15414.42402601486, 1096.2250894968677, 1560.0], 35, 3, 3], "38": [[13289.944288128474, 2014.7699004528024, 1676.6608459452975], [14916.927256748344, 1902.3064658562469, 1590.0], 65, 3, 3], "39": [[15803.794464890401, 7034.912947069317, 1670.0001863504444], [15554.319057497834, 6769.051101008346, 1670.0], 6, 2, 2], "4": [[-11734.900397954714, -7930.744437722113, 1559.9997984823262], [-11220.717580703222, -7497.147584449196, 1560.0], 3, 3, 2], "40": [[12392.709621091177, 6928.29216888637, 1642.5294162847313], [12326.680130830877, 6630.45616213622, 1600.0], 9, 3, 3], "41": [[12926.826833096618, 7340.148463366792, 1579.4523126974789], [12606.431213930216, 6931.090023334683, 1560.0], 29, 3, 3], "42": [[13084.363185888269, 8065.305671037922, 1680.0000372931065], [12782.394887137218, 7636.550918999101, 1680.0], 2, 2, 2], "43": [[9293.825570735433, 7650.342779758284, 1602.3684410042968], [9210.17094139728, 7242.074552864318, 1560.0], 30, 3, 3], "44": [[10401.49530733794, 8791.807243426314, 1560.0001072621221], [9939.409499859372, 8281.53384504166, 1560.0], 10, 2, 2], "45": [[10781.294302906028, 9592.864717402132, 1559.9998616320931], [11686.331730377413, 9351.369048231863, 1560.0], 43, 3, 2], "46": [[10623.4328963419, 8911.263668301752, 1559.9998499574042], [9438.755272457302, 8131.590889926264, 1560.0], 11, 3, 3], "47": [[7082.794249151109, 9880.845783177125, 1357.6271919868775], [5124.898178723256, 8448.999260070277, 1560.0], 18, 3, 3], "48": [[6726.556017117605, 10886.954469098708, 1490.24964790742], [5334.865202342554, 9411.385757540662, 1560.0], 27, 3, 3], "49": [[8298.734053281516, 12069.10366110439, 1388.9916552769705], [4942.619444690197, 9647.52780327775, 1770.0], 11, 3, 2], "5": [[-11168.71591217707, -6951.352920672211, 1551.4889437321526], [-10882.837124538362, -6689.8928432793455, 1560.0], 9, 3, 2], "50": [[-9971.154096601562, -14802.545624195936, 1560.000006614521], [-4536.968909007845, -12967.010205640732, 1560.0], 0, 1, 1], "51": [[-10179.779778038801, -17765.15491320083, 1590.0002545920788], [-5136.195115338627, -12305.179071450908, 1590.0], 0, 1, 1], "52": [[-7726.810051844541, -18266.535457379752, 1560.00015791546], [-3259.1339662145356, -15117.431495901063, 1560.0], 0, 1, 1], "53": [[-8423.734439285992, -19093.014426601134, 1559.999668954036], [-3758.854434717735, -14532.907651720256, 1560.0], 0, 1, 1], "54": [[-10422.503363120042, 11787.120216947349, 1592.7168662270194], [-8105.710759154902, 11913.393669718225, 1560.0], 24, 2, 2], "55": [[12126.29202885805, -9108.361175684895, 1317.8395756900186], [10518.875155828035, -8697.148704795822, 1560.0], 30, 3, 3], "56": [[16312.594953265274, -12435.878374502836, 1559.9995798284601], [13948.748263835065, -11364.68323649379, 1560.0], 10, 3, 3], "57": [[-9558.993257368284, 19825.774231012696, 1750.000149736995], [-9169.671876584283, 19288.394859332, 1750.0], 0, 1, 1], "58": [[-8591.422798750038, 19735.944681893172, 1750.0000609228173], [-8357.38634682675, 19363.715716336257, 1750.0], 0, 1, 1], "59": [[7414.043557882101, 15289.579058021727, 1723.4836629943077], [5468.931675283097, 12593.148627819508, 1790.0], 48, 3, 3], "6": [[-12235.678822959939, -6712.748030284922, 1367.5524690451068], [-12095.916801261783, -6364.758603768877, 1560.0], 9, 3, 2], "60": [[6749.4659729779805, 19251.9265966386, 1710.1079872335993], [4175.889683505126, 14381.502715060922, 1950.0], 47, 2, 2], "61": [[7515.914710341448, 19434.44260348671, 1725.7159480416635], [4495.877451189902, 14338.788890054839, 1950.0], 19, 3, 2], "62": [[7119.892684637505, 21234.87046917445, 1560.000020672304], [4548.383328460144, 15669.48098799101, 1560.0], 0, 1, 1], "63": [[7465.307862923559, 21087.91745946435, 1560.0000389158602], [4858.515457611776, 15635.846114833941, 1560.0], 0, 1, 1], "64": [[7465.307862923559, 21087.91745946435, 1560.0000389158602], [4858.515457611776, 15635.846114833941, 1560.0], 0, 1, 1],