{"0": [[-9111.298376626555, -17404.97447677701, 1559.999685048644], [-7821.5676955493, -13259.686039821527, 1560.0], 11, 2, 2], "1": [[-9162.09728152548, -16940.806090829556, 1071.389186007195], [-8667.530071778696, -12549.815193296083, 1560.0], 14, 2, 2], "10": [[9399.589076822715, -18246.57017949098, 1444.6264079619546], [6852.188960157136, -15179.69446822729, 1560.0], 7, 3, 3], "11": [[8746.03667420061, -19567.9856220564, 1423.782117739945], [5937.759206924724, -15830.265912095223, 1560.0], 3, 3, 3], "12": [[8216.049837277238, -19872.917051515655, 1557.7527668714565], [5751.1402513203375, -16099.28806063664, 1560.0], 15, 3, 3], "13": [[7819.2647424134975, -19272.45770176739, 1260.6997245594278], [4171.687003446316, -15210.049317916038, 1560.0], 6, 3, 3], "14": [[8014.854245476078, -16954.780412051427, 1212.891310294265], [4517.303344416705, -13903.264947263979, 1560.0], 6, 3, 3], "15": [[8318.2305768815, -16311.59270362209, 1346.9107268889966], [6211.0757373840415, -13942.422935987624, 1560.0], 18, 3, 3], "16": [[7915.59515383039, -15915.615070254451, 1292.413687407492], [4809.67729918423, -13358.18442805549, 1560.0], 9, 3, 3], "17": [[7660.281485507424, -15891.777149397476, 1231.6587303540166], [3753.09085083484, -13117.610470849084, 1560.0], 40, 3, 3], "18": [[10023.63243737164, -16070.718435029112, 1388.7695203964556], [7299.180109896479, -13694.350376887041, 1560.0], 8, 2, 2], "19": [[9276.444480759323, -16918.058534387343, 1452.589004693027], [6476.039729603681, -14271.003407370154, 1560.0], 15, 3, 3], "2": [[-7015.1598206484905, -15338.552559395956, 1246.8023722562662], [-6840.618451591813, -12750.693206223556, 1560.0], 42, 3, 2], "20": [[10044.660140505484, -14956.420988924352, 1559.9998820555745], [8473.69176805191, -13418.612328548916, 1560.0], 14, 3, 3], "21": [[9152.989264985783, -14500.735649329852, 1344.929174974158], [6929.457818932673, -12671.161368736048, 1560.0], 11, 2, 2], "22": [[9745.914988729906, -14876.958783999573, 1750.0004285038628], [9770.063011626455, -14598.271784732317, 1750.0], 0, 1, 1], "23": [[12014.126330340647, -12080.340486806832, 1176.5467880189328], [10448.32604480643, -10958.00331583558, 1560.0], 69, 2, 2], "24": [[15992.102692044575, -9866.566743181396, 1365.358368123121], [15748.435357391576, -9614.296694142766, 1560.0], 96, 3, 3], "25": [[15306.106355001732, -9377.71844205846, 1429.7267239841974], [14017.291478681971, -8978.848189104361, 1560.0], 48, 3, 3], "26": [[14273.535313553357, -9565.310023612521, 1462.910755376101], [11515.276760313614, -8975.60876926786, 1560.0], 38, 3, 3], "27": [[13748.3119264089, -13639.193326246377, 1559.9996009194383], [11962.447654919091, -12418.888621132339, 1560.0], 22, 3, 3], "28": [[12416.18366965446, -11976.786120342967, 1359.9800214444742], [10448.32604480643, -10958.00331583558, 1560.0], 36, 3, 3], "29": [[13177.288837394675, -10929.91997406298, 1321.533096444221], [10420.540955271674, -9973.994505988447, 1560.0], 13, 3, 3], "3": [[-7670.441580950381, -14177.727161222256, 1182.0704365463364], [-7607.326644762369, -12119.88034739102, 1560.0], 21, 3, 2], "30": [[15657.734648332564, -11118.873883709697, 1340.8100375407253], [14729.24587203148, -10107.59880776345, 1560.0], 106, 3, 3], "31": [[14820.166730311787, -12179.553866402, 1320.1153667148137], [14127.453356815537, -11081.8287434546, 1560.0], 119, 3, 3], "32": [[13608.551852973096, -12444.062774740563, 1559.999821433409], [11851.61355231243, -11593.72219227878, 1560.0], 22, 3, 3], "33": [[13043.234354567621, -12654.38089077337, 1510.795023429179], [10659.43495140953, -11590.441018449179, 1560.0], 29, 3, 3], "34": [[12664.383182951497, -13292.643103791406, 1494.548514953749], [11432.488346954831, -12277.279110957053, 1560.0], 18, 3, 3], "35": [[16730.82537692482, -10784.104704182699, 1239.5351900024204], [13506.99139381293, -9873.149864757534, 1560.0], 86, 3, 3], "36": [[17132.953289330893, -9741.06825901613, 1553.11631410965], [16621.597677854388, -9413.30753852741, 1560.0], 28, 3, 3], "37": [[19936.556293604746, -11354.45643060771, 1560.0001200892834], [18289.591010180004, -10546.847825148441, 1560.0], 10, 3, 2], "38": [[22317.285479776867, -13549.463102829808, 1559.9997175045871], [18728.85981215235, -12329.100014783686, 1560.0], 36, 3, 3], "39": [[-13651.251866255454, 5950.188842048438, 1150.8913600283163], [-12982.26542165339, 4568.047184424147, 1560.0], 44, 2, 2], "4": [[-9881.952156137924, -14982.378078643516, 1560.0000267334165], [-8562.635336923962, -12206.389933160237, 1560.0], 0, 3, 2], "40": [[-12965.467615253196, 7108.155988173188, 1200.6470176344417], [-12177.527862620109, 5469.226418331158, 1560.0], 9, 2, 2], "41": [[-13950.715419783328, 7621.8980245780485, 1350.6435616503018], [-12583.030372880852, 5810.656996037177, 1560.0], 44, 2, 2], "42": [[-7389.662186199717, 11356.151061396005, 1262.0071682158432], [-7512.685302629048, 8620.499642773339, 1560.0], 42, 3, 3], "43": [[-7726.870286592709, 10152.123237359774, 1041.151943096768], [-8339.799156098014, 7566.188771257264, 1560.0], 75, 3, 3], "44": [[-8442.621892514002, 12219.126859204478, 1176.1519394272807], [-8438.090629043283, 8785.420715074522, 1560.0], 55, 3, 3], "45": [[-6224.043690183292, 15001.24287559692, 1367.4993597115056], [-6157.619086406162, 10758.193881598238, 1560.0], 62, 3, 3], "46": [[-2938.2113036271276, 6776.5048351713895, 1492.552455671529], [-3609.599227254762, 5974.400227169905, 1560.0], 38, 3, 3], "47": [[2310.765850693352, 11537.299528161382, 1423.6440626606695], [634.9547373712466, 9518.156828546957, 1560.0], 34, 3, 3], "48": [[6980.911015663093, 9561.243397420945, 1230.9592818271547], [4688.597297909828, 8032.045958852091, 1560.0], 22, 3, 3], "49": [[7274.704522173345, 10899.539087726384, 1330.8762486506928], [4588.718502075499, 9126.130508490416, 1560.0], 79, 3, 3], "5": [[-1967.3681601927024, -17213.328201007444, 1459.7149539740005], [-2653.3220643847103, -13982.403399816632, 1560.0], 38, 3, 3], "50": [[6427.299981651687, 11468.447003735157, 1253.995832963797], [4011.6470993505227, 9494.018098762876, 1560.0], 31, 3, 3], "51": [[6004.933225625295, 12310.205174075134, 1237.6064756105811], [3160.078803186519, 9877.547537251638, 1560.0], 38, 3, 3], "52": [[6456.6222467736825, 13083.705630623706, 1305.817427683678], [3922.935419560178, 10614.48462432586, 1560.0], 20, 3, 3], "53": [[9045.512407621023, 11170.518269642296, 1559.9998232977005], [8168.219505909395, 10106.344818359967, 1560.0], 0, 2, 2], "54": [[10232.012385038546, 9377.436023607952, 1559.9999621774605], [9089.202126464583, 8535.630837347657, 1560.0], 5, 2, 2], "55": [[11426.511265270037, 9444.304681010202, 1559.9997709514926], [10513.906571805506, 8665.695282316183, 1560.0], 19, 2, 2], "56": [[15258.76219619065, 9497.472490835955, 1730.0003228682813], [14625.503310267331, 8820.844377905329, 1730.0], 2, 2, 2], "57": [[-14366.992558090571, -5482.372655738507, 1459.2923465326187], [-13998.914794517674, -5260.781043041351, 1560.0], 12, 3, 2], "58": [[-13625.914935295936, -5741.756320260268, 1336.6827265341444], [-13468.52995112682, -5448.726262893034, 1560.0], 14, 3, 2], "59": [[-14788.322816281097, -6121.630899394197, 1559.9996989021438], [-14118.337118934043, -5847.3034971647185, 1560.0], 2, 3, 2], "6": [[12894.414611745964, -18996.587236919695, 1386.911534102619], [9686.191557809392, -15712.953185442999, 1560.0], 15, 3, 3], "60": [[-14573.522459367196, -9056.890059888408, 1623.1372105603903], [-13195.532751019586, -8272.16733403797, 1560.0], 11, 3, 2], "61": [[-15081.248545634211, -7932.921730822368, 1560.0000880536813], [-13980.931613492918, -7328.677154038879, 1560.0], 1, 3, 2], "62": [[-13763.260615496198, -8321.819054238898, 1560.0002175865577], [-12788.851379675409, -7738.949590029028, 1560.0], 8, 3, 2], "63": [[14648.179096326146, 7390.669907157298, 1559.9982024825779], [13743.182656337893, 6972.606722124772, 1560.0], 16, 2, 2], "64": [[15321.422139704096, 6446.00827784381, 1559.9983082549231], [14019.754731182442, 5973.379584263862, 1560.0], 21, 2, 2],