{"0": [[-10086.536634211347, 7036.87682778605, 1457.2213305222467], [-9701.843211765656, 5914.376826191941, 1580.0], 16, 3, 2], "1": [[-10230.413037310935, 4238.210729086188, 1518.4217459729725], [-10054.049497849897, 3795.529907695334, 1560.0], 29, 2, 2], "10": [[-12476.533906397888, -11524.836370315932, 1746.72203377076], [-10936.976350101577, -10175.479133384077, 1610.0], 11, 3, 2], "11": [[-13438.034013174372, -11928.540285590838, 1714.4571433991948], [-11538.108371762532, -10294.407236634854, 1560.0], 11, 2, 2], "12": [[-12097.515345414105, -14108.61768708877, 1685.0752175570572], [-10068.223551812876, -11651.663012302397, 1560.0], 11, 2, 2], "13": [[-9831.53517616051, -16033.139912077224, 1683.3887546132798], [-8104.117909113058, -12882.143623657248, 1560.0], 12, 2, 2], "14": [[7480.127578648164, -18338.12190022964, 1559.99983471433], [5065.448546599453, -15111.83706838451, 1560.0], 7, 3, 3], "15": [[8270.037295647624, -17723.170894334293, 1560.0000424854354], [6852.188960157136, -15179.69446822729, 1560.0], 11, 3, 3], "16": [[10135.972780445712, -20736.086693032303, 2053.001159369009], [8389.07339460259, -17325.24470296279, 1560.0], 33, 3, 2], "17": [[11861.56842357094, -17849.679926737612, 1560.0000403552604], [9474.17219983226, -15212.72893677, 1560.0], 13, 3, 3], "18": [[13237.43000425392, -16366.05079978248, 1559.9998863480473], [11196.301230047084, -14484.61055608215, 1560.0], 31, 3, 3], "19": [[13019.889786722013, -15725.659445957648, 1559.999991579095], [11410.684336172673, -14182.69939248291, 1560.0], 42, 3, 3], "2": [[-11655.989749056562, 4914.625434622034, 1395.0155540828791], [-11357.14737793913, 4193.098776759579, 1560.0], 10, 2, 2], "20": [[11937.374784783406, -15232.923235386708, 1507.5097341529645], [9096.300932568152, -13269.43974978374, 1560.0], 8, 3, 3], "21": [[12561.213590969293, -11252.510574168198, 1498.7989475061197], [10736.019441900713, -10437.034468843698, 1560.0], 8, 3, 3], "22": [[15746.818096755063, -9101.681984215753, 1559.9999273922217], [14815.975327961054, -8771.919585347807, 1560.0], 36, 3, 3], "23": [[16670.907877729445, -10706.610536348595, 1560.00000802046], [14668.6550129239, -10207.200509785216, 1560.0], 47, 3, 3], "24": [[17647.217711873927, -13051.542760969007, 1560.0003754825616], [15638.625816267073, -12082.252238513263, 1560.0], 27, 3, 3], "25": [[11817.952854156583, 1074.7434050900547, 1560.0000360954627], [11251.10591736448, 968.6803389413193, 1560.0], 66, 3, 3], "26": [[7073.942110473318, 13567.512448670743, 1559.9943485081412], [4667.380739880517, 11110.894400006602, 1560.0], 43, 3, 2], "27": [[7181.379038730383, 10534.748292447166, 1447.2615900379692], [5230.502881482273, 8930.207484597082, 1560.0], 25, 3, 3], "28": [[7204.628933455361, 9850.93118235028, 1525.7145028697057], [5900.475117596969, 8722.921318459914, 1560.0], 5, 3, 3], "29": [[8525.133599028753, 11803.960176436593, 1560.0000768308187], [7417.786439639608, 10395.05666467999, 1560.0], 33, 3, 3], "3": [[-12041.473644995576, 5858.3890176982295, 1422.045118424384], [-11481.555961245685, 4919.854621681965, 1560.0], 34, 2, 2], "30": [[-282.52333718148094, 10115.835411264668, 1404.9394828313552], [-1151.3622633052903, 8631.707223866695, 1560.0], 5, 3, 3], "31": [[12725.319288425837, -20363.904130661234, 1560.0004228477967], [9051.940076863284, -16526.911339399296, 1560.0], 8, 3, 3], "32": [[17208.22553179628, -17627.806501052266, 2126.544872193796], [17985.81232276865, -16381.35126645416, 1560.0], 7, 3, 3], "33": [[18899.38238173394, -14019.896220545374, 1458.9619504420575], [16699.595579410554, -12785.20664438072, 1560.0], 26, 3, 3], "34": [[12086.959766820837, 6881.376104279384, 1535.0682707000385], [9813.836237865211, 6041.841348303189, 1560.0], 42, 2, 2], "35": [[12634.927224644687, 8289.569892045387, 1559.9996103549056], [11212.725737205192, 7576.411542088228, 1560.0], 2, 2, 2], "36": [[13399.253557300472, 9001.057667197127, 1729.9999843462474], [12761.004701929416, 8415.320085696427, 1730.0], 1, 2, 2], "37": [[13876.786726659862, 7748.114750445182, 1559.9997890801008], [13276.802519219622, 7325.143953568137, 1560.0], 0, 2, 2], "38": [[14076.155346066682, 8643.190001645622, 1690.000038668727], [13412.54162610469, 8029.899263482555, 1690.0], 0, 2, 2], "39": [[14821.22807933129, 8730.196792205224, 1749.999530977745], [13675.48491884696, 7972.707816693761, 1750.0], 3, 2, 2], "4": [[-11754.733892355043, 6515.530678687177, 1396.1627605535054], [-11120.549318183108, 5408.540712359634, 1560.0], 7, 2, 2], "40": [[16352.64080444841, 8932.29743568896, 1559.9999653714767], [15350.74819763916, 8327.172765164143, 1560.0], 0, 2, 2], "41": [[15631.11672494143, 9182.23469658402, 1719.9999695199945], [14567.239129387766, 8450.657941506244, 1720.0], 1, 2, 2], "42": [[16076.48582006134, 9861.231959903964, 1850.0000763049277], [14648.33703422587, 8922.9052101625, 1850.0], 0, 2, 2], "43": [[16656.222682533065, 7298.551051269519, 1559.9988528072013], [15495.181385822134, 6774.115559982716, 1560.0], 7, 2, 2], "44": [[16491.357158527684, 8034.297273513244, 1559.999844911133], [15070.42623874704, 7407.819539143898, 1560.0], 5, 2, 2], "46": [[-9477.68716377866, 21610.426439463437, 1750.0001250588189], [-8958.836046426646, 20786.50072359433, 1750.0], 0, 1, 1], "47": [[-9320.797694999139, 20343.42333614282, 1749.9999517810213], [-8937.577057028991, 19775.61866196589, 1750.0], 0, 1, 1], "48": [[-8104.760190881225, 19462.61391638506, 1749.999591135426], [-7951.617479995127, 19160.26479223199, 1750.0], 0, 1, 1], "49": [[-9105.436947016598, 18217.74332416937, 1750.0000749751036], [-8853.201103631443, 17942.768038152964, 1750.0], 0, 1, 1], "5": [[-11920.039187576289, 7280.550255402976, 1467.94987459534], [-11068.635177396713, 5957.458118377106, 1560.0], 20, 2, 2], "50": [[-8306.681243690147, 16534.434063639936, 1749.9995759103008], [-8196.873772120945, 16437.236031566306, 1750.0], 0, 1, 1], "51": [[-9840.0424261287, 15339.415757850125, 1749.9999882929726], [-9532.329123050244, 15219.461397129091, 1750.0], 0, 1, 1], "52": [[-9629.357285847616, 14118.025066577975, 1749.9996010068203], [-9365.356767464988, 14093.91286493864, 1750.0], 0, 1, 1], "53": [[21406.239519033526, -11035.882220349973, 1750.0000672825431], [20407.100530194846, -9590.225232936788, 1750.0], 0, 1, 1], "54": [[-15054.261048745591, 6905.217291293113, 1750.000027523118], [-13227.849246526272, 5476.624531553613, 1750.0], 0, 1, 1], "55": [[5545.734592160293, 15121.303492684841, 1765.7359142433927], [3408.1092187319923, 12033.88181586021, 1870.0], 22, 3, 3], "56": [[6188.647834698374, 16038.432580256305, 1746.507310060681], [3983.663799296207, 12697.879735092598, 1920.0], 37, 3, 3], "57": [[6125.022857274132, 16620.752488102327, 1732.168019367927], [3914.4691347936587, 13059.833183010713, 1870.0], 42, 3, 3], "58": [[7028.729741704609, 15621.95893833236, 1725.3038885052567], [4855.256577739991, 12601.448301277695, 1860.0], 44, 3, 3], "59": [[7860.796438625105, 20755.592599160547, 1560.0004672378243], [5161.527105851737, 15516.116961543452, 1560.0], 0, 1, 1], "6": [[-13261.383344975848, 6732.318766037403, 1749.9999651001206], [-12012.568662654936, 5597.5087452223115, 1750.0], 0, 1, 1], "60": [[7362.568126530249, 21085.702739142136, 1560.0001448102114], [4858.515457611776, 15635.846114833941, 1560.0], 0, 1, 1], "61": [[7362.568126530249, 21085.702739142136, 1560.0001448102114], [4858.515457611776, 15635.846114833941, 1560.0], 0, 1, 1], "62": [[7119.892684637505, 21234.87046917445, 1560.000020672304], [4548.383328460144, 15669.48098799101, 1560.0], 0, 1, 1], "63": [[7382.919544233563, 21137.026253119493, 1559.999966620411], [4872.361740509413, 15717.766921210909, 1560.0], 0, 1, 1], "64": [[6561.3891692510215, 21617.439681939843, 1559.9999238041075], [3935.7735523536076, 15652.058499909066, 1560.0], 0, 1, 1], "65": [[5950.652651317034, 21766.96271990384, 1559.9998157506363], [3337.8167775469774, 15555.930652451982, 1560.0], 0, 1, 1],