{"0": [[-6306.943363724473, -17340.755129713416, 1560.0002665938678], [-7777.675996275165, -12711.515152353873, 1560.0], 0, 3, 1], "1": [[-9449.4804664512, -14160.4616858397, 1397.6356111202283], [-8729.0827939002, -11629.818837782279, 1560.0], 12, 3, 2], "10": [[-10757.908766808476, -7631.944685553405, 1452.317674175832], [-10664.694209229161, -7170.680141329779, 1560.0], 40, 3, 2], "11": [[-11727.962730253568, -6782.239375954928, 1428.0708980575118], [-11553.24452079627, -6473.640076867293, 1560.0], 10, 3, 2], "12": [[-12236.92061021049, -6412.786451231298, 1359.8559365877816], [-12155.197950950096, -6108.543231471259, 1560.0], 10, 3, 2], "13": [[-13062.673953317699, -6564.479967439947, 1559.999841868205], [-12591.790820859957, -6296.170144443897, 1560.0], 10, 3, 2], "14": [[-14895.194945550189, -5875.905200435965, 1245.2226940860269], [-14583.716729453172, -5491.514273647949, 1560.0], 44, 3, 3], "15": [[-13807.828336875375, -6898.179041690055, 1381.535868247817], [-13404.182779656976, -6455.257330127651, 1560.0], 13, 3, 2], "16": [[-15445.202797093645, -6713.565641446507, 1560.0000681183706], [-14535.450025679085, -6334.190022384393, 1560.0], 8, 3, 2], "17": [[-14507.366828330938, 5761.21207564709, 1204.9354174561893], [-13545.68500029187, 4401.283630425676, 1560.0], 43, 2, 2], "18": [[-13267.253750152133, 6709.926558190769, 1107.5502452555438], [-12631.00516111048, 5054.729679045665, 1560.0], 53, 2, 2], "19": [[-12377.058108856158, 5393.454472128308, 1257.09535455336], [-12078.035342370782, 4379.848616484256, 1560.0], 86, 3, 2], "2": [[-11612.492605367324, -9720.754893219237, 1559.9997640713746], [-10871.999105844297, -8865.33544808982, 1560.0], 6, 3, 2], "20": [[-11121.906015624385, 5519.994193798788, 1257.0767961213478], [-11090.686879359457, 4515.2188589339385, 1560.0], 30, 3, 2], "21": [[-8139.084040872953, 10584.670578213174, 1127.8740197648772], [-8468.936361880436, 7850.56217328074, 1560.0], 95, 3, 3], "22": [[-8388.196676677244, 11213.67060340888, 1250.1698569337161], [-8347.368919343065, 8398.067786431393, 1560.0], 57, 3, 3], "23": [[-7959.783745042638, 12698.75122242728, 1019.7060434409361], [-8438.090629043283, 8785.420715074522, 1560.0], 109, 3, 3], "24": [[9542.801506180627, 11368.118665498583, 1560.0000360569036], [7718.289681076061, 9939.915529985541, 1560.0], 14, 3, 2], "25": [[9686.617107772292, 10661.781245857268, 1596.547167948491], [8481.058552212373, 9633.171103994082, 1560.0], 20, 3, 2], "26": [[7654.608035986443, 9711.41696468636, 1281.0101227438336], [5082.327846739212, 8256.571300425196, 1560.0], 59, 3, 3], "27": [[8555.101418483586, 15232.46969642723, 1352.8034273721819], [5911.048210168836, 12186.147063359258, 1560.0], 9, 3, 2], "28": [[10316.446184509741, 9977.85861033064, 1644.9735895134475], [8252.042972871119, 8668.00788117533, 1560.0], 108, 3, 3], "29": [[10633.712290601936, 9657.813317535476, 1560.000063129746], [9607.32848840706, 8801.47313544517, 1560.0], 2, 2, 2], "3": [[-12806.213142780032, -7676.673032909048, 1560.0001858708895], [-12167.145858271962, -7249.769128578266, 1560.0], 6, 3, 2], "30": [[9296.057509590926, 8161.754546102426, 1253.6347098658548], [6172.146737828543, 6684.484184552371, 1560.0], 40, 3, 3], "31": [[15602.73091221977, 8699.302826096196, 1559.9999444094276], [14687.373484242473, 8154.460412572883, 1560.0], 27, 2, 2], "32": [[15786.386701441692, 8046.87595457279, 1494.433902126308], [14493.656399991287, 7508.361996498193, 1560.0], 40, 2, 2], "33": [[13802.914885190015, 4711.58935453355, 1447.9804188167311], [11767.262546890111, 4157.099944815188, 1560.0], 54, 3, 3], "34": [[11006.08999883226, 1932.420630542983, 1463.1574572544073], [10521.10723596045, 1879.0977745655068, 1560.0], 68, 3, 3], "35": [[13692.797315576208, 987.5882525678587, 1560.0000111800723], [12292.941139966511, 834.8829322260575, 1560.0], 45, 3, 2], "36": [[14462.100238113937, -1836.5973052454976, 1353.1101527092055], [11836.612506278558, -1887.3007954806185, 1560.0], 101, 3, 3], "37": [[16554.131570901336, -9604.40063052071, 1455.2775506538308], [14578.987810706847, -9185.04406928278, 1560.0], 37, 3, 3], "38": [[15113.57120810433, -10647.105865902799, 1560.000031330738], [13450.680236930119, -9970.223590719059, 1560.0], 17, 3, 3], "39": [[14618.158200571444, -10894.49520992409, 1412.0333423390966], [12146.640346550248, -10028.248508126622, 1560.0], 27, 3, 3], "4": [[-14370.158336463248, -7878.392560555316, 1559.9999395404627], [-13412.54307138819, -7333.629648072981, 1560.0], 3, 3, 2], "40": [[13295.324375360386, -9979.897283893413, 1239.6161433508241], [9795.919653363137, -9062.19823948611, 1560.0], 34, 3, 3], "41": [[16551.06264121325, -14134.088557038616, 1471.9745590253178], [13826.835238380183, -12604.24804627104, 1560.0], 9, 3, 3], "42": [[10012.263369406863, -13149.223211047454, 1220.7514170982097], [7513.79325917346, -11576.41991865686, 1560.0], 13, 2, 2], "43": [[20686.12646835751, -18755.919221495013, 1598.2395988795174], [16686.849795214115, -15859.52309934713, 1560.0], 55, 2, 2], "44": [[8124.500245718327, -17614.339215859556, 1211.4159152265208], [5030.287104253789, -14460.798238371428, 1560.0], 27, 3, 3], "45": [[8233.238855043603, -18063.4794320754, 849.1105486404067], [3969.616207637143, -14179.51817841657, 1560.0], 12, 3, 3], "46": [[7310.1057387600495, -18937.382520961397, 1132.8225529796034], [3574.552874090702, -14887.11025766224, 1560.0], 12, 3, 3], "47": [[11199.328927564155, -22884.5099303121, 1451.0566264908618], [6044.128046422765, -16980.659442434677, 1560.0], 39, 3, 3], "48": [[11292.39732423265, -23775.292155260322, 1535.3118406126148], [6526.491964230508, -17607.154932169782, 1560.0], 32, 2, 2], "49": [[-16961.256990957707, 5861.254360970712, 1750.0000208721035], [-11277.447063675672, 5513.418979386766, 1750.0], 0, 1, 1], "5": [[-14978.833987905971, -9531.68077041322, 1553.1832279453197], [-13521.76737962591, -8445.53957703967, 1560.0], 15, 3, 2], "50": [[-10630.565968760187, -19788.700128420696, 1560.000443139361], [-4314.521576917021, -13878.739765560433, 1560.0], 0, 1, 1], "51": [[-11218.123593510889, -17414.261927556876, 1559.9999895585827], [-5458.882008541628, -11986.495335625203, 1560.0], 0, 1, 1], "52": [[-10505.076475519561, -18147.574275805295, 1559.999932845749], [-4969.986297325592, -12501.344241236551, 1560.0], 0, 1, 1], "54": [[-8141.306404768736, -20103.24303082162, 1559.9997742979979], [-3671.565069573637, -14466.868287229016, 1560.0], 0, 1, 1], "6": [[-12903.55775806158, -11393.565186766476, 1718.280601652443], [-11255.490975128198, -10068.239063262561, 1560.0], 11, 3, 2], "7": [[-8486.590259537312, -17137.84964382185, 1339.273446753543], [-7801.61724355535, -12995.083978253544, 1560.0], 15, 2, 2], "8": [[-10911.651776411623, -15314.704966895892, 1299.5931920983796], [-9761.751165354586, -11849.482511587892, 1560.0], 80, 2, 2], "9": [[-7870.557466504499, -18244.346541560277, 1560.0001055306948], [-6696.723329043579, -14273.813863627378, 1560.0], 0, 1, 1]}