{"0": [[-8179.732116331338, -19367.335022163166, 1559.9998324648718], [-6777.229712651976, -14002.811325476148, 1560.0], 0, 1, 1], "1": [[-8668.907031549226, -17510.081466265077, 1559.9997948332318], [-7511.707594506046, -13383.339306940814, 1560.0], 22, 2, 2], "10": [[-15673.734929548209, -8801.686253271559, 1559.9999721672314], [-14174.00077744038, -7910.990309062777, 1560.0], 1, 3, 2], "11": [[-14455.878493043825, -7899.406509527851, 1560.0001391666526], [-13505.069709984706, -7341.422220176393, 1560.0], 10, 3, 2], "12": [[-15504.607211788109, -6701.651938749099, 1559.9997657855001], [-14612.516247278505, -6300.221920800679, 1560.0], 17, 3, 2], "13": [[-13903.192427149821, -7066.157158635641, 1508.841800962983], [-13298.678903933122, -6640.931654717097, 1560.0], 28, 3, 3], "14": [[-12943.237896825975, -7126.301103059287, 1560.000069539703], [-12352.827987239634, -6797.890001420416, 1560.0], 5, 3, 2], "15": [[-11939.778898763292, -7339.196065969578, 1645.5827722846725], [-11283.03884116622, -7093.709815329352, 1560.0], 9, 3, 2], "16": [[-11243.582455442269, -8384.601229522199, 1476.8024135245598], [-10852.008515941261, -7850.341556305872, 1560.0], 10, 3, 2], "17": [[-11706.156528325662, -9295.40450535977, 1545.8518329800345], [-11017.997796390924, -8574.797923460761, 1560.0], 17, 3, 2], "18": [[-11443.072106877806, -6910.969174138118, 1470.9697456447182], [-11190.928069274782, -6627.038741325749, 1560.0], 12, 3, 2], "19": [[-11973.911512481774, -6614.737840119746, 1559.9998421510766], [-11550.777088054596, -6403.575707792458, 1560.0], 23, 3, 2], "2": [[-8549.509747399117, -16881.600832760676, 1559.999988257862], [-7384.262505550855, -13228.54168830179, 1560.0], 0, 2, 2], "20": [[-10740.35040134505, -6249.394323370103, 1384.0538752844143], [-10762.56197433807, -6002.123298977754, 1560.0], 11, 3, 2], "21": [[-12844.347384029783, -6330.696560151038, 1559.9998646349777], [-12346.773903615662, -6148.719519436197, 1560.0], 7, 3, 2], "22": [[-13897.683006502479, -6203.742085207887, 1559.9998725251928], [-13363.485216753916, -5969.481282519055, 1560.0], 8, 3, 2], "23": [[-14735.356162148071, -5690.436519693372, 1479.871281272695], [-14259.497241335286, -5437.024232047483, 1560.0], 17, 3, 2], "24": [[-15008.719242810208, 6653.396307508439, 1279.1618945739026], [-13584.572660746953, 5009.815397717038, 1560.0], 60, 2, 2], "25": [[-14341.77673111898, 5931.640015870708, 1240.8778734795844], [-13332.902463688835, 4595.271512618226, 1560.0], 13, 2, 2], "26": [[-13222.66612552403, 6705.227177514645, 1386.2413771627544], [-12256.292897125853, 5357.742837781528, 1560.0], 23, 2, 2], "27": [[-13066.062182298985, 5673.002024954226, 1107.8168445124186], [-12684.715694703287, 4357.932090823758, 1560.0], 47, 2, 2], "28": [[-11479.687318491358, 6125.688258511395, 1490.916641090804], [-10971.551513307486, 5134.978295468286, 1560.0], 101, 3, 3], "29": [[-11825.561517868593, 7475.512637107451, 1662.9164426725172], [-10571.537859958398, 6373.367815285898, 1560.0], 40, 3, 3], "3": [[-7597.727920765283, -15310.903176813687, 1307.2664525445268], [-6874.938140216643, -12984.998890905765, 1560.0], 76, 3, 2], "30": [[-8816.109945160933, 9572.934585698607, 1598.5583077702317], [-7950.1144869545615, 8012.495620464762, 1560.0], 29, 3, 3], "31": [[-7897.89745960857, 10586.256567295408, 1425.7557573252036], [-7909.325555707082, 8203.502962931992, 1560.0], 99, 3, 3], "32": [[-7830.690183412433, 11428.72426952411, 1365.5653335388458], [-7699.444140349442, 8705.12613598125, 1560.0], 36, 3, 3], "33": [[-9863.690622340795, 10436.089185820323, 1568.4354772142276], [-8912.878620377987, 8242.701965598344, 1560.0], 57, 3, 3], "34": [[-8312.842985084215, 12190.092156988056, 1413.9426055394447], [-7899.653204389099, 9118.966137300135, 1560.0], 25, 3, 3], "35": [[-7578.439767952235, 12782.222612710335, 1196.078173650837], [-7562.434305355671, 9311.364122894722, 1560.0], 9, 3, 3], "36": [[2142.464742618549, 11734.959679983363, 1387.2075393621615], [665.4067187342862, 9675.730527098729, 1560.0], 9, 3, 3], "37": [[6544.110669184067, 12973.86941243551, 1345.0157745223382], [4593.164313647338, 10743.453289289562, 1560.0], 16, 3, 3], "38": [[6990.961763308718, 10681.383591395988, 1425.4722175212871], [5272.4017934511585, 9122.698534285511, 1560.0], 25, 3, 3], "39": [[6026.5612584851015, 9301.507571788663, 1301.2024705005786], [4366.174933564112, 8094.291863651634, 1560.0], 13, 3, 3], "4": [[-7957.688243652824, -14847.16570588091, 1560.000437648197], [-7047.701171072995, -12436.144071870414, 1560.0], 19, 3, 2], "40": [[7433.500534001749, 9906.322236706823, 1535.8653668458292], [5878.337655804096, 8624.1413940843, 1560.0], 14, 3, 3], "41": [[8704.688474420846, 10761.069428661376, 1399.2356520189599], [6762.17442329026, 9213.821474157388, 1560.0], 19, 3, 3], "42": [[9586.337877180044, 10838.681474328107, 1560.0000659066764], [8481.058552212373, 9633.171103994082, 1560.0], 22, 3, 3], "43": [[7926.743779915981, 16660.1738138692, 1414.7247733352353], [5023.346383232808, 12929.135274498893, 1560.0], 25, 3, 3], "44": [[10244.224510912094, 10005.628855317576, 1750.0000386949714], [8781.873349181138, 8801.725364898255, 1750.0], 20, 3, 3], "45": [[10417.510748382292, 9461.284826353281, 1560.0001412513225], [9607.32848840706, 8801.47313544517, 1560.0], 3, 3, 3], "46": [[9800.77844180164, 8700.474672343493, 1559.9998878369768], [9410.41261802782, 8020.15095557396, 1560.0], 17, 3, 3], "47": [[8039.609996780027, -24442.60480839851, 1559.9996520751413], [4432.683647979834, -17817.931194997826, 1560.0], 5, 2, 2], "48": [[10219.558223396883, -25749.71218901336, 1560.0002618570734], [5770.726066702584, -18442.621663634745, 1560.0], 5, 2, 2], "49": [[8027.68969433261, -20490.899076074624, 1559.9999747612585], [5529.839557000454, -16410.40823769402, 1560.0], 3, 3, 3], "5": [[-10882.965217317776, -15373.58323603973, 1720.0324226813839], [-9055.935126710256, -12364.553684969464, 1620.0], 14, 2, 2], "50": [[7190.648738044734, -19937.94201013115, 1330.6251365649186], [4556.827816286937, -15906.882682305753, 1560.0], 13, 3, 3], "51": [[7873.826939015141, -19888.967946464327, 1401.168879789285], [4657.26556027458, -15753.928714992857, 1560.0], 16, 3, 3], "52": [[11044.042039555554, -21186.968218508664, 1374.005249888527], [6930.73707963743, -16470.6652256942, 1560.0], 4, 3, 3], "53": [[7519.089338923825, -18571.533848513787, 1365.4669755235252], [4660.653490069763, -15081.066768302117, 1560.0], 6, 3, 3], "54": [[8543.396346997937, -18753.018966626845, 1293.4538048881093], [5065.448546599453, -15111.83706838451, 1560.0], 9, 3, 3], "55": [[13043.98224079126, -19812.82643009179, 1473.3507988451884], [9845.068484514659, -16274.788391600698, 1560.0], 10, 3, 3], "56": [[7609.325429022682, -17364.824734153946, 1388.8089787809463], [5030.287104253789, -14460.798238371428, 1560.0], 3, 3, 3], "57": [[8583.441486943926, -15966.48547183563, 1228.0529785670208], [5582.434061655987, -13486.013542803896, 1560.0], 3, 3, 3], "58": [[9957.690336081447, -13308.074735712979, 1359.9323843675627], [7855.280216856073, -11846.28166262304, 1560.0], 16, 2, 2], "59": [[13864.385821403122, -15481.616385165125, 1577.8621804585703], [11681.041896514715, -13795.194927605038, 1560.0], 10, 2, 2], "6": [[-10244.173588009568, -15425.160987292757, 1695.652833001336], [-8480.332122550752, -12544.456800436896, 1560.0], 20, 2, 2], "60": [[12569.101756003862, -14189.083217512009, 1559.9994717787918], [11070.43417877823, -12852.392837319801, 1560.0], 6, 3, 2], "61": [[20493.73822525469, -17075.65368545032, 1952.0017416718536], [20337.023612542314, -15964.867999974438, 1560.0], 26, 3, 3], "62": [[18713.35582801743, -13795.216322004864, 1560.0005830153307], [16628.82692330374, -12880.571257778784, 1560.0], 55, 3, 3], "63": [[13150.741045071167, -12798.91653682093, 1560.0000215671776], [12233.14493537962, -11990.373881572928, 1560.0], 22, 3, 3],