{"0": [[-8238.883801178546, 12438.885539402136, 1323.5500690690103], [-8102.651749208685, 9053.971616054783, 1560.0], 56, 3, 3], "1": [[-7374.644056152749, 11493.999624756641, 1227.5564376734446], [-7622.487583522111, 8591.65286131754, 1560.0], 36, 3, 3], "10": [[-11123.63168642481, 6486.3223837907935, 1382.9275328506938], [-10715.733156840068, 5351.827419505037, 1560.0], 51, 3, 3], "11": [[-11162.98357145954, 5884.14383556441, 1342.6848421780508], [-10878.064109702236, 4889.5417001128935, 1560.0], 74, 3, 3], "12": [[-12578.28124007744, 4592.6103053772495, 1337.1902563424158], [-12251.213798955518, 3776.5308921932788, 1560.0], 69, 3, 3], "13": [[-11227.689540237077, 4573.460647744021, 1225.978781377208], [-11294.58293190089, 3771.3758783486956, 1560.0], 30, 3, 3], "14": [[-13654.14837631568, -6937.223871324113, 1382.2837364845434], [-13251.362564659263, -6514.82751260438, 1560.0], 19, 3, 2], "15": [[-14681.628418413977, -6197.141778191057, 1559.9997788019155], [-14028.085448704887, -5935.690273985496, 1560.0], 3, 3, 2], "16": [[-9298.026617431779, -12538.25777655759, 1559.9998735844422], [-8485.158204594021, -10950.676747364632, 1560.0], 4, 3, 2], "17": [[-11242.509812042843, -11608.491942425486, 1599.092677516268], [-10024.11381244758, -10310.021906778531, 1560.0], 14, 3, 2], "18": [[-11814.90544665629, -12134.423473033825, 1804.8616716184602], [-10023.652056001003, -10792.085829423255, 1560.0], 45, 3, 2], "19": [[-7732.195139000093, -16149.879202419186, 1283.9964133286267], [-7252.667605722833, -13087.167177664809, 1560.0], 33, 3, 2], "2": [[-8333.740427097227, 10241.205004984395, 1299.0421004983962], [-8259.805458701663, 7942.262732774038, 1560.0], 30, 3, 3], "20": [[8892.203269549904, -18172.946512095303, 1560.0000591854227], [7160.2819391686835, -15453.77987510099, 1560.0], 5, 3, 3], "21": [[9220.773083389744, -17946.593380388847, 1559.9999498849995], [7283.869083172327, -15272.862729439452, 1560.0], 9, 3, 3], "22": [[8921.73496416766, -17161.692246635317, 1424.6962376483327], [6782.401767543162, -14539.837070636477, 1560.0], 24, 3, 3], "23": [[8348.314638899115, -14781.10478197713, 1260.1186304668968], [5971.749691247059, -12765.48969594243, 1560.0], 8, 3, 3], "24": [[9181.441935902103, -14625.67903463343, 1518.554064008265], [7253.5782748887805, -12940.136124805736, 1560.0], 32, 3, 3], "25": [[9720.710963099462, -17214.228784482868, 1530.9637395047448], [8073.00000809829, -14862.932237431734, 1560.0], 12, 3, 3], "26": [[10258.141932832159, -17187.990599261488, 1537.520963620737], [8160.177903366648, -14732.644761616304, 1560.0], 10, 3, 3], "27": [[10112.14278390673, -16800.799273466408, 1517.8211781698765], [8291.597622965655, -14534.278082991104, 1560.0], 6, 3, 3], "28": [[11532.773142604436, -15920.700470803833, 1541.7259043750848], [9274.798617215305, -13853.27346429237, 1560.0], 9, 3, 2], "29": [[13186.258574679765, -15533.360273018552, 1524.5259701238242], [11112.23367676213, -13714.957938850446, 1560.0], 8, 3, 3], "3": [[-9343.652456787373, 10508.199004087548, 1513.1392479485914], [-8656.532922582934, 8230.92985461641, 1560.0], 58, 3, 3], "30": [[12787.91746014512, -10854.598746022542, 1519.0146205092278], [13114.518417177733, -10543.05262386577, 1560.0], 61, 3, 3], "31": [[12642.873931769942, -11657.814174214222, 1403.2914752523582], [12222.866733583165, -10972.468508041657, 1560.0], 54, 3, 3], "32": [[13411.790294083123, -10479.253018418225, 1528.776951176515], [12760.203587945181, -10047.285974789096, 1560.0], 61, 3, 3], "33": [[14677.450074334873, -10123.756685089644, 1530.9473129593778], [14225.873663509708, -9790.552359360561, 1560.0], 29, 3, 3], "34": [[13752.902235277465, -12114.588024254272, 1527.5667161342078], [14559.139320173814, -11503.301489042942, 1560.0], 79, 3, 3], "35": [[14398.384798514686, -11287.442744062517, 1560.0001339769158], [14307.017172246196, -10794.636651194076, 1560.0], 30, 3, 3], "36": [[14916.681096483528, -11271.923025640317, 1559.9990968412164], [12544.311307785245, -10422.690795938732, 1560.0], 14, 3, 3], "37": [[16035.586469410611, -10168.056032715436, 1480.7024603919576], [15684.987697403552, -9718.211425357926, 1560.0], 32, 3, 3], "38": [[16913.74369017986, -9652.333712539054, 1477.278395709553], [15875.599600795456, -9404.963203745887, 1560.0], 63, 3, 3], "39": [[15654.600940553632, -7980.454452964982, 1397.616409355615], [14024.27909612873, -7750.319568257704, 1560.0], 50, 3, 3], "4": [[-11734.766148423323, 7798.4919683427215, 1626.2738325340406], [-10526.106667374648, 6575.0362118817, 1560.0], 27, 3, 3], "40": [[12912.040951932748, 1394.3849048300892, 1499.3237408957948], [11805.481461242483, 1018.4526011470886, 1560.0], 31, 3, 3], "41": [[13578.853195066158, 1408.0069300904104, 1500.477845652442], [13572.614831023218, 1177.0512080327624, 1560.0], 25, 3, 3], "42": [[7398.4018397862965, 9662.104070103958, 1423.4434990000914], [5442.63026580014, 8291.864458204573, 1560.0], 24, 3, 3], "43": [[8794.108960151507, 9989.271675839207, 1492.1117087871328], [7429.787828168243, 8688.191199601033, 1560.0], 34, 3, 3], "44": [[9431.524543888509, 9952.30648450078, 1559.999968800601], [8329.008665891024, 8989.500661833097, 1560.0], 10, 3, 3], "45": [[9288.256856408885, 10513.642914038424, 1575.3480750635415], [8012.867830834891, 9061.975764978235, 1640.0], 108, 3, 3], "46": [[6770.287572307233, 12606.123411210183, 1569.999687124701], [5234.782517785991, 10763.466653854854, 1570.0], 7, 3, 3], "47": [[12259.359430708315, 7232.030751981576, 1560.0000256716307], [10953.031963383004, 6638.359229406839, 1560.0], 12, 2, 2], "48": [[13445.917231311996, 8208.333862027775, 1559.9999061612664], [12234.342742186665, 7515.416740204606, 1560.0], 1, 2, 2], "49": [[13330.452817998565, 8572.178043203856, 1699.9998720481658], [12817.094490636839, 8096.605597182122, 1700.0], 5, 2, 2], "5": [[-9956.583620659949, 7342.02763379799, 1261.0371428221565], [-9924.178980419447, 5873.363759316823, 1560.0], 61, 3, 3], "50": [[16075.75115869469, 9885.67202736705, 1950.0004106662002], [15487.697581225433, 9260.251927029607, 1950.0], 7, 2, 2], "51": [[14593.871014011751, 10031.808988955912, 1559.9992058593266], [12060.64443396326, 8805.628446010762, 1560.0], 26, 2, 2], "52": [[14017.679128470094, 7123.506115096952, 1670.0000455052893], [12474.705234138619, 6426.848919213927, 1670.0], 8, 2, 2], "53": [[14849.208077200794, 7474.39055739347, 1599.9999822539924], [14157.259741412183, 7063.759426714069, 1600.0], 0, 2, 2], "54": [[15530.439449665208, 7335.673745825247, 1559.9997870157747], [14258.190218134354, 6737.909005592547, 1560.0], 5, 2, 2], "55": [[15917.412984702403, 6720.091404834703, 1560.0001158343503], [15368.075829944413, 6378.6621068374025, 1560.0], 0, 2, 2], "56": [[10637.42607491879, 9697.405704117504, 1559.9993477201408], [9116.446352174065, 8645.76294088817, 1560.0], 6, 2, 2], "57": [[11081.921965493979, 9336.681598468398, 1559.9997169434534], [9495.232907643087, 8354.659076731261, 1560.0], 15, 2, 2], "58": [[9250.08939188607, -20445.32698832009, 1448.5761472723116], [6108.76025749702, -16255.567785055779, 1560.0], 7, 3, 3], "59": [[17533.663461774464, -17256.156722852815, 1962.7097539562926], [16912.43585372863, -15608.395129448969, 1560.0], 16, 3, 3], "6": [[-11588.158388497628, 6732.030900897783, 1337.5759786168483], [-11112.221023302673, 5448.58966674712, 1560.0], 26, 3, 3], "60": [[15027.199987857135, -13475.782191543798, 1560.0000253329717], [13242.813256888354, -12452.958116395466, 1560.0], 38, 3, 3], "61": [[18806.999852948386, -13919.106186224917, 1558.8900288502466], [17541.57064625553, -12760.902918807697, 1560.0], 14, 3, 3], "62": [[20433.598248047383, -11041.883039372948, 1627.5686990335614], [19201.324795109227, -10467.751358235208, 1560.0], 5, 3, 3], "63": [[21027.811204813675, -11561.305355510276, 1559.999701966374], [20078.80206712495, -10088.16363616247, 1560.0], 0, 2, 2], "64": [[20284.633491289613, -15815.849939528318, 1917.4818102834631], [20341.810739812725, -14893.424991980048, 1560.0], 23, 3, 3],