{"0": [[-14200.199272136613, -6240.120950957013, 1560.0002058612642], [-13612.046042438184, -5971.927241814037, 1560.0], 0, 3, 2], "1": [[-10507.637712003117, -10209.517856053022, 1560.0000409580373], [-9828.361765930475, -9331.031749763526, 1560.0], 4, 3, 2], "10": [[8217.491791619967, -17964.283147173886, 1495.194657233043], [5986.429747635618, -15058.872747098108, 1560.0], 4, 3, 3], "11": [[8190.844387017708, -19390.111678081852, 1440.714188324178], [5545.82364661044, -15732.93263844918, 1560.0], 7, 3, 3], "12": [[10525.622359781953, -15513.13184044588, 1379.2114287089723], [7917.008608296903, -13490.43512245404, 1560.0], 12, 3, 3], "13": [[10031.127986594918, -13527.771947831085, 1486.1358402937478], [8202.416426804735, -12120.568646531736, 1560.0], 8, 2, 2], "14": [[12667.612072565495, -17644.568936274016, 1413.8877471832213], [9668.252721443247, -14941.456238617924, 1560.0], 15, 3, 3], "15": [[10195.241797885805, -23081.94712144199, 1559.9996546814123], [6526.491964230508, -17607.154932169782, 1560.0], 11, 2, 2], "16": [[11718.571720176358, -24463.791166247098, 1559.9996683473892], [8312.353353728324, -18659.166606443912, 1560.0], 15, 2, 2], "17": [[10628.58459563346, -31793.37112689162, 1640.0001223606089], [4673.008404105206, -19840.398345697784, 1640.0], 5, 2, 2], "18": [[20983.641305587556, -16500.051494699495, 2202.2421569759917], [21709.031387222058, -15634.554686478581, 1560.0], 7, 3, 3], "19": [[17164.105976326784, -10667.06645611349, 1582.3713841163315], [17485.649185021615, -10516.645331219524, 1560.0], 36, 3, 3], "2": [[-11535.934900588367, -12763.525733269002, 1575.1478937188176], [-10099.72997542608, -10907.682619452768, 1560.0], 17, 3, 2], "20": [[15978.939966233766, -10515.635117993304, 1112.224579601115], [12355.885679680185, -9652.192045810236, 1560.0], 37, 3, 3], "21": [[15579.83959753293, -10394.747225667528, 1506.645562950172], [14225.873663509708, -9790.552359360561, 1560.0], 21, 3, 3], "22": [[14868.152630669314, -11214.903231730084, 1560.000666880399], [14307.017172246196, -10794.636651194076, 1560.0], 31, 3, 3], "23": [[14046.209417777834, -12325.13494652236, 1654.2046996683566], [14252.15923271516, -11970.628761001373, 1560.0], 63, 3, 3], "24": [[13677.733241481297, -12563.654740524775, 1559.9999614943245], [12396.669261214585, -11727.85094818128, 1560.0], 6, 3, 3], "25": [[14522.234471387832, -9545.302624198694, 1540.6440386583365], [13250.415126990692, -9176.5695748005, 1560.0], 17, 3, 3], "26": [[12887.380157240274, -10448.150866177373, 1449.1516476794752], [11603.107774068025, -9917.887823237, 1560.0], 18, 3, 3], "27": [[12274.675959221107, -12755.687565680886, 1560.00021170202], [11641.349481595831, -11939.016770681565, 1560.0], 19, 3, 3], "28": [[18641.315302901316, -11395.311925583424, 1577.7367869403492], [17995.949878568445, -10973.960291658981, 1560.0], 14, 3, 3], "29": [[15404.913516643453, 570.6237383927511, 1709.9996696834341], [15726.771216350116, 612.1077105286138, 1710.0], 6, 2, 2], "3": [[-13256.31317995932, -11975.288973791288, 1560.0002127239652], [-11543.22443979643, -10246.76234573202, 1560.0], 36, 2, 2], "30": [[14515.468946804904, 616.3229676826481, 1669.9999941367112], [13952.960519853592, 488.8375345635469, 1670.0], 0, 2, 2], "31": [[13833.173745758664, 740.2884702289741, 1720.000230322093], [13771.405412114118, 706.4444948871152, 1720.0], 3, 2, 2], "32": [[12919.896661345882, 978.4792444613628, 1559.9997142176255], [12878.934166810071, 883.9607744498269, 1560.0], 1, 2, 2], "33": [[12161.696141633724, 1131.8463061117714, 1790.0000551177056], [12383.560934782467, 1159.596500635396, 1790.0], 6, 2, 2], "34": [[16781.92383868901, 836.1277456423387, 1949.999762409257], [16514.588988888983, 770.5736593122059, 1950.0], 0, 2, 2], "35": [[14178.75784134295, 3562.593505891502, 1559.9993603113408], [13781.144193588889, 3443.007216962935, 1560.0], 2, 2, 2], "36": [[15351.852483159202, 4615.387469075181, 1560.0000873179138], [15387.43297293941, 4540.34493275843, 1560.0], 4, 2, 2], "37": [[11318.449646140967, 9744.616651668952, 1739.9997850568552], [10772.249566498158, 9027.946396096275, 1740.0], 1, 2, 2], "38": [[16905.075161419154, 7684.887185737452, 1800.000391115174], [16343.808124788788, 7297.004670067164, 1800.0], 4, 2, 2], "39": [[16254.757724303454, 7147.923201200032, 1630.000221675083], [15784.089144073945, 6826.571055708873, 1630.0], 0, 2, 2], "4": [[-11814.520010401458, -11997.555834450633, 1162.6206023843365], [-11130.792057015879, -9989.480818540405, 1560.0], 12, 3, 2], "40": [[12229.575369869994, 7750.715309987063, 1622.1486838126625], [11600.010295103131, 7129.196444003162, 1560.0], 25, 3, 3], "41": [[12883.176969578915, 8935.3624209914, 1610.0000392919042], [12212.361598050597, 8283.76391572944, 1610.0], 1, 2, 2], "42": [[15234.777854858057, 8608.05539881128, 1639.999799416678], [14901.100202252708, 8195.556565093788, 1640.0], 3, 2, 2], "43": [[15973.130846567788, 8248.137457779843, 1719.999941292416], [15646.478445776102, 7885.718948698885, 1720.0], 4, 2, 2], "44": [[16603.62426952381, 9763.939551308888, 1850.0000335494444], [16004.585000850187, 9181.314508181835, 1850.0], 7, 2, 2], "45": [[13873.422821192407, 7893.506096461143, 1559.9993779251301], [12713.25509999914, 7298.9111289039165, 1560.0], 2, 2, 2], "46": [[9581.217265509158, 10621.812650214588, 1560.0001250530543], [7997.453816474315, 9365.589858622408, 1560.0], 16, 3, 3], "47": [[9329.115847039464, 11093.886556453963, 1679.9995254029475], [7549.860410339526, 9565.467342839356, 1680.0], 38, 3, 3], "48": [[7116.972908634584, 11385.749316496522, 1346.4412388096441], [4648.460349495738, 9407.411794703068, 1560.0], 17, 3, 3], "49": [[8064.821830310062, 11953.079366634203, 1503.3568294859879], [6656.595088321549, 10466.605861353222, 1560.0], 5, 3, 3], "5": [[-11812.011996808342, -11559.876672770974, 1001.2909548431813], [-11409.226620401492, -9621.961004258663, 1560.0], 22, 3, 2], "50": [[8330.67377195562, 12620.464196684512, 1809.6407413314093], [5921.215088260628, 10352.855217739561, 1930.0], 41, 3, 3], "51": [[3661.36871205072, 10495.133512698098, 1486.3153002764707], [2105.6189913088456, 8959.876714347243, 1560.0], 13, 3, 3], "52": [[-10416.833985986761, 13828.142862109064, 1560.0002014969184], [-7766.398866359526, 12890.10016689088, 1560.0], 33, 2, 2], "53": [[-7732.1552823435295, 10439.170608347782, 1426.6011678360037], [-7474.107244355813, 8307.012728175128, 1560.0], 14, 3, 3], "54": [[-8609.524528136015, 8274.680969185782, 1345.9757861049648], [-8505.49539018652, 6754.364628347302, 1560.0], 56, 3, 3], "55": [[-10341.421086813927, 7579.825489461789, 1535.1853583124293], [-9751.894721932124, 6322.511314483292, 1560.0], 59, 3, 3], "56": [[-11643.735560472487, 6436.600848068554, 1355.242624077262], [-11303.33715966323, 5161.707434891594, 1560.0], 111, 3, 3], "57": [[-12478.379075547622, 5786.058754633627, 1498.623093626005], [-11808.598059734551, 4835.7964723375435, 1560.0], 84, 3, 3], "58": [[-13325.547255769714, 5866.214241227859, 1488.8203195657832], [-12369.149285109324, 4858.581925538706, 1560.0], 30, 2, 2], "59": [[-12644.26136873915, 6875.954233408242, 1303.0566057782578], [-11915.278357209218, 5423.361201660205, 1560.0], 19, 2, 2], "6": [[-6246.688539332549, -16321.384810761061, 1244.6103612071051], [-6384.65973352771, -13176.377436085488, 1560.0], 35, 3, 2], "60": [[-13132.065190092388, 6931.380507299973, 1560.0000388128342], [-11904.96664461028, 5708.943163788714, 1560.0], 28, 2, 2], "61": [[-12557.578376004518, 7749.515425018759, 1285.652876900153], [-11729.2492852691, 5978.078576553881, 1560.0], 27, 2, 2], "62": [[-21226.683514732253, 7423.432577405861, 1750.0000127798426], [-13367.14400362414, 6896.073597878996, 1750.0], 0, 1, 1], "69": [[-9043.630758753281, 19310.388712382985, 1749.9998581803652], [-8766.129666165984, 18908.096829540835, 1750.0], 0, 1, 1], "7": [[-8407.391853867217, -17897.01767558958, 1530.139895278314], [-7198.511904709628, -13607.63298341673, 1560.0], 43, 2, 2],