{"0": [[-14778.57281818344, -6340.334829878177, 1559.9998835253193], [-14066.99079006066, -6058.655207946616, 1560.0], 7, 3, 2], "1": [[-13549.413566028723, -6097.425484284756, 1491.5036850520958], [-13154.774905036766, -5855.563925940483, 1560.0], 13, 3, 2], "10": [[9467.563185314733, -17423.24970641191, 1454.4415536232054], [7093.108957464494, -14812.33459028688, 1560.0], 12, 3, 3], "11": [[8031.227736291985, -16567.736236526198, 1415.7853689068515], [5661.102305596117, -14118.440372748628, 1560.0], 17, 3, 3], "12": [[8343.196897907748, -15641.851524687332, 1418.7697264223782], [6397.694571774198, -13620.30724279094, 1560.0], 5, 3, 3], "13": [[8879.515733243663, -14465.711605341041, 1386.278831030259], [7253.5782748887805, -12940.136124805736, 1560.0], 25, 3, 3], "14": [[10044.94848851433, -13163.777403046992, 1322.1681672836044], [8370.36347125108, -11814.923387552633, 1560.0], 26, 2, 2], "15": [[10614.05017500309, -15276.931898268238, 1560.0001128032693], [8473.69176805191, -13418.612328548916, 1560.0], 29, 3, 3], "16": [[12907.094901824006, -22462.98146335895, 1560.0000351231115], [9287.956368267389, -17642.0991947977, 1560.0], 3, 3, 3], "17": [[12097.505544141331, -19835.02817038511, 1504.543017773247], [9196.711620722659, -16345.344502349177, 1560.0], 9, 3, 3], "18": [[14890.219244830814, -18172.85828470802, 1212.8932631271502], [10287.460407233013, -14898.150518135659, 1560.0], 24, 3, 3], "19": [[14836.63170291734, -17244.450338334693, 1716.1695317289218], [13154.446419705888, -15416.859070564804, 1560.0], 34, 3, 3], "2": [[-13908.354777818038, -7763.3338502442775, 1560.0010241606162], [-13019.05303662938, -7299.12083845753, 1560.0], 10, 3, 2], "20": [[16639.25512406062, -18737.469549548925, 1559.999921404705], [13979.099784229806, -16181.564003786132, 1560.0], 21, 3, 3], "21": [[11469.765414710813, -24652.10277427732, 1560.000109700545], [7821.312966811772, -18561.229968323416, 1560.0], 4, 2, 2], "22": [[7571.229324344961, -23722.514944127997, 1559.9990983224639], [4535.465718956934, -17696.151205591843, 1560.0], 22, 2, 2], "23": [[8844.000750682277, -29245.621371743393, 1650.0003917057659], [4586.1630424448795, -19445.447818657314, 1650.0], 20, 2, 2], "24": [[8610.578976026742, -25584.90667072515, 1749.9999522932517], [6061.12700220947, -17993.45216639866, 1750.0], 0, 1, 1], "25": [[20923.615574234656, -17163.03587841367, 2059.9964426194574], [21330.94594887213, -16015.59776698775, 1560.0], 14, 3, 3], "26": [[15199.514860728765, 1427.462351031397, 1560.0000465378366], [14845.678465737174, 1291.2591974618042, 1560.0], 1, 2, 2], "27": [[14472.560312789768, 6803.256679283848, 1559.9998043604785], [14867.356142239078, 6755.8039450866545, 1560.0], 90, 2, 2], "28": [[13598.68069344446, 7043.665861865626, 1559.9996355673316], [13705.071546242574, 6846.433001241246, 1560.0], 80, 2, 2], "29": [[11941.166942135953, 7372.039133195213, 1559.999763310191], [12131.234240916756, 7152.4144953759405, 1560.0], 62, 2, 2], "3": [[-13192.18082269598, -11088.970552677467, 1603.0616920666505], [-11646.15948791132, -9763.272801324698, 1560.0], 54, 3, 2], "30": [[12437.041553147374, 7808.316005661002, 1559.999367513861], [12819.358826465474, 7667.879198157128, 1560.0], 65, 2, 2], "31": [[14475.439968491912, 8091.722361860583, 1559.9994130703212], [14610.173814196134, 7895.606916959081, 1560.0], 88, 2, 2], "32": [[17512.568475761513, 8428.551203769792, 1559.9997248134518], [18008.98243680528, 8371.006279315994, 1560.0], 117, 2, 2], "33": [[19331.33123712841, 8568.109850504072, 1740.0001550182915], [18324.151960629806, 8024.787616252841, 1740.0], 0, 2, 1], "34": [[20066.156552516193, 8439.584651765319, 1880.000126010423], [18961.896956234574, 7886.286640688593, 1880.0], 0, 2, 1], "35": [[19965.633094159766, 7872.245934308895, 1879.999993906541], [18758.262261524276, 7311.4670962438995, 1880.0], 0, 2, 1], "36": [[11592.670998739457, 9752.02588582932, 1559.9999675966076], [10054.927241968257, 8734.67566962713, 1560.0], 9, 2, 2], "37": [[11129.386832139015, 9890.074434839513, 1559.9989947314825], [9635.167189968553, 8913.301856433733, 1560.0], 4, 2, 2], "38": [[10200.938145541091, 10043.182710126619, 1559.9997718949214], [9224.703716284022, 9086.724805900734, 1560.0], 15, 3, 3], "39": [[9259.266583598437, 11004.267268664089, 1549.1078637059247], [7647.072699117554, 9626.867580499307, 1560.0], 7, 3, 3], "4": [[-12569.51303346848, -10935.612662422698, 1597.8706043943023], [-11209.056139600207, -9734.995979610012, 1560.0], 22, 3, 2], "40": [[8660.552275634089, 10755.428839206576, 1608.164711496711], [7980.21121339932, 9646.10739714024, 1580.0], 43, 3, 3], "41": [[11144.875379600959, 8647.607036362098, 1949.9998839781083], [4905.131352302921, 9418.772337516035, 1950.0], 0, 3, 1], "42": [[6700.456027929568, 11094.081655684195, 1518.693091455876], [5376.2425769700785, 9603.783613618754, 1560.0], 9, 3, 3], "43": [[6169.89797231837, 11739.549765876058, 1267.071554289462], [4068.349710048784, 9767.893342604833, 1560.0], 7, 3, 3], "44": [[5927.322297869901, 12477.596403263027, 1296.4915910038396], [4217.416635547745, 10496.591547551125, 1560.0], 22, 3, 3], "45": [[-7731.714223412837, 12656.507982842855, 1368.4942557639567], [-7311.615688790722, 9521.623773610734, 1560.0], 4, 3, 3], "46": [[-8008.177743255266, 11640.428471950407, 1413.4846837612783], [-7528.15187579955, 9018.972754670596, 1560.0], 33, 3, 3], "47": [[-8417.530752460409, 11124.769295493008, 1478.5059260086812], [-7900.806835411458, 8692.99206343189, 1560.0], 9, 3, 3], "48": [[-10304.139750192924, 9037.505161492989, 1369.8649616689556], [-9740.612764164645, 7116.149741180986, 1560.0], 36, 3, 3], "49": [[-8753.80474346972, 8309.204752401343, 1390.043512561561], [-8595.471124867967, 6788.566301108139, 1560.0], 46, 3, 3], "5": [[-11845.452762489374, -7064.263826161943, 1567.1460896265878], [-11274.818526470399, -6850.154764414005, 1560.0], 17, 3, 2], "50": [[-10005.480450406318, 7170.2852203943285, 1464.4184440693566], [-9559.343356545105, 6038.449025372182, 1560.0], 25, 3, 3], "51": [[-11348.6861013979, 6642.056080102536, 1559.9999858133776], [-10583.184674635226, 5649.337828341143, 1560.0], 31, 3, 3], "52": [[-11090.85268318224, 5972.5087856378905, 1519.0274053087576], [-10617.66426907008, 5104.890613298812, 1560.0], 64, 3, 3], "53": [[-12209.468471864766, 4858.280391368805, 1402.230913173559], [-11830.138903429339, 4097.432028103291, 1560.0], 49, 3, 3], "54": [[-12851.823184092282, 5754.858827308719, 1512.0027383280171], [-11978.569969606424, 4869.75412147449, 1560.0], 26, 3, 2], "55": [[-13376.411499914411, 5399.853801099786, 1172.2641204634433], [-12920.630037340208, 4188.501722834658, 1560.0], 43, 2, 2], "56": [[-13676.65251837183, 6260.911907141545, 1349.1519026545739], [-12753.328150440257, 4946.246322175409, 1560.0], 59, 2, 2], "57": [[14701.021960705104, -13825.028753993824, 1295.0041985889818], [11484.57065532754, -12193.371474465966, 1560.0], 14, 3, 3], "58": [[-8824.332677942117, 22246.45906602811, 1750.0003416233471], [-8413.41648886106, 21387.50704627035, 1750.0], 0, 1, 1], "59": [[-9118.930391703443, 22118.013386308332, 1749.9997293113606], [-8637.905810147933, 21242.752473327553, 1750.0], 0, 1, 1], "60": [[-8835.60551140304, 15962.177817619544, 1749.999953349023], [-8698.762793108186, 15806.942837757966, 1750.0], 0, 1, 1], "61": [[7028.729741704609, 15621.95893833236, 1725.3038885052567], [4855.256577739991, 12601.448301277695, 1860.0], 44, 3, 3], "62": [[6918.796423595091, 19443.46974772562, 1585.8123199339884], [5832.648906711383, 15520.139972318802, 1560.0], 34, 2, 2], "63": [[5972.524936487551, 20782.13544384912, 1560.0004137105482], [4245.210220897906, 15700.7505444906, 1560.0], 15, 2, 2], "64": [[6042.51178804782, 21765.5898610851, 1560.000207452043], [3658.998122277593, 15756.419821006772, 1560.0], 0, 1, 1], "65": [[6138.4434994639705, 21803.23376468371, 1559.9997357323107], [3658.998122277593, 15756.419821006772, 1560.0], 0, 1, 1],