{"0": [[-10132.030139237602, 10719.461263719182, 1402.1991304819878], [-9348.873250010507, 8119.826867972398, 1560.0], 50, 3, 3], "1": [[-10466.674606684619, 8976.626076167304, 1499.050937671412], [-9639.253387140056, 7217.7107479128335, 1560.0], 78, 3, 3], "10": [[-14842.51425749175, -9618.642496632405, 1736.1669858171454], [-13144.316658791062, -8713.684642946246, 1560.0], 14, 3, 2], "11": [[-12787.996241028151, -11423.747341755878, 1559.9999236179012], [-11389.94799458739, -9939.112024787815, 1560.0], 9, 3, 2], "12": [[-9957.099284527958, -11220.011437020343, 1541.3832853462877], [-9223.020322581446, -10066.547119998899, 1560.0], 15, 3, 2], "13": [[-10503.728700821986, -14250.997929478224, 1714.3366341296992], [-9021.338391011188, -11862.715907367092, 1650.0], 11, 3, 2], "14": [[-10869.79125447748, -14679.764604084241, 1698.8311348386135], [-9287.853208982515, -11952.36155171787, 1650.0], 11, 2, 2], "15": [[-10754.287732927722, -11916.774057060611, 2190.5652584883806], [-8503.873746909772, -11203.253274825587, 1560.0], 10, 2, 2], "16": [[-11586.87123155588, -8370.794460166073, 2926.3836670359015], [-8273.408353425037, -9125.678479815411, 1590.0], 7, 2, 2], "17": [[7609.355037218494, -17159.239441428756, 1385.8294729330041], [4755.920219638871, -14209.959863722755, 1560.0], 10, 3, 3], "18": [[8598.297088718582, -19434.987421209127, 1536.4220140553787], [6301.505898065944, -15985.223767900854, 1560.0], 8, 3, 3], "19": [[11606.996327490118, -19148.9495843263, 1436.6953501104708], [8517.09987138569, -15755.599138562544, 1560.0], 6, 3, 3], "2": [[-9280.066362693717, 9487.573311911463, 1301.3889597372881], [-8919.325041445622, 7449.236150407761, 1560.0], 62, 3, 3], "20": [[9950.855778705578, -13387.442875114259, 1469.5678050523247], [7814.690366461455, -11921.776616554165, 1560.0], 11, 2, 2], "21": [[11820.038741917779, -22513.270053016997, 1476.0401281013342], [7844.941949500406, -17306.000601022177, 1560.0], 9, 3, 3], "22": [[13723.888304176773, -16150.372017477579, 1530.2921008679434], [11931.854383160338, -14348.578846202308, 1560.0], 18, 3, 3], "23": [[19014.826842458795, -18322.603032840227, 2014.6772537839618], [17905.096464489998, -16464.8356165754, 1560.0], 3, 3, 3], "24": [[18514.80950108375, -16072.156120518168, 1976.0355189187062], [18313.993168084355, -15029.435203201212, 1560.0], 26, 3, 3], "25": [[12890.99809985287, -22561.33255771291, 1480.4877984963662], [8808.410330832476, -17508.85228682551, 1560.0], 9, 3, 3], "26": [[11382.116831209592, -27430.269913580847, 1560.0001065315348], [6927.168167518564, -19401.124138413565, 1560.0], 2, 2, 2], "27": [[22801.79091694187, -15387.343109681711, 2038.4624491596671], [23536.430481223717, -14721.44538552478, 1580.0], 9, 3, 3], "28": [[12826.676208574194, -11558.53082070372, 1286.9974265268515], [11202.487157661399, -10640.611132760985, 1560.0], 47, 3, 3], "29": [[15529.523252510784, -10863.65617414444, 1548.1044511411446], [15243.43566806858, -10431.600914291208, 1560.0], 40, 3, 3], "3": [[-8985.216539729163, 9301.5511866262, 1013.4052107391714], [-9287.15013777743, 6949.536677423174, 1560.0], 55, 3, 3], "30": [[16960.835809735578, -10151.24348119267, 1559.9990584876518], [15684.987697403552, -9718.211425357926, 1560.0], 31, 3, 3], "31": [[21581.119049924124, -12224.38146035506, 1560.0001254274318], [19902.254078921804, -11973.029517536848, 1560.0], 11, 2, 2], "32": [[19888.478533668942, -11636.272659137212, 1560.0000375070151], [18894.749090819296, -10905.50721549397, 1560.0], 5, 3, 3], "33": [[5552.848718876558, 13163.414264686044, 1749.9999830738625], [4076.882121647885, 13178.861371560948, 1750.0], 0, 1, 1], "34": [[9932.152594256977, 8955.409290540367, 1589.027436755191], [9885.509220662307, 9686.720220856827, 1560.0], 20, 2, 2], "35": [[9792.325370971354, 10215.899770487755, 1559.9999315004927], [9620.512787972022, 9646.396037568386, 1560.0], 21, 2, 2], "36": [[11861.957730905484, 8150.0979752420435, 1750.0002252234287], [11956.820049375781, 8159.678437618259, 1750.0], 0, 1, 1], "37": [[12382.237562453654, 7686.661367980349, 1750.0000656310037], [12476.001408520766, 8234.953280492078, 1750.0], 0, 1, 1], "38": [[13031.316737661327, 8510.186819404136, 1750.000173855214], [13098.603627546978, 9070.948007729517, 1750.0], 0, 1, 1], "39": [[13823.793617446729, 10376.971268192105, 1749.9998334585641], [13867.583639477842, 10766.311014468525, 1750.0], 0, 1, 1], "4": [[-8373.001114076473, 8307.76794812203, 1300.0875952301137], [-8302.14503110493, 6781.903108271511, 1560.0], 49, 3, 3], "40": [[15199.768901684609, 11014.641583401233, 1749.9997066272701], [15264.437967385791, 10978.717358191034, 1750.0], 0, 1, 1], "41": [[15042.086226983465, 8261.492708265538, 1750.0000805279517], [15103.37610286494, 8611.007674328484, 1750.0], 0, 1, 1], "42": [[16076.51162976878, 8817.954482858346, 1639.9997437326113], [14861.826696947623, 8065.349451992802, 1640.0], 0, 2, 2], "43": [[16520.19520079948, 7789.811437223648, 1560.0000167292853], [14337.024870910232, 6994.10002605753, 1560.0], 17, 2, 2], "44": [[-9704.286354539374, 15533.077316888553, 2022.2716485817866], [-8716.596399797956, 18054.933864678875, 1950.0], 37, 2, 2], "45": [[-9596.608756177719, 19658.15267313241, 1750.0001421929496], [-9212.814785116921, 19149.97535098864, 1750.0], 0, 1, 1], "46": [[-8180.663839090868, 21053.68605831966, 1750.0000441375632], [-7933.28176130129, 20560.84637832693, 1750.0], 0, 1, 1], "47": [[-9293.305180959915, 21927.076345840618, 1750.0000860973369], [-8795.580714365702, 21049.10563508902, 1750.0], 0, 1, 1], "48": [[7873.952979971181, -22031.22554113945, 1140.8491427727495], [3757.3383445647623, -16479.33137621862, 1560.0], 17, 3, 3], "49": [[8035.462087206581, 15625.018142687843, 1589.2211518035265], [8568.172224996739, 16383.312943597131, 1900.0], 86, 2, 2], "5": [[-10008.747097310907, 7195.095808640233, 1363.9343432317614], [-9748.568821893123, 5932.583648144554, 1560.0], 49, 3, 3], "6": [[-12581.285681390063, 5297.406048001017, 1459.4058043339744], [-12012.071250644223, 4416.337404516652, 1560.0], 81, 3, 3], "7": [[-13528.139093713455, 4829.298511690568, 1261.3876588025864], [-12984.620184120447, 3874.6899366803555, 1560.0], 9, 2, 2], "8": [[-13721.629130491505, 5958.733633715699, 1319.5634329581242], [-12856.584824848927, 4705.62066759196, 1560.0], 28, 2, 2], "9": [[-10398.240733918283, -9142.883461737903, 1560.00010749911], [-9700.880248514615, -8610.956279922108, 1560.0], 55, 3, 2]}