{"0": [[-9170.907929456358, -16738.54500612558, 1559.999983114643], [-7933.190467241687, -13419.854119413501, 1560.0], 0, 1, 1], "1": [[-9175.357574702275, -16977.871652594105, 1500.2730145605492], [-7914.163954639833, -13102.49467432234, 1560.0], 24, 2, 2], "10": [[-13633.472051969538, -8531.244302824785, 1446.7233787413356], [-12838.684877092453, -7796.738307537771, 1560.0], 16, 3, 2], "11": [[-11016.793814376226, -7658.974699617533, 1541.1035279937535], [-10669.973003859544, -7279.089261549506, 1560.0], 12, 3, 2], "12": [[-11999.381226764266, -7164.023384080977, 1559.9999894963494], [-11494.531724941126, -6878.710786198954, 1560.0], 1, 3, 2], "13": [[-12602.481424704172, -7375.754673822392, 1559.9998077220919], [-12040.069044550823, -7013.13675093001, 1560.0], 12, 3, 2], "14": [[-14206.472269872247, -6333.072729263753, 1560.000031896375], [-13561.257004259089, -6077.541069668021, 1560.0], 8, 3, 2], "15": [[-15046.29690132063, -6422.350696322034, 1560.000141572973], [-14232.948971613714, -6128.194278091764, 1560.0], 8, 3, 2], "16": [[-11755.127502451938, 4618.66422256523, 1550.720986397967], [-11319.192587940151, 4024.9830603290397, 1560.0], 65, 3, 3], "17": [[-11335.005416565895, 5446.718842537589, 1486.3333519633175], [-10925.665693342922, 4638.103297494223, 1560.0], 67, 3, 3], "18": [[-10987.064913901933, 6288.612471006719, 1442.8275989618237], [-10667.243063403988, 5229.36140540156, 1560.0], 92, 3, 3], "19": [[-11131.808262595416, 7088.1464747822765, 1559.999769364975], [-10372.557779806959, 5957.0002010050375, 1560.0], 61, 3, 3], "2": [[-8690.831719923972, -15475.811844301823, 1262.057233795485], [-7786.838925756952, -12816.802642389972, 1560.0], 41, 3, 2], "20": [[-12379.464856068375, 6255.743935105214, 1334.9479265890197], [-11829.082304461306, 5024.271808337699, 1560.0], 53, 2, 2], "21": [[-13223.229361967618, 5840.584298631489, 352.51212000110905], [-13544.1375539221, 3848.6113419281774, 1560.0], 41, 2, 2], "22": [[-13275.02298950224, 6430.137953228589, 1322.3328355995125], [-12419.147393254421, 5102.487358240627, 1560.0], 14, 2, 2], "23": [[-12310.96893218775, 7471.053256329184, 1390.530323143896], [-11446.314716471823, 5946.433070231349, 1560.0], 35, 2, 2], "24": [[-7622.583708406843, 8399.510856909304, 1202.3440067906138], [-8121.9617527324535, 6660.5155494035325, 1560.0], 42, 3, 3], "25": [[-8817.033220850368, 8788.410917079831, 1434.773156166853], [-8626.425744842876, 7105.343844374251, 1560.0], 35, 3, 3], "26": [[-7734.421646660472, 9906.146278589757, 1477.2140037839063], [-7535.951057920183, 8010.421756677646, 1560.0], 29, 3, 3], "27": [[-7026.442897104542, 11229.73549573402, 1347.7508191998731], [-7067.151324359383, 8689.147086174402, 1560.0], 17, 3, 3], "28": [[-8350.727965684579, 11540.537604824829, 1390.8261123779014], [-7973.1558962815, 8801.298320911896, 1560.0], 14, 3, 2], "29": [[-8661.008648148736, 11576.556199335904, 1286.862564651961], [-8285.509359797557, 8667.563239488942, 1560.0], 9, 3, 3], "3": [[-8179.343806476858, -15734.061037062253, 1169.2096610073995], [-7681.423553354613, -12853.84741486836, 1560.0], 40, 3, 2], "30": [[-8282.357948552415, 13741.650375013454, 1389.370473211156], [-7717.653519403453, 9870.155316807894, 1560.0], 45, 3, 3], "31": [[10249.59679237411, -18800.6724366479, 1559.999806329161], [7963.965621165046, -15774.010815188492, 1560.0], 2, 3, 3], "32": [[7883.955221654324, -17297.516264851292, 1217.6813893708272], [5132.516521063518, -14284.602095268056, 1560.0], 13, 2, 2], "33": [[8269.922049450055, -16534.82346025781, 1281.6383480445509], [5408.067150421719, -13799.92584852718, 1560.0], 59, 3, 3], "34": [[15892.091999363263, -18337.830884038398, 2111.6146375730646], [15873.24139504359, -16737.153646063387, 1560.0], 10, 3, 3], "35": [[15896.558117732135, -17554.996085139253, 2024.2301781938509], [16314.381588270177, -16266.801390000983, 1560.0], 16, 3, 3], "36": [[19124.380785705234, -16474.400484752085, 2245.137385670053], [19643.935144300984, -15644.458303605548, 1560.0], 14, 3, 3], "37": [[15609.043019223485, 1323.173586369012, 1669.999722996444], [15520.897048556082, 1216.8965800184142, 1670.0], 2, 2, 2], "38": [[13795.818467459694, 1443.4931060243423, 1600.2110093972985], [14245.251049124397, 1356.9534517842033, 1560.0], 13, 3, 3], "39": [[14954.92311408452, 5570.586647888719, 1709.9996832703664], [14893.707848988615, 5406.4637691244725, 1710.0], 4, 2, 2], "4": [[-7880.054757577324, -14329.761700227591, 1307.6747556707126], [-7064.257519510726, -12557.719090295624, 1560.0], 21, 3, 2], "40": [[15616.146662119489, 6930.364485482387, 1640.0000957560758], [14342.562370913653, 6386.252073655044, 1640.0], 4, 2, 2], "41": [[13848.825181303315, 6901.575834427482, 1489.2938147938062], [11853.044663255545, 6190.048015662939, 1560.0], 20, 2, 2], "42": [[19789.13733495852, 8395.917848744557, 1879.999983904264], [18961.896956234574, 7886.286640688593, 1880.0], 2, 2, 2], "43": [[19183.239849172274, 8301.146816368275, 1790.0000185012973], [17917.349999334037, 7661.162798053809, 1790.0], 4, 2, 2], "44": [[21227.765019826486, 9291.879193546854, 1929.9998486682773], [20567.65416573853, 8795.495916466589, 1930.0], 6, 2, 2], "45": [[15100.14946929338, 7692.048211062402, 1639.9999630791149], [15292.608685075678, 7447.203770959331, 1640.0], 14, 2, 2], "46": [[13615.93767558659, 7932.344989390743, 1829.9997365119002], [13122.206931613891, 7468.648632518939, 1830.0], 6, 2, 2], "47": [[12716.635869674708, 7383.10644901186, 1689.9997619429203], [12550.06873861588, 7008.296618283596, 1690.0], 3, 2, 2], "48": [[11692.096128729192, 7520.838305526875, 1600.0000506041952], [11430.608599251354, 7188.850916269628, 1600.0], 1, 2, 2], "49": [[11890.120713216473, 7712.458347833625, 1587.8346308656025], [11148.224994762773, 7341.242888230862, 1560.0], 14, 3, 3], "5": [[-10836.657644764664, -9479.947959732746, 1559.9998558946925], [-10236.406032709167, -8767.531416515565, 1560.0], 3, 3, 2], "50": [[12969.483153927973, 9017.97176211157, 1679.9999118999685], [11881.766916580935, 8287.98637188699, 1680.0], 0, 2, 2], "51": [[10764.340513021, 9659.565937013156, 1699.9999477506146], [9942.641777317458, 8879.396413377954, 1700.0], 0, 2, 2], "52": [[10014.373353467947, 10450.102339811103, 1954.9872256446392], [8667.870292113452, 9490.055128051086, 1610.0], 104, 3, 2], "53": [[7631.474196072776, 9910.273617720433, 1346.931401978477], [5856.148578467071, 8525.374338536769, 1560.0], 13, 3, 3], "54": [[9377.88920418108, 11171.279561921367, 1898.9267983086213], [7643.11077688863, 9792.299375005958, 1670.0], 139, 3, 3], "55": [[8105.94973086605, 11164.554731543902, 1433.0774649764603], [6053.9293462176365, 9414.542523140839, 1560.0], 25, 3, 3], "56": [[8146.073447570657, 11874.062882458335, 1560.000213409246], [5458.335822955907, 9988.348743274591, 1560.0], 97, 3, 2], "57": [[6588.659595166411, 12036.434687879915, 1601.1811045253626], [5309.366377837158, 10350.694501588663, 1620.0], 6, 3, 3], "58": [[5768.435216576135, 12916.210090470597, 1427.8987832032508], [3958.8125486840545, 10793.649885540532, 1560.0], 13, 3, 3], "59": [[-11163.452750335944, -16337.539432482123, 1559.9997667399182], [-5806.479364125547, -11041.141013733692, 1560.0], 0, 1, 1], "6": [[-11480.577657152066, -9652.50983123805, 1560.0001502607838], [-10644.117520173475, -8910.786760587605, 1560.0], 5, 3, 2], "60": [[-11726.289383905478, -16091.171830316538, 1559.999842293565], [-6160.870201187466, -10765.181781354406, 1560.0], 0, 1, 1], "61": [[-10422.587333568945, -16608.804598994346, 1559.9996566850416], [-5211.735090750004, -12283.14164456469, 1560.0], 0, 1, 1], "62": [[-13386.921067994477, -16637.809185774626, 1670.0002049778197], [-6687.965837596136, -10531.36449127676, 1670.0], 0, 1, 1], "64": [[-8574.97804439443, -16176.20305764728, 1559.9997315339497], [-3769.1177840572304, -14397.955762403502, 1560.0], 0, 1, 1], "65": [[-8406.744242546438, -17490.51263999906, 1560.0001030199387], [-3228.531910940014, -15313.986306503479, 1560.0], 0, 1, 1],