{"0": [[-10433.133660094873, -10204.729691630602, 1559.9996883136773], [-9739.803898433518, -9338.743929691453, 1560.0], 9, 3, 2], "1": [[-11500.988886949599, -12767.141021802921, 1590.2480152890407], [-10021.373829262406, -10954.270061289539, 1560.0], 38, 3, 2], "10": [[8146.503678486164, -17860.71870886957, 1511.0496758290058], [6023.641202828402, -15000.405133239085, 1560.0], 3, 3, 3], "11": [[8265.601610503361, -21717.593995255756, 1504.7005044285631], [5239.274022872419, -16805.523662269337, 1560.0], 23, 3, 3], "12": [[10601.52459897245, -21686.272665030432, 1497.8496605205848], [7492.899150442036, -17077.412441790897, 1560.0], 12, 3, 3], "13": [[12103.809785620251, -19246.168596530322, 1413.3810544396158], [8562.799976468577, -15693.358940436821, 1560.0], 3, 3, 3], "14": [[10688.409181205574, -26139.029280297524, 1560.0004765353044], [6824.021894609982, -18978.885568194168, 1560.0], 17, 2, 2], "15": [[12594.305642668352, -15398.22392394702, 1532.5353868605096], [10611.565249184297, -13560.533268266481, 1560.0], 10, 3, 3], "16": [[11916.533431346981, -14280.334234741498, 1560.0001710496385], [10865.5594724501, -13171.450818996578, 1560.0], 46, 3, 3], "17": [[10121.026698447507, -12870.412095876867, 1417.3059987151507], [9407.42933601329, -11827.87900198096, 1560.0], 58, 2, 2], "18": [[13053.454239904271, -10337.880487087254, 1405.9598169416695], [11123.527049448514, -9719.45595536092, 1560.0], 21, 3, 3], "19": [[14566.26744425229, -9444.322758301518, 1559.976228913598], [13305.24923839445, -9077.593802653197, 1560.0], 23, 3, 3], "2": [[-11900.53330791379, -11930.940978372593, 1351.1808254949788], [-10992.234876740957, -10095.738299743003, 1560.0], 11, 3, 2], "20": [[13740.297498331474, -12672.389424733226, 1580.4015513879015], [12957.630217226386, -11865.844364146362, 1560.0], 5, 3, 3], "21": [[14063.490349130252, -12386.56574239522, 1666.4638492533882], [14313.346236112173, -11878.148995369645, 1560.0], 21, 3, 3], "22": [[14970.849551413588, -11160.371160772525, 1560.000198106994], [14930.901464475146, -10926.19072633054, 1560.0], 43, 3, 3], "23": [[15612.550701629265, -10408.319397918787, 1480.5972126467764], [13563.382085049032, -9775.617867708826, 1560.0], 46, 3, 3], "24": [[16051.353130760068, -10301.910105650624, 1128.7597285149416], [13086.344452184696, -9470.820566596374, 1560.0], 19, 3, 3], "25": [[17069.127934258446, -10637.56813371633, 1646.4468760533712], [16379.6556593823, -10189.855425093938, 1640.0], 12, 2, 2], "26": [[18593.607632232437, -11339.480139303776, 1617.5600574061293], [17995.949878568445, -10973.960291658981, 1560.0], 25, 3, 3], "27": [[26972.106087320273, -22704.690426712088, 1749.9998656164514], [14792.586856067666, -8726.424343292834, 1750.0], 0, 1, 1], "29": [[12923.634158208493, 2280.4585687488693, 1650.000199183533], [13529.897132032645, 2337.328468798324, 1650.0], 25, 2, 2], "3": [[-11924.840698122778, -11448.83829450811, 1166.0245100123475], [-11343.205478404157, -9659.28092920677, 1560.0], 14, 3, 2], "30": [[15411.563145034153, 671.1848955171572, 1710.000065994594], [15778.87515256057, 739.6217328367554, 1710.0], 18, 2, 2], "31": [[16691.91142965968, 546.3864078038507, 1950.0001738866072], [17159.41274611827, 563.5905257043225, 1950.0], 4, 2, 2], "32": [[14820.775422484465, 878.8925848320355, 1759.999984253033], [14854.906385168697, 786.593143939821, 1760.0], 1, 2, 2], "33": [[13947.920470534491, 1173.2406205496898, 1700.000290683474], [14022.422800269833, 1083.8459975654275, 1700.0], 4, 2, 2], "34": [[12305.17924083487, 1278.8350177929615, 1799.999696609056], [12372.981586105652, 1271.181136549593, 1800.0], 1, 2, 2], "35": [[13691.585511753581, 1571.4747703397466, 1670.000216028289], [13735.791944816852, 1533.7056225500612, 1670.0], 2, 2, 2], "36": [[12297.549343077884, 7708.796062469757, 1616.2373250350647], [11600.010295103131, 7129.196444003162, 1560.0], 48, 3, 3], "37": [[12886.070316202811, 7425.027442942862, 1609.9997857521703], [12974.725610089523, 7126.572157530255, 1610.0], 7, 2, 2], "38": [[16296.461934594949, 7115.983593152982, 1810.000346937908], [15394.666731576308, 6588.390934946161, 1810.0], 0, 2, 2], "39": [[15405.436889705394, 9241.353016424222, 1739.9998110949516], [14492.74261029339, 8545.343499237, 1740.0], 1, 2, 2], "4": [[-6985.960869316925, -16224.501365700988, 1242.6614556506702], [-6654.120391454683, -13208.37153837262, 1560.0], 26, 3, 2], "40": [[13728.421628997789, 7918.492039866746, 1650.00016734211], [12834.670903715585, 7313.5453630671855, 1650.0], 0, 2, 2], "41": [[17657.66388785935, 8839.779433374666, 1679.9999449390991], [17376.837474186832, 8450.051005689607, 1680.0], 6, 2, 2], "42": [[18278.64612678371, 9402.654635959885, 1680.0003043397128], [17465.887777099757, 8727.951089368335, 1680.0], 5, 2, 2], "43": [[15539.489517435632, 9505.862926829828, 1890.0001668074642], [15060.847699257503, 8911.409922024282, 1890.0], 13, 2, 2], "44": [[17464.18475835445, 8031.403117278657, 1799.999902610004], [16388.39005115794, 7432.168225679823, 1800.0], 0, 2, 2], "45": [[17874.353213798186, 8139.29589252892, 1890.0000674639589], [17343.220205044785, 7639.503586028796, 1890.0], 7, 2, 2], "46": [[15137.712975211842, 8636.557339474562, 1719.9996439730803], [14451.45220686625, 8063.9403650234335, 1720.0], 3, 2, 2], "47": [[11343.209412605167, 9898.33693933055, 1849.9997431201998], [9716.135967293085, 8777.08839263789, 1850.0], 5, 2, 2], "48": [[9445.430452499602, 10448.276464420029, 1560.0000029479156], [7972.773667929141, 9259.803029571203, 1560.0], 5, 3, 3], "49": [[9319.483014087513, 10969.83459052897, 1599.999903508978], [7865.024043377533, 9503.994818697165, 1600.0], 32, 3, 3], "5": [[-8202.262811187498, -18165.82606538987, 1408.4183484322089], [-7307.519380343593, -13563.598862585925, 1560.0], 30, 2, 2], "50": [[7064.514469392967, 11535.423360815535, 1415.2024488776776], [5058.3824787212025, 9741.747670967768, 1560.0], 17, 3, 3], "51": [[6007.65293015889, 10373.630433556998, 1457.7732361155813], [4936.850474836502, 9172.051066431373, 1560.0], 13, 3, 3], "52": [[-7969.011649622347, 11006.210209325027, 1468.598010481781], [-7612.070500244849, 8639.471604645514, 1560.0], 30, 3, 3], "53": [[-8570.100521494342, 8358.462658679644, 1384.9796454289149], [-8486.310545089436, 6850.662886200629, 1560.0], 22, 3, 3], "54": [[-10366.607978027554, 7511.57123326435, 1511.071362099551], [-9852.983784932894, 6224.684239576037, 1560.0], 29, 3, 3], "55": [[-11088.100295095965, 8174.426681145488, 1493.8036243093309], [-10388.616037362348, 6559.16964765737, 1560.0], 99, 3, 3], "56": [[-12530.593238571053, 6904.666456442363, 1357.47570061985], [-11782.131255498933, 5507.749983016315, 1560.0], 29, 2, 2], "57": [[-13108.321485441335, 6944.75134800813, 1559.999389790216], [-11904.96664461028, 5708.943163788714, 1560.0], 23, 2, 2], "58": [[-12520.789185892989, 5725.959120397229, 1469.5066491406028], [-11884.182604138581, 4758.584857150768, 1560.0], 60, 3, 3], "59": [[-13324.161017302395, 5776.859979018425, 1508.4757892825037], [-12376.972132649928, 4822.66370136907, 1560.0], 20, 2, 2], "6": [[-8325.69462240723, -18637.433295512594, 1559.999846536218], [-6891.158165963664, -13954.752506278914, 1560.0], 0, 1, 1], "60": [[-11573.60274765159, 6467.130773774766, 1315.3010874427998], [-11228.899498931918, 5204.612844237782, 1560.0], 64, 3, 3], "61": [[-18924.56989216674, 8059.272398595775, 1749.9998572963818], [-12345.637666053564, 7194.458554760204, 1750.0], 0, 1, 1], "62": [[10753.012343919152, -31902.287522289134, 1559.999288457592], [5000.097449686963, -20044.725277391357, 1560.0], 17, 2, 2], "63": [[10309.026178195814, -32373.920377181683, 1749.9998925827006], [6911.0824884021395, -22262.076495254587, 1750.0], 0, 1, 1], "64": [[10627.847321850173, -31871.555808520425, 1749.9999153860495], [7153.4744451290635, -21392.487179200787, 1750.0], 0, 1, 1], "65": [[6503.430576210544, 20597.633376716964, 1414.5275872809368], [3500.5690984581415, 14827.969405126983, 1560.0], 9, 2, 2],