{"0": [[13692.288313027553, -5350.327648143836, 1413.6272298849628], [12682.633062893281, -5367.1822069205045, 1560.0], 43, 3, 3], "1": [[12541.314273992986, -11889.467861488172, 1421.4203946091918], [10954.49540391202, -11078.643109928838, 1560.0], 22, 3, 3], "10": [[19431.08997465913, -13535.997286040747, 1253.0443235696614], [16912.710410972304, -12495.814635612714, 1560.0], 99, 3, 3], "11": [[14777.09971774941, -10644.264347274384, 1426.3471896017497], [12868.614995143973, -9856.913076844037, 1560.0], 13, 3, 2], "12": [[17137.762267591246, -9875.176435663227, 1527.8478645537948], [16621.597677854388, -9413.30753852741, 1560.0], 42, 3, 3], "13": [[14378.226787004067, -9418.668550330643, 1546.7453272303546], [12724.794476671326, -8977.403599851523, 1560.0], 30, 3, 3], "14": [[13021.393261724077, -10714.863258877727, 1358.2906816899917], [10467.376844930119, -9885.138568502214, 1560.0], 15, 3, 3], "15": [[24782.975131296917, -10646.603589009908, 1749.99984861328], [22967.863003046114, -8506.117459410223, 1750.0], 0, 1, 1], "16": [[24740.894797609337, -11297.648882384437, 1749.9998460412323], [22767.63523833535, -9144.803349467897, 1750.0], 0, 1, 1], "17": [[20126.781845683538, -17753.824080857157, 1978.4950986270412], [19890.936077445625, -16415.066017682206, 1560.0], 30, 3, 3], "18": [[10027.00955303991, -15054.567982889008, 1536.7626431458966], [8473.69176805191, -13418.612328548916, 1560.0], 9, 3, 3], "19": [[9178.154926818184, -14359.801992143457, 1330.0084028070733], [6187.346439659686, -12355.063718587635, 1560.0], 11, 2, 2], "2": [[11433.37720487959, -19236.3347693116, 1550.5912835363204], [8901.548525135855, -15986.636147778232, 1560.0], 5, 3, 3], "20": [[7892.526725045874, -16878.324579181477, 1295.0486196695347], [5235.348950457922, -14105.378459522253, 1560.0], 5, 3, 3], "21": [[7702.286237940308, -16214.573444653348, 1280.3985042682405], [5408.067150421719, -13799.92584852718, 1560.0], 12, 3, 3], "22": [[11460.670358050358, -25475.336218665932, 1492.5085366965925], [6397.7409469585455, -18325.056687147076, 1560.0], 27, 2, 2], "23": [[-14487.196812420425, -9224.34462952777, 1560.0002991912306], [-13190.323902867063, -8322.383231024352, 1560.0], 10, 3, 2], "24": [[-9081.483668581843, -17369.08299360349, 1559.9999203194748], [-7721.6896805005235, -13323.717715082143, 1560.0], 23, 2, 2], "25": [[-9253.38180617473, -16776.401780598066, 945.7715453589019], [-8934.26780556881, -12356.048826841983, 1560.0], 15, 2, 2], "26": [[-8480.410218826833, -18154.786858173997, 1559.999810751725], [-7326.9888396211245, -13746.250262033518, 1560.0], 0, 1, 1], "27": [[-8180.972980066368, -14541.588716185403, 1544.1372615159228], [-7491.299434059542, -12120.715297947803, 1560.0], 11, 3, 2], "28": [[-13362.618858595293, -11503.612095377737, 1593.5559442396577], [-11683.363599933577, -10001.419956034826, 1560.0], 20, 3, 2], "29": [[-12347.196315671004, -12145.072700750294, 1559.9999596162136], [-10907.585974658234, -10424.5990918245, 1560.0], 5, 3, 2], "3": [[13299.375568791038, -17620.26418650775, 1559.9999711832904], [11216.679352276882, -15311.781047827186, 1560.0], 3, 3, 3], "30": [[-11492.981093643937, -12093.308056433361, 1574.8825980999754], [-10183.013329576113, -10535.260342973963, 1560.0], 21, 3, 2], "31": [[-11238.043501590842, -16974.042106799847, 1559.9998971590296], [-5484.353306491197, -11969.968178779256, 1560.0], 0, 1, 1], "32": [[-11594.646201423253, -5714.551531537653, 1540.3383860371757], [-11366.524577264201, -5577.611579321745, 1560.0], 8, 3, 2], "33": [[-10689.991219115103, -7838.799678134689, 1554.3927698920897], [-10345.871241231922, -7469.758925336253, 1560.0], 9, 3, 2], "34": [[-11020.460598821815, -6833.580982785923, 1559.9999204282092], [-10634.717132524693, -6617.413334574798, 1560.0], 15, 3, 2], "35": [[-12681.689341520938, -5993.927562575129, 1327.539968013032], [-12643.94491220466, -5691.77689737861, 1560.0], 9, 3, 2], "36": [[-7969.058787689917, 6812.352507483163, 1448.00255544283], [-7951.284349563221, 5877.986006128163, 1560.0], 32, 3, 3], "37": [[-13665.503896965643, 5832.828330524807, 1131.3403400232282], [-13051.650888431011, 4466.4881023298885, 1560.0], 46, 2, 2], "38": [[-13843.642806170305, 7813.61742151212, 1138.1627002814348], [-12750.245535715403, 5690.0313691521, 1560.0], 107, 2, 2], "39": [[-8400.866652607096, 12511.167605814067, 1273.9270844678424], [-8191.4117530047515, 9065.870166607107, 1560.0], 50, 3, 3], "4": [[9986.585306169636, -16039.859233332478, 1470.6482217105604], [7708.071732707488, -13835.05664935405, 1560.0], 10, 2, 2], "40": [[-7446.91390619367, 11485.141453080383, 1232.5542695567772], [-7730.66738978263, 8563.116509649042, 1560.0], 34, 3, 3], "41": [[-6497.401237490364, 12272.621157265898, 1405.9125549511475], [-6453.299643148301, 9426.841294962747, 1560.0], 13, 3, 3], "42": [[-6185.242541060517, 14681.227314802625, 1263.5802389740268], [-6337.794288045005, 10471.613132009661, 1560.0], 12, 3, 3], "43": [[-7590.279437199338, 10500.206143301148, 1270.3012774819942], [-7605.959849416071, 8182.961995584913, 1560.0], 20, 3, 3], "44": [[5924.169400099977, 12393.378302613737, 1328.756380069623], [3510.250770727278, 10108.7325390625, 1560.0], 18, 3, 3], "45": [[6336.385287824964, 11487.29825766223, 1306.4103332857887], [4365.254674335557, 9636.399374089839, 1560.0], 13, 3, 3], "46": [[6425.267941834215, 13111.439935252678, 1369.4722810298613], [3904.9193264833298, 10524.814588118734, 1560.0], 46, 3, 3], "47": [[7405.62181995582, 10916.58794390062, 1506.5069750803655], [6075.62689415513, 9513.339847689245, 1560.0], 17, 3, 3], "48": [[7521.373491255721, 10042.536214782358, 1329.3730594223139], [4751.263968990048, 8316.972186823346, 1560.0], 58, 3, 3], "49": [[9205.5789644537, 11090.779375702085, 1639.9999187945411], [7779.7291200090185, 9849.085530005117, 1640.0], 9, 3, 2], "5": [[9378.522167849113, -16540.25298757225, 1357.7989338243842], [6629.220194014651, -14016.404947637264, 1560.0], 11, 3, 3], "50": [[7937.151109131074, 16430.955476691157, 1560.0000957378945], [5776.932387068278, 13307.331006550457, 1560.0], 2, 2, 2], "51": [[15475.823652013623, 9547.668056346494, 1719.999936616419], [14682.058906730415, 8838.47058159623, 1720.0], 6, 2, 2], "52": [[-14264.603700931038, -5477.225808905397, 1513.7677024724317], [-13860.149255617522, -5272.376629846947, 1560.0], 10, 3, 2], "53": [[-12137.040533042991, -6490.238120296809, 1559.999977951678], [-11757.594757781635, -6267.630071639381, 1560.0], 1, 3, 2], "54": [[-13157.232007988236, -7941.114709021344, 1559.9998323665895], [-12406.799010985567, -7454.780363944627, 1560.0], 11, 3, 2], "55": [[-12771.599434990481, -7921.473340261074, 1476.2348961733228], [-12227.644793486234, -7410.660494422301, 1560.0], 10, 3, 2], "56": [[-14768.936961313391, -5979.696347242666, 1559.9996354647374], [-14122.100640193861, -5735.037260020216, 1560.0], 4, 3, 2], "57": [[-14170.333399036452, -6424.4681489952745, 1386.1137030669604], [-13752.236435542713, -6065.441691512967, 1560.0], 10, 3, 2], "58": [[-13365.14619444558, -7375.7439605288755, 1545.0398476026155], [-12646.803410582785, -6993.05275795496, 1560.0], 26, 3, 3], "59": [[-14509.883505914415, -7239.623738917869, 1389.6626444049114], [-13901.766268420004, -6741.6330147672315, 1560.0], 83, 3, 3], "6": [[8792.913044423916, -19622.13509168602, 1413.3565068441667], [5937.759206924724, -15830.265912095223, 1560.0], 6, 3, 3], "60": [[14014.76256738479, 7181.6975782620775, 1560.00004599464], [13705.071546242574, 6846.433001241246, 1560.0], 8, 2, 2], "61": [[15231.571029047656, 6292.638735724187, 1482.6320772065949], [14620.86285124035, 5979.128543471048, 1560.0], 59, 2, 2], "62": [[16010.120147223852, 7139.651723022902, 1600.0000886594667], [15956.416709006033, 6869.711021734274, 1600.0], 6, 2, 2], "63": [[12091.920451201979, 7478.816979701796, 1559.9997712410243], [11566.523267423952, 7010.238539257008, 1560.0], 1, 2, 2],