{"0": [[-14858.65356756808, -5563.142744065521, 1559.9995828390524], [-14304.337015168043, -5338.497422313207, 1560.0], 11, 3, 2], "1": [[-14165.449238942876, -5822.057681832561, 1559.9999083319326], [-13617.427418309573, -5615.368310217364, 1560.0], 4, 3, 2], "10": [[-10066.160301527481, -14381.607096198508, 1560.0001586361566], [-8742.412504417589, -11934.194147061238, 1560.0], 9, 3, 2], "11": [[-7932.489773515916, -14595.383419443548, 1317.1299124620525], [-7527.94266114841, -12448.202810675903, 1560.0], 67, 3, 2], "12": [[-8920.729628826164, -16920.440794593782, 1521.7382620716724], [-7706.193380847861, -13132.864944988325, 1560.0], 24, 2, 2], "13": [[-8121.867631035511, -18206.404354202903, 1560.0000357258532], [-3481.853245600098, -14905.764621117405, 1560.0], 0, 1, 1], "14": [[-8481.419246266392, -15772.817368411323, 1559.9999973039876], [-3826.1503410424884, -14477.646545820182, 1560.0], 0, 1, 1], "15": [[-8947.528168836887, -18658.300262986842, 1579.9999651553026], [-4647.512328169704, -13458.180987248339, 1580.0], 0, 1, 1], "16": [[-10129.793401794472, -18393.230554368314, 1709.999624004335], [-5044.038318891402, -12843.328603073487, 1710.0], 0, 1, 1], "17": [[-10282.264845813155, -19649.54722081048, 1850.0000367958194], [-4774.888015987037, -13270.97645019466, 1850.0], 0, 1, 1], "18": [[-12739.749165058422, -17525.1808104169, 1600.0000962070483], [-6144.835092394975, -11235.054323222703, 1600.0], 0, 1, 1], "19": [[8122.595067652108, -20259.873940473477, 1404.564817273019], [5293.898285820387, -16102.814854029433, 1560.0], 8, 3, 3], "2": [[-12974.720751003066, -5864.487396009485, 1560.0001484082752], [-12523.91587536487, -5726.841720167838, 1560.0], 5, 3, 2], "20": [[7628.099816303054, -18669.315857854992, 1559.9998374696627], [5691.471189340138, -15513.879412850301, 1560.0], 2, 3, 3], "21": [[7646.459577032605, -16213.949776753105, 1334.3589996769383], [5373.39104683042, -13861.692188820376, 1560.0], 15, 3, 3], "22": [[7435.6938505548005, -16934.04582124377, 1443.6834551684399], [5132.516521063518, -14284.602095268056, 1560.0], 6, 3, 3], "23": [[8008.851878736133, -14475.275488279076, 1350.3337626377424], [6387.264191026086, -12822.235090036738, 1560.0], 20, 3, 3], "24": [[8298.962626403452, -13969.963977890427, 1389.6645831410885], [6572.955448080305, -12476.425207483187, 1560.0], 4, 3, 3], "25": [[9044.135180050638, -15541.707804499107, 1320.0478028729867], [6978.1551820544755, -13422.439012175071, 1560.0], 22, 3, 3], "26": [[9544.617806741819, -16892.045950198237, 1559.9999043055657], [7701.328330783782, -14645.163346198291, 1560.0], 5, 3, 3], "27": [[9763.961135165193, -17498.778687384878, 1103.6526257689725], [6399.8931513109, -14396.146198214508, 1560.0], 20, 3, 3], "28": [[10458.473990595372, -18378.576367595844, 1559.999987888294], [8608.596755249582, -15630.716162690553, 1560.0], 9, 3, 3], "29": [[10615.577013991026, -15947.232075807995, 1530.9858872417067], [8645.847322204765, -13987.989556192659, 1560.0], 5, 3, 3], "3": [[-14098.071522503556, -7060.727011005054, 1245.6972368452164], [-13735.534151094762, -6518.779670850084, 1560.0], 14, 3, 2], "30": [[9941.169459379378, -13348.207909313409, 1393.993105847332], [7814.690366461455, -11921.776616554165, 1560.0], 9, 2, 2], "31": [[12345.169932716592, -10180.350220342087, 1371.2519397983842], [10655.36287416831, -9525.716963832088, 1560.0], 17, 3, 3], "32": [[12909.634659292986, -12718.359251969296, 1560.000086197127], [11693.785027996917, -11853.353322604264, 1560.0], 11, 3, 3], "33": [[13668.033661535455, -10969.27859600112, 1560.0005586281245], [13114.518417177733, -10543.05262386577, 1560.0], 13, 3, 3], "34": [[14205.21924546275, -8959.615841488678, 1301.2197907816512], [12366.143112661119, -8490.060677573661, 1560.0], 16, 3, 3], "35": [[14871.135629454777, -6622.42669232148, 1559.9990682836933], [14640.81733534169, -6568.485784957926, 1560.0], 31, 3, 3], "36": [[14496.061213576148, -12228.151294830523, 1517.3835357751316], [12615.96675512463, -11371.481426168186, 1560.0], 28, 3, 3], "37": [[15329.327467336037, -10815.797064300323, 1559.999781901311], [13933.879969220414, -10282.165532892222, 1560.0], 12, 3, 3], "38": [[16705.83341995669, -9556.639274095194, 1559.9994435306733], [15939.314583421212, -9299.544015413594, 1560.0], 14, 3, 3], "39": [[17553.844164480834, -11053.455140518441, 1358.2045563461731], [14789.925761971042, -10007.511862734367, 1560.0], 15, 2, 2], "4": [[-12894.950560246274, -7375.2988794734465, 1560.0001518437207], [-12229.790793034768, -7035.676309380342, 1560.0], 20, 3, 2], "40": [[18576.96798582686, -10271.427703898926, 1560.0000920962066], [17840.54844880919, -9980.45997327077, 1560.0], 31, 3, 3], "41": [[22115.78948938584, -11301.949943671445, 1560.00069172635], [20987.85290171932, -9550.184652596963, 1560.0], 16, 2, 2], "42": [[21672.780106775896, -8965.858296454704, 1750.0004418727676], [20712.13579175396, -7788.859092401239, 1750.0], 0, 1, 1], "43": [[12777.807180577784, -7238.444821885569, 1436.6022765287635], [11900.149073122095, -7033.776012756527, 1560.0], 20, 3, 3], "44": [[15047.9786753056, 873.8464437865339, 1699.9999912701458], [15197.892021122168, 819.3094482867996, 1700.0], 11, 2, 2], "45": [[13108.855921923805, 1674.3283515585479, 1641.1850188724484], [11926.936944173296, 1367.2118174061657, 1560.0], 59, 3, 3], "46": [[14419.356163940689, 8040.561093834989, 1559.9999704644094], [13313.385624743525, 7449.927997053133, 1560.0], 0, 2, 2], "47": [[13679.676569427857, 7050.869098575655, 1559.999734697647], [13705.071546242574, 6846.433001241246, 1560.0], 3, 2, 2], "48": [[13877.477109978572, 8434.230325997944, 1670.0004233023806], [12871.393104138386, 7775.511876954675, 1670.0], 0, 2, 2], "49": [[13804.906389027929, 9374.79404824942, 1740.0003881218058], [13391.512923502562, 8820.392426534887, 1740.0], 5, 2, 2], "5": [[-13845.669146483968, -7647.437146260284, 1559.9993771984034], [-13076.431818273479, -7161.353465505555, 1560.0], 6, 3, 2], "50": [[12267.88499903819, 7714.606629683192, 1700.000308679627], [10923.568244605536, 7040.299348235127, 1700.0], 5, 2, 2], "51": [[12008.51137955179, 6469.506176503126, 1630.000691543822], [11495.84101810224, 6097.0257619036, 1630.0], 0, 2, 2], "52": [[12151.501524099665, 8202.146532532595, 933.5869576331662], [10122.523368764118, 7176.518882739647, 1560.0], 58, 3, 3], "53": [[11730.003095516107, 10045.44980375729, 1519.2687410336466], [9607.32848840706, 8801.47313544517, 1560.0], 23, 2, 2], "54": [[11202.33739633026, 9846.97531906252, 1513.9845774049975], [8639.011069851635, 8494.274490583268, 1560.0], 28, 2, 2], "55": [[10610.821575362963, 9673.417211017939, 1590.000194351161], [9966.868969100511, 8909.410633839832, 1590.0], 2, 2, 2], "56": [[10057.215554651799, 9831.745513514843, 1579.9999153049273], [8625.627083133086, 8785.759120068167, 1580.0], 4, 2, 2], "57": [[9334.043831298688, 11174.771218763404, 1619.9998925989726], [7425.3756751328565, 9723.45978894238, 1620.0], 10, 2, 2], "58": [[7251.593922882546, 9635.948475733605, 1506.2474324634668], [5833.908625339732, 8426.622479368265, 1560.0], 12, 3, 3], "59": [[6792.99920135872, 11048.020973513738, 1558.7120939431793], [5376.2425769700785, 9603.783613618754, 1560.0], 7, 3, 3], "6": [[-12212.955062475732, -7169.7396541937605, 1560.0000084949088], [-11772.889475669865, -6847.773472678695, 1560.0], 8, 3, 2], "60": [[6300.770858242369, 12017.449510878349, 1389.7176794075497], [4844.310888505647, 10343.43725927178, 1560.0], 29, 3, 3], "61": [[5915.930792328666, 12452.573776220543, 1331.3518835921964], [4235.819673767985, 10587.47002312468, 1560.0], 43, 3, 3], "62": [[7380.369389965237, 14782.556843973374, 1564.9734002819362], [4729.594219555987, 11774.880831356602, 1670.0], 21, 3, 3], "63": [[-10753.484681067248, 10391.65725128441, 1572.7528146172065], [-9624.784005504876, 8056.892209100981, 1580.0], 31, 3, 3], "64": [[-8063.367503321503, 12508.27499398199, 1507.944015543603], [-7530.435294212226, 9448.989931376364, 1560.0], 66, 3, 3],