{"0": [[-7926.154073918825, 13261.511509904522, 1559.9999999762588], [-7091.628472914899, 10022.546947231356, 1560.0], 19, 3, 3], "1": [[-9472.519229260703, 11495.795240159692, 1326.7382284497796], [-8930.932313264, 8514.46989836187, 1560.0], 52, 3, 3], "10": [[-14755.596760181917, -6177.791182851568, 1435.5607353083576], [-14203.9394003824, -5843.459909552295, 1560.0], 19, 3, 2], "11": [[-14109.049779389119, -6899.330497323337, 1479.1763002342036], [-13549.598540713807, -6483.248344526857, 1560.0], 21, 3, 2], "12": [[-13254.181395745005, -6751.138202337077, 1559.9998738671784], [-12708.859417487545, -6476.782068399308, 1560.0], 5, 3, 2], "13": [[-12625.022089144151, -6855.04309105613, 1559.999659954757], [-12163.86520792186, -6575.045352425512, 1560.0], 5, 3, 2], "14": [[-13622.12609767943, -7565.404473992561, 1559.9999763586427], [-12810.829594260913, -7162.22885278126, 1560.0], 27, 3, 2], "15": [[-11989.969277852466, -8229.285688407974, 1560.0002471400426], [-11299.294894784043, -7768.240202917754, 1560.0], 3, 3, 2], "16": [[-10702.728469004227, -9721.21206219672, 1559.999925127959], [-9988.656952022293, -8982.730860508915, 1560.0], 2, 3, 2], "17": [[-13762.741511673488, -9187.356659466232, 1560.0001350469893], [-12645.501854860495, -8371.561928159166, 1560.0], 0, 3, 2], "18": [[-14235.836821512337, -9208.312191506633, 1560.0001849256648], [-12999.058422415374, -8356.541782097489, 1560.0], 11, 3, 2], "19": [[-7909.679623234079, -14081.010132044541, 1210.0700449845483], [-7511.759712075856, -12301.625754990278, 1560.0], 50, 3, 2], "2": [[-11179.008986151699, 8264.880003762431, 1429.953677504443], [-10453.262309441234, 6587.467037200908, 1560.0], 91, 3, 3], "20": [[-10224.262558171487, -15644.697291711647, 1559.9999670773868], [-8756.761817726107, -12444.63555037651, 1560.0], 8, 2, 2], "21": [[-12152.726412611375, -13978.959660353254, 1692.1720577439012], [-10164.488102968207, -11544.34951052791, 1570.0], 11, 2, 2], "22": [[7398.088409757787, -18100.19648965227, 1559.9998209093858], [5099.925739766295, -15056.13146387212, 1560.0], 7, 3, 3], "23": [[8300.44082607288, -17519.935584618015, 1471.5736551410043], [6135.728577984939, -14822.871021296214, 1560.0], 4, 3, 3], "24": [[9875.699507924077, -15899.086412523331, 1558.7414964246989], [7708.071732707488, -13835.05664935405, 1560.0], 4, 3, 3], "25": [[11923.862621522629, -15364.439251302998, 1587.2626390695618], [10410.07271621708, -13864.046201782085, 1560.0], 22, 3, 3], "26": [[12475.91144494841, -11502.981142196384, 1369.7327799662876], [10094.541712902323, -10584.797881691607, 1560.0], 23, 3, 3], "27": [[13537.079639789234, -10643.401897847532, 1494.7757188601051], [12706.113328296942, -10141.804554674452, 1560.0], 26, 3, 3], "28": [[15754.384153805431, -9192.362810900728, 1503.1989984619024], [14131.516788073268, -8775.065275625038, 1560.0], 42, 3, 3], "29": [[14708.305869035237, -12258.609937371093, 1559.9998452669568], [13184.948109893654, -11505.371763083152, 1560.0], 8, 3, 3], "3": [[-12112.905337257787, 6912.231268648257, 1475.115639061403], [-11252.371677396588, 5708.08769381757, 1560.0], 4, 3, 2], "30": [[16697.02514617799, -10490.236152271398, 1552.4998960302335], [15495.191916622065, -10026.950464123485, 1560.0], 26, 3, 3], "31": [[14986.625157972869, -1298.9752565658341, 1559.9996592714892], [15689.159798304507, -1472.3424976366052, 1560.0], 26, 3, 3], "32": [[14041.104557442997, -416.0685296130057, 1559.99992746871], [13503.529075197821, -585.4738204523773, 1560.0], 17, 3, 3], "33": [[12605.218670262839, 905.6031095295876, 1560.000370571927], [12209.130551915123, 601.1392205198961, 1560.0], 55, 3, 3], "34": [[12249.622381603658, 1688.4322426085628, 1559.9999986495025], [13138.16632822483, 1603.123600762221, 1560.0], 34, 3, 3], "35": [[13506.369810559914, 1155.7797382557158, 1560.0000111919744], [14702.112641769336, 915.7575323034571, 1560.0], 53, 3, 3], "36": [[8217.287535578434, 11132.601426299962, 1456.8232286685932], [6481.8454996636665, 9666.127773376313, 1560.0], 3, 3, 3], "37": [[8237.579010154677, 10545.217575640754, 1430.745588508479], [6348.158834783455, 9065.314984611134, 1560.0], 18, 3, 3], "38": [[10562.227035913267, 7804.089785535391, 1560.0001527195318], [10153.051227659138, 7290.562711019907, 1560.0], 7, 3, 3], "39": [[8619.443178120522, -22440.779480773614, 1559.999919295362], [5358.648165114129, -17247.161552298763, 1560.0], 8, 3, 3], "4": [[-11555.797455493534, 6563.670372191166, 1552.264402323388], [-10729.301829737922, 5637.597406366862, 1560.0], 9, 3, 2], "40": [[17270.420519566174, -17532.68057758428, 2158.6431451318363], [16462.841199617884, -16105.572145500393, 1560.0], 24, 3, 3], "41": [[18654.801194545158, -13913.17842424585, 1560.0001620668638], [16628.82692330374, -12880.571257778784, 1560.0], 27, 3, 3], "42": [[15051.976261128657, 1494.7272196670833, 1679.9997766537565], [15614.519485512343, 1594.452042301983, 1680.0], 30, 2, 2], "43": [[15457.636540693136, 2795.446331626665, 1720.0000976884937], [15139.78467625127, 2643.812690291581, 1720.0], 0, 2, 2], "44": [[16321.373145352585, 1704.0747330484742, 1869.9999787345232], [16644.25981043853, 1672.1469780401087, 1870.0], 28, 2, 2], "45": [[13122.319260599474, 9627.96118449297, 1579.9996619019946], [11957.97171798503, 8771.30808345397, 1580.0], 1, 2, 2], "46": [[12084.47925034016, 9005.853091232773, 1436.7911603081707], [9353.52476327669, 7797.47268028636, 1560.0], 27, 2, 2], "47": [[15920.11439068929, 9790.48746353868, 1850.0001819036609], [15335.081803322366, 9115.822981077374, 1850.0], 7, 2, 2], "48": [[16197.137988740613, 7712.414099574444, 1600.0001571995053], [15436.728387534464, 7244.170530349712, 1600.0], 1, 2, 2], "49": [[16491.391920203092, 7430.940472767336, 1560.0001704812555], [16229.760787230416, 7061.787513874945, 1560.0], 3, 2, 2], "5": [[-9906.465160595752, 7047.02025379944, 1371.7103898463902], [-9775.06481991468, 5798.397926686524, 1560.0], 94, 3, 3], "52": [[-9403.680314902384, 20826.222299045752, 1749.999847632535], [-8969.246097516674, 20152.867306803295, 1750.0], 0, 1, 1], "53": [[-7934.338461555527, 19766.528174808234, 1749.9997293493939], [-7773.552272941819, 19452.50605573543, 1750.0], 0, 1, 1], "54": [[7699.774073175424, -23337.51952495452, 1589.9999598306276], [4873.528303939474, -17623.75142149529, 1590.0], 9, 2, 2], "55": [[9845.158540509512, 3379.1700561219, 1920.000175047441], [3697.2789167087703, -18595.75587508515, 1920.0], 0, 3, 1], "56": [[10850.857854794429, -36346.156693861034, 1749.9996541528758], [7035.478034641486, -24143.136567795096, 1750.0], 0, 1, 1], "59": [[6187.080551100791, 15967.750638959054, 1746.7589780211736], [3926.0260524182186, 12588.177097479731, 1930.0], 35, 3, 3], "6": [[-10907.128067918014, 6054.404170200945, 1301.0813657705985], [-10797.711241107167, 4932.450682117467, 1560.0], 59, 3, 3], "60": [[8427.62789599281, 17547.42508860649, 1697.3901837274807], [6581.876394978432, 14026.171347607618, 1950.0], 86, 3, 2], "61": [[7539.14994901985, 20996.446760479583, 1559.9999952267437], [4844.578567116476, 15553.714753580447, 1560.0], 0, 1, 1], "62": [[7125.096796508304, 21274.634952134078, 1560.0000010705098], [4548.383328460144, 15669.48098799101, 1560.0], 0, 1, 1], "63": [[6106.2026865859825, 21669.071102764843, 1559.9997277433], [3646.2297770689993, 15680.215774167433, 1560.0], 0, 1, 1], "64": [[5625.573445247573, 21912.71805710875, 1560.000305524305], [3061.386956175377, 15582.503632318036, 1560.0], 0, 1, 1], "65": [[6973.286477918666, 21416.735316904305, 1559.9998831584835], [4231.891919780962, 15621.626521509626, 1560.0], 0, 1, 1], "66": [[6462.901437226285, 21579.27907514698, 1559.999955593077], [0, 0, 1560], 0, 1, 1], "67": [[5909.78324481157, 21918.226838864084, 1560.0000840674488], [0, 0, 1560], 0, 1, 1], "7": [[-13135.26845772405, 3233.2998328703966, 1461.0129398477995], [-12825.318345364718, 2747.577843567364, 1560.0], 93, 3, 3],