{"0": [[-12508.839894766848, -14074.085874974578, 1560.0000581485401], [-10565.198970950656, -11412.56323663398, 1560.0], 9, 2, 2], "1": [[-10994.78859304584, -15200.054625025557, 1737.9344839342843], [-9222.406345516103, -12229.563114025035, 1660.0], 12, 2, 2], "10": [[3114.86418398833, -16711.578874382256, 1437.4150948872332], [1019.5683763863278, -13846.475383555402, 1560.0], 28, 3, 3], "11": [[5199.404944190389, -17497.104724983805, 1155.7909134994718], [1886.2311442000764, -14037.20150676759, 1560.0], 25, 3, 3], "12": [[6285.626273749577, -18347.653938080828, 1168.7950479312494], [2678.9097932721293, -14501.997339959633, 1560.0], 15, 3, 3], "13": [[7097.618639902243, -18445.523145215953, 1126.4704503168646], [3664.796251610244, -14728.546678121715, 1560.0], 2, 3, 3], "14": [[7587.507783121079, -18379.698277940628, 1339.2668405527204], [4396.356602247728, -14833.727522170242, 1560.0], 4, 3, 3], "15": [[-4305.915706597603, -10407.08461257328, 1474.2015514101183], [-4603.258344750181, -9663.419507270095, 1560.0], 49, 3, 3], "16": [[5979.730869960164, -17235.24434633497, 772.0720132592052], [1785.9022669472224, -13557.77269880986, 1560.0], 4, 3, 3], "17": [[6221.5514812351375, -16978.214448412225, 1274.2339131361364], [3622.9256689723547, -14108.64815935872, 1560.0], 5, 3, 3], "18": [[6058.550297254709, -14673.467771210333, 1433.9300642301992], [3932.3980118262716, -12751.704178416276, 1560.0], 5, 3, 3], "19": [[6465.978163364583, -13455.087494060761, 1232.9687574790325], [4023.6999086433193, -11748.359108459614, 1560.0], 9, 3, 3], "2": [[-10327.715093686202, -15573.957414548328, 1560.0005659616395], [-8756.761817726107, -12444.63555037651, 1560.0], 13, 2, 2], "20": [[6935.438413072732, -15831.616237317012, 1022.838403845945], [4438.236617178152, -13296.541435916983, 1560.0], 28, 3, 3], "21": [[9094.02391819684, -16574.422247805796, 1429.622543740329], [6590.814541975701, -14080.594498225382, 1560.0], 7, 3, 2], "22": [[10536.52542942591, -17924.840197996036, 1417.8730127413633], [7133.546058621336, -14749.80623182314, 1560.0], 8, 3, 2], "23": [[12493.567662614452, -17205.87649338159, 1585.4156661331542], [10287.460407233013, -14898.150518135659, 1560.0], 5, 3, 3], "24": [[12990.754908351535, -14511.920046871242, 1494.9450493616848], [10967.81172119264, -13012.789861239033, 1560.0], 14, 3, 3], "25": [[9917.942453818516, -13162.601541267817, 1326.0106555352788], [7474.383512379054, -11651.91920691555, 1560.0], 8, 2, 2], "26": [[12178.559597190708, -11921.539124522888, 1337.7818939638144], [9909.750933489313, -10925.045695175093, 1560.0], 16, 3, 3], "27": [[11762.049940609551, -8819.6708637516, 1313.9833185805717], [9138.6724714881, -8260.376209739221, 1560.0], 11, 3, 3], "28": [[11463.240447203447, -9987.573027228533, 1131.71916521315], [9707.630064596364, -9240.794810900294, 1560.0], 87, 3, 3], "29": [[11509.701512755364, -11172.695507702789, 1273.6455917038093], [9745.249219349242, -10216.781971208986, 1560.0], 35, 3, 2], "3": [[-10131.78375817756, -14014.493844141072, 1560.000194177502], [-8829.431699393943, -11743.069339866875, 1560.0], 9, 3, 2], "30": [[13331.439804288455, -4922.001869484651, 1559.99951103996], [12254.157431329315, -5003.103148136938, 1560.0], 22, 3, 3], "31": [[15637.655373711174, -5019.175798508133, 1559.9995958998506], [14723.366593527717, -5058.910491802368, 1560.0], 17, 3, 3], "32": [[15061.804906014653, -7122.09042977603, 1550.4222322061105], [13742.011650997161, -7038.805414751359, 1560.0], 37, 3, 3], "33": [[14401.987573368162, -7425.595857233106, 1499.4248305912643], [13038.638852467713, -7175.930509416945, 1560.0], 8, 3, 3], "34": [[13454.621286984424, -8967.212726723332, 1299.807362855308], [11177.39892758266, -8504.329352073948, 1560.0], 12, 3, 3], "35": [[12875.475123985378, -9231.983345822504, 1270.006955044361], [10564.909615205528, -8604.254746320032, 1560.0], 21, 3, 3], "36": [[14768.775448902428, -8690.355559602189, 1460.9997939813393], [13096.992533872384, -8281.366855294777, 1560.0], 53, 3, 3], "37": [[15568.991975703799, -8885.324766326814, 1560.0001493788232], [14246.029704215463, -8569.445447615852, 1560.0], 20, 3, 3], "38": [[15501.364598392203, -9849.567599001799, 1559.9998016893194], [15094.635911452131, -9499.790031684885, 1560.0], 7, 3, 3], "39": [[13255.93039088858, -11909.753557977265, 1559.9999777207745], [13889.373425711226, -11458.00602884348, 1560.0], 76, 3, 3], "4": [[-4749.46763618841, -17381.39686451514, 1472.4669294571272], [-4762.668747424298, -14008.22162648979, 1560.0], 27, 3, 2], "40": [[17699.142429372925, -12501.442326540613, 1616.7095056465714], [16507.250379547473, -11945.409388823831, 1560.0], 36, 3, 3], "41": [[21719.351207070904, -10954.82574285769, 1568.9396734933782], [20844.86990453507, -9182.611717629647, 1560.0], 17, 2, 2], "42": [[16280.25578278614, -2673.6827959781554, 1559.9996800828308], [16407.448922056854, -2952.3716765352183, 1560.0], 34, 3, 3], "43": [[14102.982996531216, 2539.195048909103, 1560.0002524835568], [13396.3662245498, 2332.093816234591, 1560.0], 3, 2, 2], "44": [[13861.303408421725, 5469.019191954042, 1529.213391693411], [12025.996669312957, 4991.831137192133, 1560.0], 19, 2, 2], "45": [[12114.862423919963, 6987.8648570444, 1548.4671503060488], [10358.687003183595, 6278.117864709625, 1560.0], 26, 2, 2], "46": [[15586.225093488314, 6065.409422421074, 1560.000102481095], [14538.071114498303, 5721.730974137814, 1560.0], 13, 2, 2], "47": [[14743.047674271935, 6776.548946892315, 1560.000135604673], [12906.62029413325, 6085.174652988739, 1560.0], 10, 2, 2], "48": [[18876.55323226005, 9316.311730988125, 1620.0002917027741], [18558.815647937165, 8888.820054772767, 1620.0], 4, 2, 2], "49": [[10393.773437124883, 8936.081161325488, 1689.9997710402315], [9847.205015561687, 8332.517966148434, 1690.0], 0, 2, 2], "5": [[-4984.324426917012, -15734.406002119336, 1392.1546097396601], [-4632.250645475818, -13522.329569266705, 1560.0], 18, 3, 2], "50": [[9931.303761457943, 9979.827313538291, 1780.00014732932], [9183.48972211816, 9128.55417451492, 1780.0], 0, 2, 2], "51": [[9814.619165155376, 9027.897707728942, 1560.0000439742032], [8559.013348235729, 8168.830295322215, 1560.0], 29, 3, 3], "52": [[8908.46548976791, 8764.956289974232, 1419.1136925275318], [6780.458455879866, 7619.762126569212, 1560.0], 30, 3, 3], "53": [[8815.237220841334, 10229.410009893892, 1502.573720164164], [7092.897347540277, 8954.640784458357, 1560.0], 18, 3, 3], "54": [[9722.533304421466, 10724.448738583738, 1560.0001557181672], [9411.226641052153, 9859.650149929103, 1560.0], 43, 3, 3], "55": [[5077.982450201541, 6885.687243771657, 1318.8592525679064], [3263.249788102626, 6023.370659291958, 1560.0], 18, 3, 3], "56": [[3747.6082749362026, 8086.81018224471, 1329.8567816861566], [2279.1547761121683, 7039.037624479106, 1560.0], 11, 3, 3], "57": [[5582.948493644467, 8766.000634462398, 1372.0683985509702], [4284.005595688586, 7719.284836926895, 1560.0], 7, 3, 3], "58": [[6207.392412133829, 11012.616117096502, 1489.9054971849814], [5018.078494376372, 9551.920285431326, 1560.0], 10, 3, 3], "59": [[4619.707257212609, 10409.727968914993, 1298.3847363142474], [2327.1977282574244, 8657.063795438204, 1560.0], 15, 3, 3], "6": [[-2214.9975414273117, -16560.24460731099, 1463.5289711536323], [-2962.8149986799544, -13644.386753219573, 1560.0], 67, 3, 3], "60": [[-2373.1828919025534, 10835.718596825784, 1454.9564211783043], [-2848.2716896324187, 9076.627820713162, 1560.0], 6, 3, 3], "61": [[-5144.433836588894, 9621.748534614107, 1559.999955085047], [-5122.804744526814, 8224.537459463401, 1560.0], 13, 3, 3], "62": [[-7338.982988595874, 7357.049709643275, 1235.2102271491142], [-7811.789275825834, 6040.779904349799, 1560.0], 16, 3, 3], "63": [[-5070.947664186445, 11783.408283066063, 1293.8606999548886], [-5646.822408695846, 9095.402678102335, 1560.0], 18, 3, 3], "64": [[-7531.459075596341, 9889.196102460015, 1533.9556483083911], [-7182.325252915573, 8134.325236006571, 1560.0], 25, 3, 3],