{"0": [[-8627.21783360456, 10696.070493594738, 1419.944441081081], [-8279.017107512112, 8287.906594687774, 1560.0], 58, 3, 3], "1": [[-8450.922156029159, 10015.45430671703, 1186.6360895208136], [-8616.01488022667, 7599.093829359441, 1560.0], 46, 3, 3], "10": [[-8444.770017012987, 5848.0245355517045, 1227.6202842108482], [-8853.737624052932, 4896.461396278209, 1560.0], 50, 3, 3], "100": [[6940.255719038043, 21283.483429778404, 1560.0000477860847], [4218.488266404737, 15542.287817291144, 1560.0], 0, 1, 1], "101": [[6795.7974128858805, 21466.08629755991, 1559.9999954738687], [4245.210220897906, 15700.7505444906, 1560.0], 0, 1, 1], "11": [[-11077.834581460991, 5368.35208286584, 1318.16461901354], [-10956.851330386844, 4470.010542049667, 1560.0], 62, 3, 3], "12": [[-12599.347715031845, 4947.469136599276, 1539.8894884256254], [-11989.987347039496, 4223.120096413872, 1560.0], 54, 3, 3], "13": [[-12088.05639049156, 4475.340430730862, 1449.0495352479224], [-11755.726043142984, 3811.9732989452673, 1560.0], 71, 3, 3], "14": [[-11028.90955508998, 4283.140329823311, 1378.1162103176562], [-10873.823032891218, 3689.1599057184844, 1560.0], 30, 3, 3], "15": [[-12562.613357437158, 3168.0850043510322, 1520.080754394387], [-12248.348278051822, 2752.0201281498144, 1560.0], 52, 3, 3], "16": [[-12032.718418908342, 3150.1825254201344, 1559.9998009387118], [-11654.558277301176, 2848.791972757756, 1560.0], 48, 3, 3], "17": [[-11767.432247789333, 718.4431279258438, 1476.131473475351], [-11697.853273096543, 586.9768000760122, 1560.0], 10, 3, 2], "18": [[-12809.469272232267, -31.17899453756661, 1473.5750369386753], [-12759.61623093899, -135.71884605453235, 1560.0], 10, 3, 2], "19": [[-13586.256286288688, 78.47540842590432, 1391.395569332647], [-13577.641189443018, -50.1593353716958, 1560.0], 54, 3, 2], "2": [[-8883.205212244966, 8675.854846731345, 1364.553336682719], [-8645.733290768301, 7011.135973650785, 1560.0], 61, 3, 3], "20": [[-13680.91275302353, -1420.434545701354, 1559.9999849245262], [-13450.975694889568, -1450.7389447129676, 1560.0], 1, 3, 2], "21": [[-12330.863256818044, -1644.4191389250989, 1319.2692496260352], [-12614.195691896513, -1760.5498052341609, 1560.0], 85, 3, 3], "22": [[-11688.292091255098, -1604.1903068899937, 1355.6063052833863], [-11945.510302715105, -1650.9651273529348, 1560.0], 8, 3, 2], "23": [[-11795.466357977759, -3249.540406434872, 1415.5160031766463], [-11939.893075716807, -3220.794593189805, 1560.0], 9, 3, 2], "24": [[-14346.606817792659, -2783.8303673058294, 1559.9994631197396], [-14087.746723919556, -2768.8583570494034, 1560.0], 9, 3, 2], "25": [[-12393.525428249954, -4175.331693891572, 1421.4889381827957], [-12399.417758208052, -4108.298983164862, 1560.0], 9, 3, 2], "26": [[-10812.551849826481, -5853.988064956051, 1286.799458200338], [-11142.490482442954, -5671.807927554058, 1560.0], 110, 3, 3], "27": [[-14321.310498955982, -4759.559889995773, 1484.6150732376232], [-14000.47397152743, -4633.784074972947, 1560.0], 9, 3, 2], "28": [[-12222.760086597322, -6517.533776275636, 1398.08625244486], [-12092.21838357551, -6196.510584965418, 1560.0], 9, 3, 2], "29": [[-10280.066768991039, -9992.872677094276, 1551.583575475541], [-9641.130969399373, -9176.10425570175, 1560.0], 15, 3, 2], "3": [[-10133.960057960205, 7162.936171313671, 1422.5052528010776], [-9739.686883360373, 5977.236738775129, 1560.0], 24, 3, 3], "30": [[-11385.377739326674, -9560.612156135252, 1559.999984218096], [-10564.659341954952, -8850.987391722523, 1560.0], 18, 3, 2], "31": [[-12376.03622978062, -8582.55235715072, 1559.9999779028024], [-11647.86456913557, -8003.578464552317, 1560.0], 1, 3, 2], "32": [[-13176.071592815895, -8234.397048702773, 1560.0000094969482], [-12401.080279922553, -7693.548835361206, 1560.0], 10, 3, 2], "33": [[-11983.236449344326, -10417.669522632108, 1560.0005756539776], [-10943.324077305497, -9405.390822937663, 1560.0], 14, 3, 2], "34": [[-12992.605635558855, -10231.872872070362, 1560.0003792244042], [-11743.672304502415, -9198.252184582492, 1560.0], 27, 3, 2], "35": [[-13291.572327255288, -11348.334403578301, 1801.5886585379487], [-11376.649271227612, -10117.637540142438, 1560.0], 44, 3, 2], "36": [[-8666.87463538553, -14485.553042804737, 1474.8759557488268], [-7931.874137611351, -11998.467905234424, 1560.0], 26, 3, 2], "37": [[-5804.12791944866, -15909.29039779289, 963.1775205718562], [-6078.588430383061, -13015.85914699253, 1560.0], 72, 3, 2], "38": [[-4791.3487556667405, -18144.3810301012, 1570.9346710327886], [-4512.671104570647, -14329.391399378448, 1560.0], 121, 3, 3], "39": [[-5009.223677629956, -15364.846419038155, 1260.5240364209722], [-5560.132738701857, -12638.394182245956, 1560.0], 173, 3, 3], "4": [[-10836.965754400335, 7202.04780344458, 1555.508022701565], [-10122.136582539519, 6067.019241443803, 1560.0], 30, 3, 3], "40": [[-3318.9222631306898, -16674.585028208643, 1505.0679668033952], [-3767.6038377139334, -13663.319426379789, 1560.0], 110, 3, 3], "41": [[-3348.6377474623114, -14661.12467520973, 1203.625945051683], [-4643.748253623122, -12190.396949475578, 1560.0], 145, 3, 3], "42": [[-218.64154516041768, -18143.106723686502, 1582.6610032951514], [-858.7869586876283, -14852.14203852328, 1560.0], 45, 3, 3], "43": [[905.163554461828, -17441.138252831883, 1569.1898299358534], [-152.7531990882337, -14490.044911033565, 1560.0], 85, 3, 3], "44": [[1776.3853678942432, -16438.70837171366, 1445.1984362460512], [431.5338659760463, -13822.293921085373, 1560.0], 48, 3, 3], "45": [[1779.6906633124374, -17054.567534969246, 1158.53651974536], [87.54968724039294, -13950.684316032944, 1560.0], 24, 3, 3], "46": [[4413.973198104026, -18645.23906171714, 1429.0028045346085], [2381.847981026547, -15050.946530265615, 1560.0], 4, 3, 3], "47": [[6062.0692495853245, -14158.750423857386, 1086.6488966418824], [3786.4414104561006, -12264.064082086106, 1560.0], 11, 3, 3], "48": [[6291.72871549383, -17787.757373758388, 1250.2967347684503], [4135.325017099992, -14589.227686871884, 1560.0], 57, 3, 3], "49": [[9801.381548161868, -15519.461010228628, 1394.6301891951418], [7833.200252848716, -13629.422165137665, 1560.0], 32, 3, 3], "5": [[-11533.981132556328, 7590.1170601868025, 1500.0254286029403], [-10750.093642312931, 6191.576592583831, 1560.0], 38, 3, 3], "50": [[10085.77596099598, -17214.10364233336, 1409.9576292681854], [7296.100234358023, -14495.958311463055, 1560.0], 4, 3, 3], "51": [[12917.701783459546, -20060.084561041043, 1541.7291714415508], [10206.274834541739, -16582.981776676726, 1560.0], 21, 3, 3], "52": [[8218.34411055896, -20248.689245603746, 1493.8897139852995], [6032.244349818629, -16361.171757980863, 1560.0], 27, 3, 3], "53": [[13309.277533896096, -11688.01838889807, 1405.356584652528], [11103.064489646857, -10817.084085565213, 1560.0], 24, 3, 3], "54": [[18811.046041377518, -14056.126933244503, 1560.000109818478], [17320.433960858514, -13052.131466224519, 1560.0], 10, 3, 3], "55": [[18483.23977498206, -16125.209490766798, 1951.5666106739066], [19053.121004288867, -15241.433309336313, 1560.0], 18, 3, 3], "56": [[14089.960595351351, -8391.285010430225, 1412.5043714457963], [12010.494638347049, -8008.869350204667, 1560.0], 11, 3, 3], "57": [[14204.14299402278, -6621.576174585181, 1487.8001210412217], [13352.077992676579, -6545.499792951337, 1560.0], 25, 3, 3], "58": [[11571.965147005236, -4821.290411802869, 1559.8857109293845], [11740.814286868928, -4858.243331566171, 1560.0], 16, 3, 3], "59": [[13478.53414974414, -5344.067987343469, 1559.99773977822], [14449.34299191797, -5622.744703699524, 1560.0], 122, 3, 3], "6": [[-10724.158116553957, 8820.821801558159, 1413.9205117281474], [-9990.248556451817, 7026.353293054924, 1560.0], 24, 3, 3], "60": [[11836.697375783993, -3464.760469470297, 1515.9026471237828], [11185.300196683158, -3527.5525966749715, 1560.0], 6, 3, 3], "61": [[12344.039570169562, -4352.4485522637915, 1541.3536133942644], [11374.382291545311, -4401.681974638172, 1560.0], 15, 3, 3],