{"0": [[-10833.464623707277, 10187.482781424062, 1570.000070959937], [-9534.360654093218, 8056.142144515689, 1570.0], 0, 3, 2], "1": [[-10802.86472163098, 9002.500890727755, 1383.4009241652918], [-10179.499870389405, 6990.603578338245, 1630.0], 4, 3, 2], "10": [[-11935.418985882308, -8343.24871618251, 1559.9998376674732], [-11300.325089120586, -7833.909786724879, 1560.0], 0, 3, 2], "11": [[-13568.98945493423, -7650.947343061813, 1560.0000691039336], [-12753.563661859462, -7245.192026609992, 1560.0], 9, 3, 2], "12": [[-15265.213378682214, -6856.86070586974, 1559.8760731735356], [-14373.29958265446, -6455.5709867862615, 1560.0], 14, 3, 2], "13": [[-9999.451878009826, -15653.916521903138, 1559.9999362847518], [-8573.095202877155, -12486.246760329595, 1560.0], 37, 2, 2], "14": [[-11132.276489408217, -16373.406036225917, 1659.9996874057945], [-9136.362528418584, -12420.335947228461, 1660.0], 0, 1, 1], "15": [[-2022.1036404448525, -15674.959531740993, 1461.720973971835], [-2988.7514439896145, -13077.37079036433, 1560.0], 90, 3, 3], "16": [[7561.075386268507, -18688.71538836857, 1485.7255856786853], [4928.248294625777, -15331.269352755651, 1560.0], 33, 3, 3], "17": [[8448.31014643774, -18622.374186022833, 1406.8109947058572], [5801.509787573047, -15345.899249621882, 1560.0], 7, 3, 3], "18": [[8854.011331215266, -17608.29960711295, 1502.0784565572408], [7012.477464630939, -14936.273864175133, 1560.0], 15, 3, 3], "19": [[9731.655378472986, -16238.0424143726, 1392.7047196556525], [7583.648785408369, -14037.2844863806, 1560.0], 15, 3, 3], "2": [[-10942.680023267483, 7505.699088388614, 1356.0730784835966], [-10587.609366431801, 5974.490257479167, 1560.0], 109, 3, 3], "20": [[10817.594762897323, -16659.05295066376, 1559.9999459601327], [8423.796756987183, -14332.37749336407, 1560.0], 2, 3, 3], "21": [[13307.38315885664, -15920.470571642298, 1560.000014075688], [11987.654726942608, -14271.283879799423, 1560.0], 28, 3, 3], "22": [[12736.91440633571, -14978.203716634616, 1535.6154478443816], [10763.68002077343, -13328.379533956506, 1560.0], 18, 3, 3], "23": [[13770.370046531025, -15019.391282623026, 1544.1827774033006], [12438.033561629232, -13636.267045402026, 1560.0], 23, 3, 3], "24": [[12320.537446384269, -11482.541700946138, 1338.9771607046005], [10639.835682178735, -10612.32862715497, 1560.0], 56, 3, 3], "25": [[12732.084136482785, -10902.354343096798, 1375.8931320197864], [11402.21939629768, -10282.618120411327, 1560.0], 53, 3, 3], "26": [[14519.695093343778, -11848.51521234329, 1527.3150437107865], [13413.761566571118, -11137.434987049175, 1560.0], 21, 3, 3], "27": [[15796.156336738577, -9076.552621749997, 1495.5381583876433], [14815.975327961054, -8771.919585347807, 1560.0], 24, 3, 3], "28": [[11678.672654200116, 1093.4980744737468, 1646.4222964189887], [12376.671173930816, 1069.7254137255763, 1560.0], 16, 3, 3], "29": [[5593.755559865571, 8765.288479883286, 1383.072783776231], [3930.007502855341, 7599.273035004155, 1560.0], 21, 3, 3], "3": [[-11431.163607115837, 6925.226697981847, 1390.2895672922034], [-10863.207906753134, 5666.573179578632, 1560.0], 56, 3, 3], "30": [[7218.295146118195, 9619.891919553398, 1510.5696509170466], [5464.419110804506, 8389.320594077832, 1560.0], 26, 3, 3], "31": [[3422.0312353908275, 10474.364576240023, 1329.9010785658909], [2105.6189913088456, 8959.876714347243, 1560.0], 9, 3, 3], "32": [[6453.759424615105, 12300.85794803351, 1337.1690790247785], [4480.15581066575, 10190.670019999594, 1560.0], 28, 3, 3], "33": [[9854.062346109476, 9309.473501083245, 1661.945615133102], [9579.41465969538, 8689.691733157679, 1560.0], 50, 3, 3], "34": [[10532.023831141769, 9437.612678066513, 1560.0000812062813], [10602.40659024324, 9011.054001265695, 1560.0], 20, 3, 3], "35": [[9714.139199453934, 9675.764611466, 1326.617107406998], [7747.679035481358, 8308.796238822997, 1560.0], 36, 3, 3], "36": [[9697.709250749733, -22429.307366803678, 1544.3494762026842], [6689.949191076292, -17414.276737650744, 1560.0], 13, 3, 3], "37": [[20087.977162729523, -17193.490954334487, 2055.1998629871964], [18721.17316907999, -15603.07546715718, 1560.0], 5, 3, 3], "38": [[18870.205229674677, -14029.336162492846, 1539.3997076258024], [18111.258349037118, -13131.585833767533, 1560.0], 45, 3, 3], "39": [[18101.959731925916, -11697.430256835478, 1528.2260019197035], [15703.845231517153, -10862.958030778093, 1560.0], 19, 3, 3], "4": [[-9961.003601757504, 7021.663064827474, 1464.423133288896], [-9586.141457937338, 5902.539322738238, 1560.0], 26, 3, 3], "40": [[10904.407245711107, 9649.9036123692, 1559.9999177265202], [12049.019948831676, 12933.334464827814, 1560.0], 0, 2, 1], "41": [[11667.7840090119, 9011.024575942269, 1559.9999333781077], [13586.190020165237, 12667.724324970912, 1560.0], 0, 2, 1], "42": [[12367.105434595855, 8290.990813316883, 1559.9990523675483], [11212.725737205192, 7576.411542088228, 1560.0], 6, 2, 2], "43": [[13193.874399353548, 9465.308151025592, 1580.0002244428576], [11925.709777016256, 8651.324657792331, 1580.0], 3, 2, 2], "44": [[13829.599390070991, 7567.66562679663, 1649.9999535159131], [12726.138462491137, 6944.580800590993, 1650.0], 0, 2, 2], "45": [[11823.925732684158, 8913.087124771433, 1560.0001971332463], [10364.830832358484, 8091.367543827822, 1560.0], 10, 2, 2], "46": [[12831.376802037074, 8942.883893417777, 1690.000150685865], [11829.77182556069, 8271.295905970372, 1690.0], 0, 2, 2], "47": [[13201.39160894248, 6324.8975499061635, 1560.000129710018], [12318.317629516234, 5956.419336939785, 1560.0], 13, 2, 2], "48": [[15196.317750044238, 8727.486082639783, 1580.0002429253316], [14615.2629126256, 8251.308079027383, 1580.0], 5, 2, 2], "49": [[16216.456948753153, 9901.847567187902, 1879.9998815953904], [15906.747444705943, 9392.730488286343, 1880.0], 11, 2, 2], "5": [[-12246.61671184633, 4805.22862660069, 1279.1894215957072], [-12047.847887695249, 3915.1367056092226, 1560.0], 75, 3, 3], "50": [[15841.658679380786, 7804.884943461013, 1559.999448310043], [13743.182656337893, 6972.606722124772, 1560.0], 10, 2, 2], "53": [[-8698.446848743733, 22280.398596506166, 1750.0002445991963], [-8311.61937280788, 21430.33898241784, 1750.0], 0, 1, 1], "54": [[-8900.338265738763, 20559.23417404307, 1750.0001460638975], [-8577.175319095957, 20012.776815031408, 1750.0], 0, 1, 1], "55": [[-9397.554011531309, 18516.49585292114, 1750.000147534585], [-9086.57016496533, 18156.45655662885, 1750.0], 0, 1, 1], "56": [[-8311.641825485014, 18289.835657169337, 1749.9994263425979], [-8157.385781069483, 18093.08944187328, 1750.0], 0, 1, 1], "57": [[-9714.55047305678, 16231.002230939284, 1749.9999366858858], [-9415.248538860502, 16040.475865885015, 1750.0], 0, 1, 1], "58": [[-8811.113639983274, 15087.81045503085, 1750.0002674941084], [-8677.123163868764, 15033.540557147004, 1750.0], 0, 1, 1], "59": [[-9944.954242097898, 14076.479027937134, 1750.0002369310125], [-9642.280657558695, 14001.789068261358, 1750.0], 0, 1, 1], "6": [[-11862.483063483318, 4493.415708447863, 1451.7798269489451], [-11475.411821633716, 3911.6851642718907, 1560.0], 5, 3, 2], "60": [[9805.830897149444, -23403.164885609804, 1560.0003858683242], [6727.614943916089, -17968.415963460415, 1560.0], 12, 2, 2], "61": [[6928.795151217769, -22780.93271312465, 1559.9998549902741], [3745.1054820738177, -17065.34605624249, 1560.0], 11, 2, 2], "62": [[10199.271733275691, -26255.865792906046, 1560.0006021621612], [6341.326293615906, -18916.12774241493, 1560.0], 12, 2, 2], "64": [[10942.947499162423, -24032.60859663235, 3049.8078176640097], [4499.465026591057, -19432.732738975446, 1950.0], 53, 3, 2], "65": [[-11660.933942505053, -14981.711346981696, 1590.0000201722964], [-6522.021157997078, -9925.577299146995, 1590.0], 0, 1, 1], "66": [[-12868.539707002254, -16187.392457146883, 1619.999991589747], [-6394.969753815955, -10469.260245062247, 1620.0], 0, 1, 1], "67": [[-11512.053260424143, -15982.761006854633, 1560.0006607193902], [-5633.231634213195, -11868.904579177482, 1560.0], 0, 1, 1],