{"0": [[-8186.305387044048, 12963.016180453398, 1390.8312118284798], [-7710.738676002377, 9512.329923601435, 1560.0], 15, 3, 3], "1": [[-9989.728805631694, 7169.222083097154, 1379.4640273266843], [-9850.16702964203, 5836.204040445748, 1560.0], 69, 3, 3], "10": [[-10539.03709623712, -15533.322440579781, 1560.0000287567584], [-9021.283287601445, -12324.345972724943, 1560.0], 5, 2, 2], "11": [[-11074.615280716667, -14714.60269821487, 1559.9999448198384], [-9270.954646217046, -12367.274241279274, 1560.0], 0, 1, 1], "12": [[1950.5311005223225, -16494.425022220374, 1431.9708576415298], [452.71589546984615, -13774.14784549577, 1560.0], 15, 3, 3], "13": [[8880.763254986865, -18110.30735983044, 1531.4423369729634], [7201.392512825912, -15393.851406115684, 1560.0], 15, 3, 3], "14": [[8754.352362320995, -17475.569638872294, 1519.7371079071854], [6626.007206817558, -14787.510119352697, 1560.0], 9, 3, 3], "15": [[8656.92699992494, -17075.70292449331, 1486.0426055883297], [6361.931286738457, -14458.17965684558, 1560.0], 7, 3, 3], "16": [[9988.476678888319, -17401.93462650714, 1533.7211336017501], [8029.542112441688, -14927.490324439845, 1560.0], 12, 3, 3], "17": [[10060.080015846679, -16950.50053182549, 1475.68830613318], [7785.827791399928, -14515.046727305576, 1560.0], 9, 3, 3], "18": [[10043.510493943319, -16454.30215228871, 1554.4099069873614], [8379.644070093855, -14400.071124759195, 1560.0], 13, 3, 3], "19": [[7744.289796067745, -18871.663345327685, 1441.9874138743392], [4928.248294625777, -15331.269352755651, 1560.0], 10, 3, 3], "2": [[-10819.302792880822, 8013.993886153384, 1493.9306216833988], [-10179.60775914752, 6512.7464526187005, 1560.0], 42, 3, 3], "20": [[11339.235497660222, -16952.60648523705, 1464.6406393374173], [8859.836157394711, -14485.440228108082, 1560.0], 7, 3, 3], "21": [[11430.288553542514, -18495.53249433606, 1480.5742832931674], [8273.344754350092, -15341.075435626426, 1560.0], 13, 3, 3], "22": [[11295.429463303492, -20482.00804568926, 1427.6871120844762], [8020.809742035386, -16413.84371284083, 1560.0], 12, 3, 3], "23": [[14012.401602305436, -15779.501971179709, 1318.7539176815453], [11112.23367676213, -13714.957938850446, 1560.0], 37, 3, 3], "24": [[12867.307684834543, -11469.025688884509, 1417.2705722234568], [11202.487157661399, -10640.611132760985, 1560.0], 24, 3, 3], "25": [[13142.675663207505, -12349.705742196405, 1460.7846226825466], [11423.802838817808, -11289.953175886152, 1560.0], 9, 3, 3], "26": [[14666.494614700647, -9939.767537881718, 1479.4060570225606], [13140.962073115095, -9373.182903488398, 1560.0], 4, 3, 3], "27": [[16088.521003460914, -5863.923930604024, 1534.1871172318588], [13719.88456434209, -5791.03907358555, 1560.0], 85, 3, 3], "28": [[16477.287407896187, -10181.978622949995, 1559.9999764328595], [16160.302409362785, -10150.757583244364, 1560.0], 93, 3, 3], "29": [[8145.788119405328, 10758.7922421349, 1295.0625546309923], [6010.362091689618, 9216.93148190326, 1560.0], 20, 3, 3], "3": [[-11984.113835379954, 6643.20888815603, 1554.3282103853205], [-11154.290960447472, 5562.970673829205, 1560.0], 68, 3, 3], "30": [[8041.40917514582, 10175.016385293706, 1360.0500778811381], [5507.852672724077, 8584.27526266096, 1560.0], 22, 3, 3], "31": [[9404.282783390685, 10014.77135125877, 1560.0000000744599], [8797.172567261288, 9146.302287060109, 1560.0], 11, 3, 3], "32": [[9142.53997238134, 9673.95569939619, 1560.0000452226682], [7356.227272345617, 8375.688188991535, 1560.0], 48, 3, 3], "33": [[10391.111854546421, 8998.514666227564, 1559.9998822862635], [8951.951874454811, 7985.754982888657, 1560.0], 23, 3, 3], "34": [[10409.518221829552, 8459.175262682806, 1544.6779846778823], [8840.976062876402, 7546.953271041408, 1560.0], 16, 3, 3], "35": [[14232.780069064318, 7699.4033027703335, 1609.9999803706273], [12938.24933586204, 7002.981414486902, 1610.0], 6, 2, 2], "36": [[14751.825901348078, 7683.201975236435, 1609.9996825629537], [14141.408769147884, 7176.63033647161, 1610.0], 0, 2, 2], "37": [[16109.576379537266, 9924.426987467701, 1949.9999065201107], [15487.697581225433, 9260.251927029607, 1950.0], 3, 2, 2], "38": [[16730.94778281304, 9329.373267281544, 1870.0002186245222], [15720.56591394343, 8611.043362490525, 1870.0], 1, 2, 2], "39": [[16005.215709246408, 8281.761230036913, 1849.999936425122], [15588.318977283405, 7848.196644697974, 1850.0], 2, 2, 2], "4": [[-13827.205353148516, 6797.53881536482, 1559.999532163285], [-12414.542168869362, 5544.659118876669, 1560.0], 23, 2, 2], "40": [[15841.257484179034, 7679.3197934426535, 1580.000410225945], [14878.125184520939, 7117.109266665406, 1580.0], 3, 2, 2], "41": [[9195.624429932204, -20678.53316905976, 1546.8078061067936], [6356.103879232124, -16573.90700662383, 1560.0], 18, 3, 3], "42": [[8655.980006262516, -19071.034817911383, 1349.3713794377954], [5728.074391814412, -15458.238118151308, 1560.0], 23, 3, 3], "43": [[18735.26725925936, -14122.273923051414, 1559.9995077633175], [15890.886004478622, -12808.034911832872, 1560.0], 41, 3, 3], "44": [[19666.983190853036, -12832.496140446267, 1559.9998887414508], [17342.526335177878, -11902.114288351306, 1560.0], 16, 3, 3], "45": [[18618.058251120707, -10908.499121202965, 1560.000285476627], [17485.649185021615, -10516.645331219524, 1560.0], 26, 3, 3], "46": [[-9469.520307543695, 20403.133821842857, 1750.0001057151494], [-9059.581698788037, 19800.880249000984, 1750.0], 0, 1, 1], "47": [[-8873.944414117166, 20382.32373984743, 1750.0001609869453], [-8556.290995545078, 19897.320519346133, 1750.0], 0, 1, 1], "48": [[-8041.33524106969, 19472.983138763593, 1750.000034905669], [-7889.149034622927, 19164.282636875978, 1750.0], 0, 1, 1], "49": [[-9111.59279817174, 18234.04449236523, 1750.0000029341932], [-8853.201103631443, 17942.768038152964, 1750.0], 0, 1, 1], "5": [[-13461.472063587109, 7431.0641001474105, 1322.6865163098657], [-12371.614149171977, 5715.3399224139475, 1560.0], 39, 2, 2], "50": [[-8706.506377420737, 14868.585357020025, 1750.000072241939], [-8598.008282610273, 14755.63001067456, 1750.0], 0, 1, 1], "51": [[-9611.411001525046, 14429.79754811118, 1750.0002214808856], [-9347.14127394248, 14390.076480062617, 1750.0], 0, 1, 1], "52": [[-10614.768387993732, -17028.103456564986, 1610.0001127994183], [-5307.4791015283035, -11929.089135599115, 1610.0], 0, 1, 1], "53": [[-12754.99660407117, -16846.974931261047, 1760.0000283419943], [-6199.976283202794, -10926.342347776508, 1760.0], 0, 1, 1], "54": [[-12870.127470676875, -17136.397497193295, 1819.9998912413346], [-6500.028140555117, -10592.34671742422, 1820.0], 0, 1, 1], "55": [[-15560.401900172887, -6792.3235717390735, 1559.9999939993695], [-14606.464454840909, -6376.156122685519, 1560.0], 1, 3, 2], "56": [[8257.295185669793, 15796.335356732741, 1742.0807047821231], [6218.991585141227, 12844.725816510161, 1890.0], 28, 3, 2], "57": [[6839.277051333412, 20372.127233639167, 1581.8049100695348], [4844.578567116476, 15553.714753580447, 1560.0], 11, 2, 2], "58": [[7399.173248846925, 21185.259577991583, 1560.0000931477878], [4872.361740509413, 15717.766921210909, 1560.0], 0, 1, 1], "59": [[7640.456012648411, 20996.909832672376, 1560.000031827464], [4830.551773116491, 15471.375729979583, 1560.0], 0, 1, 1], "6": [[-11915.938217682884, -7210.773450708661, 1329.978696952427], [-11838.82460073829, -6756.675305322798, 1560.0], 16, 3, 2], "60": [[7878.567289765038, 21431.99893390942, 1559.9997924302734], [5218.062473881705, 15849.541244961929, 1560.0], 0, 1, 1], "61": [[6685.5554649497435, 21419.54356010934, 1559.9999548824444], [4245.210220897906, 15700.7505444906, 1560.0], 0, 1, 1], "62": [[5702.19225862056, 21863.74646520005, 1559.999894506881], [3363.0872158305106, 15706.151347715038, 1560.0], 0, 1, 1], "63": [[6536.460396356474, 21561.491605408835, 1559.99986679033], [3935.7735523536076, 15652.058499909066, 1560.0], 0, 1, 1], "64": [[6043.5616933739675, 21802.369625031803, 1560.0000360095746], [3658.998122277593, 15756.419821006772, 1560.0], 0, 1, 1],