{"0": [[-7612.075294691699, 11523.987019562452, 1304.1972353092144], [-7591.187324968912, 8734.8614902089, 1560.0], 27, 3, 3], "1": [[-10188.072357159046, 10692.370158212456, 1554.8558023404262], [-9243.799577615628, 8227.170005993463, 1560.0], 60, 3, 3], "10": [[-14067.986684666805, -5885.482095210356, 1559.9999434581375], [-13567.786728068373, -5661.224846483914, 1560.0], 10, 3, 2], "11": [[-14748.658518942557, -6536.495790360677, 1559.9999932949627], [-13972.436897486617, -6231.800194820422, 1560.0], 10, 3, 2], "12": [[-11969.294232802786, -7195.553148517555, 1479.6491998995975], [-11634.551922335982, -6829.149480622697, 1560.0], 9, 3, 2], "13": [[-12319.991416917275, -7324.828709750028, 1559.9997750298178], [-11775.933838323375, -7014.461441234924, 1560.0], 4, 3, 2], "14": [[-13216.005438845732, -7359.37400143454, 1456.088318849569], [-12704.956900036435, -6909.1096564690615, 1560.0], 15, 3, 2], "15": [[-11337.734187856857, -8213.359717485027, 1559.9996606976335], [-10771.159587679233, -7778.424412077618, 1560.0], 15, 3, 2], "16": [[-13029.299068726259, -8875.935654652776, 1559.999981716493], [-12150.118513274538, -8187.374098923537, 1560.0], 4, 3, 2], "17": [[-13964.687277201363, -9348.490823832493, 1656.6637610859686], [-12576.99581949826, -8587.274498064904, 1560.0], 27, 3, 2], "18": [[-14634.195210494086, -7625.802472236126, 1560.0000189911846], [-13701.35980530255, -7118.7827958155785, 1560.0], 1, 3, 2], "19": [[-7047.251814046175, -15176.630659268534, 1146.7390949716898], [-6708.442019065474, -12727.658546074674, 1560.0], 12, 3, 2], "2": [[-11195.974514176272, 9589.394934246759, 1516.2249817428933], [-10096.01909309696, 7501.894780843535, 1560.0], 47, 3, 3], "20": [[-11966.345978325955, -14027.858733842659, 1771.6955311368147], [-9843.167119321366, -11729.33079916059, 1560.0], 54, 2, 2], "21": [[8971.64772195554, -18035.769280974742, 1534.7102426640877], [6852.188960157136, -15179.69446822729, 1560.0], 11, 3, 3], "22": [[9255.916738970676, -17439.299346435833, 1538.900972854455], [6664.989338387195, -14726.139338446153, 1560.0], 8, 3, 3], "23": [[8764.99934826994, -16709.851533820773, 1243.64974993668], [5732.4991735188, -13995.053715936028, 1560.0], 11, 3, 3], "24": [[9699.550334570575, -17283.508981534535, 1560.000047707693], [8029.542112441688, -14927.490324439845, 1560.0], 10, 3, 3], "25": [[10166.605940423782, -17105.97031343948, 1559.9993604079286], [7743.536350589426, -14580.296553085063, 1560.0], 13, 3, 3], "26": [[10025.378356664278, -16435.47034527161, 1446.7657587125573], [7542.33214570098, -14103.938457757156, 1560.0], 26, 3, 3], "27": [[8432.515057562681, -18952.375422267804, 1500.8392413563292], [6088.489468807311, -15608.62438959827, 1560.0], 5, 3, 3], "28": [[9778.966816614817, -19746.924554547764, 1554.4251493031659], [6794.136906511683, -15976.246247232133, 1560.0], 12, 3, 3], "29": [[10917.094409473446, -18821.540764204634, 1560.0002237205313], [6753.883635109971, -16032.430317677312, 1560.0], 0, 3, 1], "3": [[-10919.214235398376, 8034.125487449409, 1509.7336756874965], [-10074.294904944598, 6650.832890135925, 1560.0], 10, 3, 2], "30": [[12680.045183816404, -10825.205997166484, 1479.2755917992042], [10929.226470241389, -10081.527169629217, 1560.0], 15, 3, 3], "31": [[14182.471596437143, -11440.39404551807, 1601.287101425426], [14187.213335857672, -10986.580517169521, 1560.0], 10, 3, 3], "32": [[14521.370683894018, -10255.18358384298, 1549.0643846074822], [14167.306772631224, -9889.817925439917, 1560.0], 19, 3, 3], "33": [[15450.921194559189, -8043.503866680935, 1451.4787201221782], [13968.58039972413, -7855.0921756710695, 1560.0], 21, 3, 3], "34": [[16802.419700714112, -9888.688671202342, 1486.2102834307582], [15094.635911452131, -9499.790031684885, 1560.0], 28, 3, 3], "35": [[16228.664844208603, -11187.407768506871, 1559.9997532131827], [15768.747418459137, -10762.756160207422, 1560.0], 39, 3, 3], "36": [[12124.61875475341, -8293.115653165913, 1495.9559726249547], [10842.25731566062, -8038.731955923509, 1560.0], 18, 3, 3], "37": [[9168.840192453756, 9578.187120109733, 1560.0000832139438], [7772.943023526632, 8414.337078077144, 1560.0], 39, 3, 3], "38": [[13427.155215009258, 2279.7577827964, 1521.5997725052164], [12710.606946792668, 2019.803589570709, 1560.0], 27, 3, 3], "39": [[13450.679683246179, 2822.959598073396, 1559.999687202993], [12289.88576379705, 2427.2218411588524, 1560.0], 18, 3, 3], "4": [[-10004.500998792751, 7198.3839997770665, 1360.6868441355389], [-9841.35918855213, 5880.613613304446, 1560.0], 36, 3, 3], "40": [[14818.362468116165, 3383.435449713332, 1669.9999075712617], [14322.592491690368, 3148.6111812302297, 1670.0], 0, 2, 2], "41": [[15385.909761890538, 3662.43035859949, 1610.0000559093032], [14746.566348710267, 3456.9608236368804, 1610.0], 2, 2, 2], "42": [[13232.496158622364, 7659.8871445874665, 1559.999478486538], [11532.96487235146, 6891.400556992657, 1560.0], 13, 2, 2], "43": [[13872.798754516365, 7493.591716556679, 1650.0000769744674], [12726.138462491137, 6944.580800590993, 1650.0], 2, 2, 2], "44": [[16173.00158173119, 9846.551444498882, 1949.9999534782758], [14748.057095501606, 8931.728202780901, 1950.0], 0, 2, 2], "45": [[13288.777289080803, 9221.88949510878, 1630.0002613029067], [12174.924785376186, 8492.223781836894, 1630.0], 0, 2, 2], "46": [[15188.255347019109, 7269.656075239535, 1559.9987894044916], [13628.608369349638, 6594.549446855205, 1560.0], 8, 2, 2], "47": [[18772.318197098608, -13960.607257626065, 1431.4543870017555], [16026.972541570743, -12620.084367848702, 1560.0], 75, 3, 3], "48": [[6237.803154626537, 16618.97615299255, 1732.742728948336], [3898.837698664372, 12975.22567225854, 1870.0], 49, 3, 3], "49": [[6628.094381332002, 16617.686746298896, 1724.0083462591042], [4198.085513178268, 13052.427520493398, 1880.0], 61, 3, 3], "5": [[-11950.306801063447, 5967.3825257906565, 1407.5643984751325], [-11553.268418141015, 4879.214536857083, 1560.0], 135, 3, 3], "50": [[7842.343471629372, 16271.877834033983, 1741.6642378951956], [6076.740004413345, 13209.916586264104, 1850.0], 31, 3, 2], "51": [[6904.9995495137855, 18113.871709508803, 1715.9723478845722], [4762.766438878434, 13952.314565270286, 1950.0], 60, 3, 2], "52": [[7483.249887105579, 21137.380075253128, 1560.000004799309], [4858.515457611776, 15635.846114833941, 1560.0], 0, 1, 1], "53": [[7787.444097531091, 20848.061754391896, 1559.9998148877567], [5175.801152565834, 15599.78628604066, 1560.0], 0, 1, 1], "54": [[7399.173248846925, 21185.259577991583, 1560.0000931477878], [4872.361740509413, 15717.766921210909, 1560.0], 0, 1, 1], "55": [[6795.7974128858805, 21466.08629755991, 1559.9999954738687], [4245.210220897906, 15700.7505444906, 1560.0], 0, 1, 1], "56": [[5639.160499541743, 21960.127735518534, 1559.9997303497428], [3061.386956175377, 15582.503632318036, 1560.0], 0, 1, 1], "57": [[6291.627440644202, 21666.34322146667, 1560.0000227748485], [3633.38042181802, 15603.790559430989, 1560.0], 0, 1, 1], "58": [[5878.290231263039, 21856.042599626737, 1560.000264596901], [3350.491148828402, 15631.15177468464, 1560.0], 0, 1, 1], "6": [[-13300.782764251766, 4207.392179995648, 1555.3130243493424], [-12604.105953759501, 3695.674116937724, 1560.0], 84, 3, 2], "7": [[-14618.46423609986, 5760.611233471721, 1559.9999313743588], [-13199.695412510508, 4792.398327000779, 1560.0], 0, 2, 1], "8": [[-12819.42792052113, 6961.373569546419, 1081.3953439114623], [-12281.004187275268, 5251.396308812293, 1560.0], 36, 2, 2], "9": [[-14017.020503253716, 5341.6891402656, 1341.6892831239024], [-13188.016941139056, 4265.967854310149, 1560.0], 63, 2, 2]}