{"0": [[-11588.028597908107, -12891.693927875192, 1560.0000953870451], [-10097.874067682216, -10986.93011808764, 1560.0], 22, 3, 2], "1": [[-11872.480461780153, -12072.257056568089, 1238.1372087402617], [-11058.428289685175, -10108.706179759558, 1560.0], 35, 3, 2], "10": [[-860.6704927821879, -15035.602286296025, 1654.9412707469428], [-973.1122996967307, -13253.1246742076, 1560.0], 27, 3, 3], "11": [[7581.605054823108, -18786.73800904413, 1325.4170496520835], [4594.333454906187, -15189.509190680457, 1560.0], 24, 3, 3], "12": [[8696.038600258915, -19513.63555175647, 1585.696795245039], [6633.641380661819, -16198.754013944685, 1560.0], 7, 3, 3], "13": [[8457.584367740192, -17673.53138895747, 1504.6117603780974], [6470.858855463031, -15029.35365650026, 1560.0], 19, 3, 3], "14": [[9282.498314564595, -17524.002354739663, 1438.2867380634477], [7093.108957464494, -14812.33459028688, 1560.0], 21, 3, 3], "15": [[8730.670421362618, -16387.68147310931, 1482.7802430573745], [6590.814541975701, -14080.594498225382, 1560.0], 3, 3, 3], "16": [[8339.159822194739, -15484.720980056296, 1333.665133261504], [6130.052594335678, -13291.706116643632, 1560.0], 20, 2, 2], "17": [[8066.767450875273, -15005.302564025462, 1525.2200870133352], [6203.21025893174, -13159.313604326942, 1560.0], 8, 2, 2], "18": [[11841.067812601967, -17502.99799255216, 1527.190971761426], [9619.583480188458, -15009.902683543269, 1560.0], 17, 3, 3], "19": [[8101.285189589393, -21312.06961688397, 1517.9296415170822], [5654.674467057813, -16867.6339549075, 1560.0], 8, 3, 3], "2": [[-11937.516868602592, -11544.285276564122, 1118.5608788527989], [-11340.43352656137, -9713.297039669205, 1560.0], 30, 3, 2], "20": [[11247.161762758675, -25145.283253504254, 1560.0002662178513], [7213.911752689441, -18599.22528951602, 1560.0], 2, 2, 2], "21": [[11932.694335380713, -26189.361659498198, 1559.999947910122], [7413.4269614164095, -18958.40728129367, 1560.0], 0, 2, 2], "22": [[10533.139790006075, -30730.987176819064, 1559.9996899503426], [4916.323795860304, -19699.92007964243, 1560.0], 8, 2, 2], "23": [[9137.658485873622, -29104.444041325994, 1749.9999140808657], [6346.89165040004, -20453.661574319336, 1750.0], 0, 1, 1], "24": [[10357.211371812113, -12695.634211106104, 1267.833132624682], [9543.556450507866, -11586.420805566793, 1560.0], 116, 2, 2], "25": [[11966.108365482787, -14692.59815483314, 1459.2667204405282], [9791.645340760875, -13035.813743011568, 1560.0], 5, 3, 3], "26": [[12347.647614054575, -14856.38509597975, 1529.1257969670762], [9278.812903259373, -12970.830736254118, 1560.0], 22, 3, 3], "27": [[12916.895031139085, -10150.11347769227, 1352.2240866894301], [16305.496101055249, -11101.26896427225, 1560.0], 15, 3, 2], "28": [[14095.132969292921, -10237.676517355892, 1509.014403851442], [12922.934948263337, -9761.058471421225, 1560.0], 19, 3, 3], "29": [[14635.641639926684, -9393.406099909875, 1507.9611124401342], [13360.154176127688, -8978.17191040665, 1560.0], 10, 3, 3], "3": [[-11177.69398602213, -8188.051070775558, 1551.0998342375278], [-10690.059975110267, -7739.984087961414, 1560.0], 12, 3, 2], "30": [[13809.365445464035, -12674.152471877303, 1624.0469341468365], [14130.102508810318, -12154.113455167108, 1560.0], 21, 3, 3], "31": [[14176.674679087599, -12421.634162433658, 1578.1377680204366], [13652.85641844026, -11826.49852573003, 1560.0], 26, 3, 3], "32": [[14771.412622577012, -12483.277296399528, 1560.0000655515541], [13711.837248126707, -11735.094300439148, 1560.0], 21, 3, 3], "33": [[15544.953699986148, -10489.07446394655, 1381.2249224872344], [14167.306772631224, -9889.817925439917, 1560.0], 19, 3, 3], "34": [[15447.473585690734, -10525.82736348454, 1514.9067860754858], [14050.423893677551, -10086.934232454014, 1560.0], 30, 3, 3], "35": [[15852.34476266849, -10688.89299363958, 1218.9189242989703], [13450.680236930119, -9970.223590719059, 1560.0], 33, 3, 3], "36": [[16186.131201512675, -11457.587657630495, 1484.744965664761], [14993.212572568573, -10828.268446531898, 1560.0], 28, 3, 3], "37": [[16013.430293139363, -13646.528232552324, 1642.8451684478578], [15113.556222607196, -12829.471167182486, 1560.0], 17, 3, 3], "38": [[17256.417731534915, -10639.737417423428, 1579.334050888539], [17556.406555502173, -10410.504647596357, 1560.0], 27, 3, 3], "39": [[16518.311939099804, -10639.838925222217, 1572.6342620788103], [16029.380931970521, -10356.814545809088, 1560.0], 24, 3, 3], "4": [[-12661.44853548685, -6773.395715311215, 1560.0000559350615], [-12162.942012184543, -6509.201335304176, 1560.0], 0, 3, 2], "40": [[16345.062292409395, -9993.518767257541, 1530.6214060101902], [15033.521534688618, -9602.306746653612, 1560.0], 27, 3, 3], "41": [[16432.39578241517, -10036.385387018618, 1559.9995746945428], [15033.521534688618, -9602.306746653612, 1560.0], 18, 3, 3], "42": [[17093.814159896534, -14017.262925420378, 1603.682710345594], [16417.337601034247, -13163.379023071157, 1560.0], 12, 3, 3], "43": [[18576.8144175697, -11701.658966368743, 1689.0845911638353], [18590.248731343494, -11333.953957137255, 1560.0], 16, 3, 2], "44": [[16501.93943998696, 855.4184079020338, 1949.9997203623354], [16514.588988888983, 770.5736593122059, 1950.0], 7, 2, 2], "45": [[14735.821345588392, 359.39348033719494, 1673.7396054635003], [15740.99146780498, 256.5105983266355, 1560.0], 23, 3, 3], "46": [[13383.830197838462, 1075.7937135347686, 1559.9998797645874], [12835.646524568821, 765.0815701284844, 1560.0], 33, 3, 3], "47": [[12225.651688043887, 1189.9145383748212, 1719.9093805190998], [14291.093945441367, 1230.8766241697908, 1660.0], 41, 3, 3], "48": [[17035.9900029078, 7841.6749583637775, 1720.000184573362], [16096.19818139131, 7253.533592174956, 1720.0], 2, 2, 2], "49": [[16555.960844656933, 7765.193436496231, 1699.9999967996368], [15552.106879661213, 7254.059479625142, 1700.0], 2, 2, 2], "5": [[-13821.160570947639, -6057.684597343354, 1549.9981705417695], [-13313.157829055495, -5834.742145354132, 1560.0], 13, 3, 2], "50": [[16596.63055457742, 10066.269848511238, 1769.999956539069], [15844.735616298149, 9396.430507563757, 1770.0], 3, 2, 2], "51": [[15607.96290142222, 8127.625966119269, 1830.0000890117553], [15706.507164068096, 7881.094918990177, 1830.0], 18, 2, 2], "52": [[13424.797505614735, 7009.904979265507, 1640.00020940578], [13274.909514301773, 6732.349796421104, 1640.0], 5, 2, 2], "53": [[12446.243207364043, 7237.8939167943745, 1506.6990671806245], [11532.96487235146, 6891.400556992657, 1560.0], 24, 3, 3], "54": [[12527.619305803511, 8194.809530804965, 1559.9996680819293], [11733.22035730025, 7606.172379479013, 1560.0], 0, 2, 2], "55": [[13314.013952772926, 9046.032905382193, 1700.0001471737367], [12324.429985464521, 8298.228171128352, 1700.0], 1, 2, 2], "56": [[13361.888964009393, 8745.08936225803, 1579.9999215987896], [12300.893378843914, 8090.384637124426, 1580.0], 0, 2, 2], "57": [[13768.617109272715, 7822.346131104808, 1619.9999127868405], [13607.83461836076, 7513.3722451415515, 1620.0], 4, 2, 2], "58": [[14095.620673399473, 7049.714794627709, 1700.0000197656202], [14170.295908863618, 6812.950604866572, 1700.0], 16, 2, 2], "59": [[14466.965991249217, 7022.883079482718, 1559.9995319838417], [13628.608369349638, 6594.549446855205, 1560.0], 2, 2, 2], "6": [[-14505.55954182017, -6205.921376114934, 1560.0002442468897], [-13848.194819232376, -5945.1798532331895, 1560.0], 3, 3, 2], "60": [[15136.270635943818, 6977.473839968443, 1559.9996296622373], [14179.025726615053, 6482.376463317011, 1560.0], 0, 2, 2], "61": [[14173.732130967532, 8319.465834161465, 1690.0001045668334], [13969.459575761211, 7943.907269568979, 1690.0], 11, 2, 2], "62": [[14243.652800893746, 8126.2881153170765, 1949.999880380696], [14392.342204562903, 7770.177090252667, 1950.0], 16, 2, 2], "63": [[15794.949753864837, 9036.59029613722, 1950.0001725832055], [15244.705239517116, 8469.57498289008, 1950.0], 5, 2, 2], "64": [[15268.521393447296, 8461.89188436882, 1950.0002102343103], [15834.830529194172, 8259.408558234903, 1950.0], 35, 2, 2],