{"0": [[-7455.8906791532145, 11383.27282897192, 1326.9851753940227], [-7502.240666017408, 8668.723301985085, 1560.0], 26, 3, 3], "1": [[-8738.625099424286, 9896.038549153176, 1364.4735269431817], [-8596.210390745699, 7691.025612731728, 1560.0], 70, 3, 3], "10": [[-12652.348194432909, 3974.5742048787683, 1438.5582701628593], [-12261.892576116257, 3388.7681334249473, 1560.0], 52, 3, 3], "11": [[-11814.555711190933, 4001.770169328356, 1162.6700770456528], [-11983.547497944086, 3231.448429376662, 1560.0], 50, 3, 3], "12": [[-9941.854569981175, 5176.752830117293, 1252.896301620314], [-10224.342216213287, 4267.348934393952, 1560.0], 48, 3, 3], "13": [[-10487.691547633649, 686.5478410064826, 1267.5903550211576], [-11048.972821464891, 395.14400618284594, 1560.0], 88, 3, 3], "14": [[-11404.296488787159, 1670.4299302367456, 1315.3889432261487], [-11740.375185359611, 1335.0810488503482, 1560.0], 89, 3, 3], "15": [[-13972.418229492016, 2043.979201788552, 1538.8760741567303], [-13486.84221505863, 1832.7970227007515, 1560.0], 48, 3, 2], "16": [[-14859.264016101813, 2178.845087896057, 1147.297388544951], [-14602.615829069267, 1623.5662869545529, 1560.0], 53, 2, 2], "17": [[-12599.47186558323, -7573.42249049303, 1559.9998931202838], [-11976.565068219985, -7199.350922011195, 1560.0], 23, 3, 2], "18": [[-14649.900901099823, -6139.28120690463, 1533.7759618814823], [-14030.010238322871, -5879.387030826703, 1560.0], 20, 3, 2], "19": [[-13782.028903494089, -6950.735718622775, 1464.6434790244793], [-13250.627134164277, -6544.298206972809, 1560.0], 10, 3, 2], "2": [[-10033.709958744274, 7098.2305734266665, 1344.6603117010009], [-9858.949633039736, 5791.757416243583, 1560.0], 74, 3, 3], "20": [[-12044.535936986107, -11139.386963226236, 1559.9996535772168], [-10863.286612696056, -9846.903142894198, 1560.0], 19, 3, 2], "21": [[-11059.487653207023, -12948.024904572905, 1560.0000580614048], [-9699.106952005588, -11063.800255734348, 1560.0], 38, 3, 2], "22": [[-8564.069864719773, -14664.208748656734, 1397.3169352008176], [-7934.544567569389, -12028.001628024915, 1560.0], 47, 3, 2], "23": [[-7949.222957424263, -15263.960400427806, 1170.227340906873], [-7450.917202639987, -12793.952367458565, 1560.0], 21, 3, 2], "24": [[-10172.005938988887, -17679.69688519784, 1639.9999311249426], [-8290.269986689606, -13039.931267881318, 1640.0], 0, 1, 1], "25": [[1682.6703353664589, -16937.414187073096, 1559.9999780310977], [526.5067354425175, -14262.89536585942, 1560.0], 36, 3, 3], "26": [[9123.71152823756, -17871.883056993032, 1560.000058556044], [7325.234849159056, -15211.8015778633, 1560.0], 2, 3, 3], "27": [[8899.130300363344, -18161.991359604574, 1559.0652707399963], [6812.320570164731, -15239.62337589602, 1560.0], 17, 3, 3], "28": [[8948.562223957766, -17125.016686503866, 1426.9230023635591], [6399.8931513109, -14396.146198214508, 1560.0], 5, 3, 3], "29": [[9655.791300895038, -19644.33672292473, 1550.9955333542093], [7220.629213215861, -16080.606661856817, 1560.0], 8, 3, 3], "3": [[-11680.077419066127, 7357.632571278577, 1311.8257740183851], [-11169.6755345407, 5793.041814871367, 1560.0], 35, 3, 3], "30": [[9708.94175126927, -16382.413685545847, 1447.8036583213382], [7583.648785408369, -14037.2844863806, 1560.0], 13, 3, 3], "31": [[10067.93013009609, -16809.900728349887, 1499.3575843360795], [7828.202491627108, -14449.413432613328, 1560.0], 13, 3, 3], "32": [[9885.353949647088, -17211.365565891872, 1453.538138718298], [8497.094478392486, -15019.96817373156, 1560.0], 92, 3, 3], "33": [[11444.0683594552, -15893.408517606125, 1342.2225662507892], [9321.349054200891, -13781.003461246888, 1560.0], 29, 3, 3], "34": [[12571.075348428818, -10947.953599919052, 1360.9217637843599], [10832.484299493166, -10260.100954222984, 1560.0], 22, 3, 3], "35": [[13566.423995215162, -10578.952887367195, 1524.7520911897564], [12706.113328296942, -10141.804554674452, 1560.0], 24, 3, 3], "36": [[14522.404213047252, -10102.318916849666, 1511.1411679719436], [13563.382085049032, -9775.617867708826, 1560.0], 69, 3, 3], "37": [[14266.962566860071, -11571.084441300309, 1559.9997601028933], [13528.718589209004, -10950.659859285113, 1560.0], 7, 3, 3], "38": [[14771.980107907553, -11051.985757934095, 1580.35733152652], [14427.195442522447, -10600.760481279802, 1560.0], 10, 3, 3], "39": [[14990.029673716905, -12510.906056266, 1400.486018535403], [13299.169965373514, -11322.33797413195, 1560.0], 28, 3, 3], "4": [[-13753.263043006054, 5977.570810895218, 1375.6625626198856], [-12784.914931139858, 4809.61811552014, 1560.0], 23, 2, 2], "40": [[13475.329995063394, 1678.4215808308231, 1569.9209823067486], [13661.935395265793, 1420.6972229153841, 1560.0], 42, 3, 3], "41": [[12837.597458888184, 1568.169597572618, 1560.0000626994565], [13095.025622390223, 1482.5711631189097, 1560.0], 6, 3, 3], "42": [[8835.965950036174, 4292.707673404295, 1537.4637761193144], [7864.19584726605, 3878.9360608599573, 1560.0], 26, 3, 3], "43": [[7123.20207877955, 10536.996465449665, 1442.5897284439895], [5251.477532194464, 9026.454748010876, 1560.0], 6, 3, 3], "44": [[10225.383665840258, 9891.8926328289, 1506.6212097500293], [8252.042972871119, 8668.00788117533, 1560.0], 20, 2, 2], "45": [[10989.93576875851, 9425.195215571175, 1559.9995858474008], [9034.504861149291, 8315.515593924902, 1560.0], 16, 2, 2], "46": [[12552.970867496731, 7198.138434930263, 1431.868689366941], [10920.265403056415, 6521.622353461006, 1560.0], 21, 2, 2], "47": [[12805.78792356172, 7021.447653157258, 1560.0000974685727], [11398.041693923962, 6417.301585820262, 1560.0], 10, 2, 2], "48": [[12995.708533393567, 8352.90773379287, 1569.9997487460291], [12250.992120383693, 7742.388845700153, 1570.0], 0, 2, 2], "49": [[16133.003346004445, 9796.230930937561, 1950.0025967051372], [15447.517006675838, 9128.171756408525, 1950.0], 22, 2, 2], "5": [[-11686.014811909965, 6225.462172135808, 1387.6286928141853], [-11319.521474158597, 5082.151072510388, 1560.0], 92, 3, 3], "50": [[15358.633827224156, 7067.803446179846, 1590.0002351251726], [15367.927670626957, 6863.254490123892, 1590.0], 3, 2, 2], "51": [[14660.256217533857, 7345.829359100065, 1559.9995404508581], [13705.071546242574, 6846.433001241246, 1560.0], 4, 2, 2], "52": [[14142.501550488607, 7341.436087520743, 1560.0000720307119], [13129.651435190273, 6827.3816103612735, 1560.0], 0, 2, 2], "53": [[14548.016985027738, 8278.859995479226, 1680.0002548257282], [13320.121723844906, 7545.844533797481, 1680.0], 4, 2, 2], "54": [[13474.254453084977, 9597.483968514336, 1679.999793493199], [11980.299406370608, 8647.888931387926, 1680.0], 2, 2, 2], "55": [[14499.475543409197, 1551.5267354395803, 1559.9999605427088], [14291.42151507, 1480.9487358544588, 1560.0], 1, 2, 2], "56": [[14918.668183075622, 1184.0447326288406, 1660.000083249221], [14900.228842099878, 1164.1490081093843, 1660.0], 0, 2, 2], "57": [[15852.880134322037, 1062.1043378361096, 1730.0002646166422], [15766.430136663608, 984.2196475681377, 1730.0], 3, 2, 2], "58": [[11418.22324641222, -21881.144624643483, 694.4161027715351], [5751.1402513203375, -16099.28806063664, 1560.0], 30, 3, 2], "59": [[10926.872063584895, -22640.389371030233, 1559.9998768848552], [7191.492526794484, -17438.6391810945, 1560.0], 10, 2, 2], "6": [[-12471.559446752182, 5814.019475529598, 1451.546971464076], [-11800.751412071717, 4874.023940657835, 1560.0], 24, 3, 2], "60": [[9564.951377544521, -20451.90799240808, 1492.1382870108903], [6553.9118888723615, -16307.784356462276, 1560.0], 6, 3, 3], "61": [[17558.553120102486, -16581.13322360709, 1977.9723075221445], [17836.612424235023, -15562.795089730747, 1560.0], 25, 3, 3], "62": [[18863.531783319286, -14016.840988841164, 1530.6444633609465], [18111.258349037118, -13131.585833767533, 1560.0], 47, 3, 3], "63": [[19023.15369945989, -12808.349892470324, 1560.0088668212966], [18728.85981215235, -12329.100014783686, 1560.0], 27, 3, 3], "64": [[21371.328065297697, -13800.44430696208, 1560.0001061113144], [19092.343782734995, -13013.153389532388, 1560.0], 88, 3, 3],