{"1": [[-8256.948135003842, -17529.602777986933, 1559.9995918367542], [-7072.208657601633, -13530.58525022768, 1560.0], 0, 1, 1], "10": [[-14057.890844245561, -6554.281871124789, 1421.049804413938], [-13607.176311298224, -6176.4042733040615, 1560.0], 20, 3, 2], "11": [[-13031.507157290784, 5092.587751879192, 1423.11964575311], [-12389.678623649303, 4239.778015365861, 1560.0], 68, 2, 2], "12": [[-12292.439073000329, 7404.180049516142, 1427.682677112457], [-11383.932462170716, 5954.7286847487685, 1560.0], 25, 2, 2], "13": [[-11679.379345088073, 7967.045542038956, 1408.7020353321934], [-10844.45460444819, 6369.3161006094315, 1560.0], 82, 3, 3], "14": [[-10258.110820210248, 10002.948494425074, 1515.2870783092933], [-9419.072575144593, 7828.364897325554, 1560.0], 53, 3, 3], "15": [[-8669.414311956241, 8479.759467897415, 1397.380588038082], [-8576.312544028802, 6884.023456301138, 1560.0], 45, 3, 3], "16": [[-7737.5224184807375, 10396.827096165262, 1412.437423382322], [-7361.190448693676, 8333.590198984428, 1560.0], 29, 3, 3], "17": [[3129.7815813309207, -14761.471228499808, 1261.9636952993528], [974.7702064684572, -12540.518251151172, 1560.0], 14, 3, 3], "18": [[7878.82242557334, -17215.68590426127, 1267.2870888956943], [4755.920219638871, -14209.959863722755, 1560.0], 3, 3, 3], "19": [[11827.11016714225, -23342.433520170514, 1559.9999004880344], [7883.019561408217, -17896.839305581874, 1560.0], 1, 2, 2], "2": [[-6244.092347120021, -16437.029154700478, 1559.9996064537804], [-7208.300133540268, -12727.34882779082, 1560.0], 0, 2, 1], "20": [[9019.62452590558, -21995.92754945794, 1560.0001545028456], [6284.747472963604, -17293.293054516413, 1560.0], 2, 2, 2], "21": [[11521.088429076453, -17587.141310847746, 1525.8701386370028], [9025.096755249851, -15048.717596242577, 1560.0], 15, 3, 3], "22": [[12570.080340932833, -22547.41944958699, 1324.125006143196], [7934.668004088528, -17199.674499126813, 1560.0], 6, 3, 3], "23": [[13626.655231037204, -16124.444998202027, 1559.9994633996969], [11356.929171465139, -14258.84961309184, 1560.0], 18, 3, 3], "24": [[11421.207654063337, -14601.68934852671, 1534.6963564364394], [7858.753717832193, -12431.448510435983, 1870.0], 8, 3, 2], "25": [[9927.457339031216, -13335.737732381092, 1505.6366637038245], [8286.251036767539, -11968.499973866932, 1560.0], 12, 2, 2], "26": [[14453.422675117221, -12376.361950110055, 1475.8940401261973], [13071.100180708765, -11686.539467080513, 1560.0], 63, 3, 3], "27": [[15103.891960523353, -12569.39644022874, 1428.6110493782792], [13242.01255479456, -11414.088327731215, 1560.0], 24, 3, 3], "28": [[15717.455977987167, -12593.803895952462, 1504.492868402694], [15060.645046585172, -11836.866263447771, 1560.0], 39, 3, 3], "29": [[13233.012598715093, -11414.385522996588, 1288.5391786759521], [10233.85423203555, -10325.421730333406, 1560.0], 9, 3, 3], "3": [[-12289.552478200341, -11946.795699401435, 1669.7518967454034], [-10701.575585221863, -10446.778517385828, 1560.0], 15, 3, 2], "30": [[14020.578330252649, -8641.823682681605, 1458.1354709666257], [12468.968301735473, -8292.514925210051, 1560.0], 15, 3, 3], "31": [[17813.766911852847, -11033.615400430654, 1559.9999696462367], [16710.993158208094, -10487.40328492882, 1560.0], 14, 3, 3], "32": [[20963.076528459995, -8755.621702851126, 1654.4930008719575], [21289.946750510884, -8737.177840492413, 1560.0], 16, 3, 3], "33": [[21801.666695335054, -8830.220283308594, 1749.999731069486], [20930.039121718786, -7513.0555077156105, 1750.0], 0, 1, 1], "34": [[24053.95862405707, -8943.129503335613, 1559.9997833575865], [22551.960786231084, -7374.270779193033, 1560.0], 0, 1, 1], "35": [[23070.890429254156, -9985.132077151997, 1515.6167168589054], [21387.85148339093, -8884.645617214115, 1560.0], 23, 2, 2], "36": [[23140.906139143262, -10499.640761980232, 1072.8930663070807], [18957.19633374762, -9552.739620101487, 1560.0], 17, 3, 3], "37": [[23516.724453986695, -15023.452380936962, 1897.1289004668192], [22313.456616532585, -11259.862230310657, 1560.0], 24, 2, 2], "39": [[13845.158903962725, 1399.0740543412394, 1567.8806463834005], [14845.678465737174, 1291.2591974618042, 1560.0], 29, 3, 3], "4": [[-11665.966505548351, -12027.717515940709, 1598.2096471427433], [-10337.221196181688, -10474.250875178675, 1560.0], 12, 3, 2], "40": [[15681.062352296045, 7003.3070235257455, 1700.0001253865346], [16081.620412094944, 6880.902206322584, 1700.0], 23, 2, 2], "41": [[12778.888796895553, 7377.8598779760505, 1630.0002076941614], [12276.738052501469, 6951.596012842043, 1630.0], 2, 2, 2], "42": [[13392.028041881462, 8389.758665220203, 1560.0002957674403], [12889.6766140985, 7914.456210254995, 1560.0], 2, 2, 2], "43": [[12178.078764764825, 8790.652637939434, 1679.9994465667937], [11881.766916580935, 8287.98637188699, 1680.0], 4, 2, 2], "44": [[11149.53192737882, 9778.893547567663, 1570.000409190391], [10582.520726629155, 9108.648534355256, 1570.0], 5, 2, 2], "45": [[10381.86092673831, 9827.27725552103, 1523.6796254667743], [8692.009712051748, 8711.46596106049, 1560.0], 25, 2, 2], "46": [[9726.854142553739, 11153.810054303456, 1601.8540984500323], [8556.091258301856, 9955.202161531468, 1560.0], 26, 3, 3], "47": [[7526.308947591606, 9861.366695084214, 1437.1471908599694], [6280.532758810852, 8764.954345797381, 1560.0], 24, 3, 3], "48": [[8491.140155381701, 12574.672277155847, 1403.1055117671099], [6289.26218065945, 10500.419550345618, 1560.0], 9, 3, 2], "49": [[6649.045100893553, 12107.646789004924, 1604.2958224299496], [5217.401635789632, 10499.899085607127, 1560.0], 43, 3, 3], "5": [[-12815.861998271008, -9818.96002371202, 1750.0001039846952], [-7774.153825996428, -6498.760264905818, 1750.0], 0, 1, 1], "50": [[6828.716646594724, 12892.335525147304, 1466.2636001398016], [4921.126992029422, 10716.793364387588, 1560.0], 75, 3, 3], "51": [[5459.332219150358, 12835.241695149673, 1356.554768716977], [3616.8546174135427, 10640.463455784591, 1560.0], 6, 3, 3], "52": [[6527.311396007457, 15132.427181762012, 1403.2186482641005], [4203.759489955229, 12039.766351195101, 1560.0], 31, 3, 3], "54": [[-9589.230657207814, 20007.286744813235, 1749.9999767232853], [-9168.953643241273, 19461.250788449706, 1750.0], 0, 1, 1], "55": [[6995.984169843832, 16086.514648815139, 1473.6380885016845], [4659.973459153811, 12746.673260935773, 1560.0], 13, 2, 2], "56": [[6495.295899780106, 19568.308029875352, 1589.2573761608467], [5500.442387403982, 15561.239239840734, 1560.0], 39, 2, 2], "57": [[7397.675247109334, 20222.586568123967, 1560.0001277818703], [5132.7029566835845, 15348.169439473935, 1560.0], 0, 1, 1], "58": [[7382.919544233563, 21137.026253119493, 1559.999966620411], [4872.361740509413, 15717.766921210909, 1560.0], 0, 1, 1], "59": [[6768.0364241168445, 21372.515989573338, 1560.0000525306002], [4231.891919780962, 15621.626521509626, 1560.0], 0, 1, 1], "6": [[-13930.09119379986, -9783.0581424223, 1559.9999052021838], [-12611.57124090869, -8791.111157641784, 1560.0], 5, 3, 2], "60": [[6795.7974128858805, 21466.08629755991, 1559.9999954738687], [4245.210220897906, 15700.7505444906, 1560.0], 0, 1, 1], "61": [[6291.627440644202, 21666.34322146667, 1560.0000227748485], [3633.38042181802, 15603.790559430989, 1560.0], 0, 1, 1], "62": [[-9545.047871817327, 11847.052322158166, 835.509309834705], [0, 0, 1560], 31, 2, 2], "7": [[-11042.184514705681, -9532.844801601792, 1582.8445467050994], [-10239.99787116428, -8868.0268692449, 1560.0], 18, 3, 2], "8": [[-11979.805315827769, -7313.616082260985, 1560.0001899887022], [-11497.360873745243, -6981.341131946407, 1560.0], 1, 3, 2], "9": [[-12542.852277596354, -7440.096319475205, 1506.2118865319896], [-12104.124753966315, -7020.776170079417, 1560.0], 9, 3, 2]}