{"0": [[-12920.702790428651, -6125.923100710433, 1351.9341526134515], [-12764.06746139051, -5852.42762439681, 1560.0], 26, 3, 2], "1": [[-14035.139354625708, -6464.170926231974, 1431.2661526614345], [-13608.698569811368, -6118.251507449416, 1560.0], 10, 3, 2], "10": [[9425.980637407478, -17366.463109577144, 1478.7352617363474], [7533.333556899315, -14900.809031802766, 1560.0], 10, 3, 3], "11": [[8320.382695992585, -15485.787205118966, 1403.0433673036998], [6435.228880230129, -13554.822383127026, 1560.0], 21, 3, 3], "12": [[8981.564935695049, -14527.0134032511, 1462.3071508922171], [6852.671688124254, -12811.0314643543, 1560.0], 16, 3, 3], "13": [[9454.674469888485, -15058.184687241497, 1559.9999931853545], [7542.002779537729, -13283.05534242795, 1560.0], 15, 3, 3], "14": [[10001.605096961, -13479.271416023199, 1360.6792471799765], [8244.298857574795, -12044.722696453016, 1560.0], 22, 2, 2], "15": [[12124.989744555707, -22704.42166138385, 1560.0000010156984], [9039.637835325022, -17911.890350845486, 1560.0], 12, 3, 3], "16": [[10947.559811554363, -22382.379639191236, 1559.9998260403263], [8065.5330708994115, -17694.583626059553, 1560.0], 14, 3, 3], "17": [[12611.165032455534, -18221.311282075432, 1559.999745982412], [10407.705243475944, -15553.47382506773, 1560.0], 9, 3, 3], "18": [[16265.540389792726, -18894.837674498383, 1647.1358479261298], [13406.59487620936, -15982.738996912083, 1560.0], 69, 3, 3], "19": [[15838.570894144978, -18053.391242781272, 1560.0000038410874], [13032.339265705754, -15567.349742660967, 1560.0], 5, 3, 3], "2": [[-12066.431768238373, -6957.878729158477, 1669.703049887239], [-11346.643918693324, -6790.050206785284, 1560.0], 20, 3, 2], "20": [[15741.971659429637, -17355.959533009645, 2038.540318599014], [15670.126479918064, -16054.320839442904, 1560.0], 16, 3, 3], "21": [[20665.097216536637, -17157.82633182002, 2086.1062267976813], [18705.212242071666, -15340.260921593435, 1950.0], 12, 2, 2], "22": [[7391.600319424764, -25324.29990689733, 1546.3471081538592], [3797.449260583176, -18043.78624966212, 1560.0], 36, 2, 2], "23": [[7825.255169862905, -28934.639254082344, 1560.0004327320607], [4206.254406111561, -19446.191453566124, 1560.0], 36, 2, 2], "24": [[9839.065128853423, -29795.5738297502, 1750.000001626774], [6644.495665527672, -20482.30068863237, 1750.0], 0, 1, 1], "25": [[15083.424657034215, 1386.9925944300255, 1560.0000430370167], [14845.678465737174, 1291.2591974618042, 1560.0], 1, 2, 2], "26": [[16736.190713112945, 8590.087180208928, 1840.0000659308564], [15689.63551619536, 7997.51458290974, 1840.0], 1, 2, 2], "27": [[15798.251066462539, 7231.636814300585, 1670.0002318999066], [15597.18362262503, 6901.4169285173475, 1670.0], 1, 2, 2], "28": [[13737.72335361159, 7133.183117309395, 1679.9998603045042], [13059.828498331366, 6675.308194011036, 1680.0], 0, 2, 2], "29": [[12581.400415270613, 7395.081762823401, 1374.8636524487229], [10454.309647497645, 6622.934161792371, 1560.0], 22, 2, 2], "3": [[-13302.569324303155, -8958.93829157139, 1560.0000385897768], [-12264.503902062586, -8272.1142328669, 1560.0], 30, 3, 2], "30": [[12423.304824956402, 7796.309918861697, 1609.9997083069575], [11379.904563786777, 7173.995759466179, 1610.0], 1, 2, 2], "31": [[11170.648034816582, 7475.609953882877, 1659.9999812715653], [11159.231559868651, 7217.145408852591, 1660.0], 9, 2, 2], "32": [[10477.92763963937, 7943.938706876529, 1750.0000262913936], [10541.69475089195, 7952.868753308977, 1750.0], 0, 1, 1], "33": [[10079.149174491597, 9190.055228048826, 1750.0001676285437], [10123.75267872759, 9388.643100180203, 1750.0], 0, 1, 1], "34": [[12168.801924772099, 7448.190162590905, 1640.0001896930094], [9073.736153437672, 9101.235036184089, 1640.0], 0, 2, 1], "35": [[11018.282903420339, 9013.827588366052, 1679.9997155184528], [8318.812267416164, 10307.157200131349, 1680.0], 0, 2, 1], "36": [[5539.767378933824, 12751.787225739687, 1559.9999494702818], [5410.80634940268, 11443.510442400046, 1560.0], 22, 2, 2], "37": [[-8731.867473214274, 13171.420485256727, 1471.8868779317527], [-7953.398515556556, 9664.35560503474, 1560.0], 29, 3, 2], "38": [[-8040.227354173675, 12268.232708988353, 1480.5387607586877], [-7562.434305355671, 9311.364122894722, 1560.0], 25, 3, 3], "39": [[-7684.147146993171, 11964.247032105026, 1397.943084863244], [-7517.590601186429, 9066.013014742006, 1560.0], 44, 3, 3], "4": [[-14198.465065083145, -9532.423616905291, 1560.0002459115933], [-12879.732130220998, -8591.61881072349, 1560.0], 11, 3, 2], "40": [[-9817.092754422678, 10721.970524722212, 1232.1846881269646], [-9389.13396078128, 7953.739518495659, 1560.0], 14, 3, 3], "41": [[-8681.950799474967, 8516.575330257916, 1508.9697543477403], [-8346.532426822432, 7058.64086193776, 1560.0], 49, 3, 3], "42": [[-10044.662044716177, 7172.743981785859, 1466.8504703340504], [-9654.570964297673, 5985.191524202119, 1560.0], 43, 3, 3], "43": [[-11254.871120798776, 5752.244148099596, 1486.639925347554], [-10797.711241107167, 4932.450682117467, 1560.0], 18, 3, 2], "44": [[-12219.490235542851, 4841.50693469995, 1438.4527576494759], [-11768.073788383426, 4093.8223586540844, 1560.0], 47, 3, 3], "45": [[-12053.635236203918, 6196.8492782137255, 1432.5292590072947], [-11441.551197095017, 5116.569057267828, 1560.0], 48, 3, 3], "46": [[-12779.254087884116, 5733.529875108294, 1559.999393674987], [-11852.877524914666, 4910.592432442444, 1560.0], 12, 2, 2], "47": [[-11289.973601561021, 7244.564998262859, 1650.0000869688947], [-10492.192423076978, 6047.81221140705, 1650.0], 92, 3, 3], "48": [[-13712.672287358428, 5524.795806341794, 1251.6724576159847], [-13034.794872864073, 4330.391290886341, 1560.0], 54, 2, 2], "49": [[-13736.308971945775, 6199.796082858564, 1377.9769765119167], [-12753.328150440257, 4946.246322175409, 1560.0], 27, 2, 2], "5": [[-14787.56468859773, -9886.96958773424, 1559.9999604242864], [-13226.588675181192, -8751.169008122832, 1560.0], 30, 3, 2], "50": [[11843.578300687697, -13407.699500117784, 1259.5116638842746], [9880.903665374635, -11955.824788719334, 1560.0], 40, 2, 2], "51": [[15023.363105348892, -12801.834144449738, 1182.5503666474276], [9771.891878641603, -11176.046003449565, 1560.0], 88, 3, 3], "53": [[-9515.343444756383, 19450.72236692008, 1750.0004008918424], [-9155.410569001606, 18970.63295098371, 1750.0], 0, 1, 1], "54": [[-8986.905120453566, 19708.0509307901, 1749.999844129702], [-8694.17211870771, 19289.820843292946, 1750.0], 0, 1, 1], "55": [[-8355.335827373767, 18260.20908663081, 1750.0000496309465], [-8202.645214157394, 18032.794482562666, 1750.0], 0, 1, 1], "56": [[7324.211472849176, 13898.36185132526, 1637.4341416683942], [6656.571042229425, 12266.736893796979, 1560.0], 11, 2, 2], "57": [[7201.866891271927, 18124.481337244604, 1560.001042589878], [4921.086781700113, 14151.646513729354, 1560.0], 5, 2, 2], "58": [[6387.037035601922, 19833.14798421419, 1586.8471518761257], [5175.801152565834, 15599.78628604066, 1560.0], 33, 2, 2], "59": [[6025.259802175025, 20058.487044934172, 1586.445911130512], [4858.515457611776, 15635.846114833941, 1560.0], 31, 2, 2], "60": [[6689.729764074835, 20342.790726429128, 1573.3438402271004], [4844.578567116476, 15553.714753580447, 1560.0], 14, 2, 2], "61": [[7801.553862385739, 20894.251698927786, 1560.0000110702663], [5175.801152565834, 15599.78628604066, 1560.0], 0, 1, 1], "62": [[6861.31395967842, 21369.497264396305, 1560.0002647458418], [4231.891919780962, 15621.626521509626, 1560.0], 0, 1, 1], "63": [[6042.51178804782, 21765.5898610851, 1560.000207452043], [3658.998122277593, 15756.419821006772, 1560.0], 0, 1, 1], "64": [[7352.843571615044, 21042.632876356925, 1559.9999586870438], [4858.515457611776, 15635.846114833941, 1560.0], 0, 1, 1], "65": [[6795.7974128858805, 21466.08629755991, 1559.9999954738687], [4245.210220897906, 15700.7505444906, 1560.0], 0, 1, 1], "66": [[4754.996552504071, 22306.395315940314, 1560.0000186978666], [2550.4244007490106, 15771.125135534507, 1560.0], 0, 1, 1],