{"0": [[-7998.219977377457, 12854.955221222746, 1400.9799387261912], [-7389.666219752326, 9623.001545561448, 1560.0], 33, 3, 3], "1": [[-8671.27362007074, 12083.6342191778, 1383.3781187644938], [-8212.456071741963, 8978.004649835408, 1560.0], 35, 3, 3], "10": [[-13443.161383103787, 6817.934449231151, 1325.4917772997383], [-12464.955591010985, 5338.373290875682, 1560.0], 74, 2, 2], "11": [[-9395.54347282005, 12789.316703692708, 1517.3111294224886], [-8363.95681448549, 9435.07156241514, 1560.0], 48, 3, 3], "12": [[-14430.326965809076, 7454.775672275468, 1450.831167429873], [-12872.77943412341, 5720.040387672709, 1600.0], 48, 2, 2], "13": [[-14513.85570131775, -5893.949315348535, 1521.6369206905813], [-13992.324042613931, -5638.74986582926, 1560.0], 11, 3, 2], "14": [[-13848.791353132568, -6438.994305625542, 1559.9999475310965], [-13257.707233779229, -6186.799629388722, 1560.0], 9, 3, 2], "15": [[-13144.599965797383, -6480.80368778311, 1559.9995290556164], [-12708.76252701098, -6224.178908258323, 1560.0], 13, 3, 2], "16": [[-11481.166134444067, -7068.095977731462, 1411.5275842811855], [-11344.14310788291, -6719.967883844307, 1560.0], 15, 3, 2], "17": [[-11371.52873477554, -7734.617157812857, 1559.9998555936124], [-10913.192534275639, -7370.7114121333525, 1560.0], 2, 3, 2], "18": [[-10909.739960735436, -8414.01001722524, 1560.0000886749467], [-10288.337170432469, -8006.132807347132, 1560.0], 9, 3, 2], "19": [[-12265.708551199656, -7253.619276426364, 1538.7431950143234], [-11841.283819593371, -6890.114881130719, 1560.0], 9, 3, 2], "2": [[-8974.975895922606, 10501.140206616834, 1625.4550707036544], [-7921.580912017286, 8600.136891771417, 1560.0], 25, 3, 3], "20": [[-12707.24406342366, -7482.605869938188, 1584.1931330976017], [-12040.76442241996, -7141.86398461641, 1560.0], 10, 3, 2], "21": [[-13216.829180765886, -7755.8517695405735, 1637.0201524705244], [-12348.722710065582, -7389.612590903337, 1560.0], 24, 3, 2], "22": [[-15137.495481364407, -7174.261725661688, 1559.9999344785012], [-14152.159517565442, -6755.975539566144, 1560.0], 20, 3, 2], "23": [[-14693.548901594697, -8473.32340426802, 1560.000211579615], [-13513.72152099895, -7787.987005797715, 1560.0], 34, 3, 2], "24": [[-14825.90693829841, -9182.951341719083, 1560.0001067129451], [-13416.626287738094, -8286.877880709148, 1560.0], 12, 3, 2], "25": [[-7411.229590635322, -15951.748838880072, 1230.8181549749047], [-7132.4106819102335, -13073.162376270106, 1560.0], 57, 3, 2], "26": [[-9952.202817387299, -15795.854020591907, 2146.254676198226], [-7723.828470204672, -13107.430598813007, 1660.0], 13, 2, 2], "27": [[-9680.116257841402, -16675.45599747592, 2182.0591961229457], [-7372.491614130601, -13528.931785504246, 1680.0], 11, 2, 2], "28": [[-10851.54277568497, -16360.604061963772, 1560.0000689571611], [-8759.054956977627, -12745.812681191632, 1560.0], 0, 1, 1], "29": [[-11502.088490465281, -16259.648203688375, 1779.9999107916474], [-5258.822389401652, -15406.528426994231, 1780.0], 0, 1, 1], "3": [[-8115.400823981165, 11604.243341091511, 1471.264021931325], [-7636.548634690069, 8986.841642129359, 1560.0], 35, 3, 3], "30": [[-8837.481965631023, -18633.249775731394, 1660.0002031537065], [-4687.94483446089, -15850.008625934815, 1660.0], 0, 1, 1], "31": [[11680.36496982612, -26504.74819074958, 1559.9999038366745], [6866.915874751359, -18938.22628868967, 1560.0], 23, 2, 2], "32": [[9187.889169485701, -23006.789617173417, 1559.99983399612], [6445.330885417212, -17701.357841832243, 1560.0], 17, 3, 3], "33": [[9654.418120955583, -22530.862307766834, 1542.195045533122], [7021.429021353946, -17636.607444321584, 1560.0], 29, 3, 3], "34": [[13768.104789125882, -24007.31873972987, 1636.7766585765778], [10670.847311053516, -18873.009658065657, 1560.0], 33, 2, 2], "35": [[7327.407610021627, -20079.572873448487, 972.2839136926501], [3640.267798450335, -15431.900349349165, 1560.0], 20, 3, 3], "36": [[7514.586074434277, -18786.48964973105, 1434.0857887517043], [4962.441906556191, -15276.919160723128, 1560.0], 7, 2, 2], "37": [[8540.686868612149, -17831.229006817754, 1559.9998250172168], [6852.188960157136, -15179.69446822729, 1560.0], 2, 2, 2], "38": [[8808.262483637596, -16808.204908852586, 1559.9997715569534], [7255.341114938052, -14559.981285012638, 1560.0], 3, 2, 2], "39": [[9593.657487376591, -16292.218566733347, 1199.428529521286], [6397.694571774198, -13620.30724279094, 1560.0], 13, 2, 2], "4": [[-8740.14406065049, 8722.646527923112, 1401.218595721027], [-8537.74236720614, 7074.332228454049, 1560.0], 27, 3, 3], "40": [[9680.26694429636, -15762.340219821326, 1499.099587355442], [7791.412674345187, -13698.34611546447, 1560.0], 13, 2, 2], "41": [[7144.25178619313, -18009.937668516854, 1327.79006163605], [4461.142374194049, -14723.268070544038, 1560.0], 5, 3, 3], "42": [[18761.104515930918, -14101.123725939966, 1560.0000291813624], [17394.002437390147, -12955.620921318683, 1560.0], 7, 3, 3], "43": [[17129.64068394552, -9967.484860627801, 1559.9999036110069], [16940.379528617614, -9111.88867420226, 1560.0], 1, 2, 2], "44": [[16156.1059624062, -9984.591993171021, 1559.9998854327912], [15978.534714127642, -9442.391123510157, 1560.0], 4, 2, 2], "45": [[15328.470843943838, -10700.433265956864, 1426.5659486764366], [14954.735130586623, -10782.375093592917, 1560.0], 14, 2, 2], "46": [[14308.401090657044, -11407.554976467538, 1525.8291429526305], [14148.12832354067, -11242.569052310173, 1560.0], 13, 2, 2], "47": [[12826.233783651604, -11383.874571726601, 1559.9997732892461], [12792.620123443408, -11173.920055848721, 1560.0], 10, 2, 2], "48": [[16414.99693746495, -11708.92481245152, 1560.0000382877838], [16154.966016665521, -11026.816929265877, 1560.0], 0, 2, 1], "49": [[16814.25075890158, -12182.874421172235, 1559.9999340662116], [16440.311532515934, -11530.663819275902, 1560.0], 4, 2, 2], "5": [[-9877.946079137577, 7191.942807927167, 1287.284324453227], [-9858.949633039736, 5791.757416243583, 1560.0], 47, 3, 3], "50": [[15055.397855863468, -12924.657334214247, 1559.9999560325507], [14941.382056904857, -12217.86968674975, 1560.0], 0, 2, 2], "51": [[13305.953106404331, -12905.725318354018, 1414.6230712454533], [13040.091716453418, -13046.584792039075, 1560.0], 34, 2, 2], "52": [[7307.4176145210695, 9623.698924261345, 1267.9074928899422], [5060.975035574446, 8160.378099953856, 1560.0], 10, 3, 3], "53": [[6015.773819825275, 10763.03684906384, 1497.3905864159674], [4268.159989994162, 9173.733052369975, 1560.0], 39, 3, 3], "54": [[5643.795692119567, 12092.979876917063, 1494.2437272078537], [3850.5684539463036, 10255.482800229807, 1560.0], 20, 3, 3], "55": [[12025.014205937494, 7906.386566323411, 1619.9999247859582], [10317.260551456999, 7111.203870218401, 1620.0], 10, 2, 2], "56": [[12687.869915238656, 7488.888632818164, 1569.9998227401527], [12045.322124685586, 7017.122648481814, 1570.0], 0, 2, 2], "57": [[13401.564638928623, 8874.38229431428, 1669.9999396096762], [13048.261732134693, 8393.472597963946, 1670.0], 6, 2, 2], "58": [[15650.562319533661, 9626.694072293725, 1950.000100564791], [14071.932598889483, 8741.793839074046, 1950.0], 1, 2, 2], "59": [[14332.00937577667, 8757.573016362932, 1729.9999606562465], [13231.198452426559, 8089.047586996925, 1730.0], 4, 2, 2], "6": [[-11127.451532794305, 7007.387630061222, 1235.4319130410063], [-10966.866088984018, 5498.627712585405, 1560.0], 102, 3, 3], "60": [[13934.55778451905, 7211.491634054092, 1559.999608741612], [12498.92301345764, 6564.492768158832, 1560.0], 10, 2, 2], "61": [[14717.60683182629, 7420.916336627634, 1649.9999164517285], [13221.139260309168, 6718.0893958185825, 1650.0], 3, 2, 2], "62": [[15889.062393295337, 7411.910027463422, 1650.0000653818058], [15070.575926915848, 6907.762133563096, 1650.0], 1, 2, 2], "63": [[17273.41623010911, 7574.562434573732, 1650.000265882125], [16418.5451134537, 7089.160300667684, 1650.0], 3, 2, 2], "64": [[16522.391116978404, 9016.039705699473, 1829.9999249369846], [16603.079213765046, 8603.689174264773, 1830.0], 16, 2, 2],