{"0": [[-13526.192015504555, -8574.291385207063, 1559.999993408701], [-12561.438143575062, -7959.177510012192, 1560.0], 1, 3, 2], "1": [[-13297.710433134793, -8582.74110955243, 1095.2289819439713], [-13056.188558953472, -7583.596400801686, 1560.0], 59, 3, 2], "10": [[7738.053926065047, -18608.161197093097, 1560.0000816653728], [6418.148929986417, -15818.65547545632, 1560.0], 26, 3, 3], "11": [[7563.486229443161, -16148.655272870503, 1295.8262675697365], [5022.351723487509, -13731.270605376742, 1560.0], 13, 3, 3], "12": [[8337.544561174074, -17543.737125333817, 1358.5265257641508], [5806.767142647497, -14620.079092143218, 1560.0], 18, 3, 3], "13": [[9744.08721838449, -17731.80386148972, 1188.4281569702723], [6324.0438911703795, -14519.854945993839, 1560.0], 10, 3, 2], "14": [[9427.792002604388, -16956.37573777533, 1559.9999140392044], [7659.203889648093, -14709.647546225537, 1560.0], 3, 3, 3], "15": [[9033.316790381235, -15500.454052220333, 1317.1520548184506], [7379.822265395031, -13558.73733391425, 1560.0], 22, 3, 3], "16": [[8307.774786284965, -14479.235218614165, 1358.436290268863], [6043.364228017159, -12630.049912877214, 1560.0], 7, 3, 3], "17": [[9964.937737666134, -13133.974449143434, 1281.6820526261163], [7513.79325917346, -11576.41991865686, 1560.0], 14, 2, 2], "18": [[12890.86758687029, -20390.166731904756, 1290.7839398053632], [8713.908537866017, -16231.437092855387, 1560.0], 7, 3, 3], "19": [[11960.990112652233, -15398.864194049092, 1666.3093958134525], [10955.615320587818, -13945.334153129006, 1560.0], 5, 3, 3], "2": [[-13539.788746171515, -8400.242414893419, 974.1834417258924], [-13362.028981303807, -7383.997152384833, 1560.0], 19, 3, 2], "20": [[23974.739542535175, -11848.63964908611, 1750.000049216035], [22284.81984181431, -9623.462511667365, 1750.0], 0, 1, 1], "21": [[22908.48866970025, -10116.41857812547, 1749.9998596108442], [21632.760444656156, -8546.92430455598, 1750.0], 0, 1, 1], "22": [[17177.08335996582, -11450.039390109177, 1574.4832460367313], [17063.50379700786, -11142.016167429896, 1560.0], 36, 3, 3], "23": [[28183.14996473959, -23763.74133500751, 1750.000001070196], [14966.070579117482, -8680.18118012802, 1750.0], 0, 1, 1], "24": [[26297.174679837437, -18513.863688940583, 1749.9997323197085], [21104.982545712995, -15694.52247784771, 1750.0], 1, 2, 2], "25": [[28681.711778750905, -21360.23871335334, 1750.000091341245], [14959.697700861127, -6995.384758448818, 1750.0], 0, 1, 1], "26": [[15040.590413126109, 1433.8216198080936, 1559.9997561044568], [14893.478174898619, 1417.044759132645, 1560.0], 3, 2, 2], "27": [[15949.414260027328, 7361.675258498245, 1559.9998858203037], [14908.147732365522, 6885.873013983196, 1560.0], 0, 2, 2], "28": [[15148.568129853546, 6840.56951143, 1680.0003403432056], [14776.613250183422, 6474.615790932525, 1680.0], 4, 2, 2], "29": [[14487.534186368142, 6976.7807108148545, 1609.9999881633382], [14630.393172316175, 6814.279137622516, 1610.0], 7, 2, 2], "3": [[-12781.501039307544, -7683.162436655797, 1560.0000664487209], [-12104.424297569507, -7275.334388432322, 1560.0], 2, 3, 2], "30": [[14438.781270196592, 8209.53662014185, 1560.0001834299242], [13970.07144824614, 7732.710561015662, 1560.0], 1, 2, 2], "31": [[13528.292597069765, 7054.966543862347, 1750.0001425825922], [13931.713548258565, 6867.131862121301, 1750.0], 19, 2, 2], "32": [[13818.507645905496, 8296.777413852345, 1730.000380641525], [13122.341412796814, 7716.042730811039, 1730.0], 0, 2, 2], "33": [[12874.622378728996, 7958.915113895353, 1414.9676171063843], [11115.866025305435, 7223.8157080399, 1560.0], 23, 2, 2], "34": [[12515.74132931206, 7907.394892318036, 1659.999943978576], [11159.231559868651, 7217.145408852591, 1660.0], 4, 2, 2], "35": [[12026.352177481593, 7174.626426258033, 1699.9999673511015], [11911.359134977032, 6849.627196022614, 1700.0], 1, 2, 2], "36": [[11469.042712404726, 9852.35335145228, 1559.999831607714], [10083.616106989191, 8848.103925311445, 1560.0], 2, 2, 2], "37": [[11188.681813361653, 9936.778145382514, 1559.9999780118592], [10140.75748820378, 9075.112016572833, 1560.0], 2, 2, 2], "38": [[10045.680750427266, 9995.054609146837, 1690.0001940871437], [9621.451868150496, 9292.640394166088, 1690.0], 11, 2, 2], "39": [[9271.175736692654, 9882.481806567726, 1559.9999660489193], [8329.008665891024, 8989.500661833097, 1560.0], 19, 3, 3], "4": [[-12201.447310617934, -5939.306327857813, 1597.1209430456497], [-11740.796302388657, -5810.476380412858, 1560.0], 18, 3, 2], "40": [[9370.529735049102, 11159.11783961865, 1559.9999921585509], [7670.881951788474, 9731.21706041011, 1560.0], 49, 3, 3], "41": [[8444.167312370873, 11758.502427423477, 1598.5933418506404], [6988.257855478244, 10228.68212457086, 1560.0], 85, 3, 3], "42": [[8093.699555484913, 11768.535178910775, 1560.000381521277], [6634.9823331440875, 10366.622877357111, 1560.0], 30, 3, 2], "43": [[6716.782471053739, 11053.177170664858, 1446.6070493701359], [5355.580854063649, 9507.592293826643, 1560.0], 21, 3, 3], "44": [[6373.797323869206, 12057.988799568933, 1257.0106728690669], [4105.914592091758, 9950.313802047835, 1560.0], 14, 3, 3], "45": [[5687.191110134131, 12545.929251562347, 1298.2807278561068], [3886.852384760759, 10435.089393999506, 1560.0], 14, 3, 3], "46": [[-7797.01350699658, 12400.968838968325, 1421.006848672474], [-7343.720275930679, 9381.597542642316, 1560.0], 7, 3, 3], "47": [[-7694.691637450137, 11942.951063113642, 1449.6261118958093], [-7407.53662970043, 9098.90529884644, 1560.0], 55, 3, 3], "48": [[-8064.932068212592, 10142.828402393712, 1493.454177980997], [-7939.9444541085295, 8060.354665288528, 1560.0], 95, 3, 3], "49": [[-9463.179814640302, 10482.310957189196, 1484.0562311256792], [-8750.050357192004, 8205.875471336409, 1560.0], 35, 3, 3], "5": [[-14108.75550146404, -5888.89984637045, 1559.5212965153294], [-13567.488793519467, -5691.303365190795, 1560.0], 19, 3, 2], "50": [[-10025.539433036894, 10678.54987215374, 1489.97116313731], [-9167.979023405023, 8210.278230280017, 1560.0], 44, 3, 3], "51": [[-8728.894900401174, 8356.92744301199, 1461.0468885520897], [-8476.686894584447, 6898.739266330728, 1560.0], 30, 3, 3], "52": [[-10026.067330235446, 7111.247935989896, 1466.1545922709208], [-9757.425798145221, 5887.892330551458, 1560.0], 60, 3, 3], "53": [[-10985.816851806509, 5991.279843483775, 1499.392058817309], [-10457.981651752032, 5152.215669458999, 1560.0], 51, 3, 3], "54": [[-11357.427438112009, 6477.451541541157, 1559.999919657668], [-10608.688894916251, 5523.7070470097215, 1560.0], 75, 3, 3], "55": [[-12232.190299410831, 4842.866571081042, 1382.9207111899457], [-11905.958820932736, 4023.0191324194247, 1560.0], 71, 3, 3], "56": [[-12356.902001979905, 5424.7006101109755, 1381.5182072384125], [-11877.87650725602, 4490.469226153587, 1560.0], 48, 3, 3], "57": [[-12839.747727769194, 5731.588703417808, 1505.9393317496215], [-12052.04184424378, 4793.671848699336, 1560.0], 47, 2, 2], "58": [[-13585.370019156037, 5336.718988318859, 1275.963512132673], [-12961.742500553939, 4224.930353727623, 1560.0], 42, 2, 2], "59": [[-11981.60395535879, 6373.9036826837655, 1298.7703149079202], [-11638.787782512532, 5069.806406727127, 1560.0], 89, 3, 3], "6": [[-14835.846299705994, -5571.979185847788, 1498.835487411868], [-14304.337015168043, -5338.497422313207, 1560.0], 10, 3, 2], "60": [[-13800.56421823225, 6034.256634310826, 1438.8412985879047], [-12712.402877001037, 4914.514416868136, 1560.0], 17, 2, 2], "61": [[9983.732510137925, -23394.964350152946, 1560.0004205628027], [6769.292556392941, -17922.148878456705, 1560.0], 2, 2, 2], "62": [[10972.406884519052, -29452.608056097157, 1590.0000909285475], [5491.391443032707, -19490.949846205745, 1590.0], 1, 2, 2], "63": [[10392.454802628077, -31019.648800464773, 1669.9998549246743], [4662.188710586707, -19682.155370284836, 1670.0], 3, 2, 2], "64": [[-8277.590687515702, -19114.261499426757, 1559.9999705500238], [-3416.208495345219, -14737.866563747355, 1560.0], 0, 1, 1],