{"0": [[-8114.742826159649, 12757.838692730948, 1472.0671489299812], [-7498.298382184519, 9585.698556324718, 1560.0], 52, 3, 3], "1": [[-8605.31265097764, 12074.758855342221, 1351.350045751582], [-8113.176856461063, 9009.621765819966, 1560.0], 22, 3, 3], "10": [[-11790.278808464845, 5585.7182360240295, 1345.3725283539234], [-11414.20723855228, 4602.329735845332, 1560.0], 57, 3, 3], "11": [[-12285.048069870854, 6364.921150821764, 1429.7211157141396], [-11535.989711695465, 5265.866395348355, 1560.0], 5, 3, 2], "12": [[-12731.781380622568, 5695.71571044782, 1304.4910659906009], [-12204.142857406549, 4606.808062994523, 1560.0], 26, 2, 2], "13": [[-12899.661822772538, 7153.586168722562, 1205.2342610993267], [-12177.527862620109, 5469.226418331158, 1560.0], 87, 2, 2], "14": [[-13807.191157722667, 5796.142870290653, 1403.167907627277], [-12864.306623311833, 4671.482810957937, 1560.0], 50, 2, 2], "15": [[-14251.979577634767, 6558.127958233347, 1531.0764016348585], [-13020.404961653914, 5135.288184323684, 1670.0], 70, 2, 2], "16": [[-11362.916186507078, -6786.818785331455, 1397.9654034242317], [-11259.28267854039, -6459.863151674029, 1560.0], 13, 3, 2], "17": [[-12122.99283869969, -6965.89936577285, 1428.655041581815], [-11902.781088156577, -6599.062465560462, 1560.0], 9, 3, 2], "18": [[-12899.958345626073, -6022.851672985743, 1546.3795806143476], [-12525.901426088933, -5826.502037267194, 1560.0], 12, 3, 2], "19": [[-13979.528846516447, -5903.516630013792, 1559.9997831479084], [-13467.633135547454, -5693.362002481904, 1560.0], 7, 3, 2], "2": [[-9228.615352742201, 10872.345385759942, 1538.802243180201], [-8510.539575670087, 8478.20192456124, 1560.0], 26, 3, 3], "20": [[-14653.49349962184, -5885.602810619091, 1490.0559882824962], [-14169.207115881623, -5607.085178876564, 1560.0], 25, 3, 2], "21": [[-11530.249389823512, -7350.951286089948, 1559.9999595148054], [-11131.648663437416, -7042.3464392954465, 1560.0], 4, 3, 2], "22": [[-11177.463189912012, -8421.97670554764, 1560.0001176405074], [-10617.489736877613, -7945.351803047623, 1560.0], 4, 3, 2], "23": [[-12020.161617492564, -8120.440255595042, 1560.000002612576], [-11439.959471653925, -7643.985526263729, 1560.0], 5, 3, 2], "24": [[-12713.210913214094, -7522.073985301979, 1560.0002055007658], [-12040.871216553589, -7173.865942375335, 1560.0], 5, 3, 2], "25": [[-13310.65086620739, -7552.885402589691, 1607.4242560268842], [-12528.447155654396, -7192.787702753349, 1560.0], 10, 3, 2], "26": [[-15389.520140848894, -6575.434563813254, 1576.699877330609], [-14466.053713125119, -6239.1954822173475, 1560.0], 11, 3, 2], "27": [[-11515.850908429014, -9704.609976001815, 1559.999775850831], [-10721.192113072992, -8906.057790663472, 1560.0], 11, 3, 2], "28": [[-12203.226535875192, -9794.318606987232, 1551.8739710121854], [-11300.877904294679, -8898.263867722726, 1560.0], 10, 3, 2], "29": [[-13113.78510242024, -8896.121342770393, 1570.503894716778], [-12149.124468415846, -8216.402711359988, 1560.0], 10, 3, 2], "3": [[-7875.485452315874, 11482.60504022434, 1396.7335140752307], [-7449.781584066558, 8908.58645542884, 1560.0], 3, 3, 3], "30": [[-14150.508940453334, -9437.99191746947, 1600.7790293694743], [-12783.03292159117, -8573.340937451077, 1560.0], 32, 3, 2], "31": [[-14884.793286496142, -8543.918171026331, 1560.0001853547406], [-13641.049966577593, -7815.63843410475, 1560.0], 10, 3, 2], "32": [[-11658.722224720217, -11381.032719278946, 1587.2857829384275], [-10418.29621649122, -10093.075081383698, 1560.0], 27, 3, 2], "33": [[-8016.849894828567, -18028.67388769066, 1520.8778573855875], [-7084.729223602593, -13628.221575636167, 1560.0], 13, 2, 2], "34": [[-7752.761445147395, -15602.719818351758, 1434.8148025218468], [-7352.048205028207, -12940.70092493362, 1560.0], 23, 3, 2], "35": [[-11279.184335206992, -14740.745296139643, 1682.399213887098], [-9380.179004230738, -12047.066306296258, 1570.0], 11, 2, 2], "36": [[-12345.185821878937, -14843.464444941821, 1560.000229147623], [-9980.240410874329, -11880.498397647643, 1560.0], 0, 1, 1], "37": [[-4647.647378308769, -16870.547019178684, 1346.0036901813294], [-5327.947318053849, -13685.061311153619, 1560.0], 34, 3, 2], "38": [[-5457.916351501684, -14756.751926175435, 1402.0159008471253], [-5588.9681971883665, -12776.26446434043, 1560.0], 58, 3, 2], "39": [[-770.6362020091326, -18819.040678570367, 1579.1064923125753], [-1461.0839562707367, -15056.397205966272, 1560.0], 46, 3, 3], "4": [[-8575.420207565769, 10299.251830306583, 1644.2587531182521], [-7632.888218960329, 8543.753005702609, 1560.0], 6, 3, 3], "40": [[-848.8470489968241, -17834.70548000766, 1554.6654041847903], [-2134.6828652628897, -14385.535243477798, 1560.0], 63, 3, 2], "41": [[-842.1664733668787, -16416.61214472251, 1689.0420377372902], [-1037.7575230014213, -14065.050708891991, 1560.0], 103, 3, 3], "42": [[7997.635289930286, -16120.553818197555, 1265.4714887062082], [5477.6170764477665, -13675.377748595163, 1560.0], 13, 3, 3], "43": [[8359.286628233467, -18957.92573660755, 1548.1159562597177], [6050.68761670178, -15664.571779010948, 1560.0], 4, 3, 3], "44": [[12207.30825327579, -17920.94126147631, 1505.5728476452364], [9934.891038101649, -15380.926894786253, 1560.0], 20, 3, 3], "45": [[11851.770035624873, -15053.69355168914, 1430.7252833802656], [9141.8054567675, -13195.389081616291, 1560.0], 18, 3, 3], "46": [[17299.911699348067, -18545.49532167323, 2190.415297442436], [17345.666383062784, -17032.72971749195, 1560.0], 12, 3, 3], "47": [[19519.933239296315, -17855.970119204707, 1956.4578558327369], [18310.6614855709, -16041.458652822577, 1560.0], 3, 3, 3], "48": [[18738.054524123603, -14097.628485866502, 1527.5044201899193], [17320.433960858514, -13052.131466224519, 1560.0], 35, 3, 3], "49": [[17112.481602442433, -9825.132760377111, 1559.9999032667463], [16489.3210599215, -9626.590669400774, 1560.0], 45, 3, 3], "5": [[-8915.762238913132, 8752.279684280258, 1530.0575902650498], [-8398.95462976354, 7281.488163208771, 1560.0], 50, 3, 3], "50": [[16204.366241695085, -10190.05793057865, 1560.0001452551498], [15621.630725653302, -9821.625126061646, 1560.0], 15, 3, 3], "51": [[15327.338694967346, -10437.170207361512, 1559.999897034741], [15369.124952159173, -10230.27491386769, 1560.0], 102, 3, 3], "52": [[14443.525738153887, -11494.674424083418, 1486.720815702626], [12383.224237266486, -10699.57680512164, 1560.0], 17, 3, 3], "53": [[12878.60222239532, -10515.218078674934, 1523.5845316684142], [11552.779082607807, -10009.70244757713, 1560.0], 25, 3, 3], "54": [[15241.739550802242, -11015.302690020279, 1455.7401311709577], [14608.153870504655, -10306.317238385833, 1560.0], 33, 3, 3], "55": [[12945.516066029377, -11413.884080935351, 1433.8312444774563], [12329.689970696983, -10790.984199541484, 1560.0], 30, 3, 3], "56": [[12468.984278161242, -12152.78969139149, 1403.635414920588], [12010.21562182968, -11330.122630039876, 1560.0], 45, 3, 3], "57": [[12038.332024192205, -12344.451049797102, 1441.549645533187], [11372.762466704093, -11376.840518192268, 1560.0], 43, 3, 3], "58": [[16972.860481388423, -12791.749692848878, 1461.24068038216], [13948.748263835065, -11364.68323649379, 1560.0], 12, 3, 3], "59": [[14393.346267675992, -12380.956669222609, 1527.358345752846], [12671.013855701029, -11281.254614497513, 1560.0], 6, 3, 3], "6": [[-9992.53372275245, 7135.630637174907, 1408.9782135009475], [-9757.425798145221, 5887.892330551458, 1560.0], 59, 3, 3], "60": [[-2034.1002893725138, 12888.429510402573, 1494.2272346924226], [-2586.4256004283134, 10451.739665002697, 1560.0], 66, 3, 3], "61": [[-1860.027208504515, 11881.255807596834, 1284.2513777370373], [-2948.5653913490464, 9497.340774216082, 1560.0], 34, 3, 3], "62": [[1402.6534204814811, 9945.179820860643, 1342.3755034695223], [-62.27749638093769, 8422.398069515197, 1560.0], 18, 3, 3], "63": [[8094.429596707904, 8542.786475164763, 1294.2624578904415], [5935.407557823071, 7266.1855829022015, 1560.0], 10, 3, 3],