{"0": [[-9017.969865560719, 13057.058299533755, 1485.2322046390698], [-8052.809453220476, 9627.21705752454, 1560.0], 56, 3, 3], "1": [[-7988.4109701325915, 12644.615292203656, 1442.472620294068], [-7411.135962595371, 9531.172511199638, 1560.0], 30, 3, 3], "10": [[-12940.054857397432, 5811.643391675221, 1297.5887794597884], [-12299.705688211936, 4679.810574432915, 1560.0], 8, 2, 2], "11": [[-13599.185432278266, 6008.341940096141, 1355.8349086286617], [-12743.837936223861, 4776.916678313122, 1560.0], 81, 2, 2], "12": [[-14158.54730620362, 6592.434728105446, 1449.3239201805723], [-12814.960385677743, 5271.139670338096, 1560.0], 10, 2, 2], "13": [[-11399.293950984515, -7006.297132012317, 1466.3589714305663], [-11193.921688123728, -6698.438590626248, 1560.0], 9, 3, 2], "14": [[-12264.247198882844, -6883.868725573, 1559.9997291327297], [-11835.941752522382, -6622.093533487231, 1560.0], 7, 3, 2], "15": [[-12743.819849670568, -6123.312479371461, 1559.9998154858354], [-12342.914073530083, -5948.935052109346, 1560.0], 15, 3, 2], "16": [[-13784.379965152282, -6300.226795356187, 1559.9999866975427], [-13206.961270616059, -6053.515389562462, 1560.0], 8, 3, 2], "17": [[-14605.991372450773, -5858.818270817617, 1578.1284108269556], [-13946.825790772653, -5654.046675557943, 1560.0], 36, 3, 2], "18": [[-14622.379923643695, -7064.830435523021, 1622.9935272520959], [-13679.441903838462, -6732.8269571441015, 1560.0], 13, 3, 2], "19": [[-13429.922317257175, -7508.520499284848, 1650.9886411537207], [-12586.573396643504, -7168.466751849806, 1560.0], 10, 3, 2], "2": [[-8670.591184844043, 12024.124475508139, 1313.3588461251327], [-8331.245040863249, 8859.20246673166, 1560.0], 53, 3, 3], "20": [[-12801.270165298913, -7471.778523201338, 1617.4483092079095], [-12040.871216553589, -7173.865942375335, 1560.0], 9, 3, 2], "21": [[-11657.62692602649, -7536.603831133964, 1580.0374869356929], [-11062.913335728448, -7244.42256175551, 1560.0], 10, 3, 2], "22": [[-11311.77910612966, -8162.3706846056175, 1612.672841618826], [-10612.000691391338, -7806.164898564871, 1560.0], 14, 3, 2], "23": [[-14970.285533142853, -8439.177031050074, 1656.623706176135], [-13643.655501199952, -7790.644419084014, 1560.0], 11, 3, 2], "24": [[-14048.527209022608, -9360.818099053986, 1560.0001163973914], [-12789.926205720682, -8495.884724925141, 1560.0], 5, 3, 2], "25": [[-12442.681916492325, -10957.991773720672, 1643.5901946850647], [-11073.083250412034, -9784.623102680562, 1560.0], 12, 3, 2], "26": [[-11509.57396271827, -10213.75523286655, 1628.7536634177222], [-10493.979442467133, -9333.314268300805, 1560.0], 12, 3, 2], "27": [[-11539.46445720333, -9667.701636975125, 1560.0001938744815], [-10721.192113072992, -8906.057790663472, 1560.0], 9, 3, 2], "28": [[-12222.170296795584, -9625.822513780637, 1560.0002007599878], [-11302.138066901693, -8808.413351088828, 1560.0], 2, 3, 2], "29": [[-11533.817775091275, -12790.068962051118, 1586.5889208846643], [-10020.8851859242, -10980.889999750792, 1560.0], 27, 3, 2], "3": [[-8782.467216625124, 10387.1926206715, 1568.7586836628914], [-7952.608390636007, 8460.2338064753, 1560.0], 16, 3, 3], "30": [[-12104.723462893591, -13887.999169087245, 1559.9998261806495], [-10120.747085900146, -11869.274738453223, 1560.0], 0, 1, 1], "31": [[-7912.536843219233, -15261.820354427018, 1235.0846038298455], [-7450.917202639987, -12793.952367458565, 1560.0], 56, 3, 2], "32": [[-8059.879302224604, -17830.485747103674, 1560.000023392509], [-6968.673655597623, -13648.787144473725, 1560.0], 5, 2, 2], "33": [[1578.892716061958, -17973.85570953644, 1530.368574369806], [78.55513976547009, -14600.97227899587, 1560.0], 51, 3, 3], "34": [[2458.0480769289074, -18899.754393423922, 1559.4499043729722], [709.4459368860136, -15120.184885815319, 1560.0], 41, 3, 3], "35": [[3017.304065107639, -17973.932337639817, 1551.879368408979], [1492.7126039274183, -14821.282192178494, 1560.0], 20, 3, 3], "36": [[3532.3532697836304, -17493.989941820833, 1499.3526929716363], [1115.9444372905718, -14301.126379920988, 1560.0], 114, 3, 3], "37": [[5501.149338483003, -16564.40103045866, 1473.748007401294], [3969.616207637143, -14179.51817841657, 1560.0], 30, 3, 3], "38": [[8002.2637229496395, -15280.458682309716, 1295.6723920588456], [5758.430966619505, -13163.61274720522, 1560.0], 6, 3, 3], "39": [[8773.187128491092, -15977.757373284008, 1353.910190256226], [6322.835999188542, -13750.214401823794, 1560.0], 21, 3, 3], "4": [[-8858.988341207216, 8760.21512701941, 1435.6501671503615], [-8626.425744842876, 7105.343844374251, 1560.0], 36, 3, 3], "40": [[10465.03003837521, -18289.844915168556, 1492.4455810664156], [8228.87049506914, -15404.106844472064, 1560.0], 20, 3, 3], "41": [[11086.242614927934, -15660.532114757589, 1533.4145142248094], [8870.02457688196, -13633.69469774822, 1560.0], 9, 3, 3], "42": [[11577.557112028657, -15478.044742752649, 1559.999252628541], [9461.526657214958, -13561.746217358781, 1560.0], 8, 3, 3], "43": [[13871.55321553078, -17361.07366730697, 1455.954863158757], [10983.627566764377, -14779.373873712899, 1560.0], 7, 3, 3], "44": [[9959.35907384967, -13156.982580573364, 1481.0443952748192], [8815.320975938428, -11938.744518377294, 1560.0], 24, 2, 2], "45": [[16999.666968852944, -10044.846357565832, 1544.5558884535374], [15684.987697403552, -9718.211425357926, 1560.0], 32, 3, 3], "46": [[16326.428754754894, -10197.251126455323, 1559.9997409699895], [15033.521534688618, -9602.306746653612, 1560.0], 6, 3, 3], "47": [[15462.77545803562, -10952.125058108879, 1528.0115173614545], [14547.743119966577, -10404.94927668709, 1560.0], 16, 3, 3], "48": [[14490.355115676806, -11521.268526515549, 1501.7474925782099], [13528.718589209004, -10950.659859285113, 1560.0], 30, 3, 3], "49": [[13402.58527688445, -11871.40176728312, 1405.092845012879], [11152.738470706243, -10729.057763993227, 1560.0], 26, 3, 3], "5": [[-10028.054933508389, 7125.828173367494, 1398.6608643597938], [-9850.16702964203, 5836.204040445748, 1560.0], 53, 3, 3], "50": [[12850.860717291747, -11510.392605240193, 1429.0684313206627], [10639.835682178735, -10612.32862715497, 1560.0], 13, 3, 3], "51": [[16339.281621061276, -11752.943852549779, 1553.7831276364636], [14367.059813485788, -10697.94027958334, 1560.0], 16, 3, 3], "52": [[15181.406005826357, -12067.887595288963, 1536.896596215126], [12781.371850269144, -11099.437245302632, 1560.0], 11, 3, 3], "53": [[14696.897354895495, -12296.517855822027, 1428.7504456199988], [12726.149057264693, -11190.57333144248, 1560.0], 17, 3, 3], "54": [[18834.990879096255, -14043.104232414189, 1555.309245451943], [18111.258349037118, -13131.585833767533, 1560.0], 56, 3, 3], "55": [[15764.653956527634, -3776.8454957018685, 1687.1006027638473], [18239.381723794886, -3754.4634598528983, 1560.0], 38, 3, 3], "56": [[1094.4006956846156, 11740.2528933793, 1497.9482992624175], [235.4572564379942, 9966.560574005342, 1560.0], 6, 3, 3], "57": [[2264.6639712852752, 10595.529110128602, 1560.0000338574425], [1937.2361093304967, 9506.25331351144, 1560.0], 15, 3, 3], "58": [[4871.75655126824, 11337.442759173866, 1445.3354259340326], [3438.252493813123, 9753.274622973306, 1560.0], 30, 3, 3], "59": [[7109.54970973007, 11000.667750614564, 1560.0003084407222], [6140.366017486333, 9809.6694832401, 1560.0], 5, 3, 3], "6": [[-10745.57419174647, 7054.886049455598, 1338.8166522962351], [-10416.036948197116, 5745.852696506668, 1560.0], 39, 3, 3], "60": [[6868.589308123528, 9761.504900454798, 1560.0002024364492], [5922.5602210723, 8821.711769440291, 1560.0], 16, 3, 3], "61": [[8044.8391610416575, 8431.160346466404, 1301.9744599313706], [5935.407557823071, 7266.1855829022015, 1560.0], 22, 3, 3], "62": [[8947.717544462785, 9558.45976832993, 1527.1855011703594], [7823.2862665472585, 8625.529040134412, 1560.0], 7, 3, 3], "63": [[10005.838770914173, 9214.160742039749, 1479.6379410120953], [8122.460644701001, 8132.940238352737, 1560.0], 9, 3, 3],