{"0": [[-16756.992839114955, -9045.188399441935, 1594.7218315097336], [-14787.663325402202, -7971.017815288744, 1560.0], 14, 2, 2], "1": [[-14004.563502554063, -6623.9777711473125, 1478.74948208805], [-13458.133850656439, -6290.030360745476, 1560.0], 11, 3, 2], "10": [[6861.875881226524, 14439.37911988389, 1343.8193530711808], [4452.309060433463, 11673.094534210823, 1560.0], 4, 3, 3], "11": [[6626.82703201111, 13326.155540092965, 1421.4398970934851], [4648.913863751922, 11019.126155812432, 1560.0], 43, 3, 3], "12": [[8144.6970031544, 12221.531903760182, 1250.3384268486193], [5458.335822955907, 9988.348743274591, 1560.0], 9, 3, 2], "13": [[8676.370014542717, 11287.919789751952, 1506.7939825215033], [7303.273425131294, 9880.704044510687, 1560.0], 33, 3, 3], "14": [[7423.494222408424, 9888.18355943863, 1485.86353693678], [5900.475117596969, 8722.921318459914, 1560.0], 8, 3, 3], "15": [[8441.822781964634, 10250.428323887618, 1464.3968855885341], [7116.527593231759, 9057.505968964577, 1560.0], 9, 3, 2], "16": [[6441.5458031881035, 7053.676581175711, 1417.9805949960546], [4975.245194275801, 6252.589420644301, 1560.0], 11, 3, 3], "17": [[10224.598703861831, 8584.373609289221, 1480.7509824621368], [8868.814065900795, 7656.551798008055, 1560.0], 24, 3, 3], "18": [[9784.01845178265, 9245.039295406907, 1560.0001393082139], [8200.401330170509, 8453.854823379997, 1560.0], 76, 3, 3], "19": [[10752.151403949869, 9744.839973874261, 1689.9999533736004], [10020.551871606503, 9010.092381203924, 1690.0], 0, 2, 2], "2": [[-11096.180013261897, 4917.360771623314, 1442.804093258372], [-10938.389198761617, 4171.210968050116, 1560.0], 116, 3, 3], "20": [[11706.758147049028, 8077.757398984621, 1748.6991058166482], [11244.865146534361, 7694.147515769789, 1560.0], 55, 3, 3], "21": [[15707.415899730424, 8127.658843596099, 1560.0003030557045], [15151.010449648496, 7669.751507890962, 1560.0], 4, 2, 2], "22": [[14738.311443106117, 7121.23503741703, 1560.000341003254], [14908.147732365522, 6885.873013983196, 1560.0], 16, 2, 2], "23": [[15849.45456846239, 6971.490034520952, 1859.9997224340382], [15102.50094492142, 6516.332226271295, 1860.0], 0, 2, 2], "24": [[13696.80927169247, 4103.01859858341, 1677.63224570847], [13950.971670730816, 3943.11998768562, 1560.0], 78, 3, 3], "25": [[15195.666178127007, 1311.3296860077455, 1560.000046816742], [14797.850065648425, 1165.7815496114147, 1560.0], 0, 2, 2], "26": [[7705.582524489429, -167.010634262576, 1474.3154718682708], [7064.170263584744, -288.37510839450806, 1560.0], 16, 3, 3], "27": [[12693.523401386994, -10174.752106120462, 1027.5624446651718], [9187.573717962481, -9235.309247176425, 1560.0], 11, 3, 3], "28": [[17262.084486051335, -10082.021851920526, 1559.9997019621417], [15748.435357391576, -9614.296694142766, 1560.0], 26, 3, 3], "29": [[12788.170153366038, -9175.581074026286, 1559.9972257529973], [14074.367809251977, -8877.186340891334, 1560.0], 156, 3, 2], "3": [[-11965.838011456599, 5528.049215402065, 1437.6631376137227], [-11544.04991094849, 4603.595907091188, 1560.0], 61, 3, 3], "30": [[11563.378289610771, -8546.176991024691, 752.7991690472714], [7424.323247214698, -7783.069436586291, 1560.0], 32, 3, 3], "31": [[12034.525352383205, -8361.449493684846, 1358.6461565399838], [10842.25731566062, -8038.731955923509, 1560.0], 30, 3, 3], "32": [[12974.458623874629, -8040.987951645986, 1428.9211435697146], [12110.226698916049, -7810.605322926267, 1560.0], 27, 3, 3], "33": [[16612.53060527462, -11254.596083666624, 1559.9999492271481], [15055.62220898766, -10729.848712437808, 1560.0], 31, 3, 3], "34": [[21494.517957160715, -12330.265885564952, 1560.0000125180845], [18514.454203798254, -11439.616373617317, 1560.0], 19, 3, 3], "35": [[22011.420422561972, -12591.583550251922, 1663.324128360649], [21381.126687423035, -9850.887629836483, 1560.0], 55, 2, 2], "36": [[21244.551253396672, -8472.496365498222, 1567.046301673329], [20553.070066543056, -7220.811833652205, 1560.0], 16, 2, 2], "37": [[23492.737877444444, -14962.817229470154, 1940.4680701916886], [22384.70814305963, -11098.108755745452, 1560.0], 32, 2, 2], "38": [[15578.2304938481, -12555.806802940804, 1559.9994482633515], [13127.977148772223, -11596.188674621131, 1560.0], 44, 3, 3], "39": [[6488.3499014933805, -15770.371866391528, 1252.9110787175991], [3693.7650591520483, -13237.121391662462, 1560.0], 7, 3, 3], "4": [[-12241.665292354548, 6234.282778110058, 1570.4867131582441], [-11336.124859169027, 5316.450941345767, 1560.0], 35, 3, 3], "40": [[15069.852832499198, -12232.718401230804, 1347.573896209242], [11680.208194503308, -10849.057877605941, 1560.0], 23, 3, 3], "41": [[17099.09726463656, -14750.545487475441, 1560.0000456088892], [14724.853687102002, -13368.20117899595, 1560.0], 19, 3, 3], "42": [[18188.335745079246, -14688.700964967076, 1671.653315466747], [16882.076804524615, -13619.377106709526, 1560.0], 6, 3, 3], "43": [[21368.46275690135, -15945.932726919329, 2011.93327154834], [20341.810739812725, -14893.424991980048, 1560.0], 17, 3, 3], "44": [[20388.91005932531, -16785.504193257497, 1559.999903859058], [18313.993168084355, -15029.435203201212, 1560.0], 42, 3, 3], "45": [[20411.964871457258, -17285.58649822918, 2131.2583706041623], [20157.91468269792, -16146.871542481607, 1560.0], 44, 3, 3], "46": [[16282.554243435125, -18062.497402302473, 1505.8864358404276], [13722.132521681224, -15607.143889786465, 1560.0], 20, 3, 3], "47": [[16381.05354418165, -18372.66191209692, 2001.3504587049144], [14703.80177795627, -16235.045037808264, 1560.0], 4, 3, 3], "48": [[13432.415304523945, -15705.326554908686, 1547.2707500803774], [11059.927662003203, -13792.190297243738, 1560.0], 5, 3, 3], "49": [[12621.66871308526, -15922.873865479372, 1557.6992757617293], [10799.90016347217, -14171.75651130263, 1560.0], 18, 3, 3], "5": [[-14144.742711690578, 7260.9374947781935, 1342.0385175160973], [-12776.433955027149, 5592.973539509875, 1560.0], 14, 2, 2], "50": [[9916.355852387147, -13408.05006168535, 1354.9766573855554], [7395.75545089361, -11801.837375009198, 1560.0], 8, 2, 2], "51": [[13949.728619151003, -17752.211268143918, 1451.7861743481074], [10287.460407233013, -14898.150518135659, 1560.0], 4, 3, 3], "52": [[13449.108497923618, -19107.21682489358, 1456.197839691084], [10150.302122099052, -15887.829428215338, 1560.0], 22, 3, 3], "53": [[11503.790277421987, -17713.83709001627, 1560.0000804515294], [9425.901150243133, -15279.502037772285, 1560.0], 6, 3, 3], "54": [[9619.894925202632, -18050.246889061615, 1453.3622610778941], [6548.276747151214, -14909.159025510302, 1560.0], 3, 3, 3], "55": [[11867.15114652602, -18415.844974717573, 1560.0002326421868], [14310.495426674164, -18294.943896120258, 1560.0], 0, 3, 1], "56": [[12067.687512725563, -20586.225855782828, 1356.597339445073], [8527.897357584352, -16469.723268433387, 1560.0], 10, 3, 3], "57": [[10920.523399012181, -20285.53113460457, 1509.5768043632943], [8020.809742035386, -16413.84371284083, 1560.0], 10, 3, 3], "58": [[10765.854539717704, -20532.989539309285, 1063.5722077841353], [6301.505898065944, -15985.223767900854, 1560.0], 18, 3, 3], "59": [[7646.704008308977, -24820.318644969557, 1950.000227078235], [3913.4627509518386, -17761.906662454738, 1950.0], 0, 2, 1], "6": [[-10953.455617247995, 8145.9519487056305, 1495.643066514324], [-10238.076148914355, 6583.840677209004, 1560.0], 107, 3, 3], "60": [[22185.656173188512, -10142.498997686464, 1560.000002910728], [20555.924045121697, -9810.006758077152, 1560.0], 24, 2, 2], "61": [[24733.453047182073, -10575.023991694527, 1749.9997793706548], [22901.72204015008, -8519.422491668323, 1750.0], 0, 1, 1], "63": [[17797.769506177083, -14998.11395821889, 1690.5357561912797], [15998.080442267707, -13714.28788009512, 1560.0], 16, 3, 3], "64": [[10902.672743213338, -17484.088537328214, 1446.1673706231804], [8160.177903366648, -14732.644761616304, 1560.0], 9, 3, 3], "66": [[8126.309840886314, -16555.38059319748, 1237.497331548325], [4988.823202033961, -13792.2648293025, 1560.0], 10, 3, 3],