{"0": [[-14665.219763985262, -5121.135857370085, 1405.4677793964095], [-14354.521784763334, -4898.0369943948945, 1560.0], 10, 3, 2], "1": [[2804.29105024162, -17269.62349936551, 1222.8283227345921], [906.7704524548084, -14091.105127115265, 1560.0], 4, 3, 3], "10": [[10474.487669891523, -17832.758712625942, 1416.8450518645097], [7133.546058621336, -14749.80623182314, 1560.0], 12, 3, 3], "11": [[9277.090464281402, -15204.277831097927, 1382.5727101618766], [7959.028965848941, -13420.371333221034, 1560.0], 50, 2, 2], "12": [[8979.17285075758, -14553.232741401122, 1377.6780010745447], [6461.345634584045, -12684.960304097049, 1560.0], 8, 2, 2], "13": [[9792.20747727257, -14841.192645881434, 1750.0001225368412], [9825.596744062654, -14595.946814489056, 1750.0], 0, 1, 1], "14": [[9300.74760014109, -16478.232798916837, 1330.7684034110055], [6667.699275127536, -13951.854898987196, 1560.0], 6, 3, 3], "15": [[9387.236377753716, -18300.841569136926, 1448.7704708513152], [6023.641202828402, -15000.405133239085, 1560.0], 11, 3, 3], "16": [[7599.260027764456, -15900.660587680846, 1153.908273189949], [4809.67729918423, -13358.18442805549, 1560.0], 19, 3, 3], "17": [[7975.911025488256, -16222.44854101432, 1353.7151310581976], [5408.067150421719, -13799.92584852718, 1560.0], 8, 3, 3], "18": [[8295.168774426436, -16391.13073223772, 1317.3037328769312], [6173.963649038257, -14005.786336797692, 1560.0], 13, 3, 3], "19": [[7962.538485069632, -16972.181564948627, 1282.4602752395597], [5201.004675118569, -14165.456493410897, 1560.0], 9, 3, 3], "2": [[-6482.555516924054, -14133.806197703238, 1148.646004037447], [-7066.828108679708, -11660.597023369199, 1560.0], 86, 3, 3], "20": [[7881.075928098602, -19402.168056898376, 1341.644609184933], [4826.094406238971, -15492.292947363749, 1560.0], 3, 3, 3], "21": [[8304.89224522707, -19725.93555598872, 1485.4041397987944], [5094.15650425923, -15744.167555931572, 1560.0], 6, 3, 3], "22": [[8883.75556243703, -19408.566241555847, 1398.4201072023366], [6012.965235030441, -15720.16088236827, 1560.0], 6, 3, 3], "23": [[7922.435792545055, -22465.023358850318, 1291.2892857667262], [4697.861541843656, -16930.534230458976, 1560.0], 62, 3, 3], "24": [[-789.1883674320657, 5974.814666372973, 1545.1181986655165], [-846.9796974313028, 5615.962706645621, 1560.0], 19, 3, 3], "25": [[5638.085398524773, 8286.781287594036, 1216.814929691573], [3848.8620407708336, 7229.268870022716, 1560.0], 30, 3, 3], "26": [[4941.020332200627, 10978.740429799567, 1344.1591813025725], [2712.5675985112275, 9130.234209604572, 1560.0], 36, 3, 3], "27": [[5213.00360804532, 12055.576582386224, 1186.948452795065], [2535.0772198916693, 9687.918211811042, 1560.0], 15, 3, 3], "28": [[-13650.35448479505, 4863.324604762582, 1144.3239523958025], [-13188.816098550255, 3820.569039521906, 1560.0], 9, 2, 2], "29": [[-11131.064878627392, 7752.282126773133, 1461.219640255186], [-10442.998585570862, 6313.24554366221, 1560.0], 67, 3, 3], "3": [[-8424.899415441983, -16749.15637324878, 877.6241756953187], [-8474.241029775176, -12393.60225110121, 1560.0], 14, 2, 2], "30": [[-13934.874021126041, 7556.149017140755, 1434.5676210251238], [-12468.566366681895, 5892.999696462455, 1560.0], 9, 2, 2], "31": [[-15035.545498063859, 7321.862795954519, 1123.055284096678], [-13537.279609816705, 5302.827343632192, 1560.0], 9, 2, 2], "32": [[-15833.315458433715, 6479.855561185078, 1306.5234834561957], [-14077.913420606686, 4846.513470482141, 1560.0], 9, 2, 2], "33": [[-11872.872011156287, -5298.795970707913, 1504.7636843296864], [-11712.234140453505, -5195.809179350302, 1560.0], 8, 3, 2], "34": [[-10575.817492958246, -7822.3583002676205, 1524.3582696765225], [-10257.265849653502, -7426.584183901776, 1560.0], 9, 3, 2], "35": [[-12702.684302809144, -4289.487247349898, 1254.5113666548862], [-12831.562996552731, -4112.343056787526, 1560.0], 67, 3, 3], "36": [[-13931.801442622515, -3801.6494295980124, 1425.3671251910248], [-13839.799564378976, -3725.8918549101254, 1560.0], 11, 3, 2], "37": [[-13462.130493530529, -5102.785395295325, 1239.3026863732712], [-13515.807957575702, -4873.944298826606, 1560.0], 14, 3, 2], "38": [[12282.756829239399, -21174.14226679048, 1417.572476211905], [8765.281745425506, -16878.880597651038, 1560.0], 7, 3, 3], "39": [[16393.621026267363, -8461.876803074469, 1233.3605347165696], [12675.33192501495, -7892.369629468598, 1560.0], 33, 3, 3], "4": [[-5767.158760827621, -18195.670662921235, 1560.0006655559662], [-7280.146146401739, -13320.251690422392, 1560.0], 0, 3, 1], "40": [[15024.904266055635, -8804.611544738538, 1231.9771019632385], [13096.992533872384, -8281.366855294777, 1560.0], 49, 3, 3], "41": [[14183.38935987474, -9240.544054941302, 1476.2040594342336], [12263.562844331207, -8685.920534405708, 1560.0], 31, 3, 3], "42": [[13246.43362458052, -9790.550982728208, 1275.389494247682], [10381.108820174464, -8973.496671726643, 1560.0], 11, 3, 3], "43": [[12443.824091225622, -10774.581596421018, 1325.5241704617156], [11603.107774068025, -9917.887823237, 1560.0], 88, 3, 3], "44": [[11887.096425454123, -15495.827211047177, 1560.0000007969877], [9680.341356395036, -11341.388847382146, 1560.0], 0, 2, 1], "45": [[12286.999705975668, -11846.301077768023, 1390.8193679019487], [11053.465680248608, -10904.690284406117, 1560.0], 19, 3, 3], "46": [[13355.970362321747, -12277.884281191224, 1559.9998352982902], [12396.669261214585, -11727.85094818128, 1560.0], 96, 3, 3], "47": [[12526.57294622771, -12879.997015207113, 1500.310087062795], [9634.673899379022, -11423.463608929336, 1560.0], 19, 3, 2], "48": [[14444.565568468797, -12180.648684378408, 1510.1901648696303], [13242.01255479456, -11414.088327731215, 1560.0], 23, 3, 3], "49": [[14802.984215525927, -12327.657403273957, 1235.719364639499], [12276.237297307838, -10881.948016444969, 1560.0], 53, 3, 3], "5": [[-9571.189840218965, -17345.48791345725, 1559.999988270077], [-8217.615734930418, -13233.037408552811, 1560.0], 0, 1, 1], "50": [[16738.655677027527, -10618.270448849815, 1404.1825574020147], [14789.925761971042, -10007.511862734367, 1560.0], 38, 3, 3], "51": [[17153.266143163633, -9790.289641587915, 1485.4250709226562], [14578.987810706847, -9185.04406928278, 1560.0], 21, 3, 3], "52": [[18242.201252235925, -11261.244005522338, 1519.8781649858304], [15964.070269136, -10459.070901297056, 1560.0], 10, 3, 3], "53": [[16604.697249609926, -11788.940317097822, 1401.4397944424795], [14868.689530376829, -11023.61595817398, 1560.0], 50, 3, 3], "54": [[22133.852502495465, -14565.238391970177, 1677.260730666424], [21322.877303605466, -13793.4962827825, 1560.0], 27, 3, 3], "55": [[12990.249293415029, 5543.453274337076, 1525.9656001495123], [11535.090502508356, 5118.550122120685, 1560.0], 20, 2, 2], "56": [[15068.179864050055, 5450.756465295501, 1457.249485131365], [12491.423074095444, 4740.069653611703, 1560.0], 25, 2, 2], "57": [[16128.043780246036, 5646.547325964687, 1560.0000107888075], [16399.194936376494, 5591.931209280665, 1560.0], 33, 2, 2], "58": [[14321.969646931275, 9086.431689638322, 1789.9999847504137], [12976.003327457738, 8236.93070046462, 1790.0], 0, 2, 2], "59": [[13860.7197919442, 7949.260671481181, 1629.9997760373528], [12941.051952832908, 7343.852615064063, 1630.0], 0, 2, 2], "6": [[-4480.222616627577, -15879.961641086024, 1323.2298634944743], [-4998.842501514126, -12973.530531548582, 1560.0], 92, 3, 3], "60": [[14695.596767903155, 7929.079196828645, 1559.9999675981608], [14532.589179340592, 7637.301355403936, 1560.0], 11, 2, 2], "61": [[10176.253571812906, 9696.424625182926, 1560.0000147840112], [8692.009712051748, 8711.46596106049, 1560.0], 19, 2, 2], "62": [[9260.553957671978, 9793.450850151106, 1464.575817963295], [7798.145730193812, 8519.915521082901, 1560.0], 30, 3, 3], "63": [[7081.630750563196, 12911.237177379095, 1600.0000109196733], [7515.124198471558, 9760.828950656964, 1600.0], 0, 3, 1], "64": [[6215.784117626175, 10078.841111078662, 1332.4905563651675], [4150.153754011291, 8618.025592540178, 1560.0], 19, 3, 3],