{"0": [[-7985.363329026275, 12729.358431824974, 1413.9645127406307], [-7637.406713008724, 9413.277608695545, 1560.0], 55, 3, 3], "1": [[-8636.00711922396, 12136.364410023652, 1234.546731391441], [-8427.659731012653, 8828.954087621034, 1560.0], 40, 3, 3], "10": [[-14542.007557589593, -5856.434934806475, 1589.125527104139], [-13854.497723548879, -5685.030311975805, 1560.0], 64, 3, 2], "11": [[-15326.19297986245, -6972.047089816777, 1560.0002304070154], [-14365.521513928445, -6558.655346609672, 1560.0], 31, 3, 2], "12": [[-15123.379481247934, -8604.859206953206, 1591.4091861794666], [-13760.502052983116, -7866.229273015068, 1560.0], 12, 3, 2], "13": [[-14758.477919230063, -9162.965221244129, 1560.0002230248426], [-13419.543960744677, -8262.531038079416, 1560.0], 3, 3, 2], "14": [[-12211.69569891471, -7390.96472513139, 1520.315835063063], [-11775.933838323375, -7014.461441234924, 1560.0], 11, 3, 2], "15": [[-12730.012835828325, -7477.18153995578, 1599.0136648490738], [-11976.401337011615, -7167.2019005196535, 1560.0], 18, 3, 2], "16": [[-13401.155099868462, -7619.410821977188, 1579.860161810795], [-12585.397424382534, -7228.7845678621425, 1560.0], 11, 3, 2], "17": [[-10903.6351077228, -8516.3398635568, 1559.999937378028], [-10207.857158916791, -8110.729590497151, 1560.0], 66, 3, 2], "18": [[-11792.030102105016, -8222.970856483227, 1560.0000442477744], [-11153.140838942954, -7761.706266345155, 1560.0], 0, 3, 2], "19": [[-11381.304349925633, -11136.782394843456, 1568.7782513522031], [-10183.481346717583, -10015.53852541315, 1560.0], 69, 3, 2], "2": [[-9198.574026627542, 10422.363629037125, 1698.9101952342564], [-8127.157716498085, 8543.606860313797, 1560.0], 65, 3, 3], "20": [[-14336.303388899625, -7289.886863668735, 1560.000322215587], [-13534.1044582959, -6850.055971881353, 1560.0], 8, 3, 2], "21": [[-13152.647495271156, -10927.389046493623, 1560.0004740285167], [-11716.230674021986, -9623.896832530392, 1560.0], 32, 3, 2], "22": [[-8225.277640247337, -14825.984238718302, 1330.9120301826943], [-7658.221630239601, -12611.494978732782, 1560.0], 48, 3, 2], "23": [[-8491.266776620623, -18022.586557460574, 1559.9998218307032], [-7206.750517181577, -13677.976885538299, 1560.0], 38, 2, 2], "24": [[-9850.789942528005, -16195.930643270722, 1560.0000497555964], [-8298.247657731057, -12808.960171307568, 1560.0], 34, 2, 2], "25": [[-8516.231883785116, -18149.62271284678, 1559.9997508869146], [-4096.908030684685, -13754.808261105487, 1560.0], 0, 1, 1], "26": [[-13868.734203196174, -16751.121635811094, 1650.0000002810368], [-6547.315169704855, -10523.612240704007, 1650.0], 0, 1, 1], "27": [[7458.705758569937, -18625.670940428896, 1293.2100004970746], [4996.706542295792, -15222.230597197424, 1560.0], 13, 3, 3], "28": [[8515.119085198336, -17679.805572553298, 1465.7548738493365], [6135.728577984939, -14822.871021296214, 1560.0], 7, 3, 3], "29": [[8908.475397237336, -16722.252158576488, 1559.9999157047914], [7296.100234358023, -14495.958311463055, 1560.0], 8, 3, 3], "3": [[-10764.053081187094, 9022.012816327448, 1615.4445199425709], [-9932.03926362211, 7173.617049933579, 1690.0], 8, 3, 2], "30": [[9538.767654536288, -16270.511327459857, 1245.2480972895787], [5948.330826081363, -13616.606134113299, 1560.0], 25, 3, 3], "31": [[9649.337218644747, -15765.122929996318, 1497.9641001975695], [7339.463680754109, -13626.7292516283, 1560.0], 3, 3, 3], "32": [[11336.231295165995, -18807.883231212778, 1543.8384022529406], [8562.799976468577, -15693.358940436821, 1560.0], 11, 3, 3], "33": [[12089.15134501314, -20329.702911703156, 1515.5308881819774], [9051.940076863284, -16526.911339399296, 1560.0], 17, 3, 3], "34": [[9999.763721746229, -13296.878138845024, 1513.7161581964392], [7814.690366461455, -11921.776616554165, 1560.0], 17, 2, 2], "35": [[18571.248653235885, -14080.996189101203, 1560.0000883506843], [17320.433960858514, -13052.131466224519, 1560.0], 24, 3, 3], "36": [[19957.622229994588, -13449.105064142075, 1560.0002775379103], [17689.709933870152, -12563.916129230809, 1560.0], 52, 3, 3], "37": [[17143.566520198707, -10092.822884220723, 1527.3446113658845], [16489.3210599215, -9626.590669400774, 1560.0], 37, 3, 3], "38": [[20142.85400815104, -11690.079717096216, 1689.9999642387959], [18859.095138635592, -10895.358063275513, 1690.0], 4, 2, 2], "39": [[16797.393618913382, -11198.640564246441, 1519.6503601477555], [15898.860646513973, -10560.813018474519, 1560.0], 22, 3, 3], "4": [[-8974.125117635125, 8782.128617683973, 1559.9999073334716], [-8268.049371431422, 7443.107308230398, 1560.0], 6, 3, 2], "40": [[15437.529669166432, -10926.75470770922, 1559.9999816193726], [15703.845231517153, -10862.958030778093, 1560.0], 128, 3, 3], "41": [[14350.466494289798, -11459.232508667797, 1534.4103593342882], [12383.224237266486, -10699.57680512164, 1560.0], 37, 3, 3], "42": [[12899.336092661702, -11477.10368757758, 1447.1571437772723], [11731.726689549314, -10759.585364821534, 1560.0], 41, 3, 3], "43": [[14450.731636753315, -13241.547882056642, 1559.999835957157], [14620.846072628055, -11408.35496881662, 1560.0], 30, 3, 2], "44": [[6104.980339289365, 10859.549009824583, 1483.0922701491463], [4648.460349495738, 9407.411794703068, 1560.0], 26, 3, 3], "45": [[7088.852019597659, 9760.758101266285, 1380.5524116512834], [5486.160149501573, 8486.791618110652, 1560.0], 8, 3, 3], "46": [[9962.089484916536, 10244.880612727116, 1601.969419192853], [8354.5276805919, 9096.724585253169, 1560.0], 30, 3, 3], "47": [[11643.957104703393, 7814.250348943451, 1700.000305729038], [10448.422431331059, 7131.344212837455, 1700.0], 5, 2, 2], "48": [[12673.525864484642, 7592.278934179931, 1640.0001937935751], [11719.707544280098, 7034.708255493168, 1640.0], 5, 2, 2], "49": [[13602.544847852865, 7447.247427832194, 1599.9998606077636], [12991.277054204764, 7017.581567960882, 1600.0], 0, 2, 2], "5": [[-10149.054130378616, 7112.5684735954355, 1527.9016368074808], [-9645.63954260274, 6030.129293062145, 1560.0], 19, 2, 2], "50": [[13678.461868613149, 9915.210975138332, 1559.9995753278295], [11530.575027802503, 8757.812337499558, 1560.0], 15, 2, 2], "51": [[14793.817202193517, 7576.985114306545, 1600.0002431893502], [14847.261845156283, 7347.454331957895, 1600.0], 6, 2, 2], "52": [[15663.607407273497, 9710.74285982675, 1810.0003405403295], [14878.89880836042, 8995.349758597878, 1810.0], 2, 2, 2], "53": [[16548.013706496084, 7617.878532103653, 1830.0000289578484], [16164.408011027626, 7250.573478354919, 1830.0], 1, 2, 2], "54": [[15102.702457242442, 1032.3850768392122, 1799.9997811888668], [15409.730133822944, 1070.9090302729987, 1800.0], 8, 2, 2], "55": [[-943.0453425953336, 9565.97259708153, 1619.1753309321516], [-2040.3646672201683, 8049.112933527697, 1760.0], 26, 3, 3], "56": [[-1180.6831369559884, 11666.223714419311, 1639.3223715002791], [-1824.3408955062587, 9703.559403327028, 1650.0], 7, 3, 3], "57": [[-9060.0577564337, 21933.405968701452, 1749.999924163962], [-8620.881665228624, 21106.355185758614, 1750.0], 0, 1, 1], "58": [[-7878.778767123694, 22038.996124224173, 1750.000115235615], [-7635.397694963292, 21385.85711125714, 1750.0], 0, 1, 1], "59": [[6751.962407819226, 14918.696341010482, 1749.229421889228], [4980.711927670936, 12268.825997062318, 1810.0], 30, 3, 3], "6": [[-11313.11861387618, 6868.611866922487, 1396.1233824364283], [-10800.962630698272, 5631.742412567693, 1560.0], 19, 2, 2], "60": [[7063.705753636657, 15942.003651570161, 1727.011111874712], [4974.598946240161, 12828.217928451992, 1840.0], 58, 3, 3], "61": [[7586.368254126871, 16145.757830649762, 1758.4775947312924], [5673.745143421534, 13010.13741873946, 1850.0], 23, 3, 2], "62": [[7647.506457965637, 21037.92109457904, 1559.999779221648], [4844.578567116476, 15553.714753580447, 1560.0], 0, 1, 1], "63": [[6973.286477918666, 21416.735316904305, 1559.9998831584835], [4231.891919780962, 15621.626521509626, 1560.0], 0, 1, 1], "64": [[6589.52457192727, 21419.78782400915, 1559.999855215962], [3922.6552514389978, 15574.187098877337, 1560.0], 0, 1, 1],