{"0": [[-7901.704567755324, 12806.189519128879, 1447.661411371919], [-7400.4083661548675, 9577.139250367907, 1560.0], 41, 3, 3], "1": [[-8681.18136074744, 12024.650736239248, 1282.0102993308203], [-8331.245040863249, 8859.20246673166, 1560.0], 44, 3, 3], "10": [[-12498.310453497721, 6577.2724178023545, 1549.4716336276551], [-11614.296959245508, 5442.649702321816, 1600.0], 33, 2, 2], "11": [[-11656.58106324202, 5927.899213271753, 1420.9007379474185], [-11218.255167798892, 4925.332718117016, 1560.0], 57, 3, 3], "12": [[-12821.796608674687, 5797.728143843091, 1454.9886179813009], [-12044.243086922339, 4830.9817097112955, 1560.0], 9, 2, 2], "13": [[-13799.206541949137, 5907.104937881357, 1508.2467185647163], [-12670.846723712368, 4882.301147268942, 1560.0], 35, 2, 2], "14": [[-14112.753462415196, 6608.8855058267445, 1445.3392756718467], [-12814.960385677743, 5271.139670338096, 1560.0], 28, 2, 2], "15": [[-11334.16432460044, -6714.770070944523, 1560.000027117941], [-10953.522826679648, -6518.572960613591, 1560.0], 20, 3, 2], "16": [[-12128.519160309603, -6922.423436613981, 1507.318663566535], [-11767.513472840246, -6611.371301720696, 1560.0], 11, 3, 2], "17": [[-12932.172627116126, -6147.982695948583, 1499.2227918019194], [-12647.547166451737, -5921.2830965729745, 1560.0], 54, 3, 3], "18": [[-13754.531937526315, -6291.036653134844, 1559.9997416301533], [-13206.961270616059, -6053.515389562462, 1560.0], 3, 3, 2], "19": [[-14659.423197386855, -5858.332444126231, 1508.1837902354237], [-14126.222249160246, -5593.619581331994, 1560.0], 25, 3, 3], "2": [[-9497.017974311935, 11727.65148340181, 1496.0844733324477], [-8585.01608118099, 8897.285663841196, 1560.0], 19, 3, 3], "20": [[-15486.758743816765, -6684.582380957302, 1560.0002775701284], [-14576.099503458187, -6291.635765611598, 1560.0], 2, 3, 2], "21": [[-13150.241370248159, -7738.114098950492, 1560.000146427276], [-12409.483547082971, -7303.229726115261, 1560.0], 3, 3, 2], "22": [[-12670.453949594283, -7545.729093651394, 1560.000080243447], [-12040.871216553589, -7173.865942375335, 1560.0], 15, 3, 2], "23": [[-12187.985943728012, -7861.958643812585, 1559.9996929589595], [-11645.587096155648, -7428.8720643373645, 1560.0], 8, 3, 2], "24": [[-10956.531010322393, -8438.431705396726, 1652.8124555563363], [-10121.10060248158, -8109.211390353746, 1560.0], 55, 3, 2], "25": [[-11552.588236505422, -7463.976199883727, 1560.000084555561], [-10983.038516746326, -7166.769483063097, 1560.0], 10, 3, 2], "26": [[-11700.52743394012, -9635.25487876218, 1606.800131618329], [-10721.579797963763, -8937.707447621751, 1560.0], 31, 3, 2], "27": [[-12244.406325166456, -9710.54681144929, 1665.5335624802692], [-11090.355264798223, -9003.99124274818, 1560.0], 16, 3, 2], "28": [[-13194.785015816678, -8863.909570865822, 1580.1804880326727], [-12208.390924388972, -8215.758263780719, 1560.0], 10, 3, 2], "29": [[-14062.26617315995, -9364.050964340526, 1560.0000945527436], [-12842.365894084702, -8467.079482182387, 1560.0], 4, 3, 2], "3": [[-8793.535328897991, 10256.667302969685, 1643.8085414888926], [-8168.364029857009, 8217.970693606614, 1650.0], 36, 3, 3], "30": [[-14917.488591382371, -8393.725867858459, 1619.7532095736249], [-13648.779358545882, -7740.463559251352, 1560.0], 21, 3, 2], "31": [[-13512.116399237395, -11652.981397438976, 1560.0001734603293], [-11852.954021446412, -9986.860191433263, 1560.0], 17, 3, 2], "32": [[-11522.847196976923, -11290.091911302132, 1693.9333170058687], [-10184.215733947349, -10134.110913636901, 1560.0], 15, 3, 2], "33": [[-7768.528375526496, -15291.640458386275, 1226.2545592161694], [-7555.065465920114, -12702.359821125354, 1560.0], 58, 3, 2], "34": [[-7981.01531094845, -18158.556714365863, 1559.9998786394322], [-6867.914919178827, -13791.291384013439, 1560.0], 9, 2, 2], "35": [[-1147.6319022679306, -17480.64589546888, 1565.6568718327067], [-1881.0901700462612, -14331.578085184623, 1560.0], 72, 3, 3], "36": [[-876.362804994548, -18227.44326676534, 1569.868529680486], [-1563.736444017478, -14727.515563468523, 1560.0], 32, 3, 3], "37": [[970.1478167633604, -18365.59604579598, 1504.6518476863007], [-531.7126342885792, -14718.783160364175, 1560.0], 49, 3, 3], "38": [[-740.9118475599222, -16555.288882822428, 1723.8663058097525], [-1283.2531432538296, -14047.738487154207, 1560.0], 85, 3, 3], "39": [[-684.49216685847, -15321.231604649467, 1591.580376461395], [-1025.7316074390649, -13390.89732607104, 1560.0], 65, 3, 3], "4": [[-8860.027571013969, 8432.558834503569, 1318.4859694128236], [-8780.904775517532, 6807.986871637871, 1560.0], 24, 3, 3], "40": [[7835.9676523400985, -16338.453371717222, 1433.316985164568], [5696.766382566015, -14056.919389671899, 1560.0], 25, 3, 3], "41": [[13998.560553424993, -16684.036229648813, 1285.116041862924], [10748.197065074923, -14246.354748903726, 1560.0], 12, 3, 3], "42": [[15627.869703140204, -17839.34487206813, 1712.7780368080942], [13093.326413241051, -15492.34862073959, 1560.0], 7, 3, 3], "43": [[21673.539051633506, -18623.00569010665, 1860.295173591748], [19371.130341082575, -16353.205262252466, 1750.0], 29, 2, 2], "44": [[17099.725235705228, -10135.147376013125, 1590.105121182544], [16423.324501481377, -9732.456721494269, 1560.0], 4, 3, 3], "45": [[16061.844959363512, -10161.134953023071, 1560.0001033100332], [15621.630725653302, -9821.625126061646, 1560.0], 29, 3, 3], "46": [[15225.102321791694, -10599.6126456607, 1519.4715077693752], [13992.109235864065, -10184.785394848535, 1560.0], 46, 3, 3], "47": [[14552.859732115085, -11352.498340116303, 1463.0956762032686], [12490.535442935785, -10515.430328480657, 1560.0], 9, 3, 3], "48": [[15074.767584322051, -11576.90910241738, 1559.9999422897456], [14247.06814201159, -10890.849943749421, 1560.0], 6, 3, 3], "49": [[12786.399185842218, -11456.71062137199, 1470.4435729889337], [11731.726689549314, -10759.585364821534, 1560.0], 18, 3, 3], "5": [[-10011.56769998699, 7079.324454613947, 1352.0391935452628], [-9672.359732462888, 5895.200649556002, 1560.0], 34, 3, 3], "50": [[12336.056533864936, -12119.593775950492, 1262.7358925293622], [11003.942501148065, -10991.876557138596, 1560.0], 71, 3, 3], "51": [[12833.458483121856, -11989.945632127157, 1337.394393363751], [11628.76820447593, -10938.098924971564, 1560.0], 44, 3, 3], "52": [[13433.628060349303, -11885.162043905966, 1353.5488292275006], [11731.726689549314, -10759.585364821534, 1560.0], 35, 3, 3], "53": [[14497.331278226698, -12209.440659324082, 1401.0342739840137], [12836.681716696032, -11007.846034800607, 1560.0], 53, 3, 3], "54": [[15600.282868318598, -11605.419406953057, 1560.0003291633766], [14367.059813485788, -10697.94027958334, 1560.0], 40, 3, 3], "55": [[16671.964089796456, -11381.594226372395, 1559.9999698926554], [15833.752791231314, -10662.041299409319, 1560.0], 42, 3, 3], "56": [[17471.473649255167, -13738.634359817763, 1560.0003894047534], [16628.82692330374, -12880.571257778784, 1560.0], 31, 3, 3], "57": [[15648.73986531216, -3568.304171213504, 1560.000149411954], [16704.900459018816, -3829.667768570463, 1560.0], 60, 3, 3], "58": [[-3644.1903057754444, 11069.747750653361, 1399.0531271005837], [-4221.893765475714, 8979.303346743794, 1560.0], 7, 3, 3], "59": [[-2339.498115329401, 10208.642338152864, 1424.9346139950085], [-3522.2650141603535, 8321.155649388606, 1560.0], 59, 3, 3], "6": [[-11032.168855499498, 6194.174990237728, 1300.864870131459], [-10845.779510200498, 5056.64493230297, 1560.0], 74, 3, 3], "60": [[-997.4726700418915, 12205.15613219342, 1485.4068262905923], [-1934.1779603839332, 9916.984415894436, 1560.0], 14, 3, 3], "61": [[-558.1810777307462, 12660.132815549568, 1563.5413213666698], [-989.7508117227998, 10607.11217592687, 1560.0], 10, 3, 3], "62": [[6101.328915026101, 13078.739912681904, 1376.804906283723], [4290.706206645612, 10859.77063282287, 1560.0], 8, 3, 2], "63": [[6933.088291719148, 12148.988370637186, 1247.5133524541288], [4422.932920257617, 9913.688917011448, 1560.0], 13, 3, 3],