{"0": [[-8053.085709486664, -17541.163165992388, 1559.9998963274109], [-6897.49108716463, -13999.884090639107, 1560.0], 0, 1, 1], "1": [[-8114.90977886053, -16661.018583744717, 1560.000167625312], [-6881.401575169424, -13885.742734743364, 1560.0], 0, 1, 1], "10": [[-13949.832125983596, -8713.412608353567, 1559.9998955781614], [-12877.172767602022, -8017.211034848827, 1560.0], 4, 2, 2], "11": [[-14722.101155424274, -7897.892808420862, 1559.9997681488135], [-13731.11219384797, -7307.54460931998, 1560.0], 3, 3, 2], "12": [[-10734.369744254429, -7632.776373387201, 1560.0002608517336], [-10252.897615961223, -7352.514585056413, 1560.0], 9, 3, 2], "13": [[-11461.895534349167, -7127.11680062767, 1421.953177793198], [-11272.23119384078, -6779.87445543087, 1560.0], 22, 3, 2], "14": [[-12342.668400968298, -6642.742404433149, 1511.2736446659328], [-11964.480819329336, -6374.23953643119, 1560.0], 13, 3, 2], "15": [[-13485.648858499635, -6372.11554281593, 1478.5374669938133], [-13045.98444110178, -6108.84361853833, 1560.0], 16, 3, 2], "16": [[-14036.425508310305, -6341.029953092735, 1365.508227616627], [-13659.876519704434, -5984.042524884447, 1560.0], 11, 3, 2], "17": [[-15315.820659921592, -6471.550826346299, 1528.453825750301], [-14512.479043699874, -6118.310324073878, 1560.0], 11, 3, 2], "18": [[-14895.961799496847, -6705.958925270333, 1559.9996217689636], [-14096.217899921412, -6342.660992315269, 1560.0], 1, 3, 2], "19": [[-13342.021187056533, -7731.530852929732, 1605.2280251597801], [-12526.177926981709, -7313.67350709876, 1560.0], 11, 3, 2], "2": [[-9951.581069522505, -17615.30273646647, 1689.9999843155235], [-7830.292919682833, -13489.999727070275, 1690.0], 0, 1, 1], "20": [[-15489.404656990875, 6220.108612907915, 1379.4206560379978], [-13899.14882914798, 4779.4672610044145, 1560.0], 26, 2, 2], "21": [[-14964.80794981002, 6451.725691191763, 1559.9999807652523], [-13255.662350524326, 5223.546308825251, 1560.0], 3, 2, 2], "22": [[-14200.705225337846, 6085.284782178265, 1214.7445107293045], [-13274.467393590076, 4661.072850110388, 1560.0], 99, 2, 2], "23": [[-13915.359235481528, 6244.342506474532, 1522.4585325266396], [-12664.265991763345, 5119.838034815235, 1560.0], 10, 2, 2], "24": [[-13301.84298530303, 5664.901689387266, 1315.107781385492], [-12588.445105849838, 4570.285196824258, 1560.0], 29, 2, 2], "25": [[-12514.095954983128, 5621.158848409135, 1426.0424746090648], [-11907.34635545705, 4644.272082013468, 1560.0], 72, 3, 3], "26": [[-11971.261690781388, 6728.636957732356, 1434.4188081672673], [-11367.694976661613, 5468.550564170185, 1560.0], 89, 3, 3], "27": [[-12661.195353535588, 6620.421036764379, 1381.072198938845], [-11882.192603015028, 5317.316142631559, 1560.0], 23, 2, 2], "28": [[-13153.905417830216, 6788.461803786135, 1571.542639010552], [-11789.934465498382, 5722.799406903186, 1560.0], 9, 2, 2], "29": [[-12208.156195579206, 7804.942030641179, 1560.000035781494], [-11028.493736201346, 6413.444258029065, 1560.0], 5, 2, 2], "3": [[-9858.786381403062, -16780.534553499234, 1334.0567131969233], [-8758.951116533312, -12655.762358044378, 1560.0], 13, 2, 2], "30": [[-10871.542292920232, 7002.690303858698, 1544.259797468032], [-10235.958517211497, 5887.4643848637415, 1560.0], 55, 3, 3], "31": [[-10315.647336638418, 7823.342522092844, 1526.9160025718672], [-9621.955615502531, 6553.90998878085, 1560.0], 14, 3, 3], "32": [[-8052.482288096374, 10111.88899846185, 1528.7051612090142], [-7595.661660594037, 8231.877953149067, 1560.0], 21, 3, 3], "33": [[-7124.53828212618, 11688.644631417968, 1279.2243463790835], [-7130.989477424777, 8906.353386925754, 1560.0], 32, 3, 3], "34": [[-9260.518792956746, 10352.329952451146, 1559.9999290241421], [-8258.555342387737, 8379.295916203871, 1560.0], 33, 3, 3], "35": [[-1086.208280225277, 11833.949127946458, 1455.0600410607058], [-1973.091421759472, 9711.6622543493, 1560.0], 3, 3, 3], "36": [[5736.619660559714, 12367.316683835868, 1236.0194682553795], [3177.734938628086, 9965.29463847777, 1560.0], 20, 3, 3], "37": [[6274.852513619412, 10789.842404785122, 1555.2755404063332], [4997.847962095845, 9456.976279028178, 1560.0], 13, 3, 3], "38": [[10317.79650680744, 10229.280297880776, 1713.960872017748], [9746.435691155626, 9440.980304625542, 1670.0], 6, 3, 3], "39": [[11384.084237067453, 9441.230964703424, 1917.301497052095], [10407.3097688162, 8816.211398451618, 1700.0], 47, 3, 3], "4": [[-8430.120986338005, -17550.940555839174, 1215.5317008009213], [-7909.230442165055, -13030.452500467183, 1560.0], 13, 2, 2], "40": [[11261.066395816788, 8663.032954432521, 1626.6214218553175], [8397.313027154636, 7519.432334660115, 1560.0], 184, 3, 2], "41": [[14006.302946375356, 9702.777752227616, 1910.0001293039702], [13150.067485287182, 8945.699174994308, 1910.0], 3, 2, 2], "42": [[15516.431108979428, 8929.117800871787, 1560.0000349516743], [16117.804759646635, 8774.233094019348, 1560.0], 98, 2, 2], "43": [[13584.808788584618, 8252.502707658656, 1800.000042193177], [13399.079626559127, 7890.766563066227, 1800.0], 10, 2, 2], "44": [[14977.540455556775, 7826.255535388527, 1560.0000274774454], [15151.010449648496, 7669.751507890962, 1560.0], 97, 2, 2], "45": [[15454.301316316592, 7761.067327038116, 1730.0000952251437], [14781.47699740575, 7309.223644533909, 1730.0], 2, 2, 2], "46": [[13991.412598753801, 7409.527330670232, 1700.0001419045293], [13026.85026061212, 6894.05350768785, 1700.0], 0, 2, 2], "47": [[12218.733549004648, 6608.963874689893, 1636.9180502224613], [12115.61757859746, 6239.916944551203, 1620.0], 11, 3, 3], "48": [[10735.581985275709, 7646.017730940916, 1559.9999905215195], [9586.122116963725, 6929.076079333403, 1560.0], 15, 3, 3], "49": [[11387.891464028467, 7272.179654597075, 1429.3643262891167], [9907.063616265767, 6381.074585890405, 1560.0], 31, 3, 3], "5": [[-8096.988870835937, -16085.152040915022, 1273.50580478295], [-7584.667228297866, -12995.86260104187, 1560.0], 28, 3, 2], "50": [[13620.621826144385, 1548.1696002859148, 1799.9996757787223], [13652.892574175698, 1511.17670254361, 1800.0], 2, 2, 2], "51": [[10443.473824827868, -1435.698059576234, 1559.9994154253004], [10910.844595926665, -1464.014139503857, 1560.0], 7, 3, 3], "52": [[14305.212330857814, 1089.7934705225368, 1630.0000389585919], [14362.776521494376, 1000.9427462239006, 1630.0], 2, 2, 2], "53": [[15045.41067994057, 829.0516183147524, 1580.0001278967616], [15202.95505154547, 831.836771864986, 1580.0], 9, 2, 2], "54": [[12091.160678070068, -11677.581745696974, 1235.8484085491577], [9565.827578332133, -10557.98525623617, 1560.0], 7, 3, 3], "55": [[14971.396527645558, -10611.727041618633, 1541.3939173964422], [14050.423893677551, -10086.934232454014, 1560.0], 21, 3, 3], "56": [[15797.11687540488, -10270.627850878633, 1491.6773888179428], [14225.873663509708, -9790.552359360561, 1560.0], 36, 3, 3], "57": [[17044.06845849967, -10061.757111535198, 1559.999951332571], [15684.987697403552, -9718.211425357926, 1560.0], 28, 3, 3], "58": [[19928.39001941591, -10482.712731869478, 1658.7189857284905], [20072.28662816723, -10497.837547804425, 1560.0], 43, 3, 3], "59": [[19546.87938643909, -11450.184647177693, 1559.999910650423], [17415.00472082734, -10622.238790128778, 1560.0], 3, 2, 2], "6": [[-15568.578926258782, -9533.985987939159, 1560.000168971432], [-13870.24522439104, -8437.120284685341, 1560.0], 16, 3, 2], "60": [[22061.318732747794, -11447.578656084686, 1560.0004039969651], [20733.68844742609, -9972.529798998681, 1560.0], 20, 2, 2], "61": [[16636.966440619097, -9982.580723124935, 1504.7892013793025], [15094.635911452131, -9499.790031684885, 1560.0], 14, 3, 3], "62": [[22356.616740743622, -13829.195894273615, 1559.9999611114035], [20947.62140182586, -11585.223065191756, 1560.0], 14, 2, 2], "63": [[26715.808854162984, -19766.910605023415, 1750.000019175675], [14397.742474106786, -6617.590854345659, 1750.0], 0, 1, 1], "64": [[12586.090933148882, -14057.026115244089, 1560.0002763509467], [11121.883398717197, -12771.542135080412, 1560.0], 3, 2, 2],