{"0": [[-7823.810629224996, -15657.118518744799, 1559.9995311849357], [-7124.277745510506, -13948.463289243116, 1560.0], 0, 1, 1], "1": [[-9314.550101724479, -16309.171995307393, 1560.0000334627694], [-8001.566113435368, -12870.024358476927, 1560.0], 9, 2, 2], "10": [[-14892.328497436121, 6541.141726693347, 1297.2743688694443], [-13523.769402279304, 4956.460046253981, 1560.0], 53, 2, 2], "11": [[-11549.60965539512, 7972.780590411449, 1603.4946883354312], [-10361.053093917382, 6681.428627029245, 1560.0], 30, 3, 3], "12": [[-11138.376701621168, 5995.9512710967665, 1420.4185853901263], [-10700.102999814331, 5060.471213869484, 1560.0], 44, 3, 3], "13": [[-13078.530490086914, 5660.064950007938, 1219.0030190821583], [-12559.162368247491, 4463.088282533161, 1560.0], 44, 2, 2], "14": [[-13608.131948485492, 5755.906024138528, 1325.3963801029072], [-12782.400444570623, 4604.172629871404, 1560.0], 28, 2, 2], "15": [[-14208.680360282622, 5291.406353305342, 1330.0601309924325], [-13336.416713192924, 4203.244968004372, 1560.0], 20, 2, 2], "16": [[-8420.701283356324, 8486.106549651626, 1382.3716259759583], [-8375.631200235071, 6913.581187847398, 1560.0], 23, 3, 3], "17": [[-7933.744952727687, 10535.143426983808, 1556.7907951407456], [-7888.871447568773, 8177.811776161005, 1710.0], 56, 3, 3], "18": [[-8633.546789124899, 12835.208323541416, 1388.8831670589368], [-8017.7935528803755, 9405.244539248048, 1560.0], 30, 3, 3], "19": [[6681.468690081753, 10892.263292358177, 1452.782381666867], [4977.565990352052, 9362.015190300323, 1560.0], 18, 3, 3], "2": [[-9418.923354501987, -15783.067648929875, 1560.0002438379981], [-8090.189614512069, -12657.16862535643, 1560.0], 12, 3, 2], "20": [[4831.005194886403, 9576.645628869313, 1560.0001155363852], [4150.153754011291, 8618.025592540178, 1560.0], 6, 3, 3], "21": [[6992.0468558424245, 9773.09008378867, 1276.6687255934046], [5103.635787795141, 8352.779090460013, 1560.0], 14, 3, 3], "22": [[10980.730788510744, 9297.250767516254, 1559.9999818215358], [11045.626681381804, 8827.98056169928, 1560.0], 21, 2, 2], "23": [[9647.114283328157, 9045.210432483027, 1557.2622705106144], [9438.755272457302, 8131.590889926264, 1560.0], 121, 3, 3], "24": [[10612.747343942396, 8790.312191305886, 1537.7395179506827], [9852.001136564564, 7942.35491783975, 1560.0], 30, 3, 3], "25": [[11655.613501279639, 8065.028754125898, 1560.0001409861152], [11733.22035730025, 7606.172379479013, 1560.0], 21, 3, 3], "26": [[11839.968739400929, 7204.520209208499, 1860.0004124927898], [11110.23462143226, 6733.719482784373, 1860.0], 0, 2, 2], "27": [[18063.62431211573, 8288.623951097346, 1870.0002212928011], [17514.697146670496, 7811.034814054957, 1870.0], 2, 2, 2], "28": [[12664.231698608874, 5751.3714105095905, 1588.0656217822457], [12681.082332173975, 5348.820102101322, 1560.0], 49, 3, 3], "29": [[12399.490776009425, 1329.1898675908376, 1560.0001160594757], [13008.663069844157, 1242.291211232557, 1560.0], 18, 3, 3], "3": [[-7594.643443538897, -14731.092940216718, 1285.686555054491], [-7182.153546627673, -12522.440667019258, 1560.0], 20, 3, 2], "30": [[14507.0251309334, 1373.292023856536, 1560.000241384866], [14797.850065648425, 1165.7815496114147, 1560.0], 44, 3, 3], "31": [[16949.835678691838, -5717.6383920418575, 1551.7874357715239], [15757.867417872243, -5729.619150157525, 1560.0], 48, 3, 3], "32": [[14885.654046066657, -6735.765093048611, 1529.4720693192317], [14528.219899400336, -6787.357262678165, 1560.0], 39, 3, 3], "33": [[12022.075576634386, -9120.508587034281, 1320.8093325688749], [10564.909615205528, -8604.254746320032, 1560.0], 25, 3, 3], "34": [[19108.916414627536, -14050.268391736583, 1750.0000082085796], [18444.388293921424, -12528.321323448672, 1750.0], 0, 1, 1], "35": [[15144.405621912932, -11309.527488333144, 1560.0004453659851], [14307.017172246196, -10794.636651194076, 1560.0], 19, 3, 3], "36": [[14528.351525854649, -12539.082237069557, 1559.999409080938], [13652.85641844026, -11826.49852573003, 1560.0], 23, 3, 3], "37": [[15283.748980153718, -13208.098818782484, 1383.7210702039793], [12901.038196955857, -11954.799328136305, 1560.0], 19, 3, 3], "38": [[14106.319986810455, -9868.689736896924, 1370.181637807317], [12513.572533669903, -9365.598810540798, 1560.0], 20, 3, 3], "39": [[12978.901768217023, -10804.54945599087, 1559.999898503677], [12042.45825820641, -10213.678017480968, 1560.0], 14, 3, 3], "4": [[-11673.243383334473, -8065.357825893267, 1559.9998819474406], [-11149.963394966757, -7627.4657876098045, 1560.0], 16, 3, 2], "40": [[12475.711867522967, -11249.247866595502, 1559.99983799141], [12329.689970696983, -10790.984199541484, 1560.0], 16, 3, 3], "41": [[12024.73621765386, -10907.637230040571, 1512.7604969775264], [11352.17668806884, -10372.747660394036, 1560.0], 19, 3, 3], "42": [[9988.384160799375, -13370.864879535626, 1343.0368422773565], [7814.690366461455, -11921.776616554165, 1560.0], 9, 2, 2], "43": [[9870.255630006955, -16294.354059951016, 1409.6952771488507], [7625.044385798593, -13970.253110966803, 1560.0], 17, 2, 2], "44": [[10008.77761988421, -16654.6216277306, 1559.999640999409], [7913.20100412291, -14316.994708694838, 1560.0], 8, 2, 2], "45": [[9107.112324749412, -17976.547193906485, 1536.5824527679104], [6852.188960157136, -15179.69446822729, 1560.0], 16, 3, 3], "46": [[8208.227239365991, -18711.359547840693, 1471.202810617683], [5764.753953962763, -15402.244857794603, 1560.0], 4, 3, 3], "47": [[7609.193097586519, -19350.56252929306, 924.781119418204], [3514.7010629946853, -14991.249020623822, 1560.0], 10, 3, 3], "48": [[7605.715201630618, -24532.538988997923, 1559.9998434166034], [4642.08386655579, -18097.94844517877, 1560.0], 15, 2, 2], "49": [[11695.25722281866, -27736.587035006796, 1560.0000413613602], [6883.628654841195, -19439.072333962005, 1560.0], 23, 2, 2], "5": [[-11177.423374592883, -6983.85212891159, 1507.767749214235], [-10962.580185999917, -6701.193971187151, 1560.0], 9, 3, 2], "50": [[13880.165187228737, -11014.980515525087, 1449.7157145273097], [11990.479303736993, -10305.743542094477, 1560.0], 21, 3, 3], "51": [[-10095.057122399738, -15390.622343386762, 1560.0002480008045], [-4486.47592800125, -13067.15337664343, 1560.0], 0, 1, 1], "52": [[-10292.385331483512, -17816.31174003802, 1580.0000188549102], [-5127.497506239352, -12294.170810015832, 1580.0], 0, 1, 1], "53": [[-7866.081266569883, -17347.283467227066, 1560.0000728936561], [-3198.367734838639, -15202.605970160288, 1560.0], 0, 1, 1], "54": [[-8159.213770685315, -17525.06543755744, 1559.9999706364633], [-3468.820697336361, -14984.03778629405, 1560.0], 0, 1, 1], "55": [[-10402.117010820302, 15522.864511001419, 1559.9996667405912], [-7448.440424230688, 12976.26913213589, 1560.0], 18, 2, 2], "56": [[6416.440976741704, 16251.717928605094, 1733.392927124422], [4041.274872328481, 12807.722634176815, 1910.0], 46, 3, 3], "57": [[6630.281641462096, 19369.76666657241, 1716.8254723237453], [4190.032098517675, 14463.308385494442, 1950.0], 42, 2, 2], "58": [[7125.326318910311, 20147.322842148507, 1581.7351335651822], [5161.527105851737, 15516.116961543452, 1560.0], 10, 2, 2], "59": [[7647.506457965637, 21037.92109457904, 1559.999779221648], [4844.578567116476, 15553.714753580447, 1560.0], 0, 1, 1], "6": [[-12402.99693023191, -6581.339124985181, 1517.1208870968305], [-12029.443268233917, -6318.887954030854, 1560.0], 15, 3, 2], "60": [[7278.140903826712, 21132.910804778163, 1559.9998118932685], [4521.058519583714, 15508.036807735352, 1560.0], 0, 1, 1], "61": [[6442.898715474038, 21563.137061031415, 1559.9999041019103], [3935.7735523536076, 15652.058499909066, 1560.0], 0, 1, 1], "62": [[5305.81223681036, 22059.39958245583, 1559.99999793416], [2791.0013126422127, 15606.915572205397, 1560.0], 0, 1, 1], "7": [[-13576.381769889029, -6215.532946050456, 1559.9999442467997], [-13046.348306004349, -5984.512297667169, 1560.0], 1, 3, 2], "8": [[-12973.732132838524, -6973.981077220946, 1560.0000664977251], [-12413.476678074723, -6679.71980904349, 1560.0], 9, 3, 2],