{"0": [[-13743.407256052062, 6069.34522268002, 1458.2455922234763], [-12655.008170386624, 4951.3802716291375, 1560.0], 33, 2, 2], "1": [[-13603.500086337086, 5042.096954304324, 1292.5341972445465], [-12997.777688581507, 4051.9504807155818, 1560.0], 25, 2, 2], "10": [[-14196.53231200411, -6568.764578519828, 1574.3148276722084], [-13457.384071398537, -6319.286422435299, 1560.0], 17, 3, 2], "11": [[-13311.330726702903, -8095.026996116077, 1567.4047978746855], [-12461.377127099897, -7607.8176284910205, 1560.0], 25, 3, 2], "12": [[-12742.637064216779, -7895.86581410286, 1560.0001724759386], [-12040.618777389875, -7458.604210031955, 1560.0], 12, 3, 2], "13": [[-10796.913127567286, -8724.396252867975, 1560.000477048545], [-10128.427072548475, -8251.443768396502, 1560.0], 25, 3, 2], "14": [[-12786.093477303973, -8852.615988351426, 1560.0000271969982], [-11904.270154119036, -8218.57062085843, 1560.0], 2, 3, 2], "15": [[-13165.003190194982, -9480.015128271265, 1601.759527319439], [-12011.178025901436, -8677.503564159188, 1560.0], 32, 3, 2], "16": [[-13838.872602506544, -9401.87900018642, 1265.913526035428], [-13056.69557788938, -8251.882852556882, 1560.0], 11, 3, 2], "17": [[-15070.400578687695, -8567.402004283878, 1559.9999455453824], [-13809.712057268453, -7793.452243406458, 1560.0], 1, 3, 2], "18": [[-11463.270636416804, -8519.238585532348, 2792.4536967618114], [-8432.20714136038, -9142.001573540938, 1560.0], 10, 2, 2], "19": [[-9162.660782344245, -15716.680702228608, 1560.0000164666196], [-7983.3227715089115, -12614.166517687752, 1560.0], 9, 2, 2], "2": [[-12642.904479826871, 5163.453300662097, 1469.2551793769105], [-12026.994421512105, 4340.1564514741285, 1560.0], 73, 3, 3], "20": [[9150.757509109822, -21012.638952422432, 1559.9996345566522], [6277.588109545492, -16677.785372651244, 1560.0], 6, 2, 2], "21": [[12033.575459686459, -19051.20247572427, 1560.0000022048464], [9538.235367036066, -15907.083843943068, 1560.0], 8, 2, 2], "22": [[11673.350526169519, -18427.717528774338, 1559.9997488144431], [9233.818051894246, -15542.432736963767, 1560.0], 12, 2, 2], "23": [[10601.048236725132, -16995.198575482766, 1485.1403258088071], [8768.607154369156, -14621.478651753558, 1560.0], 22, 2, 2], "24": [[6705.275466339448, -22833.249224079045, 1750.0000008178], [3838.6827095726558, -17196.36580585968, 1750.0], 0, 1, 1], "25": [[9956.082826879876, -13193.100898679768, 1364.12691745269], [7474.383512379054, -11651.91920691555, 1560.0], 8, 2, 2], "26": [[12761.637364176639, -11670.15537431358, 1474.7361126111023], [11628.76820447593, -10938.098924971564, 1560.0], 18, 3, 3], "27": [[14350.233034077719, -11501.24434504414, 1529.394658778168], [12383.224237266486, -10699.57680512164, 1560.0], 34, 3, 3], "28": [[15369.822661063421, -10811.449608389818, 1469.8824529304409], [15243.43566806858, -10431.600914291208, 1560.0], 43, 3, 3], "29": [[17156.635945446924, -9975.418772820198, 1560.0001724785257], [16489.3210599215, -9626.590669400774, 1560.0], 32, 3, 3], "3": [[-11209.346872886346, 5490.920293022591, 1347.5235008072104], [-11012.57081970843, 4555.437052415246, 1560.0], 44, 3, 3], "30": [[14061.885094552908, -13098.890167507758, 1560.000052927532], [13417.936294674457, -12187.335415609867, 1560.0], 19, 3, 3], "31": [[15846.232326524934, -12592.595224733042, 1468.8560383472106], [15704.794131829238, -11986.510605048874, 1560.0], 67, 3, 3], "32": [[5764.0881710255135, 11045.954858025823, 1485.8786949560636], [4707.7608696362095, 9688.523231545621, 1560.0], 23, 3, 3], "33": [[6582.466362527657, 12988.100816254793, 1458.8639237509797], [4959.186441662247, 10903.168184264025, 1560.0], 71, 3, 3], "34": [[9180.851630506206, 10903.963177350635, 1559.9998501164362], [7647.072699117554, 9626.867580499307, 1560.0], 11, 2, 2], "35": [[9987.25727568586, 9826.977616940987, 1560.0001143669986], [8770.988594576145, 9037.543251790084, 1560.0], 33, 3, 3], "36": [[8991.135435881768, 9568.775988499092, 1560.0000139973629], [7380.807184771453, 8479.82495039378, 1560.0], 18, 3, 3], "37": [[10598.67948333258, 9666.581606055997, 1685.714113612574], [8741.844318857584, 8291.965807634435, 1730.0], 59, 3, 3], "38": [[12446.144815207272, 7661.023886915529, 1600.0005749478937], [11397.391978459398, 7070.4807830516565, 1600.0], 4, 2, 2], "39": [[13557.33181572369, 7522.7037610202515, 1609.9998007203], [12974.725610089523, 7126.572157530255, 1610.0], 1, 2, 2], "4": [[-11928.44910824658, 5577.326482936735, 1485.4894994048357], [-11390.923425557954, 4722.655599143121, 1560.0], 72, 3, 3], "40": [[13511.606470604553, 9760.550338494408, 1620.000303307717], [13561.996317535666, 9353.46720962024, 1620.0], 20, 2, 2], "41": [[15254.847823460426, 9587.745949445856, 1870.0001601175484], [13870.910310089106, 8700.631091846824, 1870.0], 2, 2, 2], "42": [[16325.437042424604, 8753.226495596271, 1750.0001663245953], [14869.168911282804, 7927.412434893513, 1750.0], 5, 2, 2], "43": [[-9856.522286827574, 13203.902070840368, 1750.0002123248657], [-9602.976281795109, 13146.393471235937, 1750.0], 0, 1, 1], "44": [[-8365.617567037656, 20183.790943353404, 1749.999932288835], [-8145.760508541075, 19773.2342735511, 1750.0], 0, 1, 1], "45": [[7925.0779909438015, 15893.888607576262, 1750.1213191873442], [5934.132734494261, 12881.666597539996, 1870.0], 24, 3, 2], "46": [[6966.568351255205, 19028.91667861411, 1711.2292025441357], [4495.877451189902, 14338.788890054839, 1950.0], 55, 3, 2], "47": [[7824.214871869447, 20946.954703701475, 1559.9999763377905], [5175.801152565834, 15599.78628604066, 1560.0], 0, 1, 1], "48": [[6779.611994478182, 21417.438166336924, 1560.000278375161], [4245.210220897906, 15700.7505444906, 1560.0], 0, 1, 1], "49": [[7278.140903826712, 21132.910804778163, 1559.9998118932685], [4521.058519583714, 15508.036807735352, 1560.0], 0, 1, 1], "5": [[-11438.474714172766, 6516.383184753366, 1307.8400111762085], [-11077.350504782498, 5291.854727813602, 1560.0], 19, 3, 2], "50": [[6442.898715474038, 21563.137061031415, 1559.9999041019103], [3935.7735523536076, 15652.058499909066, 1560.0], 0, 1, 1], "6": [[-10132.703470736353, 7061.619533207555, 1453.891454016663], [-9748.568821893123, 5932.583648144554, 1560.0], 9, 2, 2], "7": [[-11396.481130734826, 7610.712824659792, 1736.1179564936992], [-10074.294904944598, 6650.832890135925, 1560.0], 9, 2, 2], "8": [[-8890.10165346794, 8787.623368610612, 1436.3164401825784], [-8616.740071879372, 7152.36654744686, 1560.0], 21, 2, 2], "9": [[-8058.411962362934, 12240.522490047655, 1472.3635551179254], [-7453.898910971505, 9346.284191469083, 1560.0], 5, 2, 2]}