{"0": [[-7876.977927654261, -16062.165318942269, 1559.9999466707118], [-7017.656969041374, -14017.860586133436, 1560.0], 0, 1, 1], "1": [[-8458.142968765134, -15584.687060906019, 1378.3801363655173], [-7888.598192021271, -12754.314533040651, 1560.0], 29, 3, 2], "10": [[-15055.823158549545, 6774.388133301536, 1309.6567740002467], [-13559.43532658157, 5099.8711512422005, 1560.0], 47, 2, 2], "11": [[-12463.682121530024, 7541.4406959672, 1364.0887724918643], [-11560.019795478587, 5967.036250303023, 1560.0], 37, 2, 2], "12": [[-14419.262439589686, 4815.972866417162, 1280.0817862264469], [-13641.86556815154, 3790.1126333580214, 1560.0], 63, 2, 2], "13": [[-13563.33607299405, 5144.063051760677, 1300.031829790209], [-12935.07014437336, 4118.93140187935, 1560.0], 53, 2, 2], "14": [[-12704.166826693932, 5610.969140905256, 1173.9900267823714], [-12352.726990164216, 4423.589149127683, 1560.0], 51, 2, 2], "15": [[-11205.81891196772, 6436.855646898885, 1433.2759826515437], [-10788.2189738801, 5347.937478770107, 1560.0], 66, 3, 3], "16": [[-8533.679731525188, 8449.361893720627, 1379.6176157665013], [-8486.310545089436, 6850.662886200629, 1560.0], 22, 3, 3], "17": [[-7924.213156752535, 10305.30560196038, 1426.8162348955257], [-7833.631061574572, 8084.639593054864, 1560.0], 93, 3, 3], "18": [[-8658.584297161195, 11249.970171655259, 1392.3760140244478], [-8207.062234823929, 8606.354334095588, 1560.0], 43, 3, 3], "19": [[-7728.391752548223, 13379.486429532513, 1365.1419984131812], [-7466.026093218355, 9721.459016980843, 1560.0], 39, 3, 3], "2": [[-8942.02429149827, -14954.419111863992, 1385.3163109065924], [-8086.73503384585, -12605.509596730306, 1560.0], 40, 3, 2], "20": [[8449.86198867173, 12263.197940527962, 1548.9676161303137], [6656.595088321549, 10466.605861353222, 1560.0], 29, 3, 3], "21": [[6594.4951871837175, 10932.077886781573, 1472.1965999655376], [4997.847962095845, 9456.976279028178, 1560.0], 16, 3, 3], "22": [[9246.024679486953, 10840.207749033367, 1629.9999266915213], [8183.617482106441, 9610.699541142467, 1630.0], 6, 3, 3], "23": [[10487.106061992175, 9146.191998889419, 1620.0003886280517], [9209.996960809005, 8255.702833802477, 1620.0], 10, 3, 3], "24": [[10919.74608624004, 9039.348290499918, 1559.9998153141057], [9910.344923050998, 8168.405111674422, 1560.0], 4, 3, 3], "25": [[20287.057804442516, 9525.80109937055, 1949.9998723900821], [17989.887387579725, 8426.354451127669, 1950.0], 16, 2, 2], "26": [[17997.787166922226, 8656.596984911565, 1920.0000136216518], [17342.812921555018, 8143.929998251653, 1920.0], 4, 2, 2], "27": [[12819.625207793175, 7093.624014357614, 1710.0000941952032], [11789.300833280275, 6595.6817933072325, 1710.0], 5, 2, 2], "28": [[13977.595387615827, 6969.851761789281, 1710.000204614114], [14114.684750795985, 6798.439064243083, 1710.0], 6, 2, 2], "29": [[14132.254333493285, 5422.606447713929, 1599.9997769148522], [14194.062883750954, 5289.007174742341, 1600.0], 9, 2, 2], "3": [[-7727.103641416606, -14702.566215079056, 1237.8923968525328], [-7298.177937422472, -12487.600031231717, 1560.0], 14, 3, 2], "30": [[14541.13153634058, 1261.0047062948947, 1670.8718334626626], [15414.42402601486, 1096.2250894968677, 1560.0], 15, 3, 3], "31": [[15430.078669653334, -78.50826200753757, 1739.9999812160215], [15240.968994991423, -157.6834617368255, 1740.0], 0, 2, 2], "32": [[15315.913936348226, -2281.5330988654887, 1559.9999026720789], [15938.030605836266, -2453.9175790986055, 1560.0], 22, 3, 3], "33": [[14232.352191320537, -2474.550295605045, 1561.3553876098185], [14502.860065040311, -2687.5619740094503, 1560.0], 31, 3, 3], "34": [[13971.462530948067, -4666.387057692818, 1559.999314829858], [13577.737127239907, -4753.3084458916765, 1560.0], 14, 3, 3], "35": [[15672.199260927902, -5323.979705521423, 1609.26713929847], [15934.666504089555, -5382.131517895093, 1560.0], 22, 3, 3], "36": [[15345.378023425681, -6669.772137269099, 1620.6622903216385], [15896.555290242115, -6819.251104573736, 1560.0], 51, 3, 3], "37": [[16176.519037300613, -10061.935135495964, 1543.042021066383], [15684.987697403552, -9718.211425357926, 1560.0], 55, 3, 3], "38": [[13966.400955040861, -9684.02005126724, 1357.079611552821], [12619.046610695194, -9172.368578998095, 1560.0], 19, 3, 3], "39": [[12092.024195671587, -9152.382167158028, 1304.642404764168], [10017.613492166045, -8609.069545960327, 1560.0], 7, 3, 3], "4": [[-11757.40465960334, -7958.7502967698865, 1560.0000990109252], [-11221.561374352958, -7530.917663228637, 1560.0], 3, 3, 2], "40": [[15774.435208998151, -11785.01429999289, 1359.5916697037874], [13586.332742311353, -10856.569371203164, 1560.0], 36, 3, 3], "41": [[14380.386361970333, -12481.749566088101, 1535.5622393926992], [13711.837248126707, -11735.094300439148, 1560.0], 34, 3, 3], "42": [[14026.104016721949, -11035.95536028251, 1434.2651229591786], [13114.518417177733, -10543.05262386577, 1560.0], 34, 3, 3], "43": [[12560.005689572445, -11210.636645013472, 1557.6747040348043], [11302.20675019742, -10462.45624297403, 1560.0], 19, 3, 3], "44": [[12077.567899126729, -10748.94505983215, 1465.1708970574177], [10373.77028043881, -10062.450731272886, 1560.0], 27, 3, 3], "45": [[10028.154442052391, -13314.23326413341, 1362.6385342672609], [8328.272673297042, -11891.900271265375, 1560.0], 33, 2, 2], "47": [[9379.536778824437, -15897.102663759228, 1420.907488262153], [7218.838770546975, -13828.481562864716, 1560.0], 8, 3, 3], "48": [[9265.787897166567, -15719.546506249853, 1317.0601189151573], [6510.506678854069, -13422.788741695442, 1560.0], 8, 3, 3], "49": [[11737.782796087404, -19652.83670564049, 1438.6788367782171], [8335.268463008511, -16000.546135369095, 1560.0], 4, 3, 3], "5": [[-13209.25831857274, -7300.477495662161, 1560.000058098186], [-12590.197585790991, -6924.4921062580115, 1560.0], 0, 3, 2], "50": [[9852.743440212973, -18319.44774554443, 1467.3857369766633], [7283.869083172327, -15272.862729439452, 1560.0], 7, 3, 3], "51": [[8382.056444053691, -17956.943896901972, 1487.1256484969786], [6023.641202828402, -15000.405133239085, 1560.0], 3, 3, 3], "52": [[7453.856702666716, -18990.83894887192, 1440.843167093284], [4860.074466379618, -15438.955919726523, 1560.0], 10, 3, 3], "53": [[7212.222691304129, -19287.84017138727, 1016.7599858165778], [3455.0983026587596, -15094.133612253036, 1560.0], 22, 3, 3], "54": [[11561.077584595894, -25579.647422969796, 1560.0003304870645], [7548.382177760675, -18829.542046007868, 1560.0], 6, 2, 2], "55": [[7220.59457161435, -24173.598091663127, 1559.999922446277], [4364.566296826914, -17897.42400228184, 1560.0], 2, 2, 2], "56": [[12989.868070469975, -10976.731486328783, 1534.2395969667912], [11352.17668806884, -10372.747660394036, 1560.0], 21, 3, 3], "57": [[12064.227152892974, 6962.466714212331, 1789.9996554063237], [11372.570916453351, 6482.044767184509, 1790.0], 1, 2, 2], "58": [[-9345.709997760321, 17546.878296687253, 1560.0001123673317], [-6624.805698378809, 14135.579022131195, 1560.0], 30, 2, 2], "59": [[-10008.47080415479, -15197.23068462481, 1560.0000024856163], [-4458.829492353737, -13082.703250337292, 1560.0], 0, 1, 1], "6": [[-14721.944156588723, -6491.065500630467, 1501.1952056099956], [-14063.428932585428, -6141.634027044703, 1560.0], 11, 3, 2], "60": [[-9831.659613656626, -17477.34216300038, 1570.0000707543138], [-4952.229390100315, -12527.801808656257, 1570.0], 0, 1, 1], "61": [[-7927.241242407245, -18696.676897417812, 1560.0005710603439], [-3221.6882624364866, -15184.932436057405, 1560.0], 0, 1, 1], "62": [[-8423.722576966207, -19092.76919138222, 1559.9999971652005], [-3351.4611865640536, -15175.842342967135, 1560.0], 0, 1, 1], "63": [[-9067.371702280498, 22709.891167477315, 1749.9996671633087], [-8563.69402355234, 21661.496034203148, 1750.0], 0, 1, 1], "64": [[-8442.805047350517, 20091.148969532533, 1749.9999271153713], [-8223.96292051057, 19682.069654153915, 1750.0], 0, 1, 1], "65": [[5781.468362951187, 19530.4973617232, 1594.6793712018114], [5189.982213446306, 15683.24873893882, 1560.0], 66, 2, 2],