{"0": [[-7958.399739372401, -14251.959065066962, 1560.0001904776486], [-7121.675353366778, -13926.707516498289, 1560.0], 0, 1, 1], "1": [[-8594.865621758177, -15387.494811125689, 1333.1165783463055], [-7786.838925756952, -12816.802642389972, 1560.0], 37, 3, 2], "10": [[-11663.397349701401, -7861.253003854092, 1530.3073667431906], [-11218.949091414332, -7429.363912582163, 1560.0], 11, 2, 2], "11": [[-13111.850440389984, -6979.213273967793, 1559.9988559924611], [-12592.226080195593, -6644.943779039644, 1560.0], 9, 2, 2], "12": [[-14827.594750769786, -6229.778322163537, 1476.2811294973615], [-14243.21510781949, -5910.280699531216, 1560.0], 11, 2, 2], "13": [[-10704.832340633044, -6974.343311298137, 1500.3861060292986], [-10554.88383071113, -6680.469761451897, 1560.0], 9, 3, 2], "14": [[-12407.048552294127, -6622.177711395206, 1522.2408097223936], [-12030.212851603701, -6352.633617878839, 1560.0], 11, 2, 2], "15": [[-13763.368213680013, -5756.086200897157, 1559.9996777995243], [-13313.759281419942, -5557.008513143438, 1560.0], 2, 2, 2], "16": [[-11150.79070678775, 6455.5986540447175, 1392.4704774813983], [-10796.524848569825, 5306.419141013821, 1560.0], 88, 3, 3], "17": [[-12155.064778758475, 6311.6593351486235, 1461.8227212415964], [-11409.020382921373, 5273.357123881144, 1560.0], 31, 3, 3], "18": [[-12718.42678499083, 5599.899992848681, 1136.9741379298498], [-12422.031897825158, 4351.586826463644, 1560.0], 38, 2, 2], "19": [[-13311.37284590999, 5310.746914202419, 1320.0274703308392], [-12699.45644818277, 4286.968617638565, 1560.0], 23, 2, 2], "2": [[-9098.227046556625, -14988.14302343537, 1335.4670200573719], [-8088.478564998579, -12631.414316703753, 1560.0], 22, 3, 2], "20": [[-14324.86811733427, 4985.1390975518725, 1226.2661254613922], [-13579.31798770164, 3884.320466375368, 1560.0], 52, 2, 2], "21": [[-13000.585910366955, 7489.6816014704855, 1353.3617299370342], [-11982.663135869041, 5837.518623705633, 1560.0], 39, 2, 2], "22": [[-15064.925361250662, 6726.47756889659, 1248.0696005898462], [-13614.178993910657, 5035.861125116538, 1560.0], 23, 2, 2], "23": [[-8566.631272167942, 8329.264539160764, 1369.7352283755895], [-8495.913392750637, 6802.5377169733465, 1560.0], 27, 3, 3], "24": [[-9025.780972749273, 9629.94826152113, 1418.6239319129377], [-8596.210390745699, 7691.025612731728, 1560.0], 23, 3, 3], "25": [[-7920.073464828319, 10309.199475828074, 1310.7027108784584], [-7833.631061574572, 8084.639593054864, 1560.0], 10, 3, 3], "26": [[-8531.059927605229, 11337.538651557907, 1439.5575032495303], [-8096.091309753973, 8680.469100937402, 1560.0], 36, 3, 3], "27": [[-7742.7749030805835, 13379.437424611606, 1400.1046852937304], [-7346.554108809191, 9805.382978044885, 1560.0], 23, 3, 3], "28": [[9283.62890790945, -18998.580589509835, 1559.9997551707781], [9281.201105260114, -18528.97187653505, 1560.0], 25, 2, 2], "29": [[8482.321111592655, -17951.73023317063, 1559.9998891454682], [8496.594176606945, -17545.316397319144, 1560.0], 16, 2, 2], "3": [[-7597.499714838385, -14899.383351905464, 1270.9333113385715], [-7294.538891379232, -12457.946240161566, 1560.0], 15, 3, 2], "30": [[7419.60829253926, -18940.029133447566, 1465.306163900577], [7517.233580826971, -18530.70937780031, 1560.0], 42, 2, 2], "31": [[8352.04350916742, -14934.507704467824, 1284.4914708465656], [8314.572107440421, -15357.759108268963, 1560.0], 24, 2, 2], "32": [[8219.445098001397, -15045.92456456696, 1300.0322271337184], [8209.8898374261, -15359.112186556255, 1560.0], 23, 2, 2], "33": [[10012.200075047316, -13422.883306929496, 1267.4736989643425], [7814.690366461455, -11921.776616554165, 1560.0], 19, 2, 2], "34": [[13390.167608056361, -17689.248985282265, 1559.9999702879604], [13260.827821321698, -16900.869916225798, 1560.0], 11, 2, 2], "35": [[11588.460830952834, -16363.20912233007, 1559.9998669884415], [11544.624174380035, -15926.175877382831, 1560.0], 7, 2, 2], "36": [[15369.606910390845, -15061.130196631337, 1560.0011447359577], [13746.378478635133, -13717.68631600642, 1560.0], 9, 2, 2], "37": [[14303.154274421242, -12567.356302455199, 1559.9999970453596], [13711.837248126707, -11735.094300439148, 1560.0], 14, 2, 2], "38": [[20935.51441829903, -10884.86678245463, 1750.0000794417463], [20128.497540844233, -9433.774511764925, 1750.0], 0, 1, 1], "39": [[15528.41338320407, -12015.44322869313, 1495.3946080313522], [14127.453356815537, -11081.8287434546, 1560.0], 22, 2, 2], "4": [[-9952.762473847817, -14607.992712133555, 1559.9999553675284], [-4458.829492353737, -13082.703250337292, 1560.0], 0, 1, 1], "40": [[15500.884551074274, -9662.07747295458, 1559.9998610258613], [15217.117962186678, -9293.296740669944, 1560.0], 16, 2, 2], "41": [[14704.001277167537, -9944.97734218313, 1610.0000450338478], [14754.839153654879, -9551.880879711278, 1610.0], 12, 2, 2], "42": [[13972.313057048495, -9632.703941419426, 1384.248906715765], [12110.163018377747, -8976.547802280313, 1560.0], 16, 2, 2], "43": [[13624.69028007742, -11108.050259424956, 1357.6699857714393], [12598.166617175459, -10329.506785583615, 1560.0], 47, 2, 2], "44": [[12010.995702057435, -9517.795676435082, 1476.2846066223854], [9548.743813060184, -8716.727203498258, 1940.0], 30, 3, 2], "45": [[12789.013754300533, -11175.158503167633, 1808.7190342807555], [10999.338409639673, -10283.65775348385, 1940.0], 16, 3, 2], "46": [[12613.071487394483, -10866.549863748387, 1450.2476669121265], [15903.998171681797, -11696.150779323425, 1560.0], 20, 3, 2], "47": [[12076.716543427498, -10813.660095463874, 1384.2413241258535], [9835.346287641258, -10043.844138676754, 1560.0], 15, 3, 3], "48": [[16569.913891129534, 1285.5424649805295, 1479.2918386516524], [17599.62602427289, 1408.6175716876976, 1560.0], 121, 2, 2], "49": [[14204.826712963013, 943.1008327025614, 1519.0472523587841], [14749.994339551724, 1040.6137067347463, 1560.0], 96, 2, 2], "5": [[-10029.359336346532, -17297.279173706265, 1560.000263930294], [-5136.54215101572, -12256.313404244172, 1560.0], 0, 1, 1], "50": [[15896.99455743275, 8007.007564285876, 1950.001292341588], [17109.222036006773, 7954.754559705827, 1950.0], 34, 2, 2], "51": [[14699.910069503512, 7305.225770879086, 1560.0001290959412], [14337.024870910232, 6994.10002605753, 1560.0], 14, 2, 2], "52": [[12370.833132020174, 6979.093749949953, 1567.3353992457833], [11431.873535743332, 6535.633070206737, 1560.0], 19, 3, 2], "53": [[11478.288042694709, 7847.074395821499, 1491.8071873920137], [11148.224994762773, 7341.242888230862, 1560.0], 10, 3, 3], "54": [[10524.232562358196, 8394.786483846801, 1739.999954859145], [10497.833617189059, 7989.239365131978, 1740.0], 13, 2, 2], "55": [[12024.788935402828, 9354.895046055282, 1559.9999495190877], [11530.575027802503, 8757.812337499558, 1560.0], 4, 2, 2], "56": [[11758.86618817761, 9765.699699429659, 1580.000028413808], [11006.394882536793, 9026.682762613838, 1580.0], 1, 2, 2], "57": [[11070.259474737775, 9159.644686997111, 1476.5709577824346], [9997.31864879457, 8507.984917655476, 1560.0], 63, 3, 3], "58": [[9845.096153030412, 10017.777456081916, 1559.9992969952204], [8277.765373205066, 8775.13966597553, 1560.0], 26, 3, 3], "59": [[6642.61713083801, 10893.807647500686, 1500.4848247552218], [4977.565990352052, 9362.015190300323, 1560.0], 30, 3, 3], "6": [[-9717.520408165527, -18248.2665220523, 1629.9998915948538], [-6436.888327114121, -14570.442168465815, 1630.0], 0, 1, 1], "60": [[6197.271023671322, 11551.93644564533, 1413.6986532624617], [4766.602043591785, 9969.402478465252, 1560.0], 10, 3, 3], "61": [[6828.762931368839, 13482.742099518058, 1559.997642266336], [5410.80634940268, 11443.510442400046, 1560.0], 7, 3, 2], "62": [[-8281.825628212046, 21832.017462920554, 1750.000024451187], [-7978.306210944088, 21169.331283194853, 1750.0], 0, 1, 1], "63": [[-9478.224125786655, 19922.47991109313, 1750.000151524379], [-9085.33670093693, 19384.654009202353, 1750.0], 0, 1, 1], "64": [[6710.141076124016, 17762.845863498795, 1740.407520159799], [4461.230019635163, 13717.626858801357, 1930.0], 31, 3, 2],