{"0": [[-4058.8052002753025, -8343.547582269965, 1261.7431901366454], [-5094.483375510715, -7815.620907948482, 1560.0], 52, 3, 3], "1": [[-2396.7199164892404, -12368.41134261555, 1496.9161871789413], [-3049.1649142461615, -11141.048172819297, 1560.0], 98, 3, 3], "10": [[-12496.450965043005, -5174.04547395214, 1550.04066548566], [-12251.358178265762, -5072.489608515832, 1560.0], 10, 3, 2], "100": [[-8342.447652070074, 13431.266344442005, 1559.9999737619955], [0, 0, 1560], 0, 1, 1], "11": [[-7105.510757333393, -14185.734892407485, 1256.5457225169966], [-7682.612935676414, -11750.501584233922, 1560.0], 28, 3, 2], "12": [[-4262.513960850265, -16312.998640281396, 1247.8000160176489], [-5355.8991706301185, -13128.143786019755, 1560.0], 45, 3, 2], "13": [[-1410.7219233123199, -16833.3162852494, 1559.9997225911413], [-2440.7443258682392, -14000.217587217168, 1560.0], 42, 3, 2], "14": [[1552.809842959467, -16662.72652542095, 1447.2919254249955], [-127.14921271733658, -13797.792661630534, 1560.0], 28, 3, 3], "15": [[3317.5505927535582, -18244.170890686513, 1411.8860803005741], [123.4158496109346, -14082.521015380606, 1950.0], 6, 3, 2], "16": [[-5535.258388126607, -2572.5474575910475, 1480.6327349331368], [-5800.919762376965, -2621.0599387208886, 1560.0], 29, 3, 3], "17": [[-10901.357150158632, -719.9786114004967, 1299.725543727291], [-11349.953130707705, -829.9835936262136, 1560.0], 39, 3, 2], "18": [[3567.60592139172, -2533.631828301175, 1498.5641287010956], [3032.4211322893852, -2586.998611366031, 1560.0], 7, 3, 3], "19": [[3855.3926091726294, -4696.665285865731, 1296.206808009837], [3125.889780500872, -4526.063998422608, 1560.0], 46, 3, 3], "2": [[-2934.1290722563704, -13461.708663692474, 1517.5310578969393], [-3631.8480816453534, -11817.482227462227, 1560.0], 118, 3, 3], "20": [[15178.239482607296, -10744.038632975064, 1513.174224648961], [13933.879969220414, -10282.165532892222, 1560.0], 37, 3, 3], "21": [[13780.782878788827, -9352.860639046205, 1288.4734058394627], [11564.529974623516, -8880.780491805777, 1560.0], 40, 3, 3], "22": [[11984.79771257283, -7251.740045535073, 1382.085738096359], [10268.053174346207, -6932.161383457427, 1560.0], 7, 3, 3], "23": [[13609.57026814542, -6981.185433232879, 1556.529861877186], [13195.13555108023, -6862.595971958776, 1560.0], 25, 3, 3], "24": [[14625.035631840132, -5483.586244797435, 1430.5853145023848], [12682.633062893281, -5367.1822069205045, 1560.0], 18, 3, 3], "25": [[15577.174556734395, -1142.1821897421837, 1492.7756234556273], [15122.122941474554, -1241.755737154888, 1560.0], 65, 3, 3], "26": [[14829.381448026163, 616.6787254183308, 1642.1200160747705], [15166.337562004592, 464.5731958155111, 1560.0], 38, 3, 3], "27": [[13832.43217385323, -719.7713854348473, 1498.8043176401059], [14029.77518290046, -798.5245324556946, 1560.0], 52, 3, 3], "28": [[12823.794585585398, -368.0338896667753, 1443.1360141910027], [11747.114796256506, -664.2336768764933, 1560.0], 40, 3, 3], "29": [[17131.038361119547, -119.62819127751686, 1730.0001994891848], [16659.055275989944, -206.6278422417355, 1730.0], 0, 2, 2], "3": [[-9361.080724244086, -8782.346044807238, 1559.9995650090484], [-8992.83144138786, -8280.373554613341, 1560.0], 6, 3, 2], "30": [[13063.109925812394, 3193.758660591416, 1559.999727891786], [12450.358462308062, 2904.6894890218514, 1560.0], 41, 3, 3], "31": [[13422.116289601507, 703.1411710279872, 1559.999968252646], [12209.130551915123, 601.1392205198961, 1560.0], 14, 2, 2], "32": [[19644.99532285851, 7529.504636380047, 1559.9997988353562], [19046.693076860138, 7160.4896130062425, 1560.0], 18, 2, 2], "33": [[15510.51175633751, 7282.437806959437, 1559.9996864676311], [14908.147732365522, 6885.873013983196, 1560.0], 32, 2, 2], "34": [[10070.25471633875, 9341.593690407388, 1559.9998886591643], [9551.426755686769, 8577.960423282757, 1560.0], 61, 3, 3], "35": [[9130.844523446569, 10874.042188063127, 1560.0002434690364], [9029.433165386727, 10126.094654824472, 1560.0], 29, 2, 2], "36": [[7154.470285209834, 6904.603039150477, 1590.0000461149264], [6773.465671537312, 6468.110809658045, 1590.0], 4, 3, 3], "37": [[6766.678748673267, 6589.656673778886, 1362.1751570604742], [5216.8164418663155, 5774.16918777149, 1560.0], 8, 3, 3], "38": [[7157.613300210991, 7925.233257943607, 1317.871012508997], [4713.7713262753705, 6625.020829455993, 1560.0], 75, 3, 3], "39": [[6836.457734775452, 4541.112217342182, 1262.900506147583], [5531.17234719234, 4096.175399089683, 1560.0], 27, 3, 3], "4": [[-10422.340375308671, -8081.081503960304, 1560.0000236463213], [-10009.335965220222, -7705.613222280362, 1560.0], 1, 3, 2], "40": [[5244.177092607744, 4794.426032391384, 1308.407240479104], [4200.134120292507, 4442.238246777317, 1560.0], 38, 3, 3], "41": [[5596.106053728854, 5174.334349518305, 1497.219631016182], [4981.737923090984, 4803.418503442527, 1560.0], 7, 3, 3], "42": [[7092.751368444748, 10350.84689075184, 1360.2956742552324], [4834.209282022226, 8697.003176420458, 1560.0], 59, 3, 3], "43": [[8353.385221901262, 10828.910492710524, 1512.789024285667], [6392.958223078856, 9265.588767339834, 1560.0], 13, 3, 2], "44": [[6837.4535563876025, 13535.498531294768, 1523.3821548398498], [5034.580174182141, 11275.212144223824, 1560.0], 23, 3, 3], "45": [[7460.748660747532, 15762.270642700902, 1466.3517801996516], [4237.805188121562, 12216.400229814783, 1560.0], 31, 3, 3], "46": [[8375.992808505262, 12027.427361065285, 1560.0000567152952], [6613.30196348845, 10266.61273473534, 1560.0], 27, 3, 3], "47": [[-2782.2961478011825, 9478.67785352611, 2152.7312121189275], [-1974.734141909086, 8839.384949577017, 1790.0], 16, 3, 2], "48": [[-3172.1978970676023, 9737.071220531567, 1431.2702052968316], [-3522.2650141603535, 8321.155649388606, 1560.0], 5, 3, 3], "49": [[-2494.2882486038293, 5547.952327713431, 2212.1582262456195], [-1686.5764144399786, 5647.172214410594, 1770.0], 95, 3, 2], "5": [[-11134.806178187098, -9125.41493437322, 1559.9995345424422], [-10474.711015265948, -8490.773543555275, 1560.0], 1, 3, 2], "50": [[-8821.933977920968, 2881.5622041213146, 1559.9999042631962], [-8820.518721976407, 2651.669488101733, 1560.0], 42, 3, 3], "51": [[-12222.81833747024, 2658.9558264396283, 1467.3372993506507], [-11993.502751276503, 2373.2676399280967, 1560.0], 12, 3, 2], "52": [[-12082.000853742531, 4658.668171443055, 1420.4333759363028], [-11656.252418122835, 4006.4749158330906, 1560.0], 27, 3, 3], "53": [[-11549.121981372564, 5564.97539191054, 1308.2681424000689], [-11348.073235878815, 4601.61370498234, 1560.0], 74, 3, 2], "54": [[-13828.616413808992, 6189.642582809061, 1194.4245363198766], [-12982.585849685005, 4768.858769283947, 1560.0], 11, 2, 2], "55": [[-13458.872340817297, 7279.115128766829, 1168.4495456821219], [-12523.553939193142, 5498.5088330377675, 1560.0], 17, 2, 2], "56": [[-14514.881639279876, 5903.534593416584, 1159.4491362070805], [-13571.06110701283, 4464.212144984994, 1560.0], 40, 2, 2], "57": [[-14789.065397359795, 6926.652816931508, 1178.299791547276], [-13482.214606749149, 5108.5658894670705, 1560.0], 58, 2, 2], "58": [[-7374.329948556643, 11289.003252667359, 1230.097647202361], [-7761.738054053522, 8420.37725671309, 1560.0], 58, 3, 3], "59": [[-5129.299502698027, 10458.607118604667, 1200.9955474248343], [-6239.657940184414, 8071.902665584777, 1560.0], 84, 3, 3], "6": [[-11639.210323492234, -12355.304195823102, 1619.4843049659594], [-10180.177947956985, -10727.602142281386, 1560.0], 12, 3, 2], "60": [[-8587.954914001379, 9546.269569903083, 1452.5133164368935], [-8208.354108761641, 7728.986976201093, 1560.0], 5, 3, 2], "61": [[-9955.89802521588, 11553.024552228955, 1391.8131786535857], [-9065.270726272694, 8625.43091576995, 1560.0], 81, 3, 3], "62": [[-10436.502586043129, 11345.928013344403, 1459.7291851819152], [-9225.757665240773, 8610.129356727786, 1560.0], 43, 3, 3], "63": [[-9254.895866527308, 12218.667308987853, 1580.00002985125], [-8170.739587739901, 9291.256396463526, 1580.0], 22, 3, 2],