{"0": [[-10679.667910935828, 10272.054767434001, 1559.9998192264695], [-9616.441953238313, 7967.751512239965, 1560.0], 64, 3, 3], "1": [[-10407.249345013397, 9721.932027696963, 1529.0894881504787], [-9532.321612747415, 7681.637059582282, 1560.0], 25, 3, 3], "10": [[-11796.563122029791, 6330.530495642665, 1375.0781729190949], [-11303.33715966323, 5161.707434891594, 1560.0], 66, 3, 3], "11": [[-10913.653715252174, 5398.302197557243, 1338.006103855466], [-10803.896518714073, 4508.6491322380825, 1560.0], 57, 3, 3], "12": [[-13282.001155420481, 1968.972554430173, 1560.0000040154507], [-12862.245870104736, 1795.2430104642194, 1560.0], 13, 3, 2], "13": [[-11719.207494210206, 2143.7250295038725, 1387.8742071541515], [-11874.34470728135, 1842.2088122677246, 1560.0], 129, 3, 2], "14": [[-9645.474060011802, 1027.1968171220956, 1471.527620678531], [-9783.794259730417, 833.4888557496942, 1560.0], 66, 3, 3], "15": [[-11681.22315184744, -997.0926532196266, 1559.9999138842056], [-11595.39778497527, -1020.9105844759654, 1560.0], 4, 3, 2], "16": [[-12872.2775590357, -1501.811269803066, 1410.387411454654], [-12958.458213344798, -1557.97856373744, 1560.0], 12, 3, 2], "17": [[-11875.503949455195, -1729.5663744310848, 1425.3709375792969], [-12029.954145079952, -1812.6056575946918, 1560.0], 100, 3, 3], "18": [[-11077.810429146804, -5134.4810301629495, 1521.4888132002893], [-10943.683271923943, -5053.224433917852, 1560.0], 24, 3, 2], "19": [[-12225.668440244734, -6558.991318948662, 1492.9002558723269], [-11961.92206206005, -6272.307793081959, 1560.0], 9, 3, 2], "2": [[-9980.508635428765, 9733.52475164719, 1559.9998915397741], [-9092.955293089732, 7830.313834828101, 1560.0], 45, 3, 3], "20": [[-14262.273281529267, -4388.742664124059, 1394.366983899241], [-14088.745754960155, -4248.566090413177, 1560.0], 10, 3, 2], "21": [[-11491.89830769268, -8013.045836617867, 1559.951374948017], [-10997.923262230071, -7584.365638301557, 1560.0], 19, 3, 2], "22": [[-11141.48115959156, -10401.438820967967, 1559.999430754366], [-10336.375087281758, -9412.055991210205, 1560.0], 4, 3, 2], "23": [[-11722.729260868868, -11161.423767804603, 1560.0000297638899], [-10645.835839840282, -9882.34895659615, 1560.0], 6, 3, 2], "24": [[-12625.132564158857, -11314.12643012832, 1604.5087013754646], [-11198.361957646432, -9950.294355632499, 1560.0], 12, 3, 2], "25": [[-6805.532237327439, -15866.867450076234, 1104.394432693704], [-6989.905826009412, -12917.352621191674, 1560.0], 33, 3, 2], "26": [[-9157.94438256457, -17059.896720555847, 1559.9999052907363], [-7816.526828105379, -13189.423987353059, 1560.0], 2, 2, 2], "27": [[-11220.258783756215, -15399.7906963638, 1676.7497924328752], [-9272.385171041527, -12322.456402173568, 1560.0], 12, 2, 2], "28": [[-730.1884007284617, -17609.627828368528, 1494.1489183673527], [-1834.8246405993382, -14213.911542217178, 1560.0], 31, 3, 3], "29": [[1984.6582414639558, -16213.298503390346, 1547.3605075073003], [1019.5683763863278, -13846.475383555402, 1560.0], 14, 3, 3], "3": [[-9009.980186761833, 9879.07649013059, 1339.9032404889383], [-8776.895292521811, 7694.680074497262, 1560.0], 42, 3, 3], "30": [[6066.412596577105, -16066.978649470935, 1410.2748378941897], [4549.542100553038, -13843.999569200361, 1560.0], 7, 3, 3], "31": [[7949.963188870909, -18842.11001979993, 1385.4873279291496], [5340.2301343681365, -15366.46766730192, 1560.0], 6, 3, 3], "32": [[13124.488762194176, -18671.912780196082, 1560.0000700696069], [11280.796049007828, -16049.281097326138, 1560.0], 12, 3, 3], "33": [[12835.294476116787, -17966.017940441307, 1560.0000481771062], [11000.493446906072, -15592.74702482624, 1560.0], 8, 3, 3], "34": [[12773.364652284139, -17060.276776352628, 1565.6646351341365], [11325.45942698553, -15168.596288914803, 1560.0], 58, 3, 3], "35": [[15264.470558264227, -16469.980831163037, 1559.9998965320144], [14298.910270536633, -14899.391707132645, 1560.0], 41, 3, 3], "36": [[12976.422727624673, -13963.34296714985, 1526.5017889574328], [11173.424153104115, -12690.256031580051, 1560.0], 14, 3, 3], "37": [[13778.343354836092, -12708.434249867028, 1549.6126776554704], [12342.070017386533, -11815.810731222216, 1560.0], 37, 3, 3], "38": [[14810.264481057453, -12951.317070756128, 1559.9999390870908], [12901.038196955857, -11954.799328136305, 1560.0], 31, 3, 3], "39": [[14622.942469198748, -11308.207941931085, 1559.9999636419404], [13058.781255607259, -10636.92389823973, 1560.0], 20, 3, 3], "4": [[-9033.33143136483, 9089.083340946665, 1448.3356351570148], [-8665.155567229269, 7368.151733093044, 1560.0], 60, 3, 3], "40": [[18844.583620359284, -13984.521122333377, 1559.9114988822732], [16628.82692330374, -12880.571257778784, 1560.0], 28, 3, 3], "41": [[7797.000522309725, -10730.504215016188, 1351.9564432044442], [5677.401203777357, -9818.36900065583, 1560.0], 13, 3, 2], "42": [[-361.23809565962694, -9163.517595939233, 1467.3493277879934], [-746.1976111054543, -8672.782341904958, 1560.0], 9, 3, 2], "43": [[3545.7736101461505, -7302.8029438759795, 1155.87126724813], [1766.5388350100757, -6846.58493770873, 1560.0], 9, 3, 2], "44": [[9432.665222593716, -6177.426538143108, 1560.00000627155], [8622.139414577867, -6035.335031319972, 1560.0], 7, 3, 3], "45": [[16618.912410338973, -9586.427744227265, 1545.477205853882], [15875.599600795456, -9404.963203745887, 1560.0], 40, 3, 3], "46": [[15433.408305473567, -8011.961658747683, 1399.4588557099783], [14649.000553768978, -7835.3135057698655, 1560.0], 71, 3, 3], "47": [[13848.618755851987, -6713.482845052838, 1468.2563369044842], [11543.492508142392, -6563.982289764092, 1560.0], 51, 3, 3], "48": [[14562.438082412931, -5703.735546773731, 1420.1422429914785], [13719.88456434209, -5791.03907358555, 1560.0], 34, 3, 3], "49": [[8730.973533468208, -3595.3600642693536, 1463.411434616308], [7692.547831706573, -3610.3958206993384, 1560.0], 6, 3, 3], "5": [[-6660.320171077884, 10930.351871044222, 1412.3460109686946], [-6603.900279189244, 8707.804704168495, 1560.0], 11, 3, 3], "50": [[13888.4216324302, -1645.3293001543573, 1484.3958750901375], [13038.50432485649, -1757.925005289203, 1560.0], 26, 3, 3], "51": [[11940.803931289203, 981.1629917166349, 1560.0000860070681], [12334.816775589432, 952.1676736457321, 1560.0], 43, 3, 3], "52": [[12704.591879505382, 1871.8836278890938, 1559.9998764124457], [11967.375446650385, 1483.9831143575484, 1560.0], 30, 3, 3], "53": [[13278.757275793618, 2348.2336993994477, 1560.0000023159546], [12710.606946792668, 2019.803589570709, 1560.0], 30, 3, 3], "54": [[14342.470596922758, 2721.081080299051, 1431.0295833068374], [13973.610247180333, 2282.336410732148, 1560.0], 35, 3, 3], "55": [[14255.902949127885, 2967.353101788636, 1619.9998089279725], [13203.973850452681, 2651.385305499751, 1620.0], 9, 2, 2], "56": [[14576.097613301568, 3575.9793875981927, 1560.0001435600473], [14371.607529882445, 3409.584077700821, 1560.0], 4, 2, 2], "57": [[12822.23976299554, 6381.269611589595, 1450.5000261637886], [10689.17303388804, 5708.0838507616, 1560.0], 25, 2, 2], "58": [[16306.30049104489, 10086.969122900724, 1820.0000785961536], [14859.774706516848, 9107.17487082792, 1820.0], 3, 2, 2], "59": [[10422.598227796652, 9365.496767470702, 1559.9996624845548], [10572.988024546057, 8895.87761482066, 1560.0], 24, 3, 2], "6": [[-10808.57297249856, 7973.674105636337, 1652.0449451757922], [-9547.42227969672, 6904.791482075, 1560.0], 40, 3, 2], "60": [[2250.250399200802, 755.5098075515315, 1337.070384628896], [1109.1535259317748, 536.1472335882725, 1560.0], 23, 3, 3], "61": [[-2607.4708550535743, 5016.385974424694, 1515.5070525457334], [-2506.143759126101, 4805.024193015359, 1560.0], 42, 3, 3], "62": [[2239.3554339773855, -2191.7487450787116, 1591.4596223997994], [2430.8219072540714, -2167.9029611451638, 1580.0], 55, 3, 3], "63": [[-6976.188155809442, -3616.9133460764183, 1292.4861225719656], [-7634.838894934835, -3583.573296043993, 1560.0], 12, 3, 2],