{"0": [[-7985.477979311147, 12568.50434043291, 1406.5211619402965], [-7541.1170765557845, 9403.215052013007, 1560.0], 10, 3, 3], "1": [[-8558.729195302218, 12084.63084462475, 1323.9969511385857], [-8113.176856461063, 9009.621765819966, 1560.0], 25, 3, 3], "10": [[-12454.952902392266, 6589.01853449892, 1404.7732231430625], [-11696.006407677723, 5368.0045812447615, 1560.0], 21, 2, 2], "11": [[-12751.607110989991, 5876.178945487056, 1176.6416339854284], [-12377.056969418676, 4570.289348025663, 1560.0], 62, 2, 2], "12": [[-13738.422744354384, 6013.9341405946625, 1297.997685204282], [-12841.043059948339, 4773.797529353909, 1560.0], 11, 2, 2], "13": [[-14011.140527451857, 6686.618306882177, 1284.8327334453638], [-12940.48718121516, 5130.682728511993, 1560.0], 71, 2, 2], "14": [[-14206.030401026317, 7686.248768918311, 1207.2422073712694], [-12877.140624480719, 5699.628319668466, 1560.0], 31, 2, 2], "15": [[-11535.263502055323, -6993.579488889187, 1505.3952957455388], [-11268.152039614459, -6673.882664470987, 1560.0], 11, 3, 2], "16": [[-12289.051702340455, -6883.179373598541, 1409.3867291299186], [-12098.403756449434, -6498.153876338693, 1560.0], 12, 3, 2], "17": [[-12721.627227388799, -6197.009980267646, 1549.1412012367787], [-12343.622398014008, -5982.38973740698, 1560.0], 12, 3, 2], "18": [[-13744.53228679144, -6510.294711408903, 1559.9999069913858], [-13204.913723457266, -6235.8223948015775, 1560.0], 6, 3, 2], "19": [[-14626.808057037362, -5737.648949469738, 1559.9880365752138], [-14084.095946157444, -5522.757302168654, 1560.0], 12, 3, 2], "2": [[-10319.017558167418, 11193.974099398232, 1382.4030366803206], [-9453.896260266853, 8315.071099628873, 1560.0], 46, 3, 3], "20": [[-15004.124684120648, -6896.20780171461, 1505.0263442056414], [-14212.653645704506, -6475.475116812248, 1560.0], 16, 3, 2], "21": [[-13213.3877638222, -7762.705859818149, 1560.000122538617], [-12467.64027821891, -7338.750083160732, 1560.0], 1, 3, 2], "22": [[-12844.03513763381, -7651.891317861909, 1560.0014476456793], [-12167.145858271962, -7249.769128578266, 1560.0], 14, 3, 2], "23": [[-11709.411467273734, -7633.206802230975, 1560.0000560407498], [-11140.12853322328, -7286.105680383325, 1560.0], 9, 3, 2], "24": [[-10997.760981481435, -8426.021091863931, 1559.9999253359833], [-10455.024941435162, -7975.41677124137, 1560.0], 4, 3, 2], "25": [[-11811.666173013276, -8507.897139078006, 1560.0000561915497], [-11084.426287004446, -8024.686416171127, 1560.0], 12, 3, 2], "26": [[-11611.257366733125, -9804.71414113562, 1566.6783795151355], [-10722.270072369427, -9000.72060955278, 1560.0], 10, 3, 2], "27": [[-12143.132903589598, -9719.127696677024, 1599.826296960035], [-11090.790928213393, -8943.42577209777, 1560.0], 13, 3, 2], "28": [[-13146.039171924742, -9046.00713383955, 1560.0005447242397], [-12144.865075799686, -8331.731911545367, 1560.0], 9, 3, 2], "29": [[-14151.861743374073, -9249.254635824926, 1559.99991415274], [-12950.422589795844, -8358.76649253177, 1560.0], 0, 3, 2], "3": [[-10269.169718828542, 9792.082228389509, 1531.817014222748], [-9354.209080859477, 7765.602213683194, 1560.0], 60, 3, 3], "30": [[-14895.859665513457, -8445.488398853588, 1582.1187127662945], [-13646.231944492507, -7765.58606157136, 1560.0], 13, 3, 2], "31": [[-11615.352158392712, -11720.674595971594, 1559.999984917822], [-10416.297842699527, -10263.739809154393, 1560.0], 3, 3, 2], "32": [[-12231.715802393112, -14072.482715076187, 1560.0000080244963], [-10053.008868078969, -11853.23988543118, 1560.0], 0, 1, 1], "33": [[-7899.721125571058, -15510.04833256048, 1210.8053301763712], [-7348.923343089754, -12913.56982762504, 1560.0], 51, 3, 2], "34": [[-7925.224300361539, -18147.37220018181, 1560.000072204542], [-6752.261604460715, -13837.968208612332, 1560.0], 6, 2, 2], "35": [[-875.6982024503775, -17631.505393760635, 1629.076768779806], [-1683.4656469106376, -14432.329385126644, 1560.0], 107, 3, 3], "36": [[-212.2924141132295, -18237.121230560508, 1670.8972267230795], [-876.7165223040637, -14891.58247049932, 1560.0], 46, 3, 3], "37": [[-240.36566228094082, -16831.42713184272, 1670.3940188148702], [-822.3350521184498, -14168.587481425679, 1560.0], 76, 3, 3], "38": [[1579.8961173896723, -16044.176317958383, 1597.4334812158356], [452.71589546984615, -13774.14784549577, 1560.0], 82, 3, 3], "39": [[7431.961762823166, -18447.518821474485, 1395.3441322117856], [4660.653490069763, -15081.066768302117, 1560.0], 9, 3, 3], "4": [[-8774.82915591663, 10257.416501553573, 1613.8463629226103], [-7741.0413376223905, 8515.616425391228, 1560.0], 29, 3, 3], "40": [[8074.005639235461, -16410.30143477879, 1302.7559836537498], [5732.4991735188, -13995.053715936028, 1560.0], 24, 3, 3], "41": [[5555.344664806285, -18902.546040614186, 1268.3096735516385], [2747.7783579277634, -15032.673766788364, 1560.0], 7, 3, 3], "42": [[16135.540419931509, -7943.049468112562, 1551.2400024141523], [16645.76445883424, -8106.778306038561, 1560.0], 83, 3, 3], "43": [[17328.053779489106, -9885.258016468493, 1559.8591671545178], [15748.435357391576, -9614.296694142766, 1560.0], 54, 3, 3], "44": [[16685.903544907047, -9920.218404974015, 1528.6390675465325], [14972.492596387277, -9704.337081301897, 1560.0], 91, 3, 3], "45": [[15660.66489055531, -9563.739629411848, 1494.7875634513077], [14519.935105636909, -9287.143203654523, 1560.0], 41, 3, 3], "46": [[15378.082644921546, -10774.255666703864, 1559.9996238202975], [14608.153870504655, -10306.317238385833, 1560.0], 17, 3, 3], "47": [[14408.716967454016, -11436.824799781927, 1536.3439445297176], [12383.224237266486, -10699.57680512164, 1560.0], 20, 3, 3], "48": [[12732.300622263621, -11478.021581217277, 1485.9334151829019], [11152.738470706243, -10729.057763993227, 1560.0], 20, 3, 3], "49": [[12201.09709587316, -14219.540789740764, 1560.000108411718], [12451.359029247498, -11639.43850260351, 1560.0], 0, 3, 1], "5": [[-8853.645622947744, 8755.381946415058, 1472.4448928140885], [-8518.331509042575, 7169.169815318515, 1560.0], 45, 3, 3], "50": [[11564.579615778537, -14246.003618955767, 1559.9997638205127], [11904.395561295734, -11506.29705370781, 1560.0], 0, 3, 1], "51": [[14320.697553080168, -12876.322285543694, 1559.9999058290211], [14008.472265290744, -12335.63537504288, 1560.0], 108, 3, 3], "52": [[15235.042558544556, -12047.627239209194, 1560.000049723011], [14559.139320173814, -11503.301489042942, 1560.0], 87, 3, 3], "53": [[16865.011958584797, -10852.042947784275, 1541.6893853183083], [18363.30259159727, -10438.658568695044, 1560.0], 96, 3, 3], "54": [[18850.21734679727, -16028.541925296016, 1826.8367106805208], [17598.584172572224, -14824.175030054288, 1560.0], 25, 3, 3], "55": [[19028.233771710995, -18649.34523173916, 1949.9949787685684], [16978.738732978898, -16485.83868744128, 1560.0], 11, 3, 3], "56": [[-1040.931762182847, 12224.89273512865, 1422.0851236523115], [-2136.918456854071, 9870.640257349141, 1560.0], 37, 3, 3], "57": [[84.7707389731569, 12249.85152659393, 1551.3208523890466], [-633.3143466194251, 10211.500758184606, 1560.0], 5, 3, 3], "58": [[-1161.6499209415215, 10928.813195080833, 1586.0013162651592], [-1409.8650422624423, 9493.879961126871, 1560.0], 13, 3, 2], "59": [[1342.5664793374988, 11383.93140701672, 1559.9997210721149], [161.87297962327625, 9582.482341924506, 1560.0], 23, 3, 3], "6": [[-10043.619412917658, 7207.043601257764, 1423.2092489792192], [-9739.686883360373, 5977.236738775129, 1560.0], 55, 3, 3], "60": [[6979.049365348697, 12464.447194321081, 1346.4812299903597], [4863.600329764773, 10436.845963156324, 1560.0], 6, 3, 3], "61": [[7605.730073835946, 11327.098200893397, 1425.9034605113388], [5764.116648626738, 9754.218563534876, 1560.0], 22, 3, 3], "62": [[8160.789145330616, 11319.255259245472, 1457.62264242731], [6118.846000260941, 9710.90580873271, 1560.0], 18, 3, 3], "63": [[7352.3667138293795, 10607.93195220727, 1437.5786338650598], [5251.477532194464, 9026.454748010876, 1560.0], 7, 3, 3],