{"0": [[-8534.023175779408, -17692.590196052653, 1559.9999574400401], [-7302.313142411156, -13516.258278689707, 1560.0], 4, 2, 2], "1": [[-6272.190045769858, -16559.756150240006, 1560.0000251596766], [-7211.907171395484, -12755.987600704984, 1560.0], 0, 3, 1], "10": [[-14102.655157410321, -6507.510781645072, 1560.000313796008], [-13459.554370760015, -6231.3501067557, 1560.0], 0, 2, 1], "11": [[-12305.101592809762, 7460.382042411927, 1228.506415188962], [-11663.43549268021, 5773.805663594806, 1560.0], 13, 2, 2], "12": [[-13312.25265815241, 7373.854806118451, 1368.6323940797813], [-12154.527181176829, 5779.325427485495, 1560.0], 10, 2, 2], "13": [[-12745.41701592713, 5137.876894777938, 1301.5431255084277], [-12349.176943725264, 4163.467759701866, 1560.0], 42, 2, 2], "14": [[-13568.471027675889, 8108.799664416702, 1560.0000984108092], [-11866.489350935026, 6490.476548196669, 1560.0], 0, 2, 1], "15": [[-8773.420912251504, 8391.177456094798, 1352.2747723542986], [-8790.409437481976, 6760.964524666381, 1560.0], 47, 3, 3], "16": [[-7975.312890332437, 10533.803775974438, 1500.0861152546029], [-7554.303668424463, 8426.804097630662, 1560.0], 63, 3, 3], "17": [[-9759.801800394265, 12351.477865761304, 1441.763102379455], [-8694.625892527045, 9127.074252048602, 1560.0], 27, 3, 3], "18": [[-8961.984171367154, 16060.431841571988, 1560.0000606819015], [-7069.446102837229, 16013.680379315529, 1560.0], 30, 2, 2], "19": [[6575.289805275972, 15242.053639677344, 1409.294675778124], [3836.028682446943, 11937.299708039562, 1570.0], 24, 3, 3], "2": [[-11622.00165857151, -13569.80137014623, 1570.6534463019439], [-10011.662097508566, -11316.107484632925, 1560.0], 22, 2, 2], "20": [[6761.783006993323, 14596.207365006745, 1446.4654601214188], [4100.16066968284, 11507.63270678127, 1560.0], 94, 3, 3], "21": [[8271.568318248215, 14437.674218077527, 1315.0293718278265], [5053.273418142677, 11368.061449549074, 1560.0], 15, 3, 2], "22": [[6956.880837648249, 12860.974094003372, 1498.1268728780185], [4376.103324031844, 10388.801247688603, 1600.0], 60, 3, 3], "23": [[5583.50387601327, 12801.680050411636, 1387.3823026194518], [3599.2079402572467, 10551.979885525503, 1560.0], 11, 3, 3], "24": [[6654.235141303682, 12020.010668651259, 1490.3499213619032], [4786.110548235938, 10062.966371394657, 1560.0], 39, 3, 3], "25": [[7552.163028336033, 9840.522379443446, 1442.2885061106322], [5878.337655804096, 8624.1413940843, 1560.0], 7, 3, 3], "26": [[9640.664251500135, 11293.260732559509, 1709.6445233430825], [6390.659784546497, 9181.344646155867, 1940.0], 24, 3, 2], "27": [[10456.22758009883, 9371.916377370131, 1579.8730931824134], [9523.365823931255, 8466.281959755259, 1560.0], 34, 3, 3], "28": [[10927.554534276722, 9706.653426836501, 1691.4832051605877], [10083.616106989191, 8848.103925311445, 1560.0], 72, 3, 3], "29": [[11367.647420526348, 8728.98017638411, 1570.0001045859644], [10286.00754150215, 7960.784626476362, 1570.0], 0, 2, 2], "3": [[-10967.021524079304, -13590.44409904826, 1585.1994686465275], [-9448.830725877811, -11482.083942318246, 1560.0], 23, 3, 2], "30": [[15806.950289642953, 7120.282800565964, 1690.0002562432628], [14105.888468389365, 6444.765932242816, 1690.0], 16, 2, 2], "31": [[12615.279918771097, 7256.78773233929, 1609.999714366707], [11771.009325554789, 6719.636277001058, 1610.0], 0, 2, 2], "32": [[13684.16393372308, 1491.815618322934, 1647.1487462411], [15506.437332736277, 1472.7794608184954, 1570.0], 30, 3, 3], "33": [[13847.188565942304, -8609.972229423323, 1459.1956581196896], [12572.033067387027, -8093.284194457224, 1560.0], 15, 2, 2], "34": [[13431.890307475805, -11433.069305793935, 1266.0439341474305], [11302.20675019742, -10462.45624297403, 1560.0], 27, 3, 3], "35": [[13512.553356895864, -11973.407388053362, 1322.265739842796], [11577.407202322305, -11026.708735294815, 1560.0], 34, 3, 3], "36": [[9896.618848978984, -13323.450217533413, 1374.8336997016827], [7395.75545089361, -11801.837375009198, 1560.0], 8, 2, 2], "37": [[11519.052665855083, -17410.479583581142, 1434.211606370759], [9118.70420848067, -14914.90677515804, 1560.0], 9, 3, 3], "38": [[5748.333426391201, -14246.804225362286, 1182.3635453600057], [3409.285899435284, -12280.683772881142, 1560.0], 6, 3, 3], "39": [[7888.138278825439, -17225.68464648979, 1255.8159241944452], [5132.516521063518, -14284.602095268056, 1560.0], 10, 3, 3], "4": [[-13391.378651824049, -11809.565716923986, 1624.895285084108], [-11607.289127332564, -10184.425788647013, 1560.0], 14, 3, 2], "40": [[12038.828711036465, -21189.29290273888, 1489.48060411233], [8717.880104869666, -16936.103245957234, 1560.0], 13, 3, 3], "41": [[13327.757776191796, -22264.23231161304, 1226.7373109403431], [8206.312635571494, -16871.175392295674, 1560.0], 60, 3, 3], "42": [[9387.138633955567, -22997.732544827795, 1471.795827692284], [6445.330885417212, -17701.357841832243, 1560.0], 69, 3, 3], "43": [[9037.788036785758, -23463.758299903, 1273.7421127041146], [3903.828049641173, -16850.113857204313, 1560.0], 45, 2, 2], "44": [[10952.298325035292, -26376.593453021676, 1559.9997516809065], [6074.161535058081, -18657.93214592537, 1560.0], 14, 2, 2], "45": [[11842.442835101436, -27657.537659193946, 1560.0001155964326], [6611.14887425938, -19176.51179331063, 1560.0], 5, 2, 2], "46": [[10446.509023020872, -27073.67694350898, 1559.999850353081], [5796.175581087608, -18929.95344712144, 1560.0], 10, 2, 2], "47": [[10339.17983181347, -26807.67143009136, 1560.00011607755], [5835.594567305213, -18892.184346819886, 1560.0], 6, 2, 2], "48": [[9625.636684380988, -26910.170607122844, 1559.9996500782847], [5348.728956796327, -18866.46280140753, 1560.0], 35, 2, 2], "49": [[13419.081372100927, -13826.678912632768, 1436.551750280851], [11225.056088868112, -12608.534079904826, 1560.0], 70, 3, 3], "5": [[-11334.720292089638, -11278.827411568123, 1575.851840975373], [-10183.907870484567, -10075.0420337868, 1560.0], 18, 3, 2], "50": [[14261.606776809975, -13733.066311551736, 1403.902147416184], [11432.488346954831, -12277.279110957053, 1560.0], 28, 3, 3], "51": [[15123.55446888877, -12713.33125494163, 1559.9995072754764], [13127.977148772223, -11596.188674621131, 1560.0], 13, 3, 3], "52": [[19054.796311295926, -12861.878157513009, 1559.9998371153165], [17414.61985185052, -11801.221335071657, 1560.0], 6, 2, 2], "53": [[20758.272640052546, -11143.991328768267, 1087.043114610505], [16847.02056693869, -10278.543933830784, 1560.0], 44, 3, 3], "54": [[20965.684430915593, -10585.536895447793, 1543.572271821702], [19432.584414027748, -10133.300116736287, 1560.0], 45, 3, 3], "55": [[21084.555779210903, -8701.346982852292, 1665.897553733474], [21289.946750510884, -8737.177840492413, 1560.0], 16, 3, 3], "56": [[22199.940678128423, -9328.383818750659, 1560.0000800632756], [21243.29647446265, -7827.601331421112, 1560.0], 11, 2, 2], "57": [[21632.164510158364, -9034.24344092198, 1749.9999911122811], [20712.13579175396, -7788.859092401239, 1750.0], 0, 1, 1], "58": [[22917.151145611493, -11328.072197030731, 1749.9999389900559], [21464.136960012795, -9597.468249427262, 1750.0], 0, 1, 1], "6": [[-8338.118752164562, -18869.27070526251, 1560.0000342829267], [-3643.6514085769386, -14623.033832194178, 1560.0], 0, 1, 1], "61": [[23365.21701397978, -15109.04103436951, 2023.246806303477], [22440.922566390476, -11083.705609705916, 1560.0], 37, 2, 2], "62": [[-9420.546564735223, 22925.720334842157, 1749.9997359450845], [-8798.03154338551, 21749.72002374694, 1750.0], 0, 1, 1], "63": [[-9674.926614781387, 17509.99408564864, 1749.99973580833], [-9360.234277573987, 17244.262637186323, 1750.0], 0, 1, 1], "64": [[6971.522835126673, 17308.34119219642, 1314.1024938590074], [3779.961000538086, 13075.93516023493, 1560.0], 11, 2, 2], "65": [[7190.3892004906875, 20502.558646202968, 1559.9999187428127], [4816.435779334844, 15388.831929591044, 1560.0], 0, 1, 1], "66": [[7362.568126530249, 21085.702739142136, 1560.0001448102114], [4858.515457611776, 15635.846114833941, 1560.0], 0, 1, 1],