{"0": [[-7679.701350775991, 11464.672924279537, 1376.1575397121792], [-7348.708211038164, 8891.999045460274, 1560.0], 26, 3, 3], "1": [[-9962.96075489275, 7246.828298688259, 1324.3931693554684], [-9748.568821893123, 5932.583648144554, 1560.0], 77, 3, 3], "10": [[-12510.102708053666, -2229.3950486644285, 1315.523361647679], [-12715.89792270912, -2246.5813242447775, 1560.0], 8, 3, 2], "11": [[-13376.900953246452, -2589.860687879451, 1407.7927422123187], [-13429.536835782365, -2629.0186002163427, 1560.0], 107, 3, 3], "12": [[-11851.243732207777, -4937.178407909628, 1465.0881969797817], [-11834.552450060653, -4834.680517442106, 1560.0], 11, 3, 2], "13": [[-12616.232259999733, -5112.466660473552, 1559.9998802029045], [-12377.47055601726, -5008.2903098588495, 1560.0], 6, 3, 2], "14": [[-13433.90716200131, -4539.865614070016, 1349.3062724029212], [-13402.662533600995, -4416.343925865221, 1560.0], 9, 3, 2], "15": [[-14264.471285057709, -4541.610996592892, 1525.3068442673907], [-13904.618303221505, -4440.525228520372, 1560.0], 22, 3, 2], "16": [[-14675.137120792486, -3690.2511754341936, 1487.5214754545575], [-14389.148030345763, -3617.327965316626, 1560.0], 9, 3, 2], "17": [[-14634.399599600822, -5902.193127479171, 1527.282454085059], [-14081.272275920552, -5637.0360339254785, 1560.0], 15, 3, 2], "18": [[-12383.474728555899, -7728.351478201143, 1559.9999726431308], [-11780.018267091855, -7342.298978362881, 1560.0], 0, 3, 2], "19": [[-13721.513770730675, -7548.910386618136, 1560.000058562268], [-12973.467077341382, -7121.147599088175, 1560.0], 10, 3, 2], "2": [[-11280.131801762709, 5952.891695848583, 1383.5098983156884], [-10853.891995238686, 5014.911008305484, 1560.0], 5, 3, 2], "20": [[-14455.710182452376, -7824.735832410054, 1560.00019163283], [-13460.87215586494, -7310.619014045576, 1560.0], 17, 3, 2], "21": [[-12524.66392099807, -10734.379970714788, 1559.999707586638], [-11349.608024778248, -9522.569885846982, 1560.0], 15, 3, 2], "22": [[-12541.735809623566, -13388.698137416552, 1567.9834052893639], [-10725.562369876712, -11096.479409996133, 1560.0], 33, 2, 2], "23": [[-8150.824520163101, -14216.36492443424, 1115.8098098013018], [-7934.544567569389, -12028.001628024915, 1560.0], 10, 3, 2], "24": [[-7924.19243808284, -14941.883823581731, 1094.9686814565741], [-7531.084083868829, -12477.059150669542, 1560.0], 32, 3, 2], "25": [[-7802.31383243346, -17988.879333115474, 1510.2696943814992], [-6853.885214693873, -13694.069134781932, 1560.0], 17, 2, 2], "26": [[8925.940733899199, -18167.560054565118, 1517.9699368783001], [7201.392512825912, -15393.851406115684, 1560.0], 18, 3, 3], "27": [[9087.211582983393, -17638.431055112393, 1560.000050494654], [7366.6854427458875, -15150.361925543817, 1560.0], 7, 3, 3], "28": [[8592.875185650664, -16958.185988995952, 1487.4322334914418], [6399.8931513109, -14396.146198214508, 1560.0], 11, 3, 3], "29": [[9830.173947989795, -17180.222026919233, 1479.6865740108096], [7296.100234358023, -14495.958311463055, 1560.0], 11, 3, 3], "3": [[-11840.841398466608, 6090.767919244099, 1317.2129101786477], [-11481.555961245685, 4919.854621681965, 1560.0], 90, 3, 3], "30": [[10075.820832634743, -16952.457291175877, 1499.7554584661893], [7785.827791399928, -14515.046727305576, 1560.0], 11, 3, 3], "31": [[9939.636349684473, -16423.135764556082, 1438.0802677863958], [7542.33214570098, -14103.938457757156, 1560.0], 20, 3, 3], "32": [[8566.315996118956, -19146.020404079605, 1317.6736480326504], [5375.6785770385095, -15311.133169975956, 1560.0], 14, 3, 3], "33": [[9345.332104404239, -18942.754417337375, 1509.0147546223334], [6614.206703540686, -15533.732204281852, 1560.0], 10, 3, 3], "34": [[12057.367058601434, -21145.57372131953, 1384.2242384551246], [8343.520330363497, -16701.53698704277, 1560.0], 12, 3, 3], "35": [[12676.180586720804, -10852.768227629003, 1553.9212601722538], [11402.21939629768, -10282.618120411327, 1560.0], 19, 3, 3], "36": [[12872.468813674335, -12382.762995684312, 1559.9999162330175], [13014.31770623742, -11776.424555320293, 1560.0], 32, 3, 3], "37": [[14636.268482256215, -10150.050275937816, 1469.0913986965354], [13676.399483073556, -9579.178448080578, 1560.0], 12, 3, 3], "38": [[14298.83754441603, -11404.781689866995, 1528.0946082646242], [12383.224237266486, -10699.57680512164, 1560.0], 21, 3, 3], "39": [[15554.937497209743, -11918.715232800054, 1563.8519667716644], [14620.846072628055, -11408.35496881662, 1560.0], 24, 3, 3], "4": [[-12568.949419479262, 6679.153345626882, 1379.6139761645645], [-11815.372907854919, 5358.928282781649, 1560.0], 18, 2, 2], "40": [[18483.972939772604, -11445.449294324728, 1560.0002150604057], [17344.47397100604, -10727.285536448546, 1560.0], 3, 3, 3], "41": [[11337.4709167009, -4444.53440794008, 1551.487201760547], [10753.018969934696, -4579.5483441996075, 1560.0], 44, 3, 3], "42": [[14373.269337384281, -3235.705396921238, 1560.000169441801], [14142.282236586683, -3505.840707820648, 1560.0], 90, 3, 3], "43": [[12952.602899802412, 1732.0151941110416, 1559.9986950920013], [14383.672069591817, 1729.8203237454393, 1560.0], 37, 3, 3], "44": [[13630.120928080503, 1926.9739822363185, 1533.415401871253], [14941.247817603526, 1543.136315613336, 1560.0], 120, 3, 3], "45": [[15765.502967058275, 830.8412214857865, 1640.0000599143168], [15490.092278812592, 725.0389975081758, 1640.0], 0, 2, 2], "46": [[8650.748385343495, 10391.389876842459, 1534.6117798442929], [6693.128477149418, 8909.36281451927, 1560.0], 16, 3, 3], "47": [[10395.27700030074, 9500.024592535541, 1559.9997928173343], [8612.410836935518, 8385.74473882107, 1560.0], 19, 2, 2], "48": [[12193.32815762774, 6822.799181899476, 1560.000110483543], [11398.041693923962, 6417.301585820262, 1560.0], 0, 2, 2], "49": [[12651.921225174492, 6998.848138967034, 1559.999770946753], [11957.89179776933, 6549.919405492876, 1560.0], 0, 2, 2], "5": [[-11986.184921244787, 7867.092516417297, 1248.877548308159], [-11357.63804630864, 6068.170281328213, 1560.0], 26, 2, 2], "50": [[13261.152392290269, 7852.688375313456, 1730.0003108314563], [13049.309338677725, 7467.983689123245, 1730.0], 7, 2, 2], "51": [[16267.154028630328, 9883.195102932315, 1950.000828413823], [15447.517006675838, 9128.171756408525, 1950.0], 4, 2, 2], "52": [[14018.10323715733, 7249.363757528636, 1700.0005048753337], [13609.622214743042, 6917.070348765523, 1700.0], 2, 2, 2], "53": [[14766.87912630105, 7143.17481088845, 1579.9998550047178], [14149.012382091356, 6709.709454405003, 1580.0], 1, 2, 2], "54": [[15445.320887444392, 7082.723194636566, 1699.9996344997664], [14746.623223791292, 6705.415366328112, 1700.0], 1, 2, 2], "55": [[18592.08789132032, -13847.416838884988, 1464.2301222947465], [16699.595579410554, -12785.20664438072, 1560.0], 43, 3, 3], "56": [[18476.406108883475, -13007.93289613496, 1398.7807139779754], [15771.079362858922, -11890.24690727801, 1560.0], 25, 3, 3], "57": [[-9511.843072060397, 22792.737729535012, 1749.9997846399112], [-8893.323579719705, 21617.455537274633, 1750.0], 0, 1, 1], "58": [[-8530.399224288196, 22381.848308146335, 1749.9998941608294], [-8168.980395243215, 21531.255626358437, 1750.0], 0, 1, 1], "59": [[-8490.630437877062, 21126.147197894392, 1750.00021910871], [-8216.395585021455, 20564.739128054694, 1750.0], 0, 1, 1], "6": [[-13011.722683116335, 2879.848909521895, 1426.214748901138], [-12700.603223190688, 2490.8473277318435, 1560.0], 18, 3, 2], "60": [[8405.751185512754, 17792.97529425541, 1709.5030861239138], [6196.3890386751145, 13993.915725002518, 1950.0], 72, 3, 2], "61": [[5897.690107120954, 21908.188185851963, 1559.9998359800725], [3363.0872158305106, 15706.151347715038, 1560.0], 0, 1, 1], "62": [[6358.695656352462, 21572.079842082036, 1559.9999014034925], [3948.8086976753707, 15729.711913448886, 1560.0], 0, 1, 1], "63": [[7454.394117206183, 21043.919091911353, 1560.0001801241267], [4858.515457611776, 15635.846114833941, 1560.0], 0, 1, 1],