{"0": [[-7996.603738666653, -17109.66449722066, 1559.9997739770326], [-6915.661942387793, -14131.054608244029, 1560.0], 0, 1, 1], "1": [[-8167.107695503558, -17460.225195846888, 1560.000045858821], [-7068.994579670752, -13505.754175376605, 1560.0], 9, 2, 2], "10": [[-11674.662858660755, -8054.4659948994795, 1512.425348777202], [-11222.378160571006, -7564.606290232784, 1560.0], 12, 3, 2], "11": [[-11993.689741324664, -7374.371883866462, 1664.3386660697638], [-11284.106755269806, -7128.192531610044, 1560.0], 10, 3, 2], "12": [[-11607.390001259211, -6702.938387680105, 1559.9997439758806], [-11259.28267854039, -6459.863151674029, 1560.0], 7, 3, 2], "13": [[-11983.90853530795, -6483.507399194527, 1548.3029045280582], [-11687.38272327045, -6254.3398461084, 1560.0], 9, 3, 2], "14": [[-12639.906774024072, -6471.913195650746, 1466.1005311824165], [-12348.351934205883, -6247.755466211158, 1560.0], 101, 3, 3], "15": [[-14405.762358912902, -5832.373015736836, 1383.8404900319329], [-14039.379200387237, -5537.438134966976, 1560.0], 22, 3, 3], "16": [[-12811.73676326344, -7531.045683638089, 1605.8468699715334], [-12104.513616076207, -7180.413060641399, 1560.0], 9, 3, 2], "17": [[-13513.904318439823, -8034.23486596693, 1560.0002529350654], [-12690.24051748652, -7504.337798949241, 1560.0], 14, 3, 2], "18": [[-14194.523168185035, -8038.303531742766, 1560.0002277061426], [-13211.2296044622, -7482.566297049175, 1560.0], 8, 3, 2], "19": [[-13498.020647396668, -7026.354763897051, 1292.9302063521586], [-13250.627134164277, -6544.298206972809, 1560.0], 23, 3, 3], "2": [[-7127.577932110562, -15419.947611318776, 1570.000068846327], [-7111.129751616306, -12720.593074622913, 1570.0], 0, 3, 1], "20": [[-15433.149492677856, -6726.98211999214, 1559.9994132740055], [-14535.450025679085, -6334.190022384393, 1560.0], 10, 3, 2], "21": [[-11066.18744585676, 5402.818054619778, 1358.2485639980932], [-10869.152763913902, 4552.700683762327, 1560.0], 23, 3, 3], "22": [[-12285.716846987501, 5711.590472736884, 1342.5592047726823], [-11915.007799844525, 4606.112216096427, 1560.0], 86, 3, 3], "23": [[-13226.818363869537, 6706.355663891071, 1310.1338653061755], [-12386.62521371021, 5243.055411031976, 1560.0], 67, 2, 2], "24": [[-14323.834627804672, 5879.688079819687, 1273.3111565593845], [-13340.599540759546, 4562.993992689113, 1560.0], 17, 2, 2], "25": [[-10218.91833009234, 8612.319384335931, 1590.7230757072539], [-9317.945517034006, 7199.33189584531, 1560.0], 34, 3, 3], "26": [[-7899.855373463611, 10660.432196170124, 1240.7813736162022], [-8024.372131160464, 8131.042886143043, 1560.0], 11, 3, 3], "27": [[-7815.948979649626, 11501.33443261936, 1282.5499994289833], [-7689.002856943647, 8752.295602107486, 1560.0], 15, 3, 3], "28": [[-7528.853738601086, 13043.811878153123, 1152.5066104432915], [-7658.723773416339, 9322.411781145134, 1560.0], 36, 3, 3], "29": [[6678.513461608586, 16872.4353053683, 1384.7898369347804], [4072.5051044521833, 12998.809956066523, 1560.0], 24, 3, 3], "3": [[-8892.853875246206, -16978.746102861936, 1560.0000064422525], [-7502.391683591024, -13286.957827753884, 1560.0], 11, 2, 2], "30": [[7517.681382470199, 16442.283256829982, 1560.000642405249], [5430.052373694617, 13297.75348233551, 1560.0], 16, 3, 2], "31": [[7171.677702520113, 11476.155224668752, 1461.2004738314672], [5437.897000594681, 9892.242315848498, 1560.0], 4, 3, 3], "32": [[6987.862921857018, 10786.761093748155, 1324.461692192626], [4916.418297738681, 9077.052648282282, 1560.0], 23, 3, 3], "33": [[9524.502444940972, 10842.964165722564, 1564.740748376128], [8046.604956813678, 9577.203538390022, 1560.0], 47, 3, 3], "34": [[7497.835927877781, 9916.737701341028, 1445.9661082538807], [5507.852672724077, 8584.27526266096, 1560.0], 30, 3, 3], "35": [[9335.877731538765, 8379.320002648288, 1386.419061441892], [7938.495159631885, 7385.962846905639, 1560.0], 29, 3, 3], "36": [[10422.33538373553, 9911.361128075843, 1788.580796775705], [10628.825068627868, 9647.654366129804, 1590.0], 43, 3, 3], "37": [[17611.578176891715, 8695.172043565104, 1559.999695709036], [18054.623319525035, 8512.051770407914, 1560.0], 122, 2, 2], "38": [[15395.879957696015, 7803.637773757276, 1559.999891347622], [15788.57273694139, 7703.065037004725, 1560.0], 94, 2, 2], "39": [[10878.002731721283, 1223.5226882795455, 1605.270726301631], [12460.3118134658, 1305.6529750237978, 1560.0], 37, 3, 3], "4": [[-9628.00586059725, -15674.88117380804, 1580.9428342793692], [-8189.711917112631, -12622.215863252877, 1560.0], 27, 3, 2], "40": [[14263.00370322305, -5176.676670681461, 1560.0004767973423], [13930.980640323483, -5350.8082939694195, 1560.0], 24, 3, 3], "41": [[16555.073642321506, -9596.241779679747, 1493.7539382613506], [15278.48409874435, -9189.31984248408, 1560.0], 23, 3, 3], "42": [[13109.821217502327, -9976.806088304636, 1499.5992357556706], [11855.793057828569, -9452.490286643573, 1560.0], 26, 3, 3], "43": [[15092.994686636814, -10587.920006555316, 1559.9999128199076], [14668.6550129239, -10207.200509785216, 1560.0], 23, 3, 3], "44": [[14541.710114686992, -10674.726500146768, 1559.9999884041606], [13992.109235864065, -10184.785394848535, 1560.0], 5, 3, 3], "45": [[16864.313496570714, -13986.04017829655, 1560.0007439343074], [15113.556222607196, -12829.471167182486, 1560.0], 9, 3, 3], "46": [[9946.172200337833, -13386.027166808653, 1389.7015459697593], [8244.298857574795, -12044.722696453016, 1560.0], 16, 2, 2], "47": [[13060.459961447646, -17071.569908525846, 1560.0000095890587], [10389.127915045783, -14756.342463017822, 1560.0], 5, 3, 3], "48": [[7989.40341573344, -17553.078397808647, 1421.1386525504074], [5734.1910681310255, -14738.733921300261, 1560.0], 15, 3, 3], "49": [[10963.438453491264, -22979.80260454298, 1560.000070114585], [7883.019561408217, -17896.839305581874, 1560.0], 9, 3, 3], "5": [[-9812.371089673674, -13410.148334845437, 1560.0000604237966], [-8718.635679274585, -11427.604074817202, 1560.0], 5, 3, 2], "50": [[10308.002585134018, -23076.09354351946, 1559.9996640620227], [6567.214390961433, -17559.49531702218, 1560.0], 14, 2, 2], "51": [[9395.527427451649, -22833.282444091106, 1560.00007829165], [6087.636239417608, -17530.96342850583, 1560.0], 13, 2, 2], "52": [[9897.609065608234, -25313.152804653437, 1560.0000559472535], [5848.675426891592, -18360.8869667301, 1560.0], 4, 2, 2], "53": [[-1928.8488153083706, -18017.570549466454, 1559.9999378235837], [-2606.1242776955655, -14448.257754790427, 1560.0], 97, 3, 3], "54": [[8349.055361626977, -17922.21756071806, 1032.8590377681348], [3969.616207637143, -14179.51817841657, 1560.0], 10, 3, 3], "55": [[12466.444067652501, -18252.41461079848, 1728.0986357991062], [10786.149204989195, -15866.549506825862, 1560.0], 5, 3, 3], "56": [[9826.898108659538, 9918.555983848004, 1629.9999622386802], [8921.332187499836, 9072.88318494299, 1630.0], 0, 2, 2], "57": [[-7967.721764456045, -18001.998438492163, 1559.9999517938782], [-3189.112797286475, -15081.520694019198, 1560.0], 0, 1, 1], "6": [[-12237.416849032981, -11889.43412163619, 1570.0003059480296], [-10863.614078049126, -10298.989773450097, 1570.0], 10, 3, 2], "7": [[-12984.824599535212, -11302.15699490465, 1560.0006302834793], [-11518.345032208977, -9863.268801829663, 1560.0], 6, 3, 2], "8": [[-10268.766560986776, -15887.720530869965, 1610.000011607744], [-8681.642480419243, -12582.199277738526, 1610.0], 6, 2, 2], "9": [[-10838.339339412674, -15347.135951609316, 1695.520454641255], [-8934.38945526707, -12426.992536738735, 1560.0], 33, 3, 2]}