{"0": [[-11185.07258064564, -8221.500072615723, 1540.1651992071834], [-10691.416386884588, -7774.831397291405, 1560.0], 12, 3, 2], "1": [[-13756.545501136723, -6080.017890955479, 1525.1324389282481], [-13313.157829055495, -5834.742145354132, 1560.0], 11, 3, 2], "10": [[-813.0123102533054, -14984.589990375709, 1653.3161067991382], [-937.8279787869446, -13160.091755321586, 1560.0], 18, 3, 3], "11": [[10610.021731436724, -20423.563847420246, 1510.2369536428205], [7931.843556501418, -16528.362079527542, 1560.0], 12, 3, 3], "12": [[11810.657711691352, -20328.380195337788, 1559.999921272178], [9394.735181291491, -16826.379753725156, 1560.0], 7, 3, 3], "13": [[13574.433121050177, -16675.503500114533, 1559.9998737152055], [10160.364393115859, -14233.801344367945, 1560.0], 9, 3, 3], "14": [[11618.993566480405, -16522.185090461502, 1560.0002766397695], [10389.127915045783, -14756.342463017822, 1560.0], 14, 3, 3], "15": [[11177.646608968977, -16215.213460801948, 1557.3838625277126], [9089.480244047432, -14138.287041316848, 1560.0], 10, 3, 3], "16": [[11916.378952054209, -23453.429487548656, 1559.9998602555233], [7490.153829103567, -17715.5815071959, 1560.0], 5, 2, 2], "17": [[7534.23022112036, -18870.132941439686, 1402.0261356327708], [4594.333454906187, -15189.509190680457, 1560.0], 7, 2, 2], "18": [[8613.071770428873, -19546.932644089557, 1560.0000499594435], [6224.158379620035, -16094.44953958663, 1560.0], 7, 2, 2], "19": [[8452.580390538575, -17754.420277995923, 1559.9999902160434], [6470.858855463031, -15029.35365650026, 1560.0], 1, 2, 2], "2": [[-14528.510692511434, -6245.973549706544, 1559.9998876962507], [-13846.508027277567, -6002.4304415780025, 1560.0], 4, 3, 2], "20": [[9369.236037558345, -17358.189221184435, 1492.1085109399435], [7133.546058621336, -14749.80623182314, 1560.0], 20, 3, 3], "21": [[8329.377235819324, -15551.194815004834, 1217.5493508250054], [5361.120728273397, -13103.059808594175, 1560.0], 9, 2, 2], "22": [[10579.242154926415, -15322.301102141422, 1560.0000700462376], [8430.09035952095, -13490.047466694725, 1560.0], 2, 2, 2], "23": [[8975.32625502137, -14700.10219127817, 1422.123431959301], [6814.379995846595, -12880.430486226101, 1560.0], 9, 2, 2], "24": [[10103.113691328146, -13078.44844310918, 1346.2960400733539], [8412.523129849118, -11737.569128153293, 1560.0], 31, 2, 2], "25": [[18647.22726264497, -11654.300009422845, 1738.3431881474646], [18666.17629542603, -11227.71256434301, 1560.0], 11, 3, 2], "26": [[22269.781628821376, -11497.947219708247, 1560.0003023158774], [21056.426235221425, -9727.36430824014, 1560.0], 23, 2, 2], "27": [[15987.049464219443, -13724.548870040637, 1644.4967848719866], [15113.556222607196, -12829.471167182486, 1560.0], 21, 3, 3], "28": [[17447.057662378087, -10018.470328365716, 1560.0000037458592], [17120.33054220274, -9854.447956328628, 1560.0], 34, 3, 3], "29": [[16545.678795240372, -11024.242074765945, 1586.087602643559], [15898.860646513973, -10560.813018474519, 1560.0], 13, 3, 2], "3": [[-11497.29255692596, -12855.100028342098, 1560.000063380098], [-10099.14266047528, -10934.215542924952, 1560.0], 17, 3, 2], "30": [[16130.295304926873, -11449.020767681219, 1426.5511604130581], [14367.059813485788, -10697.94027958334, 1560.0], 39, 3, 3], "31": [[16013.653404327566, -10502.775652429134, 1208.442057771714], [14789.925761971042, -10007.511862734367, 1560.0], 58, 3, 3], "32": [[15626.500341575917, -10445.346456059102, 1434.2806072054452], [13506.99139381293, -9873.149864757534, 1560.0], 25, 3, 3], "33": [[15547.585366999228, -10279.557857559108, 1382.2497973865657], [14167.306772631224, -9889.817925439917, 1560.0], 65, 3, 3], "34": [[14230.767077839997, -12398.743086121922, 1614.8468585540602], [13652.85641844026, -11826.49852573003, 1560.0], 40, 3, 3], "35": [[13545.658105145514, -12561.952291087575, 1560.0000419546104], [12901.038196955857, -11954.799328136305, 1560.0], 30, 3, 3], "36": [[14106.56401485524, -10235.824663809526, 1515.4411273156768], [12922.934948263337, -9761.058471421225, 1560.0], 15, 3, 3], "37": [[14746.5369667961, -9309.396574783374, 1453.359101780612], [12777.769478532306, -8879.270568291242, 1560.0], 13, 3, 3], "38": [[12913.616998401449, -10200.352347605185, 1338.334170483423], [11172.269287501862, -9627.912014378157, 1560.0], 34, 3, 3], "39": [[19409.528255906185, -10006.868158364534, 1560.0003528220846], [18808.0356558885, -9777.627101369233, 1560.0], 29, 3, 3], "4": [[-11819.73110751495, -12061.287412285958, 1217.148983150478], [-11059.817606724442, -10082.253494046527, 1560.0], 15, 3, 2], "40": [[14676.823980069204, 557.3310436662838, 1578.103665483779], [14592.792933027502, 669.9693573939664, 1560.0], 24, 2, 2], "41": [[13337.77136540429, 1282.3103315268327, 1560.0004728907452], [13189.498974160522, 989.8137034427182, 1560.0], 36, 2, 2], "42": [[12153.774008991773, 1322.1698749495486, 1582.5660092371495], [12081.229404892756, 1354.541685431686, 1560.0], 33, 2, 2], "43": [[16865.462132868633, 8171.540068564456, 1750.0002502562597], [16796.042708461984, 8118.477104359608, 1750.0], 0, 1, 1], "44": [[16165.590349334181, 6501.833767549003, 1749.9999820165867], [16218.087809966344, 6655.912526156984, 1750.0], 0, 1, 1], "45": [[16628.482166167018, 9837.080884645886, 1749.9998418040284], [16775.103393016903, 10388.9542168517, 1750.0], 0, 1, 1], "46": [[16351.630278727931, 9988.880095233026, 1750.0003589470343], [16359.269460088966, 10328.48564179453, 1750.0], 0, 1, 1], "47": [[15946.89776790372, 8036.771135834627, 1749.9996544716164], [15879.332589271002, 7992.385346545305, 1750.0], 0, 1, 1], "48": [[15334.648605676452, 7411.720289841902, 1750.0000609862414], [15487.67057430369, 7938.263382424183, 1750.0], 0, 1, 1], "49": [[15046.12781002066, 9007.146839113095, 1750.0000371923663], [15110.115860418018, 9364.551890299068, 1750.0], 0, 1, 1], "5": [[-11892.020291018822, -11528.743285378938, 1146.3064418066156], [-11275.183963931046, -9724.113160316465, 1560.0], 17, 3, 2], "50": [[14935.534356085076, 5839.780767204203, 1750.0002165654712], [14954.712231507194, 5833.826270996441, 1750.0], 0, 1, 1], "51": [[14186.297823318026, 5420.966346180538, 1749.9997474650813], [14215.900647869992, 5736.805299346408, 1750.0], 0, 1, 1], "52": [[13833.333272328107, 5852.93422006785, 1750.000001407522], [13957.304278120679, 6353.997914929737, 1750.0], 0, 1, 1], "53": [[13986.164603327326, 7566.767309649413, 1749.999719454376], [14058.926141425589, 7739.570050809733, 1750.0], 0, 1, 1], "54": [[14595.78331134775, 10301.624703239882, 1750.0000871062937], [14704.150869762216, 10893.940706625075, 1750.0], 0, 1, 1], "55": [[13557.693149140521, 6642.445056131314, 1750.0000007473666], [13690.072919117443, 6991.169719970349, 1750.0], 0, 1, 1], "56": [[13094.773097008907, 7791.2576981995035, 1750.000281146633], [13258.977784817118, 8347.871290619276, 1750.0], 0, 1, 1], "57": [[12566.596910785835, 7663.886779993645, 1121.3497931360503], [12863.041833381301, 7226.5816129956465, 1560.0], 87, 2, 2], "58": [[9339.633433480956, 10703.24515796582, 1559.9996747407156], [11850.238177857827, 7089.722954188002, 1560.0], 0, 2, 1], "59": [[10074.973150893578, 10519.731812132297, 1376.6160401124216], [10470.858191214329, 10560.161697339001, 1560.0], 44, 2, 2], "6": [[-12564.971905806713, -10098.652276566556, 1655.445079367661], [-11361.938120968232, -9184.878430218268, 1560.0], 10, 3, 2], "60": [[8964.874077231374, 10592.614407372446, 1375.6013497570405], [9224.473653846702, 9585.946680720317, 1560.0], 19, 2, 2], "61": [[8506.69166559891, 10824.68234557969, 1275.4315292985493], [9040.94805189172, 11983.137050851448, 1560.0], 121, 2, 2], "62": [[7444.33430336122, 9752.335427418804, 1529.9280315914252], [7530.6879508896845, 8580.80216456675, 1560.0], 16, 2, 2], "63": [[6776.631540732828, 10679.01441401617, 1560.000177478221], [6759.581436219548, 9204.638452621737, 1560.0], 18, 2, 2], "64": [[6826.653097711131, 11529.27187933385, 1394.1767671611644], [5038.2568973767575, 9646.844867753087, 1560.0], 65, 3, 3],