{"0": [[-15429.783319564, -7603.853361722439, 1589.9999946073192], [-14319.718742214247, -7038.061024094739, 1590.0], 0, 2, 1], "1": [[-15268.638101649954, -7256.754931294534, 1560.0001338352445], [-14270.085958637972, -6775.22298237603, 1560.0], 0, 2, 1], "10": [[10954.769790842995, -23153.78546360234, 1559.9995555041048], [7021.429021353946, -17636.607444321584, 1560.0], 8, 2, 2], "11": [[10016.310955111956, -16648.054286373936, 1493.194083889189], [7459.936460484391, -14236.115710153776, 1560.0], 5, 3, 3], "12": [[12832.053511699427, -20084.61676103183, 1559.9999110635795], [9196.711620722659, -16345.344502349177, 1560.0], 20, 3, 3], "13": [[12777.90003117851, -17656.259077552524, 1443.2398098213685], [10135.73511799666, -15107.629448386928, 1560.0], 10, 3, 3], "14": [[13821.070038640397, -17652.17328876853, 1560.0000092841594], [10825.25314078416, -14995.781555089388, 1560.0], 6, 3, 3], "15": [[16613.43823914932, -18001.965176229165, 1952.646533526967], [16166.627461572834, -16425.800683732272, 1560.0], 27, 3, 3], "16": [[16347.267862216375, -17138.342303253085, 1887.786593425747], [16028.625795628473, -15650.60582936446, 1560.0], 6, 3, 3], "17": [[19997.79223665398, -17097.909690215347, 2107.843259881629], [20157.91468269792, -16146.871542481607, 1560.0], 35, 3, 3], "18": [[27202.807058212347, -20599.450271472084, 1749.9999050005506], [14637.514834986587, -7086.248692103262, 1750.0], 0, 1, 1], "19": [[14846.359947164114, -13120.746048610077, 1559.9998596344376], [13476.514849841109, -12097.842210950932, 1560.0], 17, 3, 3], "2": [[-14213.627679669307, -6146.292106890324, 1559.9998836874036], [-13613.202366522273, -5913.024237709779, 1560.0], 0, 2, 1], "20": [[9911.338507050483, -13059.152058954636, 1461.389017722594], [7936.659517196936, -11694.186477973275, 1560.0], 9, 2, 2], "21": [[15652.685186400611, -12226.516366822096, 1393.4357614830099], [12836.681716696032, -11007.846034800607, 1560.0], 8, 3, 3], "22": [[15361.33365604578, -11194.777609948544, 1527.4934229988796], [14427.195442522447, -10600.760481279802, 1560.0], 16, 3, 3], "23": [[17565.25923756215, -10995.27374857638, 1559.9999074526397], [16094.791895830313, -10254.043564217805, 1560.0], 4, 2, 2], "24": [[21807.95772003547, -11397.07283185144, 1560.0001142244155], [19201.324795109227, -10467.751358235208, 1560.0], 4, 2, 2], "25": [[9814.903401956888, 10778.157907430323, 1560.0000266626596], [9437.552078880179, 9970.151780431386, 1560.0], 41, 3, 3], "26": [[8881.338422589042, 10739.839472885118, 1559.9999994874265], [7647.072699117554, 9626.867580499307, 1560.0], 10, 3, 2], "27": [[10268.087938926794, 9962.322747789693, 1609.0692196798882], [9718.221949375706, 9249.043897945081, 1560.0], 70, 3, 3], "28": [[-10999.31538648492, 7217.2327040373975, 1512.4740408885368], [-10439.365059140702, 5990.866458935143, 1560.0], 110, 3, 3], "29": [[-11942.654290190383, 6215.443634606455, 1430.4321709168264], [-11376.902846464502, 5119.268689539722, 1560.0], 55, 3, 3], "3": [[-13956.259645347736, -6154.525665649021, 1559.999676543092], [-13414.9119877173, -5921.876524610194, 1560.0], 0, 2, 1], "30": [[-13717.02669260285, 6796.303233085172, 1562.3323137296597], [-12171.814997534952, 5709.509527003116, 1560.0], 58, 2, 2], "31": [[-15554.678764657658, 6306.02276195762, 1850.0000034261425], [-13771.645003859396, 5005.899552070148, 1850.0], 0, 2, 1], "32": [[-9556.168618578227, 12418.674199880132, 1623.231393902065], [-8268.819349683883, 9470.346445897467, 1560.0], 37, 3, 3], "33": [[12492.557264507068, -11810.152088154213, 1395.474879939071], [10048.240388848832, -10670.458204173072, 1560.0], 10, 2, 2], "34": [[21744.98060842226, -10220.689148852358, 1606.3483135596794], [19617.239630382566, -9658.757803893966, 1580.0], 23, 2, 2], "35": [[21411.985975050247, -10015.97466352237, 1610.0004103917036], [19506.362374384844, -9514.006465868302, 1610.0], 8, 2, 2], "36": [[-10174.779633489152, 12585.765872763921, 1560.000558163555], [-8080.3280521932775, 12804.22146953668, 1560.0], 19, 2, 2], "37": [[-9247.58183513892, 13329.962426103377, 1560.0002664379224], [-6859.702044834991, 12236.62863538615, 1560.0], 49, 2, 2], "38": [[-9229.801742387934, 14838.410332230034, 1560.0002207862344], [-7072.324368551186, 14012.122498165903, 1560.0], 20, 2, 2], "39": [[-9825.403503812337, 15414.10789641571, 1560.0000187747987], [-7512.540016176553, 13889.144519222262, 1560.0], 2, 2, 2], "4": [[-12699.632022558197, -6538.900326853908, 1560.0000350779783], [-12223.73735672079, -6322.286406063149, 1560.0], 0, 2, 1], "40": [[-7946.866094654218, -17556.480404795846, 1559.9999779890015], [-4128.228370937441, -13792.596808761045, 1560.0], 0, 1, 1], "5": [[-8031.5068540899665, -14911.781899579159, 1171.3703344291985], [-7954.777986020805, -12259.005185081076, 1560.0], 73, 3, 2], "53": [[-8675.196393296439, 16469.90178966296, 1749.9997323017735], [-8518.100727170086, 16358.12545431511, 1750.0], 0, 1, 1], "54": [[-10390.357413955226, 16923.716616452653, 1750.000008061638], [-9972.34040170297, 16616.39642971181, 1750.0], 0, 1, 1], "55": [[-10335.841728565249, 19596.280582127147, 1749.999675893809], [-9776.383925474636, 18998.197935582244, 1750.0], 0, 1, 1], "56": [[-9963.289965136273, 18944.74511265009, 1750.000121562932], [-9530.475563337943, 18495.404983296616, 1750.0], 0, 1, 1], "57": [[-9146.089297900704, 18714.25366388469, 1750.000128923086], [-8869.84167699381, 18388.98546790165, 1750.0], 0, 1, 1], "58": [[-9327.024829152959, 19465.114011549966, 1749.9998497180184], [-8994.646258673876, 19032.41620105529, 1750.0], 0, 1, 1], "59": [[-9503.610188060456, 20249.04056877063, 1749.9998652736028], [-9099.902662042903, 19676.244426194866, 1750.0], 0, 1, 1], "6": [[-7972.6965249149935, -16170.03546169797, 1379.7547639217473], [-7688.572962558707, -12931.831211369627, 1560.0], 26, 3, 2], "60": [[-9065.959684374086, 20043.98007045525, 1749.9997446042908], [-8763.659753124366, 19546.638942392412, 1750.0], 0, 1, 1], "61": [[-8518.990301544012, 19922.372730195988, 1749.9999710237241], [-8284.517791648277, 19547.58424151579, 1750.0], 0, 1, 1], "62": [[-8170.841348572061, 19385.389979262898, 1750.0003266946119], [-7992.477503208738, 19109.43826452345, 1750.0], 0, 1, 1], "63": [[-7637.716174653687, 19804.78125812735, 1749.9997038207105], [-7519.598052367068, 19514.511632922753, 1750.0], 0, 1, 1], "64": [[-7763.270645172789, 20237.441863647295, 1750.000051094421], [-7601.755520221389, 19900.435418098237, 1750.0], 0, 1, 1], "65": [[-8711.184038799853, 21592.242537845075, 1749.9998274951015], [-8364.456599539639, 20906.196422132576, 1750.0], 0, 1, 1], "67": [[5244.8409460299545, -21055.29996401942, 1578.1442873310834], [3632.751721710228, -16658.196489891587, 1560.0], 10, 3, 3], "68": [[5090.865499951304, -21133.271863111277, 1588.2765426636336], [3570.87894297739, -16745.692499862897, 1560.0], 10, 3, 3], "8": [[-10488.372103857168, -15524.663162123961, 1560.0000959543406], [-8934.26780556881, -12356.048826841983, 1560.0], 0, 1, 1]}