{"0": [[-9377.961454444057, -16010.95430092044, 1546.3388989822165], [-8192.653631682302, -12672.854336511564, 1560.0], 12, 2, 2], "1": [[-12135.757419652502, -13404.492071289502, 1628.164876124917], [-10380.973200468063, -11203.924623150519, 1560.0], 11, 2, 2], "10": [[9769.347664054429, -18219.991260518826, 1487.3025080144241], [6892.138963681533, -15119.39549409557, 1560.0], 3, 3, 3], "11": [[7980.13013633722, -16091.499581903878, 1143.2493545147531], [5157.102140558883, -13483.97623158402, 1560.0], 21, 3, 3], "12": [[11382.499935113552, -18497.317223407066, 1559.999868047306], [8654.490086875867, -15567.67020935416, 1560.0], 22, 3, 3], "13": [[12608.640427155613, -18325.622489980982, 1520.9129170760405], [10407.705243475944, -15553.47382506773, 1560.0], 13, 3, 3], "14": [[11955.313894312614, -15564.000753760165, 1480.2386992904658], [9881.107136098031, -13785.077572448216, 1560.0], 30, 3, 3], "15": [[9899.084645783561, -13433.310365747251, 1351.0460328820745], [7356.537686397781, -11876.256538729966, 1560.0], 8, 2, 2], "16": [[16210.34698544854, -14306.57955110271, 1559.9997402540316], [14853.927687989775, -13190.677811626176, 1560.0], 35, 3, 3], "17": [[12922.687447317892, -11125.899058498977, 1117.3815860934692], [8848.705724762416, -9923.589841417217, 1560.0], 24, 3, 3], "18": [[12718.082180704088, -11703.696146457407, 1375.6042233849196], [10048.240388848832, -10670.458204173072, 1560.0], 13, 3, 3], "19": [[14664.786431328781, -8003.803218459833, 1559.9997784210238], [13364.73306015109, -7771.19893479874, 1560.0], 15, 3, 3], "2": [[-12569.209971789014, -13519.203479664675, 1624.9144668971244], [-10723.159146724489, -11137.346796073345, 1600.0], 12, 2, 2], "20": [[14964.132769924332, -7732.0682179242585, 1503.6182292130268], [14135.859170660991, -7539.438925391889, 1560.0], 65, 3, 3], "21": [[14599.82479560186, -10441.596349736028, 1284.2187250028865], [11805.118931159368, -9546.413263312148, 1560.0], 8, 3, 3], "22": [[16735.850794022124, -10677.869873179743, 1347.9028483017112], [13563.382085049032, -9775.617867708826, 1560.0], 12, 3, 3], "23": [[19863.526630395445, -10590.015448808022, 1560.0001823029204], [19355.373265318365, -10245.36931477385, 1560.0], 12, 3, 2], "24": [[20712.143775738827, -11065.056579615743, 1582.3831936303516], [19992.144411959805, -10610.356935598169, 1560.0], 7, 3, 3], "25": [[22192.15084199941, -11031.120564078163, 1560.0000408138428], [20793.79506108977, -9775.307616002912, 1560.0], 32, 2, 2], "26": [[21610.950890741882, -11655.327824336462, 1615.1763143997798], [19593.480048833047, -11163.913886385597, 1560.0], 47, 3, 3], "27": [[22084.111338200335, -12061.687078465784, 1385.2150099485116], [18666.17629542603, -11227.71256434301, 1560.0], 48, 3, 3], "28": [[19068.44782256066, -12281.037788903828, 1559.9996212482629], [16993.553261904166, -11244.337558083833, 1560.0], 3, 3, 3], "29": [[10681.441027850067, 6842.325355396418, 1484.3822052801831], [9406.1045979522, 6257.800409811923, 1560.0], 16, 3, 3], "3": [[-6165.463148913316, -13173.741294295827, 1178.5764467709612], [-6741.437817627788, -11217.750940513575, 1560.0], 100, 3, 3], "30": [[11165.62703611976, 9662.964412060936, 1559.9996701453726], [11136.421035038054, 9178.73936809233, 1560.0], 57, 2, 2], "31": [[10948.597678186936, 9530.959780060495, 1431.9222872859614], [9061.887962588567, 8425.547496552597, 1560.0], 21, 2, 2], "32": [[9000.16378743326, 9755.92413467444, 1479.4239683383257], [7405.327655919419, 8583.99345137608, 1560.0], 11, 3, 3], "33": [[9652.149294413297, 10856.290752698853, 1579.9999232223677], [7461.830109351439, 9174.014268729077, 1580.0], 81, 3, 3], "34": [[10284.835659714829, 9973.670896402225, 1626.8605460104338], [8252.042972871119, 8668.00788117533, 1560.0], 90, 3, 3], "35": [[9158.927689823147, 11496.1316544489, 1559.9997933400691], [8679.585391983956, 10491.95030874108, 1560.0], 47, 2, 2], "36": [[-5731.130498057234, 8079.343487846015, 1348.6252168387812], [-6081.770363640135, 6840.866847069099, 1560.0], 36, 3, 3], "37": [[7022.260293735355, 13781.07217807117, 1516.059060870333], [5053.273418142677, 11368.061449549074, 1560.0], 63, 3, 3], "38": [[-11229.551140475496, 6026.985385096465, 1511.545784438579], [-10683.727471980066, 5144.9754756661605, 1560.0], 52, 3, 3], "39": [[-12514.247302935075, 5885.191782840793, 1559.9999425353085], [-11646.79569601113, 5031.246804624273, 1560.0], 50, 3, 2], "4": [[-5492.251914310734, -11059.671774532213, 1254.1549852853038], [-6252.279197993195, -9908.394126070198, 1560.0], 94, 3, 3], "40": [[-11252.87134447848, 6816.7162354560805, 1516.3229904840075], [-10566.045125939725, 5732.9060956580515, 1560.0], 83, 3, 3], "41": [[-11751.181424543598, 7345.480087056813, 1524.161780654769], [-11035.734247495784, 5939.762426626988, 1580.0], 82, 3, 3], "42": [[-10762.607153747538, 8243.540696725482, 1483.4401140582327], [-9976.91995823288, 6748.2126600789525, 1560.0], 50, 3, 3], "43": [[-9460.960132539754, 9175.93257097296, 1339.1038359101158], [-9140.581762380167, 7233.569817725816, 1560.0], 45, 3, 3], "44": [[-7067.659374255402, 12388.654973769253, 1421.4107140067042], [-6907.420384438183, 9429.77471039932, 1560.0], 9, 3, 3], "45": [[-8345.870510581919, 11447.954152124303, 1455.8171878012934], [-7869.5135696337475, 8831.633516444655, 1560.0], 22, 3, 2], "46": [[-8971.217404206536, 11009.391474877837, 1353.2048158463208], [-8636.173126659553, 8319.24715834685, 1560.0], 79, 3, 3], "47": [[-11037.230033051375, 8924.107420341466, 1347.2818780219638], [-10379.054122931597, 6909.601712096292, 1560.0], 61, 3, 3], "48": [[-10818.865373027968, 10316.175118947125, 1383.9112331084646], [-9873.879898621844, 7820.896318410641, 1560.0], 28, 3, 3], "49": [[-10131.98879583529, 10821.722416102011, 1339.203824604381], [-9338.747063897385, 8161.149974341712, 1560.0], 4, 3, 2], "5": [[-14247.134076616661, -9317.562309126884, 1690.46194799831], [-12785.360372310257, -8547.598082736748, 1560.0], 22, 3, 2], "50": [[-8271.736005618057, 14037.11863201553, 1398.677887647314], [-7570.17837705702, 10083.308247845802, 1560.0], 5, 3, 2], "51": [[13435.246953637212, -13066.339431181252, 1497.0428952300979], [12233.14493537962, -11990.373881572928, 1560.0], 19, 3, 3], "52": [[11481.268302762628, -24502.93803762271, 1560.0005390217495], [7098.891997132953, -18146.61752841835, 1560.0], 9, 2, 2], "53": [[-15892.338712694982, -7740.508081884571, 1750.0000950085225], [-9270.400838893362, -4681.2523043483625, 1750.0], 0, 1, 1], "55": [[-12379.501309967578, -16267.298436127581, 1560.0000196499773], [-6097.793294746136, -11138.233986732206, 1560.0], 0, 1, 1], "56": [[-11105.790265872114, -18997.147033132904, 1750.0001178403475], [-4972.489738135389, -12844.608373838939, 1750.0], 0, 1, 1], "57": [[-9511.734757514576, -18398.079608723892, 1610.000074789034], [-4533.440747930955, -13049.545330453147, 1610.0], 0, 1, 1], "58": [[-8184.774188983954, -20200.930836264342, 1619.9999548078822], [-3566.061255888989, -14707.88466104551, 1620.0], 0, 1, 1], "59": [[-10951.719843913035, -21463.994239706382, 1919.9998099228428], [-4247.417823432381, -14039.547172251803, 1920.0], 0, 1, 1], "6": [[-11472.70772409516, -8441.914019393458, 1427.2610882998943], [-11080.970962660953, -7858.838402431971, 1560.0], 14, 3, 2], "60": [[-14726.48555977947, 5725.603033324159, 1749.999684396507], [-10300.947252843001, 5732.308550954015, 1750.0], 0, 1, 1], "61": [[-17803.614927018913, 8589.857889332705, 1749.9997687206176], [-12096.900978496695, 7970.007464890054, 1750.0], 0, 1, 1], "62": [[6381.432723339109, 16066.346074013638, 1750.0003093576952], [4241.117483919845, 15542.206673799246, 1750.0], 0, 1, 1], "63": [[7084.205059261727, 15980.05399423213, 1750.0001331812812], [4585.375768237907, 15433.830558688811, 1750.0], 0, 1, 1], "64": [[5992.390354932328, 17111.39715547629, 1750.0000155078365], [3884.0611929137317, 16390.77307163878, 1750.0], 0, 1, 1], "65": [[5930.012412818448, 18323.6417007685, 1750.000041907734], [3644.7632965132448, 17305.2569663181, 1750.0], 0, 1, 1],