{"0": [[-14825.210870110981, -6446.184456985701, 1559.9999471168096], [-14107.101940681188, -6124.521025774359, 1560.0], 4, 3, 2], "1": [[-14102.42788556501, -6344.251828330594, 1504.87424990097], [-13610.785451457992, -6030.617626003034, 1560.0], 12, 3, 2], "10": [[301.435637070942, -15985.124055803573, 1579.1086350844896], [-127.14921271733658, -13797.792661630534, 1560.0], 19, 3, 3], "11": [[10403.25100056408, -20596.763867596055, 1696.8585925025038], [8576.31872259326, -17105.318895422213, 1560.0], 8, 3, 3], "12": [[8043.76770422463, -20340.066032120492, 1495.419699006638], [5258.217326381237, -16154.26294732251, 1560.0], 10, 3, 2], "13": [[7687.209860375868, -18682.608440127857, 1559.9999335215175], [6050.68761670178, -15664.571779010948, 1560.0], 9, 3, 3], "14": [[8404.451120982974, -17703.92749286369, 1421.6930046030143], [6135.728577984939, -14822.871021296214, 1560.0], 6, 3, 3], "15": [[9690.903799433412, -17878.325033883044, 1112.096907959982], [6324.0438911703795, -14519.854945993839, 1560.0], 91, 3, 3], "16": [[9975.752850671179, -17182.00033709698, 1646.4669254659298], [8497.094478392486, -15019.96817373156, 1560.0], 30, 3, 3], "17": [[8994.653785595792, -15282.126369276006, 1173.3114459788637], [5829.281576389338, -13032.269613734887, 1560.0], 37, 3, 3], "18": [[8618.384929242638, -14311.530268294504, 1371.8716416735201], [6852.671688124254, -12811.0314643543, 1560.0], 53, 3, 3], "19": [[8315.774675379618, -15858.62990330524, 1440.369894606454], [6322.835999188542, -13750.214401823794, 1560.0], 5, 3, 3], "2": [[-13854.955276188472, -7464.372331221364, 1559.9998916351656], [-13080.787044014576, -7046.289449190717, 1560.0], 5, 3, 2], "20": [[10037.424756838054, -13289.471940338068, 1416.0744968462695], [7855.280216856073, -11846.28166262304, 1560.0], 9, 2, 2], "21": [[13519.84485235932, -17195.67963167288, 1313.1928897572307], [10011.701951874715, -14450.541564662366, 1560.0], 13, 3, 2], "22": [[14132.277134454069, -12305.521165061273, 1559.9999975238256], [12561.00825668362, -11461.254108405084, 1560.0], 6, 3, 3], "23": [[20876.857609256484, -18414.4675557313, 1560.0005333680158], [17600.41350961897, -15821.513069025115, 1560.0], 8, 2, 2], "24": [[21011.832832536078, -17390.62948461984, 1989.4423069105055], [20247.356998846906, -16056.191706547615, 1560.0], 14, 3, 3], "25": [[17036.81017176905, -23784.5699483649, 1961.3964368259954], [14695.735565735813, -19456.159822005928, 1560.0], 27, 2, 2], "26": [[9648.44977733456, -23540.7966750749, 1949.999881456105], [4955.072605027346, -17178.30330600642, 1950.0], 94, 2, 2], "27": [[8374.796585744927, -29632.513890109138, 1759.9993559649188], [3345.0418774227905, -19008.169526080317, 1760.0], 11, 2, 2], "28": [[9662.48900906183, -30999.412374946427, 1750.0002260573888], [6548.770054243952, -21335.733530570298, 1750.0], 0, 1, 1], "29": [[12360.41271321478, -31678.278918022854, 1750.0000030447013], [5848.992598983721, -20028.40112574415, 1750.0], 0, 1, 1], "3": [[-11975.2267232642, -6956.86404109907, 1623.337769666628], [-11417.754121389164, -6730.477672535435, 1560.0], 10, 3, 2], "30": [[7893.49501331304, -30053.64697874864, 1750.0000084015771], [5335.338952780122, -21195.40479061438, 1750.0], 0, 1, 1], "31": [[15299.337497960172, 1450.4017466254766, 1729.9999641274592], [15276.493756907916, 1434.2137607700588, 1730.0], 1, 2, 2], "32": [[15906.720409455358, 7250.246800803576, 1729.9997272760795], [15950.012430903156, 6970.624038370526, 1730.0], 15, 2, 2], "33": [[15111.250100034897, 6842.316237932461, 1740.0002604254453], [14438.470095931762, 6390.867868300228, 1740.0], 1, 2, 2], "34": [[14776.849302143546, 7279.9125102929065, 1820.0000575624397], [13502.962012052034, 6638.812117384675, 1820.0], 3, 2, 2], "35": [[14854.52949017906, 8830.548740390965, 1740.000143816331], [13768.094833350431, 8115.390712257186, 1740.0], 1, 2, 2], "36": [[13740.035659594467, 8083.129104749987, 1680.0002764702972], [13356.960408684317, 7670.752002532591, 1680.0], 5, 2, 2], "37": [[12721.946430107451, 7490.8390542598445, 1372.786963238024], [10454.309647497645, 6622.934161792371, 1560.0], 23, 2, 2], "38": [[12559.651193598955, 7953.130307407098, 1659.9997646970594], [11159.231559868651, 7217.145408852591, 1660.0], 3, 2, 2], "39": [[12276.914982273001, 7126.403239500578, 1679.999861073192], [11980.701171812572, 6758.46161850843, 1680.0], 2, 2, 2], "4": [[-12272.520496524567, -14041.301706856211, 1561.5892076482387], [-10361.898469766757, -11461.327120187463, 1560.0], 24, 2, 2], "40": [[11147.776998768935, 8969.557347224136, 1759.9999941265514], [9960.104134039546, 8144.293142350038, 1760.0], 2, 2, 2], "41": [[11241.337719713682, 9931.68171734123, 1599.999847615565], [9946.778458879664, 9004.875854408885, 1600.0], 1, 2, 2], "42": [[9991.686979603104, 9900.9066085012, 1659.9999818314764], [9239.52827173282, 9070.879148511134, 1660.0], 1, 2, 2], "43": [[9236.62933221456, 10997.81361844586, 1559.9994844619703], [8119.794908407055, 9894.683618490297, 1560.0], 4, 2, 2], "44": [[6679.826376400333, 11052.165012630436, 1546.4138505524918], [5018.078494376372, 9551.920285431326, 1560.0], 11, 3, 3], "45": [[8876.83401288866, 11862.982873856436, 1740.0004562960692], [6220.9898686068445, 9980.604232185517, 1740.0], 109, 3, 2], "46": [[6293.384470693733, 12168.117773673403, 1437.6978529521464], [4844.310888505647, 10343.43725927178, 1560.0], 6, 3, 3], "47": [[5683.290191973046, 12399.26829216034, 1444.9099795924706], [3886.852384760759, 10435.089393999506, 1560.0], 3, 3, 3], "48": [[-7669.775214596549, 12536.223045250785, 1454.9571664604337], [-7333.033067621378, 9428.373392262585, 1560.0], 20, 3, 3], "49": [[-7670.139209867473, 11808.820956577856, 1401.7633004925538], [-7549.2273203906725, 8924.620750047374, 1560.0], 55, 3, 3], "5": [[-12498.967310248117, -12851.121292125872, 1685.1341003098419], [-10603.15918370862, -10971.559302443675, 1560.0], 21, 2, 2], "50": [[-7810.934133607125, 10461.187486587633, 1288.0400412773645], [-7705.225248242578, 8206.271363104233, 1560.0], 3, 3, 3], "51": [[-8671.1785380715, 8446.72253189207, 1439.5747286744609], [-8467.042489084573, 6946.765983519796, 1560.0], 32, 3, 3], "52": [[-10097.007530863997, 7114.438072402462, 1411.1983549840777], [-9748.568821893123, 5932.583648144554, 1560.0], 29, 3, 3], "53": [[-11068.702182845505, 5836.827145493662, 1509.8765027286472], [-10642.16119015952, 4977.151844102654, 1560.0], 31, 3, 3], "54": [[-11430.552842938467, 6523.353481364737, 1560.000142308288], [-10673.714345239297, 5560.31621783728, 1560.0], 53, 3, 3], "55": [[-12242.569748599293, 4882.379808350124, 1401.8881324300214], [-11898.723315994914, 4061.9991624165064, 1560.0], 65, 3, 3], "56": [[-11969.619710690204, 6282.717088758994, 1380.7799223385518], [-11505.400769664628, 5113.846526530689, 1560.0], 84, 3, 3], "57": [[-12871.93947670336, 5695.474436107865, 1559.9937768663497], [-11986.402597813434, 4832.241252161077, 1560.0], 20, 2, 2], "58": [[-12678.947387071465, 6610.727519876059, 1263.9295198516322], [-12013.594141631087, 5235.370762849536, 1560.0], 14, 2, 2], "59": [[-13582.113468192918, 5305.676574644047, 1254.1735201929664], [-12969.012983244995, 4190.384629345473, 1560.0], 29, 2, 2], "6": [[-13592.42201655001, -10176.648773309718, 1322.3889596246647], [-12606.794066658507, -8842.14919330371, 1560.0], 29, 3, 2], "60": [[-13777.493269403452, 6150.270576021707, 1396.5598389804716], [-12761.274172336009, 4912.142187075517, 1560.0], 25, 2, 2], "61": [[-10630.676159595892, 8541.398912239789, 1461.3757384860319], [-9859.568873737013, 6931.335804319683, 1560.0], 12, 3, 3], "63": [[-8899.893657248898, 17931.177334173317, 1749.9996905207754], [-8674.225034095154, 17713.231214013143, 1750.0], 0, 1, 1], "64": [[-8416.957111954704, 17449.53972303301, 1749.999630240145], [-8273.578189094036, 17283.148003734397, 1750.0], 0, 1, 1], "65": [[6969.618119241366, 16741.390265611473, 1752.0141285047264], [4861.404573415596, 13237.806309032243, 1890.0], 20, 3, 2],