{"0": [[-16265.397733931293, -7996.506913968509, 1560.0001156846438], [-14806.840650905933, -7276.452366245713, 1560.0], 2, 3, 2], "1": [[-14387.639140782496, -8018.211075844554, 1560.0000583951753], [-13405.373223881685, -7441.465599388331, 1560.0], 4, 3, 2], "10": [[13266.54098109531, -15110.695469576887, 1560.0000408717003], [10662.175852476917, -13483.579932914989, 1560.0], 35, 3, 3], "11": [[10036.21978620412, -13552.556984492512, 1273.029595785462], [7774.1674267036105, -11996.903376427173, 1560.0], 14, 2, 2], "12": [[14263.208021038125, -14155.588188129543, 1457.7421739905647], [12953.01086406471, -12886.17190937013, 1560.0], 47, 3, 3], "13": [[14800.417743815722, -14048.080298180867, 1392.2861277576778], [14303.383494121259, -12938.642559439228, 1560.0], 116, 3, 3], "14": [[15363.856718116487, -13870.965150544274, 1560.0002545310272], [15639.046921977684, -10962.647354601087, 1560.0], 0, 3, 1], "15": [[16557.32665878618, -9761.836558878116, 1322.8283653938524], [13305.24923839445, -9077.593802653197, 1560.0], 39, 3, 3], "16": [[13149.277426439357, 2344.068514727991, 1533.2937445181744], [12209.440094082758, 2189.926828675204, 1560.0], 54, 3, 3], "17": [[9750.049296544319, 5103.045522465792, 1446.081292092936], [7589.564827706844, 4424.107325900143, 1560.0], 52, 3, 3], "18": [[16058.193311394509, 7046.566416256282, 1749.9991558327754], [12497.089778578222, 5964.65384129279, 1750.0], 127, 2, 2], "19": [[16217.482550786543, 7925.236515807074, 1559.9994472202825], [15070.42623874704, 7407.819539143898, 1560.0], 28, 2, 2], "2": [[-12889.799435405856, -8271.894793824702, 1560.0001714800126], [-12100.31330325584, -7740.049835896258, 1560.0], 0, 3, 2], "20": [[8885.585053774585, 8776.52513452246, 1434.5612894092496], [6345.206789079536, 7576.905074038489, 1570.0], 92, 3, 3], "21": [[10509.19129933347, 10237.64838381257, 1663.711264934653], [8770.988594576145, 9037.543251790084, 1560.0], 120, 3, 3], "22": [[9832.233959009494, 10536.803909844033, 1757.0410011896624], [7997.453816474315, 9365.589858622408, 1560.0], 97, 3, 2], "23": [[8413.471142851686, 10772.618158344338, 1430.8344420797378], [5988.4939089555755, 9118.122639871128, 1560.0], 22, 3, 3], "24": [[7811.014796177696, 9783.523613840007, 1366.3653319221112], [5103.635787795141, 8352.779090460013, 1560.0], 65, 3, 3], "25": [[7445.449525102643, 10233.397225609262, 1559.9999082364022], [3266.0934768235957, 7457.784032948259, 1560.0], 0, 3, 1], "26": [[-8223.550763340196, 10481.579745239125, 1263.2759045139535], [-8127.6736895348595, 8106.479018524902, 1560.0], 10, 3, 2], "27": [[-8366.81730440336, 11272.529862912505, 1220.0453106303119], [-8455.245519954342, 8326.694533041147, 1560.0], 80, 3, 3], "28": [[-7854.377315312609, 12810.439433476626, 1189.1655858901431], [-7991.341111670341, 9130.924599894835, 1560.0], 82, 3, 3], "29": [[-10649.76008010645, 8067.1453822540625, 1322.6198451345092], [-10368.291476665856, 6323.784137419272, 1560.0], 92, 3, 3], "3": [[-14046.570164009689, -10133.749977614532, 1559.9999384442726], [-12642.3568997948, -8987.125772791016, 1560.0], 0, 3, 2], "30": [[-11478.565728358015, 7847.734377108241, 1431.668296693076], [-10802.266382667867, 6261.41199303726, 1560.0], 66, 3, 3], "31": [[-13402.341377023555, 6878.059411188807, 1129.9805265190057], [-12647.955889879926, 5187.976279403737, 1560.0], 19, 2, 2], "32": [[-14529.790419899637, 5851.621833052782, 1261.9569394143016], [-13474.204331516015, 4528.653133052201, 1560.0], 10, 2, 2], "33": [[-12124.101417117416, 5849.184092703538, 1215.9263028640842], [-11839.685949198767, 4682.593092428796, 1560.0], 35, 3, 3], "34": [[-14569.386509348751, -6146.5132138100735, 1320.45375501972], [-14207.042924066467, -5760.167013251701, 1560.0], 21, 3, 2], "35": [[-12702.126578825151, -6741.831390433585, 1275.519651586154], [-12708.944287820676, -6287.701156420641, 1560.0], 97, 3, 2], "36": [[-11771.510033489867, -7056.898776604326, 1560.0000375328618], [-11273.53808651001, -6815.0528385549815, 1560.0], 12, 3, 2], "37": [[-10677.21690457998, -7861.42243598945, 1499.3532707968386], [-10429.209994887333, -7439.559949799436, 1560.0], 10, 3, 2], "38": [[-9384.630533897838, -8766.282585452833, 1281.209912556228], [-9570.849288241443, -8061.104091503643, 1560.0], 14, 3, 2], "39": [[7381.90232459211, -18820.52210101543, 1225.567835305056], [4962.441906556191, -15276.919160723128, 1560.0], 22, 3, 3], "4": [[-10802.109688454451, -14698.437901694377, 1435.000885691782], [-9610.34867386041, -11736.377100840244, 1560.0], 20, 3, 2], "40": [[11834.26973912612, -25633.700667092155, 1560.0001759303452], [6800.33610316121, -18460.39877681202, 1560.0], 9, 2, 2], "41": [[12510.016544941149, -14947.424226195073, 1418.8549647028376], [9278.812903259373, -12970.830736254118, 1560.0], 21, 3, 3], "42": [[16169.275080083378, -14545.33576265068, 1559.9998483377378], [15485.719891724553, -13359.14377790249, 1560.0], 31, 3, 2], "43": [[-9286.813312400991, -17823.837127784154, 1559.9996460267416], [-4391.777714169738, -13325.28308170604, 1560.0], 0, 1, 1], "44": [[-8241.343532925779, -18418.398629284817, 1560.0004691368467], [-3811.7708768824978, -14320.339175599627, 1560.0], 0, 1, 1], "45": [[-8422.150007746708, -20327.63203624335, 1899.9999453647627], [-4004.3142358976684, -14432.51222397007, 1900.0], 0, 1, 1], "5": [[-10555.057403227684, -10975.996632831591, 1520.3272225983294], [-9930.038397985347, -9743.832014892641, 1560.0], 42, 3, 2], "6": [[10338.27221728288, -24368.952299565724, 1432.4151094990682], [5140.153221813763, -17517.00917140056, 1560.0], 47, 2, 2], "7": [[10823.70524472952, -19557.110136244646, 1090.5542041377541], [5518.206643109543, -15086.337652067496, 1560.0], 27, 3, 3], "8": [[11185.570494481357, -19051.298373523285, 1555.5309161500559], [8051.896794302934, -15652.283809099912, 1560.0], 3, 3, 3], "9": [[11748.907863754139, -18309.076741627836, 1195.0840259225506], [8452.161212063887, -15084.984782051304, 1560.0], 29, 3, 3]}