{"0": [[-7779.594177613767, 11534.62495127928, 1253.6517881385284], [-7806.105762485245, 8675.71001389169, 1560.0], 12, 3, 3], "1": [[-9160.197653857076, 9843.42886400868, 1311.1310712233048], [-8981.878738557272, 7564.283880043061, 1560.0], 69, 3, 3], "10": [[-14401.470747611136, 871.0275424853106, 1134.8324370498037], [-14482.271457687508, 469.4190669958629, 1560.0], 118, 2, 2], "11": [[-14150.108537117125, -5.8033010598878, 1437.4469149392608], [-13974.369306254866, -102.02219257499031, 1560.0], 31, 3, 2], "12": [[-13986.359331516998, -250.11868820912568, 1373.801752272367], [-13954.138577216348, -361.97909427131486, 1560.0], 66, 3, 2], "13": [[-11608.786335682888, -2985.1893483889407, 1559.9995305211776], [-11559.33778283126, -2968.7283494905246, 1560.0], 23, 3, 2], "14": [[-13028.092038633025, -2525.086391485217, 1560.000033649754], [-12858.501566073812, -2538.2634643620745, 1560.0], 7, 3, 2], "15": [[-13623.314744458261, -2499.8880890388937, 1399.9251788896759], [-13634.807493104789, -2554.8673986835834, 1560.0], 89, 3, 3], "16": [[-14604.087917686584, -1314.5429036154778, 1558.906374406283], [-14315.713792852932, -1326.7230376784935, 1560.0], 18, 3, 2], "17": [[-14945.494644062152, -3527.482374630176, 1559.9999505165065], [-14597.622089277327, -3468.7232963434417, 1560.0], 10, 3, 2], "18": [[-12680.900136031889, -6091.772647059166, 1455.4672846316782], [-12465.066062154276, -5844.768687998248, 1560.0], 10, 3, 2], "19": [[-13553.456543483875, -7549.302344478674, 1555.8148900561766], [-12811.640732596203, -7132.6848253253065, 1560.0], 18, 3, 2], "2": [[-9875.237707045038, 7373.158361953342, 1392.2103022241893], [-9636.683447456662, 6075.027628744014, 1560.0], 20, 3, 3], "20": [[-13218.774461873656, -9041.801002422984, 1560.0000196645412], [-12263.26186269741, -8300.517902951926, 1560.0], 0, 3, 2], "21": [[-11305.402045045821, -11140.873402227675, 1752.9183336216797], [-10014.070515380869, -10072.340068965521, 1600.0], 10, 3, 2], "22": [[-8521.781577423313, -14442.124529171499, 1442.0559529241993], [-7926.439636338475, -11938.964313209146, 1560.0], 13, 3, 2], "23": [[-7868.961098017819, -15225.163117963444, 1150.7889106745818], [-7444.813785430752, -12738.720735127954, 1560.0], 74, 3, 2], "24": [[8992.654775127265, -18581.982040168845, 1488.4990925976726], [6693.20620620575, -15417.19405662969, 1560.0], 4, 3, 3], "25": [[9215.105202649354, -18094.08088911976, 1461.5588218401426], [6892.138963681533, -15119.39549409557, 1560.0], 5, 3, 3], "26": [[8918.014609084074, -17274.43616883827, 1451.1147995414685], [6704.049231932374, -14664.403824494384, 1560.0], 10, 3, 3], "27": [[9791.989834395976, -17128.196030899227, 1461.6558239342728], [7743.536350589426, -14580.296553085063, 1560.0], 42, 3, 3], "28": [[10059.885039538403, -16858.274073266886, 1469.08623364429], [7828.202491627108, -14449.413432613328, 1560.0], 15, 3, 3], "29": [[10004.468737245452, -16429.46590351708, 1486.5115915177494], [7583.648785408369, -14037.2844863806, 1560.0], 10, 3, 3], "3": [[-11886.209926862492, 6047.575691773741, 1430.4873812780431], [-11327.570268259005, 5042.325344477807, 1560.0], 50, 3, 3], "30": [[8621.283045656797, -19046.126553181686, 1461.7098386205842], [6088.489468807311, -15608.62438959827, 1560.0], 3, 3, 3], "31": [[9344.846778968207, -19107.5569611967, 1559.9997338177025], [6956.010493112526, -15747.782606809787, 1560.0], 13, 3, 3], "32": [[13260.620758556757, -16780.11160233653, 1500.5021967211305], [10593.697148477027, -14467.530256927299, 1560.0], 11, 3, 3], "33": [[12717.684695822962, -11107.748946311278, 1517.266773836886], [13003.128447698775, -10730.338604367047, 1560.0], 63, 3, 3], "34": [[13452.30270423175, -10494.942554311701, 1546.2352646035745], [13992.109235864065, -10184.785394848535, 1560.0], 47, 3, 3], "35": [[14685.19417004036, -9988.816029811687, 1524.76887165018], [15621.630725653302, -9821.625126061646, 1560.0], 58, 3, 3], "36": [[15759.111140158027, -10206.508612334988, 1560.0000047383423], [17120.33054220274, -9854.447956328628, 1560.0], 78, 3, 3], "37": [[14414.802585383331, -11122.526251616044, 1559.999961499012], [15118.129717205393, -10630.931130508425, 1560.0], 57, 3, 3], "38": [[14242.136296661376, -12858.357078300545, 1560.0001281691216], [12901.038196955857, -11954.799328136305, 1560.0], 12, 3, 3], "39": [[14509.45378415281, -14514.556502390808, 1560.0000102776137], [12723.062059521817, -13224.242135312794, 1560.0], 30, 3, 3], "4": [[-13284.383335022461, 6039.888570031345, 1336.5515700111512], [-12534.542328352916, 4818.027959392875, 1560.0], 50, 2, 2], "40": [[10012.099830049663, 4.2390406514881676, 1559.9999354234187], [9857.433193534538, -112.83934321715783, 1560.0], 7, 3, 3], "41": [[12827.394328186858, 1625.6648446850331, 1483.6175169177293], [12543.854084008648, 1542.6515513675129, 1560.0], 5, 3, 3], "42": [[13660.85523493406, 1519.2994425590443, 1465.447908981671], [13008.663069844157, 1242.291211232557, 1560.0], 23, 3, 3], "43": [[15861.290747052308, 1407.3318440313144, 1719.9999934568177], [15980.462017388618, 1375.9789930598522, 1720.0], 14, 2, 2], "44": [[14323.487395221468, 2724.273994465336, 1600.0001607344193], [14529.99672850887, 2704.050940318644, 1600.0], 8, 2, 2], "45": [[10563.493728839127, 9508.205569471587, 1559.9993355068102], [9089.202126464583, 8535.630837347657, 1560.0], 10, 2, 2], "46": [[12365.423082166839, 6862.621121790804, 1559.9995685088165], [10854.541682652804, 6288.523798262486, 1560.0], 16, 2, 2], "47": [[13589.687515481128, 9491.211187541574, 1580.0001173114274], [13061.417047189325, 8870.41256304158, 1580.0], 4, 2, 2], "48": [[16255.455910479726, 9850.314580129068, 1890.0008169089642], [15100.271920194064, 9042.185069758785, 1890.0], 1, 2, 2], "49": [[14070.898897244397, 7396.910721965758, 1649.9999792756548], [12653.384198247737, 6699.2917844670565, 1650.0], 8, 2, 2], "5": [[-11183.53227704589, 4807.017683136111, 1353.9395225082394], [-11103.93308245469, 4052.993727723188, 1560.0], 38, 3, 2], "50": [[14784.52488957288, 7296.126380079821, 1869.9998477363722], [13906.671962081986, 6840.85742811439, 1870.0], 0, 2, 2], "51": [[9733.57023039988, -19838.61539572781, 1530.092513616141], [7095.849925220452, -16250.044174153321, 1560.0], 15, 3, 3], "52": [[7482.207973022793, -21321.826808190166, 1505.8998644938629], [4545.374726166336, -16544.65638119238, 1560.0], 20, 3, 3], "53": [[8408.284165108078, -23647.83526822012, 1559.999781283522], [4673.640261328045, -17529.016678671498, 1560.0], 12, 2, 2], "54": [[21193.839180322557, -16543.240852330342, 1971.4742027474201], [21709.031387222058, -15634.554686478581, 1560.0], 23, 3, 3], "55": [[18994.056961810067, -14099.249071346245, 1405.6802667382103], [16841.537897313756, -12592.829181348054, 1560.0], 24, 3, 3], "56": [[-8492.171533792449, 20520.589573067475, 1750.0001282232683], [-8246.123437926859, 20047.222654379657, 1750.0], 0, 1, 1], "57": [[-8379.771347831665, 18554.428497368794, 1750.000136024383], [-8213.580978325846, 18317.82995306991, 1750.0], 0, 1, 1], "58": [[-10043.353838008183, 18305.387561408843, 1750.0004129624963], [-9625.75702874212, 17895.621876376823, 1750.0], 0, 1, 1], "59": [[-8621.095435941696, 17172.136823365407, 1749.999993020529], [-8469.898416792012, 17008.172776094092, 1750.0], 0, 1, 1], "6": [[-13572.063701639998, 3900.3116723741964, 1243.8277686619776], [-13220.478639248462, 3151.812119754103, 1560.0], 30, 2, 2], "60": [[-8364.817160368651, -13712.06686939101, 1560.0000005795764], [-5302.188871189181, -12083.797836837903, 1560.0], 0, 1, 1], "61": [[7584.969259360276, 14064.406981969929, 1740.094422256219], [6018.453185358665, 11914.856330544913, 1800.0], 33, 3, 3], "62": [[8581.421894261333, 17877.874988176514, 1744.0043434902539], [6196.3890386751145, 13993.915725002518, 1950.0], 50, 3, 2], "63": [[7892.838858759881, 20850.642375685213, 1559.9998601484415], [5161.527105851737, 15516.116961543452, 1560.0], 0, 1, 1],