{"0": [[-3641.9350512265964, -16147.809882889664, 1337.6072714114675], [-4522.313374650939, -13102.433902946885, 1560.0], 123, 3, 3], "1": [[-3252.163864504014, -15752.032119316002, 604.3656269873494], [-5749.59667973175, -12067.590493358146, 1560.0], 61, 3, 2], "10": [[5757.032731860124, -13691.095339741692, 1226.187267894828], [3236.3354195434513, -11861.605668932252, 1560.0], 7, 3, 3], "11": [[9420.372241194336, 1962.772598436337, 1531.7862454575568], [10038.664094223526, 1929.757434123043, 1560.0], 47, 3, 3], "12": [[-3013.0981962984533, 6832.339731924107, 1458.6265986046706], [-3597.151445012292, 6041.592521409725, 1560.0], 18, 3, 3], "13": [[-464.70219554972005, 9616.990832051471, 1454.8774368802726], [-1440.2126538172292, 8234.161280967266, 1560.0], 36, 3, 3], "14": [[-3059.555250573021, 12052.583613478742, 1242.4680744832137], [-4315.034030802921, 9306.272444484632, 1560.0], 25, 3, 3], "15": [[-6645.514255315001, 10081.691861266672, 1434.9540743278762], [-7944.842479880076, 7550.176230218395, 1560.0], 28, 3, 2], "16": [[-11187.404510972156, 7841.461971600205, 1462.7836937867016], [-10507.750226608365, 6343.589069866449, 1560.0], 77, 3, 3], "17": [[-13617.205338168289, 6491.8144186369755, 1467.0321213805212], [-12430.266933294553, 5273.693156623522, 1560.0], 11, 2, 2], "18": [[-12310.59690229084, 5071.729854823642, 1272.1671266481546], [-12071.051948158061, 4111.064839090401, 1560.0], 78, 3, 3], "19": [[9224.685821306495, -16571.26145582475, 1336.1806315187798], [6248.258596276975, -13878.706672862401, 1560.0], 31, 3, 3], "2": [[-3091.1631361567224, -10671.66131909551, 1332.1000718799319], [-4248.681008670254, -9684.70621565733, 1560.0], 69, 3, 3], "20": [[10700.9580998893, -16398.7488991271, 1391.8758669173433], [8084.189587351017, -14047.536829585508, 1560.0], 19, 3, 3], "21": [[10241.357559960146, -19402.669357129944, 1893.2134620243387], [9394.735181291491, -16826.379753725156, 1560.0], 7, 3, 2], "22": [[9478.16144784868, -18604.395888023162, 1319.5755344325855], [6355.320149796934, -15206.925747900632, 1560.0], 17, 3, 3], "23": [[7737.293839751215, -19029.621936120377, 1542.5156956233075], [3084.5031164413913, -14418.083088144269, 1560.0], 28, 3, 2], "24": [[8153.550726903401, -18509.892126868544, 1416.312763234389], [4760.646589476383, -14915.908667448555, 1560.0], 15, 3, 3], "25": [[8097.444417470356, -18219.83910623038, 1507.0573129420811], [5875.249902669042, -15232.149470367252, 1560.0], 17, 3, 3], "26": [[7989.850544193006, -18210.745679347856, 1468.2603440086514], [5875.249902669042, -15232.149470367252, 1560.0], 14, 3, 3], "27": [[9881.134113494465, -14911.656590191975, 1749.9997585128626], [9936.748557698693, -14591.158191094824, 1750.0], 0, 1, 1], "28": [[11397.244077555746, -7930.553175017731, 1278.6061041992411], [8998.193534401855, -7457.6497628103525, 1560.0], 18, 3, 3], "29": [[14156.957780864725, -7447.6413887037825, 1326.6762870111058], [12460.96309450083, -7103.814261558188, 1560.0], 36, 3, 3], "3": [[-51.21569827174799, -16019.208976915565, 1571.1902961058834], [-860.9571742004455, -13626.302757842011, 1560.0], 23, 3, 3], "30": [[11057.410684635026, -9978.451513767228, 1156.8656785416717], [8232.977147698033, -9139.504257061906, 1560.0], 5, 3, 3], "31": [[12121.787221053084, -4147.2928486675555, 1433.8837725034032], [10925.677292344591, -4162.81022685348, 1560.0], 22, 3, 3], "32": [[16783.778141770625, -2971.0504579739977, 1559.9999170926685], [17860.51774156665, -2973.3845507309748, 1560.0], 23, 3, 2], "33": [[13546.844852619164, -5019.793026927034, 1559.9997199568384], [14036.756092258469, -5128.222267100529, 1560.0], 79, 3, 3], "34": [[12833.069384995402, -5829.270116880058, 1316.7916311106308], [10796.476333688279, -5745.493350917938, 1560.0], 29, 3, 3], "35": [[13916.159575270181, -6076.836194861705, 1497.5287062934149], [12966.139968904501, -6059.552395047637, 1560.0], 43, 3, 3], "36": [[12538.549738058391, -8745.967036971553, 1289.4413215700295], [10240.641829219812, -8146.471854390949, 1560.0], 12, 3, 3], "37": [[12022.333656305998, -8639.156906814591, 1176.2873810647293], [9263.989181280584, -7988.410766056934, 1560.0], 40, 3, 3], "38": [[14398.223073882205, 567.3877278473083, 1547.645710592683], [14510.352850136813, 419.4858295244446, 1560.0], 58, 3, 3], "39": [[-12883.612867817932, -2313.857880742392, 1416.365321721132], [-12960.79765366184, -2319.752794475372, 1560.0], 8, 3, 2], "4": [[4570.8230596374315, -18282.971240050272, 1364.6377307492028], [2182.244185293593, -14779.391802207558, 1560.0], 25, 3, 3], "40": [[-13971.106017476917, -2177.8128311854216, 1330.9983837001819], [-14007.957400862386, -2185.534049153806, 1560.0], 18, 3, 2], "41": [[-14260.764941159792, -3873.106021475562, 1374.8849130523754], [-14170.877504465758, -3772.004641344271, 1560.0], 10, 3, 2], "42": [[-12968.896269469704, -3973.3189956427864, 1325.1700268325983], [-12996.364455284735, -3878.4566515157153, 1560.0], 59, 3, 3], "43": [[-12946.196025412768, -4796.38422371037, 1395.6720239827216], [-12911.328220662377, -4649.658388152827, 1560.0], 13, 3, 2], "44": [[-12456.026953282098, -4878.969615577806, 1368.2791773873173], [-12492.803781746865, -4736.518968563372, 1560.0], 14, 3, 2], "45": [[-14112.24305651151, -8620.609677319635, 1559.9999458800337], [-13033.561282139097, -7937.355350602544, 1560.0], 1, 3, 2], "46": [[-10698.401216020464, -7984.52251782151, 1559.999927638917], [-10351.787759326939, -7579.091761971617, 1560.0], 29, 3, 2], "47": [[-12225.782250903083, -8834.583974367819, 1560.0001326703377], [-11443.791727455737, -8220.712435092328, 1560.0], 1, 3, 2], "48": [[-13715.561863645755, -5561.290773630329, 1449.098010869051], [-13417.098357175544, -5339.805260283497, 1560.0], 11, 3, 2], "49": [[-13941.038845502748, -5112.516553236139, 1264.7711883729135], [-13860.91732174402, -4880.856624001696, 1560.0], 12, 3, 3], "5": [[5288.096501681432, -17798.771065050867, 1231.9623770722314], [2418.896866664412, -14327.269836864727, 1560.0], 6, 3, 3], "50": [[-10762.73908903294, 2140.601135517413, 1333.7357410246514], [-11010.40985787866, 1837.2846229652348, 1560.0], 119, 3, 3], "51": [[-10308.281216290841, 258.47553101054103, 1466.413447590962], [-10421.78301390414, 120.48246525072827, 1560.0], 68, 3, 3], "52": [[-11168.802401051636, 239.58134276463298, 1440.8941246517388], [-11318.843325388581, 91.26308348516822, 1560.0], 91, 3, 3], "53": [[-12683.458915526253, -529.922052378934, 1370.0291285420724], [-12811.6331377902, -625.1323219866646, 1560.0], 12, 3, 2], "54": [[-12581.699944577407, 1033.1683009668097, 1207.5990742969204], [-12834.717137040168, 728.1297607493382, 1560.0], 14, 3, 2], "55": [[2448.52020128296, 1724.2370417655998, 1559.9999264308892], [2566.89645079796, 1708.145760508291, 1560.0], 15, 3, 3], "56": [[2224.4284611236412, 4120.059199732696, 1326.07473783309], [702.9658702249385, 3561.764497128023, 1560.0], 18, 3, 3], "57": [[578.9534931236307, 5942.079009656367, 1442.2085426957913], [-168.27923829264975, 5466.440866500561, 1560.0], 30, 3, 3], "58": [[6697.979449333167, 10814.507979088314, 1332.4835288501602], [4588.718502075499, 9126.130508490416, 1560.0], 33, 3, 3], "59": [[11091.240971586956, 9544.644803359173, 1560.0000866831158], [11106.242401490228, 9061.761323307535, 1560.0], 60, 2, 2], "6": [[6437.834989292537, -14754.13890316387, 1093.499528926204], [3669.060541139718, -12514.663222890584, 1560.0], 6, 3, 3], "60": [[7776.0213290231695, 13872.575892493742, 1410.0544379838395], [5015.824146842931, 11182.295635081167, 1560.0], 50, 3, 3], "61": [[14655.768131887087, 6708.29908730552, 1609.9999658109411], [14508.670597148888, 6427.47809631961, 1610.0], 3, 2, 2], "62": [[18276.175607482728, 8195.437209739432, 1620.000018507651], [18230.530896599936, 7892.88305050763, 1620.0], 9, 2, 2], "63": [[18020.420537395024, 8380.20749738643, 1303.0188238514434], [15070.42623874704, 7407.819539143898, 1560.0], 28, 2, 2],