{"0": [[-9051.37606590422, -16538.76964886107, 1560.0001535818578], [-7934.294769557966, -13441.322057245461, 1560.0], 0, 1, 1], "1": [[-9760.170896151858, -16248.571743992237, 1559.999982109588], [-8307.444518762977, -13062.817247225004, 1560.0], 0, 1, 1], "10": [[-11948.912169828238, -7245.160370908674, 1559.9999485316073], [-11496.444390200033, -6947.206356312064, 1560.0], 5, 3, 2], "11": [[-12629.227068305721, -7385.636767428967, 1551.166891130049], [-12040.283057980929, -7045.426070256881, 1560.0], 25, 3, 2], "12": [[-13374.067896960325, -6514.9186380697965, 1395.268584989668], [-13045.645920410301, -6170.661639031473, 1560.0], 10, 3, 2], "13": [[-13624.285656220874, -6767.0976333100025, 1545.7817695488538], [-13042.824184196668, -6445.929442372685, 1560.0], 12, 3, 2], "14": [[-14187.743275241228, -6337.880969973233, 1543.129891087132], [-13610.115985716218, -6059.882652577515, 1560.0], 10, 3, 2], "15": [[-14927.000206778775, -6355.861423846521, 1560.0000609619865], [-14194.515151476553, -6063.435928507715, 1560.0], 0, 3, 2], "16": [[-13255.46412599791, 5790.401190430374, 462.35522221297015], [-13494.519809647574, 3878.2616936683903, 1560.0], 39, 2, 2], "17": [[-13809.19230925494, 6098.82759429078, 1353.011936906097], [-12825.369981547938, 4841.839239440641, 1560.0], 34, 2, 2], "18": [[-13225.98404996693, 6522.330971779035, 1367.0855892296295], [-12289.176957793075, 5215.869047037371, 1560.0], 10, 2, 2], "19": [[-12350.612467466326, 6389.972262076904, 1234.0672988457177], [-11954.889315107544, 4982.1033242767435, 1560.0], 85, 2, 2], "2": [[-8638.217906974607, -15450.83084213507, 1234.2094528252298], [-7890.6377162456565, -12780.190132247313, 1560.0], 34, 3, 2], "20": [[-11709.678805635553, 4796.742493580383, 1491.7057123489453], [-11296.965723570616, 4148.518614802305, 1560.0], 51, 3, 3], "21": [[-8857.082892895252, 6590.049961661609, 1246.6471986803617], [-9047.519258157696, 5427.5999836410765, 1560.0], 33, 3, 3], "22": [[-11304.131181238341, 5601.4831767919195, 1515.9468814334382], [-10821.770731555229, 4806.086970813997, 1560.0], 40, 3, 3], "23": [[-11048.556328552735, 6250.937992633519, 1430.2276289899319], [-10667.243063403988, 5229.36140540156, 1560.0], 43, 3, 3], "24": [[-11045.692558960982, 7160.556598958346, 1497.3288716540455], [-10372.557779806959, 5957.0002010050375, 1560.0], 35, 3, 3], "25": [[-8741.185834201007, 8493.507017343038, 797.4709848937173], [-9609.667263298095, 6209.478566316757, 1560.0], 47, 3, 3], "26": [[-7754.379214624403, 10070.030258144538, 1372.9730021002486], [-7646.9849278624315, 7986.591471499857, 1560.0], 29, 3, 3], "27": [[-7097.487208402261, 11226.65133608014, 1320.5188332455261], [-7183.739616019272, 8659.417574811556, 1560.0], 19, 3, 3], "28": [[-43.31198380838169, 17900.39127959023, 1450.4541883570807], [-1358.2889275891812, 12947.131979931259, 1560.0], 12, 3, 3], "29": [[-8214.828341433775, 11852.585816018915, 1362.3252341528678], [-7838.063546936392, 8969.479933963656, 1560.0], 43, 3, 3], "3": [[-7907.842576648353, -15630.26988624249, 1080.841961595461], [-7772.900069464353, -12657.947647203158, 1560.0], 62, 3, 2], "30": [[-8588.57837101199, 11700.487634068902, 1357.6712382728667], [-8264.733277034764, 8756.710796189236, 1560.0], 27, 3, 3], "31": [[-8297.585451754823, 13621.570222272041, 1501.144055447091], [-7497.328931504041, 9993.58165422332, 1560.0], 25, 3, 3], "32": [[6903.873216818262, 15482.860852247059, 1560.0001307074951], [4954.317772940939, 12568.564611715226, 1560.0], 36, 3, 3], "33": [[6242.794480068044, 14196.344961451368, 1559.9996681165615], [4830.832158363925, 11933.561817476564, 1560.0], 2, 3, 2], "34": [[5636.588837596108, 13202.81173999599, 1452.2980268183005], [3994.4787293710683, 10972.56638784848, 1560.0], 17, 3, 3], "35": [[8440.253480737563, 12504.889689336906, 1489.4033343063113], [6699.614466576505, 10666.479760850118, 1560.0], 20, 3, 3], "36": [[6546.091494389691, 11997.97904721455, 1560.0000588827925], [5971.342203927532, 10727.339170700632, 1560.0], 8, 3, 3], "37": [[7719.137078044622, 10050.849112993787, 1409.3286895861797], [5124.898178723256, 8448.999260070277, 1560.0], 63, 3, 3], "38": [[8900.310419535344, 10869.611021940533, 1765.8382873710973], [6885.406642880254, 9314.480900635099, 1730.0], 78, 3, 3], "39": [[9117.393107369668, 10186.488358118304, 1673.8864432331727], [8430.662854399348, 9418.537958088638, 1560.0], 19, 3, 3], "4": [[-8980.828877496535, -14835.56038791224, 1559.9999181907594], [-7848.9899391262825, -12291.182608507846, 1560.0], 27, 3, 2], "40": [[10480.809616167106, 9768.568465162423, 1560.0001328045853], [10169.207796787116, 9188.68611886307, 1560.0], 50, 2, 2], "41": [[11429.198995778252, 7428.274623990315, 1580.0001414987328], [10951.252952508787, 6960.345539945993, 1580.0], 0, 2, 2], "42": [[11766.311778004634, 7751.130788590987, 1560.0000144799933], [9586.122116963725, 6929.076079333403, 1560.0], 57, 3, 2], "43": [[15306.310619121381, 9189.02729949876, 1659.9997932852473], [14944.260362986231, 8683.216137731319, 1660.0], 2, 2, 2], "44": [[15020.339364778696, 7955.380881309656, 1629.9999391959866], [14759.637859085351, 7561.398619697118, 1630.0], 6, 2, 2], "45": [[13751.1223893719, 7934.376071754847, 1689.9998839513955], [13265.959246811473, 7530.272364862631, 1690.0], 4, 2, 2], "46": [[12800.260143883828, 7388.220344651152, 1620.0003662360168], [12328.93504071925, 6966.162986673391, 1620.0], 0, 2, 2], "47": [[13758.551787515644, 6808.142707058442, 1559.999612248585], [11817.962766077508, 6070.377820521978, 1560.0], 18, 2, 2], "48": [[14564.002303834519, 6824.508060528297, 1609.9998281981734], [13906.666988376839, 6413.768637948664, 1610.0], 0, 2, 2], "49": [[15456.366447234595, 7262.808948305159, 1749.9996926803767], [15179.383146747747, 6915.736248501918, 1750.0], 5, 2, 2], "5": [[-12842.983036253032, -9546.570188391424, 1560.000066217926], [-11827.04140915503, -8717.232001466837, 1560.0], 2, 3, 2], "50": [[15739.809455715136, 7082.384837675477, 1809.9999139080037], [15438.121019730472, 6720.145532670647, 1810.0], 10, 2, 2], "51": [[13608.0215206463, 1368.45117382165, 1660.0002129476352], [13699.553379931725, 1295.598546049764, 1660.0], 8, 2, 2], "52": [[15436.953372016138, 1049.7438030260296, 1729.9998372340856], [15818.296348648537, 1112.3665262002824, 1730.0], 15, 2, 2], "53": [[10366.647545755084, -18926.790542182684, 1559.9998759192224], [7963.965621165046, -15774.010815188492, 1560.0], 15, 3, 3], "54": [[7815.82149644767, -17256.06636117235, 1260.2693022012193], [4755.920219638871, -14209.959863722755, 1560.0], 2, 3, 3], "55": [[8278.095145357132, -16428.512102538123, 1363.609969565142], [5768.300537827332, -13932.84307909088, 1560.0], 2, 3, 3], "56": [[8147.468794124934, -16054.1256948002, 1392.6561259812595], [5876.114619432645, -13744.138712460071, 1560.0], 7, 3, 3], "57": [[8310.155087183528, -14701.02782290511, 1120.3322102813013], [5207.178626824625, -12590.337389256321, 1560.0], 17, 3, 3], "58": [[17989.718938172835, -18264.905600062935, 2249.6920911284456], [18288.47310430137, -17026.636249139927, 1560.0], 37, 3, 3], "59": [[17862.967340042676, -17539.66367036129, 1948.1209780130855], [17365.88599942148, -16074.974999413942, 1560.0], 21, 3, 3], "6": [[-12085.060584704117, -9912.746741591598, 1560.0002217849988], [-11089.804857452504, -9064.186253912252, 1560.0], 21, 3, 2], "60": [[16720.23979790744, -16343.810384386417, 2045.1897658846883], [17139.59235349908, -15352.15176601529, 1560.0], 28, 3, 3], "61": [[9845.966507973022, -13493.275814043414, 1340.6558478246407], [6911.240471061655, -11831.89011390841, 1560.0], 21, 2, 2], "62": [[15001.581460046247, -12486.809067284501, 1533.0319753137683], [13770.917377989064, -11643.211115141163, 1560.0], 31, 3, 3], "63": [[12211.988434081135, -11372.692613977413, 1560.000172839179], [11152.738470706243, -10729.057763993227, 1560.0], 13, 3, 3], "64": [[13499.334919325838, -11362.920961840808, 1560.0006021681756], [12947.560554941478, -10823.29700876394, 1560.0], 15, 3, 3],