{"0": [[-8493.43314931722, 8496.560950851013, 1416.4029048598998], [-8253.667273966974, 7026.073150606967, 1560.0], 17, 3, 3], "1": [[-10052.883668826404, 7137.059792345198, 1468.803051723979], [-9559.343356545105, 6038.449025372182, 1560.0], 26, 3, 3], "10": [[-15693.23657354818, -6875.428138488996, 1559.9999605167764], [-14671.166252651403, -6466.774557870055, 1560.0], 18, 3, 2], "11": [[-16390.025768905594, -8112.806303516898, 1612.6118855261707], [-14819.231186653584, -7388.448268044769, 1560.0], 18, 3, 2], "12": [[-12100.60945797158, -12877.18536469749, 1472.2294508202194], [-10754.079560324464, -10736.546126068639, 1560.0], 12, 3, 2], "13": [[-11358.153433506117, -12705.861725383716, 1736.8461829284224], [-9756.517867706994, -11054.269661274408, 1590.0], 11, 3, 2], "14": [[-9461.947848307178, -14751.0429839815, 1564.5061518558728], [-8163.527683975883, -12223.512417941054, 1560.0], 16, 3, 2], "15": [[-7606.394228269192, -16004.093362582295, 1017.0412814837264], [-7252.667605722833, -13087.167177664809, 1560.0], 46, 3, 2], "16": [[-7798.811772970845, -18620.601827458486, 1283.612301949671], [-7201.291958484739, -13631.249844938682, 1560.0], 27, 2, 2], "17": [[-10242.532097799072, -16201.735533047347, 1559.9996932266718], [-8492.040638432936, -13008.86780890991, 1560.0], 0, 1, 1], "18": [[-8823.512600971753, -20788.201141648075, 1670.0000662013085], [-3565.8121360063037, -14907.557899548943, 1670.0], 0, 1, 1], "19": [[1585.6156253435304, -17718.444449364084, 1577.7048146040186], [356.19836712425297, -14625.78764992369, 1560.0], 44, 3, 3], "2": [[-10676.790539003921, 6127.7252381415265, 1552.725266486565], [-10198.171360881362, 5291.048495370892, 1560.0], 50, 3, 3], "20": [[6296.835448196129, -17771.378412180096, 1329.2320482363602], [3755.5965103566573, -14567.151372730483, 1560.0], 13, 3, 3], "21": [[12562.585585081006, -19486.74460242494, 1560.0000078516157], [10363.024079865081, -16392.865443565635, 1560.0], 23, 3, 3], "22": [[9774.783964402704, -17591.675705967347, 1518.6354022326402], [7942.889178840143, -15055.437632147723, 1560.0], 26, 3, 3], "23": [[9799.849025089672, -16516.81983953139, 1389.3328462559477], [7501.094645694579, -14170.215404595527, 1560.0], 5, 3, 3], "24": [[10982.949907793569, -16440.238593295082, 1537.6060554675091], [8951.4251560453, -14347.790731456284, 1560.0], 11, 3, 3], "25": [[13556.326394626847, -16784.82660414556, 1532.3809687509936], [11599.401065293217, -14802.705500050532, 1560.0], 23, 3, 3], "26": [[12548.029755021671, -16278.40671413489, 1495.9409614323567], [10696.595367294396, -14320.516046276412, 1560.0], 21, 3, 3], "27": [[17960.057374266795, -16605.30689407755, 1864.8404191971374], [17836.612424235023, -15562.795089730747, 1560.0], 33, 3, 3], "28": [[12647.16241086295, -14380.826096406734, 1559.9997263737873], [11534.238720961555, -13081.174631248017, 1560.0], 18, 3, 2], "29": [[15917.114320149365, -14237.494355533287, 1513.3184407800704], [14241.022970857939, -13027.192710820751, 1560.0], 27, 3, 3], "3": [[-7699.021655884072, 10539.894508784546, 1215.5004517085442], [-7939.9444541085295, 8060.354665288528, 1560.0], 67, 3, 3], "30": [[13832.718627507147, -13005.205784560736, 1559.9999965227366], [12788.142453282953, -12131.31650773647, 1560.0], 50, 3, 3], "31": [[13457.340412371019, -12342.474232028662, 1511.7232665016497], [11957.263071466388, -11418.430640407612, 1560.0], 14, 3, 3], "32": [[14981.859352282347, -10811.522529984075, 1485.8093010853609], [13338.299056580252, -10162.996919650937, 1560.0], 41, 3, 3], "33": [[18367.515095758423, -10977.158229779332, 1560.0007882960497], [17485.649185021615, -10516.645331219524, 1560.0], 10, 3, 2], "34": [[14157.796940855796, -9509.133376992439, 1352.4156010546692], [12671.886638251059, -9075.102938530252, 1560.0], 15, 3, 3], "35": [[14501.34082345555, -7181.970270518595, 1427.0778181769588], [13687.948909302144, -7144.727664587205, 1560.0], 43, 3, 3], "36": [[8824.55936734924, -7795.565046513753, 1480.0423834083872], [8008.218618638325, -7501.073793037029, 1560.0], 14, 3, 2], "37": [[8882.860677182878, -8677.049054802328, 1393.3833331279093], [7667.294568824824, -8288.386211839827, 1560.0], 22, 3, 3], "38": [[14440.797908903747, -2318.59847570881, 1559.99986683093], [14606.0063267363, -2450.3355625229747, 1560.0], 27, 3, 3], "39": [[14803.896743624122, 860.3613526253168, 1559.9999718182257], [14606.276695535473, 666.9875053162012, 1560.0], 21, 3, 3], "4": [[-9439.610628382057, 9585.810981585497, 1140.386162986399], [-9395.216621638174, 7226.02584530219, 1560.0], 52, 3, 3], "40": [[12440.812598203103, 2447.438561489816, 1559.9998123885641], [12249.679408872009, 2308.4527839541493, 1560.0], 17, 3, 3], "41": [[4341.7162128555265, 11422.18947363757, 1248.101517994569], [2190.6664160731307, 9384.270774247832, 1560.0], 10, 3, 3], "42": [[4842.819929835809, 10391.608491956373, 1302.582131004961], [3255.2804140126145, 8862.260094562334, 1560.0], 6, 3, 3], "43": [[5979.882450703931, 9865.086809583832, 1252.7736489598487], [3761.395275280013, 8305.214412715246, 1560.0], 8, 3, 3], "44": [[7436.9874612954, 9626.117769084723, 1274.113597141268], [5039.578031446162, 8064.201685204059, 1560.0], 9, 3, 3], "45": [[6936.270471523931, 14433.383923891917, 1466.73807933397], [4794.950359350466, 11751.299001176683, 1560.0], 31, 3, 3], "46": [[9469.109040035562, 9384.823573652475, 1528.2970926328285], [8174.483942796828, 8346.838731159238, 1560.0], 13, 3, 3], "47": [[10449.717664027934, 9412.687409462682, 1559.999942879673], [9523.365823931255, 8466.281959755259, 1560.0], 16, 3, 3], "48": [[10542.806644942375, 10939.25019334456, 1311.7093762601062], [8952.712970412624, 9799.363844164414, 1560.0], 85, 3, 3], "49": [[11949.410075084717, 10545.91995400424, 1172.6715853879302], [10690.159835997976, 9356.888919321727, 1560.0], 101, 3, 3], "5": [[-10666.2844357008, 7960.29171802001, 1397.718969048765], [-10120.061545862507, 6440.320734245738, 1560.0], 24, 3, 3], "50": [[13025.230329496086, 8478.454483720132, 1559.9999146480823], [11766.332215381304, 7725.688509018153, 1560.0], 1, 2, 2], "51": [[14718.249965247767, 8151.4448499778755, 1650.0005237324879], [14075.95598827843, 7625.785970099273, 1650.0], 1, 2, 2], "52": [[14989.254829153278, 9641.066176517492, 1870.0002287386587], [14571.2760431662, 9015.619115224576, 1870.0], 12, 2, 2], "53": [[15905.329035256853, 7155.906825566528, 1670.0002857071872], [15554.319057497834, 6769.051101008346, 1670.0], 1, 2, 2], "54": [[12191.32477808712, 9701.895488137243, 1640.0000637610083], [10646.954338122197, 8690.434446777, 1640.0], 9, 2, 2], "55": [[802.7818619194343, 9830.247728393353, 1456.425872247901], [-303.3408352402842, 8389.739558934492, 1560.0], 20, 3, 3], "56": [[-2934.330397703915, 10256.54089581351, 1386.4902053061405], [-3662.2485990703426, 8484.736246357827, 1560.0], 12, 3, 2], "57": [[-4435.273376748252, 11084.394406365005, 1179.3014997258826], [-5329.385696399606, 8631.583079672062, 1560.0], 17, 3, 2], "58": [[-4774.451040306286, 7594.42474464682, 1532.8865402705387], [-5123.665905806128, 6641.95004725865, 1560.0], 26, 3, 3], "59": [[-2539.8031490599265, 7332.264499381595, 1284.9456648272262], [-3547.317055112236, 6310.285128702514, 1560.0], 29, 3, 3], "6": [[-9402.413917694563, 4685.051762488681, 1187.2970741603724], [-9867.771388968662, 3874.0750484929, 1560.0], 98, 3, 3], "60": [[-4437.3725394228195, 10915.285075084164, 1347.5602049715712], [-5182.153410482188, 8662.529461161274, 1560.0], 25, 3, 3], "61": [[-4755.9049153891365, 10766.585410963251, 1056.5773528050572], [-5800.759316374887, 8317.317235612736, 1560.0], 16, 3, 3], "62": [[-8058.505313093039, 15372.782635680176, 2000.823733525955], [-7210.240428998898, 17409.955491277407, 1950.0], 30, 2, 2], "63": [[-8628.327752486202, 15648.061019193014, 2028.8429905540975], [-7895.463980941697, 18371.209668085667, 1950.0], 30, 2, 2], "64": [[-9701.31326992769, 15860.07916590473, 1950.0002552183169], [-8600.963110589375, 18100.015142059343, 1950.0], 0, 1, 1],