{"0": [[22544.80209360665, -9851.592090313276, 1559.9999354294187], [21603.469184636153, -7993.593703834184, 1560.0], 8, 2, 2], "1": [[18733.73301200597, -17401.882539626855, 1947.4753948954583], [16837.065642936133, -15692.67103661594, 1560.0], 14, 3, 3], "10": [[13115.02518766776, -10007.446263783546, 1436.4288555630867], [11269.950613262205, -9443.592485756291, 1560.0], 22, 3, 3], "11": [[12416.184671223697, -12974.254636838083, 1559.999760511249], [11589.0016278538, -12024.240693133112, 1560.0], 19, 3, 2], "12": [[12834.277231692384, -11299.727803398302, 1473.9519455401337], [11202.487157661399, -10640.611132760985, 1560.0], 31, 3, 3], "13": [[12070.750339056824, -11328.943705806618, 1465.9355314680502], [10639.835682178735, -10612.32862715497, 1560.0], 16, 3, 3], "14": [[9926.719150151075, -13344.949991494967, 1393.7406693755574], [7814.690366461455, -11921.776616554165, 1560.0], 9, 2, 2], "15": [[11184.837938100674, -20099.960876644982, 1545.2657566057637], [6874.901766243032, -15862.760881539889, 1560.0], 33, 3, 3], "16": [[12485.41095469183, -22076.890288066617, 1445.2935045296354], [8024.805321419551, -17091.76520241997, 1560.0], 28, 3, 3], "17": [[8638.778596695902, -18893.66978382041, 1334.9585404958725], [5764.753953962763, -15402.244857794603, 1560.0], 8, 3, 3], "18": [[8154.725273547288, -19314.596778448275, 1478.6481802795738], [5199.173244729575, -15584.358667583427, 1560.0], 3, 3, 3], "19": [[8488.055241976605, -15849.094910558244, 1260.949040402235], [5984.54050727496, -13552.320176299985, 1560.0], 10, 3, 3], "2": [[18758.40274101398, -13909.539917974877, 1559.999763801288], [16026.972541570743, -12620.084367848702, 1560.0], 20, 3, 3], "20": [[7606.359420319146, -17886.53787488284, 934.3134069414298], [3284.791015797809, -14039.387444990916, 1560.0], 19, 3, 3], "21": [[7605.658011568045, -19677.22551969233, 1340.0013694526876], [4690.88823921586, -15702.273703724546, 1560.0], 7, 3, 3], "22": [[7061.3517666308335, -19942.21104044834, 1276.1560299510886], [3579.5452539543658, -15531.49635768725, 1560.0], 11, 3, 3], "23": [[7465.043269881229, -17391.459356279644, 1416.8738363256275], [5378.2793010753685, -14598.233037865795, 1560.0], 13, 3, 3], "24": [[-7766.28696931779, -14425.30769283701, 1665.0020087103362], [-6775.622139066801, -12315.683451791361, 1560.0], 11, 3, 2], "25": [[-7556.2059696187225, -15388.655947225354, 1428.5965420688697], [-6879.082343580415, -13013.54939144117, 1560.0], 128, 3, 2], "26": [[-9980.499224288918, -14605.284020725792, 1560.0001996906403], [-8651.693769175767, -12043.74235193763, 1560.0], 11, 3, 2], "27": [[-10176.031671856696, -15469.672154415877, 1677.8684327504081], [-8386.484538352328, -12603.29424693151, 1560.0], 32, 2, 2], "28": [[-10880.897227287616, -15335.487185996364, 1560.0001258022296], [-9191.923735554159, -12238.552064150686, 1560.0], 8, 2, 2], "29": [[-8547.697520123535, -16939.644467900787, 1560.0000081297635], [-7277.225188252298, -13295.007860763, 1560.0], 24, 2, 2], "3": [[16570.126590619348, -9398.61584309611, 1502.261876244456], [15339.932598756042, -9084.855920154356, 1560.0], 34, 3, 3], "30": [[-8845.95719180328, -17348.445643373372, 1560.0002983671134], [-7511.707594506046, -13383.339306940814, 1560.0], 10, 2, 2], "31": [[-8171.925519244905, -17084.523945969537, 1559.9998420638342], [-6665.147564462664, -14074.515691897848, 1560.0], 0, 1, 1], "32": [[-8632.185354511206, -17682.451689699854, 1560.0004261785937], [-4221.455439131547, -13616.736933939123, 1560.0], 0, 1, 1], "33": [[-8117.810110140954, -19617.56647897066, 1560.0001728705317], [-3373.553794973132, -14907.931849669472, 1560.0], 0, 1, 1], "34": [[-13383.430902092761, -11770.438392164024, 1666.3088145660736], [-11548.211319430698, -10198.718079706001, 1560.0], 14, 3, 2], "35": [[-11820.718040969035, -11678.07450480889, 1559.999988925834], [-10565.591868625508, -10234.371528797512, 1560.0], 12, 3, 2], "36": [[-13047.086920148651, -10128.31095344111, 1719.8941723714343], [-11617.893790977285, -9240.416937535474, 1560.0], 15, 3, 2], "37": [[-15795.578102865356, -8778.226204395054, 1560.000028073504], [-14248.058970864944, -7887.332356001894, 1560.0], 5, 3, 2], "38": [[-14274.323213137395, -8002.637032825655, 1612.4882482081796], [-13209.569333320918, -7509.923428650904, 1560.0], 36, 3, 2], "39": [[-15372.208164933249, -6771.368346834684, 1559.9998728372334], [-14455.066255920665, -6394.436241912293, 1560.0], 4, 3, 2], "4": [[15760.553723195053, -9040.89299263717, 1424.490011429588], [14131.516788073268, -8775.065275625038, 1560.0], 37, 3, 3], "40": [[-14562.737112550198, -6942.055652773964, 1559.9995207857112], [-13779.321794985502, -6555.054718965156, 1560.0], 6, 3, 2], "41": [[-14499.807028004567, -5641.693589045685, 1455.3590083302233], [-14086.508303000015, -5407.721056790511, 1560.0], 11, 3, 2], "42": [[-13842.580136698512, -6356.612270547484, 1559.9998119167167], [-13310.861178699144, -6077.913916484755, 1560.0], 6, 3, 2], "43": [[-13755.370032480214, -6983.429456025506, 1559.9998873252323], [-13092.627302477304, -6635.650265404933, 1560.0], 6, 3, 2], "44": [[-12884.593715114495, -7097.966302929027, 1560.000092189975], [-12291.345457723966, -6789.049318416129, 1560.0], 2, 3, 2], "45": [[-12887.398513170008, -6291.951494729103, 1560.000042147977], [-12407.99471554141, -6095.838045105336, 1560.0], 0, 3, 2], "46": [[-12127.433120777845, -7091.302972728441, 1604.9207206930437], [-11564.003021337287, -6819.609899610684, 1560.0], 24, 3, 2], "47": [[-12062.617713023772, -6467.188773226765, 1559.999785817], [-11687.38272327045, -6254.3398461084, 1560.0], 4, 3, 2], "48": [[-11595.371828667265, -6679.166123218187, 1304.2135359080246], [-11688.58057322368, -6289.270398480484, 1560.0], 30, 3, 2], "49": [[-11211.723796189106, -6904.891718921869, 1514.9052351088142], [-11036.189330256448, -6603.7690839485, 1560.0], 48, 3, 2], "5": [[15059.63066095367, -10457.145782233474, 1547.613741159163], [14108.823292623936, -9988.61181512327, 1560.0], 30, 3, 3], "50": [[-11331.341573997674, -7659.240255176607, 1434.090572827818], [-11210.800712859245, -7155.013190834389, 1560.0], 50, 3, 2], "51": [[-11407.576966272141, -8432.883874141755, 1559.9998339895196], [-10854.09809701046, -7918.409402757115, 1560.0], 5, 3, 2], "52": [[-18793.16934513709, 7860.070095155554, 1749.999622749035], [-12345.637666053564, 7194.458554760204, 1750.0], 0, 1, 1], "53": [[15892.978979061332, 1094.2268731410556, 1650.0000488344192], [16285.229165592067, 1159.7465215457503, 1650.0], 15, 2, 2], "54": [[12222.218128576289, 19.10518144115944, 1559.9999765201906], [11957.301861779832, -93.3679218814219, 1560.0], 15, 3, 3], "55": [[13971.829457012658, 6787.307818415324, 1559.999967629076], [12981.25675742412, 6331.955510832767, 1560.0], 4, 2, 2], "56": [[14823.83649917001, 7586.567780042987, 1559.999658793886], [14415.517651085158, 7250.925762873484, 1560.0], 5, 2, 2], "57": [[15341.874154690022, 7003.879355410126, 1559.999986829993], [14179.025726615053, 6482.376463317011, 1560.0], 4, 2, 2], "58": [[15691.349810420803, 8395.663922856904, 1629.9999354873776], [14186.0610654418, 7657.029987382523, 1630.0], 3, 2, 2], "59": [[15987.39390024051, 9028.377924852037, 1920.0001436397206], [14014.918370983789, 8030.904396468043, 1920.0], 5, 2, 2], "6": [[14604.112157270221, -13892.29829724672, 1559.2926644625634], [13126.57969339566, -12627.66447846468, 1560.0], 15, 3, 3], "60": [[17758.44689740896, 9571.152418327098, 1739.9999245132028], [15736.903085014077, 8517.216947586345, 1740.0], 10, 2, 2], "61": [[18534.642444492154, 8745.489197662931, 1689.9997803012252], [17943.423899130492, 8202.522219134202, 1690.0], 3, 2, 2], "62": [[19786.149273030278, 7669.351868776419, 1870.0002589336864], [19610.339982404883, 7364.434123958553, 1870.0], 7, 2, 2], "63": [[10940.904680852522, 12438.561654716821, 1559.9999362868696], [11803.812120722781, 11877.886314007113, 1560.0], 169, 2, 2],