{"0": [[-8207.8155120526, -16435.242253087723, 1560.0001677193752], [-7014.85246152496, -13996.095006369518, 1560.0], 0, 1, 1], "1": [[-9343.297745746648, -16535.596608831314, 1559.9999187100543], [-7907.519504561764, -13006.125323706408, 1560.0], 10, 2, 2], "10": [[-14948.117278315625, 6529.0222257462665, 1273.220351768369], [-13609.380721835754, 4919.382006359836, 1560.0], 69, 2, 2], "11": [[-13247.273488568846, 7270.388886631735, 1434.8660742378077], [-12109.457933728589, 5751.752498943311, 1560.0], 35, 2, 2], "12": [[-11165.01880816321, 6050.104399102158, 1394.3182345819885], [-10845.779510200498, 5056.64493230297, 1560.0], 49, 3, 3], "13": [[-13649.079363790199, 6247.396718748315, 1401.948481236327], [-12639.038935773879, 5020.316481658286, 1560.0], 27, 2, 2], "14": [[-13121.84794818523, 5849.4928557059775, 1192.6591532022194], [-12588.445105849838, 4570.285196824258, 1560.0], 29, 2, 2], "15": [[-14212.665857697119, 5272.50003520519, 1300.0686049902438], [-13387.270464513927, 4171.75704834428, 1560.0], 43, 2, 2], "16": [[-8538.658111327835, 8424.86419226595, 1358.8114052917354], [-8486.310545089436, 6850.662886200629, 1560.0], 27, 3, 3], "17": [[-7878.137715505936, 10444.86047146382, 1413.731642519389], [-7694.942031695388, 8254.709571799867, 1560.0], 17, 3, 3], "18": [[7213.345785064114, 13396.806190053147, 1793.8191054442807], [5391.7527486377185, 11349.417338319836, 1560.0], 125, 3, 3], "19": [[2244.620095496259, 10402.225725809141, 1577.5531835278903], [1904.0172132062776, 9338.755623086683, 1560.0], 13, 3, 3], "2": [[-9597.750076442453, -16042.821560232138, 1560.0000853439085], [-8099.770597451079, -12808.520529404655, 1560.0], 23, 2, 2], "20": [[8553.34640000655, 12216.022367675307, 1560.0000359005005], [6634.9823331440875, 10366.622877357111, 1560.0], 36, 3, 3], "21": [[6633.4769965368005, 10835.62526027511, 1373.6313713756047], [4588.718502075499, 9126.130508490416, 1560.0], 10, 3, 3], "22": [[6942.43961918975, 9653.449050228126, 1282.6405133682008], [5082.327846739212, 8256.571300425196, 1560.0], 6, 3, 3], "23": [[11178.111629062067, 8972.76880052529, 1545.9571947116583], [9881.208445381033, 8055.344564968766, 1560.0], 10, 3, 2], "24": [[10616.081899172686, 8905.707666992752, 1503.775027633622], [9438.755272457302, 8131.590889926264, 1560.0], 8, 3, 3], "25": [[13822.381547628738, 9142.463678470463, 1559.9999594799356], [13063.928267275118, 8532.817736964651, 1560.0], 4, 2, 2], "26": [[11123.865268283476, 8120.902151322485, 1581.0746978283432], [10706.475965928, 7547.340251774185, 1560.0], 20, 3, 3], "27": [[12319.7249539598, 7626.166879235494, 1839.9999395342254], [11859.036795678565, 7145.365202725633, 1840.0], 1, 2, 2], "28": [[11987.66809155195, 7475.2977719282435, 1630.0001198758891], [11805.238280833293, 7169.050036818756, 1630.0], 6, 2, 2], "29": [[12447.776667550037, 2128.006259660115, 1559.9997331862137], [12710.606946792668, 2019.803589570709, 1560.0], 16, 3, 3], "3": [[-7639.93541256332, -14858.091448266387, 1316.8928571995], [-7193.55105311521, -12611.206795319647, 1560.0], 102, 3, 2], "30": [[14384.780354138726, 1281.3465558313087, 1594.155623697344], [15414.42402601486, 1096.2250894968677, 1560.0], 40, 3, 3], "31": [[14640.357366181359, -2026.0345413160242, 1513.8513268760169], [14709.190994693367, -2211.599701297599, 1560.0], 35, 3, 3], "32": [[12013.75724923565, -9175.201152105212, 1283.5182169977143], [10564.909615205528, -8604.254746320032, 1560.0], 31, 3, 3], "33": [[14020.08443964526, -9932.597786098919, 1412.5540646991697], [13031.800300809955, -9568.012322356622, 1560.0], 33, 3, 3], "34": [[15116.492101306665, -11295.194861096978, 1560.0000578598947], [14307.017172246196, -10794.636651194076, 1560.0], 8, 3, 3], "35": [[14424.232253760332, -12521.267740567888, 1553.115217244907], [13711.837248126707, -11735.094300439148, 1560.0], 19, 3, 3], "36": [[13012.874065605563, -10663.899695023321, 1558.6064229589067], [12094.512120993291, -10121.179720515262, 1560.0], 23, 3, 3], "37": [[12584.953941050959, -11173.780365081453, 1559.9999241610617], [12329.689970696983, -10790.984199541484, 1560.0], 40, 3, 3], "38": [[12044.13785201028, -10935.214192796975, 1552.7223770493638], [10832.484299493166, -10260.100954222984, 1560.0], 11, 3, 3], "39": [[14349.223086445621, -14252.403336161506, 1405.7321316721752], [11801.153779905932, -12670.60251509677, 1560.0], 6, 3, 3], "4": [[-11729.231959173087, -8047.579305647686, 1559.999407577971], [-11223.167908878255, -7598.213255134588, 1560.0], 9, 3, 2], "40": [[9979.415610256461, -13509.941737482852, 1345.4911682613733], [7356.537686397781, -11876.256538729966, 1560.0], 8, 2, 2], "41": [[10060.145906833905, -16308.757721609203, 1361.0226290678763], [7625.044385798593, -13970.253110966803, 1560.0], 13, 3, 3], "42": [[10211.233217904208, -16614.023046151135, 1441.6443117175324], [7955.82447323812, -14250.208424429546, 1560.0], 6, 3, 3], "43": [[9087.123134323516, -18015.714565909904, 1514.1942375990786], [7283.869083172327, -15272.862729439452, 1560.0], 16, 3, 3], "44": [[8226.62632426578, -18735.17221113683, 1461.208829036724], [5764.753953962763, -15402.244857794603, 1560.0], 13, 3, 3], "45": [[7691.129013551688, -19242.118373655296, 995.8816700000915], [3885.7425187320696, -15020.791506203042, 1560.0], 3, 3, 3], "46": [[11518.223610982039, -26519.588940991107, 1560.0002505441303], [6866.915874751359, -18938.22628868967, 1560.0], 1, 2, 2], "47": [[7403.349926898019, -24387.685479694934, 1560.0000278948366], [4330.62878205465, -17936.663561347967, 1560.0], 3, 2, 2], "48": [[13500.409999345546, -12069.5491763324, 1603.3973900219319], [11474.924055380916, -11202.635607847118, 1560.0], 39, 3, 2], "5": [[-11247.02667394301, -6933.651987160173, 1552.0054726562998], [-10882.837124538362, -6689.8928432793455, 1560.0], 12, 3, 2], "50": [[23605.195216181128, -14760.400561100976, 1749.9998936039592], [21678.491410264272, -11992.502703210268, 1750.0], 0, 1, 1], "51": [[16415.12295725372, -2769.8353510510447, 1559.9999334355723], [17121.757127604862, -2962.7061981465868, 1560.0], 35, 3, 3], "52": [[-10499.14228791715, 13872.078275654043, 1559.9999238541184], [-7594.126257226983, 12047.510379925398, 1560.0], 34, 2, 2], "53": [[-8542.744328716488, 14135.0764115712, 1560.0000490031953], [-6322.2327994109655, 12372.64048662276, 1560.0], 9, 2, 2], "54": [[-9956.164140680025, -15002.07303165255, 1559.9999991434158], [-4564.71375288786, -12951.510921406785, 1560.0], 0, 1, 1], "55": [[-10149.87861319739, -17065.78328465128, 1560.000000575904], [-5136.54215101572, -12256.313404244172, 1560.0], 0, 1, 1], "56": [[-8025.039196861982, -18450.262484989846, 1560.0001537096205], [-3244.8691639096146, -15167.162485836636, 1560.0], 0, 1, 1], "57": [[-8143.007050549765, -19373.297951010954, 1559.9997840725978], [-3386.1567994960687, -15086.761198706112, 1560.0], 0, 1, 1], "58": [[20440.020436048002, 8710.176087679374, 1889.99977977744], [19795.583466529042, 8211.378100217531, 1890.0], 1, 2, 2], "59": [[7161.166833169081, 13529.505842657398, 1517.3612737293552], [5391.7527486377185, 11349.417338319836, 1560.0], 10, 2, 2], "6": [[-12471.717022917492, -6537.487366666163, 1559.9991344716616], [-12029.443268233917, -6318.887954030854, 1560.0], 10, 3, 2], "60": [[6970.858933211465, 19069.672059556822, 1749.999980418919], [4010.192147047343, 17675.834121547672, 1750.0], 0, 1, 1], "61": [[7569.954149885942, 21091.264010781957, 1560.000222493549], [4844.578567116476, 15553.714753580447, 1560.0], 0, 1, 1], "62": [[7362.568126530249, 21085.702739142136, 1560.0001448102114], [4858.515457611776, 15635.846114833941, 1560.0], 0, 1, 1], "63": [[6707.848590059838, 21473.087872136, 1559.999977150737], [4245.210220897906, 15700.7505444906, 1560.0], 0, 1, 1], "64": [[5702.19225862056, 21863.74646520005, 1559.999894506881], [3363.0872158305106, 15706.151347715038, 1560.0], 0, 1, 1], "7": [[-13662.459393572355, -6152.497040731499, 1560.0000333630455], [-13100.783766634398, -5935.373887799644, 1560.0], 3, 3, 2],