{"0": [[-7815.08673143387, 12323.782540519598, 1405.2428646264862], [-7343.720275930679, 9381.597542642316, 1560.0], 10, 3, 3], "1": [[-8998.933095111412, 8753.961612507504, 1487.3304725180371], [-8607.033191872386, 7199.333918236914, 1560.0], 54, 3, 3], "10": [[-13489.973803382252, -7141.236940451971, 1560.000205854746], [-12818.781576646395, -6803.385626007567, 1560.0], 4, 3, 2], "11": [[-15235.212076752314, -8499.80313392285, 1615.3800153354462], [-13849.985971425302, -7794.026045249088, 1560.0], 11, 3, 2], "12": [[-13401.53836698517, -8423.956437476541, 1783.8536652181492], [-12154.66624003153, -8041.0636359713235, 1560.0], 12, 3, 2], "13": [[-13024.756062587257, -8395.96496706126, 1775.0067022119513], [-11844.042933780442, -8037.534581879744, 1560.0], 11, 3, 2], "14": [[-11196.37613225477, -8534.32795187927, 1559.9997208716497], [-10700.150547502077, -8016.2956705661845, 1560.0], 7, 3, 2], "15": [[-12849.871589780658, -10711.30225366316, 1559.9999329142322], [-11540.752349079403, -9521.517367068502, 1560.0], 47, 3, 2], "16": [[-12229.934413310175, -9861.273410068705, 1559.999758177401], [-11299.894445897922, -8957.714216319273, 1560.0], 8, 3, 2], "17": [[-12694.235049611418, -14247.640424627907, 1560.0001643006572], [-6596.352368319325, -9940.87639363007, 1560.0], 0, 1, 1], "18": [[7839.12235149584, -17614.01370083182, 1270.5136816015809], [4996.345183245894, -14518.858742954018, 1560.0], 26, 3, 3], "19": [[10827.237067469054, -21350.073023108886, 1478.2151357999624], [6807.849347969979, -16632.178156364524, 1560.0], 17, 3, 3], "2": [[-10000.31060726397, 6860.021305451485, 1394.6441072774767], [-9707.640598822822, 5714.778087948377, 1560.0], 59, 3, 3], "20": [[9598.723574625794, -21963.748493756957, 1543.4998324019077], [6404.103547833993, -17146.284942597234, 1560.0], 11, 3, 3], "21": [[14495.5821527768, -18541.47304360413, 1559.9998654831393], [12609.166004911838, -16078.76182606024, 1560.0], 42, 3, 3], "22": [[15125.017110992452, -15237.492394913404, 1346.4243385801665], [12551.72138560483, -13472.861096168703, 1560.0], 51, 3, 3], "23": [[7787.674954393351, -22250.89133103463, 925.486219921284], [3161.774822633303, -16193.269957740737, 1560.0], 10, 3, 3], "24": [[11328.222153321258, -23337.673015929195, 1560.0004083839858], [7792.408268876876, -17995.58735546832, 1560.0], 1, 2, 2], "25": [[11254.82345451054, -26859.065680314296, 1559.9999834077116], [6341.326293615906, -18916.12774241493, 1560.0], 7, 2, 2], "26": [[8412.641424578087, -25830.722658016104, 1560.000071434754], [5099.220212031516, -18621.39302937286, 1560.0], 23, 2, 2], "27": [[9931.241105822523, -13319.080666787924, 1367.0542031200955], [7855.280216856073, -11846.28166262304, 1560.0], 9, 2, 2], "28": [[13974.457210823393, -13230.221209121675, 1560.000163661479], [13242.813256888354, -12452.958116395466, 1560.0], 26, 3, 3], "29": [[17036.235120320674, -10195.26659659219, 1560.0002432344218], [15748.435357391576, -9614.296694142766, 1560.0], 3, 3, 2], "3": [[-10605.353366908002, 7517.522452845198, 1179.8540116032798], [-10465.568825455739, 5865.30076197922, 1560.0], 39, 3, 3], "30": [[15526.602094483314, -11012.83413892235, 1559.999650063453], [15243.43566806858, -10431.600914291208, 1560.0], 22, 3, 2], "31": [[14593.497330737824, -11445.842112589973, 1559.999971257813], [13528.718589209004, -10950.659859285113, 1560.0], 71, 3, 3], "32": [[12766.089466163921, -11701.003196799988, 1560.0001607258396], [12726.149057264693, -11190.57333144248, 1560.0], 76, 3, 3], "33": [[6218.805648449293, 11616.366469254808, 1749.9999022114498], [4604.781976848551, 11830.946247225109, 1750.0], 0, 1, 1], "34": [[6166.264200156694, 13172.3079029301, 1749.9999359093301], [4444.155540719539, 13166.149280450069, 1750.0], 0, 1, 1], "35": [[6493.054749679279, 14362.388630138665, 1750.0000822044585], [4474.55907707487, 14207.859154305954, 1750.0], 0, 1, 1], "36": [[12510.554221257758, 7778.613565647487, 1570.0000848708025], [12148.50826608654, 7379.225803022846, 1570.0], 1, 2, 2], "37": [[13497.797238404846, 7295.1611435505565, 1620.000006771999], [13457.913843257738, 7011.1264677736735, 1620.0], 10, 2, 2], "38": [[15313.050800460078, 9629.598181670515, 1789.9997270873466], [14323.81655606033, 8843.211264972331, 1790.0], 3, 2, 2], "39": [[13276.1202309015, 9497.73480710575, 1620.0001818563715], [12293.160795026091, 8751.285643527533, 1620.0], 0, 2, 2], "4": [[-11211.113184953794, 6847.863296613834, 1284.5327377692245], [-10817.908544883878, 5549.72164239726, 1560.0], 8, 3, 2], "40": [[10401.336423887074, 9629.057913114126, 1750.0000010656922], [10441.560929225481, 10230.4124116717, 1750.0], 0, 1, 1], "41": [[11884.588839530577, 11296.138587333326, 1750.0004643227385], [11882.125092323075, 11287.398687094365, 1750.0], 0, 1, 1], "42": [[9197.15029801939, 9054.64476445322, 1750.0002476291086], [9205.113392165671, 9244.858307362565, 1750.0], 0, 1, 1], "43": [[-9351.101264156809, 17937.933634959958, 1749.9995921349023], [-9093.840991235751, 17632.5706333308, 1750.0], 0, 1, 1], "45": [[8215.207298392705, 15748.594106823462, 1473.4231805137779], [4759.397734655452, 12114.748959071027, 1680.0], 22, 3, 2], "46": [[8121.023516963113, 15064.962436849071, 1134.7192172321909], [4118.229356987983, 11290.252621902744, 1810.0], 12, 3, 2], "47": [[7433.46663333498, 20992.320324241387, 1560.000476108249], [4844.578567116476, 15553.714753580447, 1560.0], 0, 1, 1], "48": [[7043.679841397029, 21323.55087344797, 1559.999851836257], [4561.913647492656, 15749.883366167676, 1560.0], 0, 1, 1], "49": [[6123.2345327566145, 21754.77561821937, 1559.9999319648484], [3646.2297770689993, 15680.215774167433, 1560.0], 0, 1, 1], "5": [[-11301.683647617729, 5589.918990864276, 1442.863201624682], [-10909.908375181449, 4722.0142139036325, 1560.0], 79, 3, 3], "50": [[5878.290231263039, 21856.042599626737, 1560.000264596901], [3350.491148828402, 15631.15177468464, 1560.0], 0, 1, 1], "51": [[6713.515949804586, 21513.41808276855, 1559.9997440563084], [4258.442505682405, 15779.657079809183, 1560.0], 0, 1, 1], "52": [[6384.543934341243, 21664.727019830974, 1560.000153701018], [3948.8086976753707, 15729.711913448886, 1560.0], 0, 1, 1], "6": [[-11971.90198796183, 5789.101776112453, 1458.9947337308436], [-11432.770288066513, 4841.870914424623, 1560.0], 56, 3, 3], "7": [[-12602.087008515507, 5194.408467954451, 1389.4104425950259], [-12092.886958403064, 4304.084956197731, 1560.0], 58, 3, 3], "8": [[-13595.1072991849, 4877.4601480847705, 1362.8563095066045], [-12907.531537051798, 4011.4350356576465, 1560.0], 35, 2, 2], "9": [[-13807.527622271435, 6014.210715489012, 1451.3907861501777], [-12712.402877001037, 4914.514416868136, 1560.0], 25, 2, 2]}