{
  "0": [
    [
      -7955.123040474241,
      12626.727131253876,
      1481.9067840165098
    ],
    [
      -7411.135962595371,
      9531.172511199638,
      1560
    ],
    12,
    2,
    2
  ],
  "1": [
    [
      -8679.14067193737,
      12159.622855601043,
      1236.8597895495245
    ],
    [
      -8522.694114660539,
      8799.010952030067,
      1560
    ],
    69,
    3,
    3
  ],
  "2": [
    [
      -9159.713151096445,
      10262.416895434233,
      1753.2443361022688
    ],
    [
      -8052.146408944835,
      8499.000676978232,
      1620
    ],
    26,
    3,
    3
  ],
  "3": [
    [
      -10041.951356375926,
      11109.246686882747,
      1374.7306249734245
    ],
    [
      -9308.222493488782,
      8284.627550461666,
      1560
    ],
    46,
    3,
    3
  ],
  "4": [
    [
      -8929.463426819188,
      8873.440978045523,
      1442.5684891484236
    ],
    [
      -8704.083995809762,
      7182.313564072064,
      1560
    ],
    71,
    3,
    3
  ],
  "5": [
    [
      -10026.846600899238,
      7130.767894679607,
      1339.888246195586
    ],
    [
      -9850.16702964203,
      5836.204040445748,
      1560
    ],
    32,
    3,
    3
  ],
  "6": [
    [
      -11152.15507098133,
      7013.900932131365,
      1211.5270113893998
    ],
    [
      -11044.1666360573,
      5453.333943703733,
      1560
    ],
    69,
    3,
    3
  ],
  "7": [
    [
      -12096.977051308068,
      6304.644972444913,
      1445.7062170469026
    ],
    [
      -11489.209489506307,
      5191.800502194046,
      1560
    ],
    58,
    3,
    3
  ],
  "8": [
    [
      -13581.101026147096,
      5285.711277561822,
      1749.9997807798181
    ],
    [
      -12582.561373249906,
      4505.254026293929,
      1750
    ],
    0,
    1,
    1
  ],
  "9": [
    [
      -14115.652170933765,
      5621.260150373629,
      1750.0000834495195
    ],
    [
      -12886.711086225816,
      4736.180577776621,
      1750
    ],
    0,
    1,
    1
  ],
  "10": [
    [
      -14465.008701197483,
      -5910.820392678508,
      1560.0000726745461
    ],
    [
      -13854.497723548879,
      -5685.030311975805,
      1560
    ],
    0,
    2,
    1
  ],
  "11": [
    [
      -12177.272831689257,
      -7307.576537438114,
      1455.7393482493887
    ],
    [
      -11841.832234287023,
      -6923.294792916485,
      1560
    ],
    11,
    3,
    2
  ],
  "12": [
    [
      -12688.39173623459,
      -7430.4367862247,
      1560.0001536868178
    ],
    [
      -12040.470312333955,
      -7077.643848753418,
      1560
    ],
    6,
    3,
    2
  ],
  "13": [
    [
      -13286.883925380525,
      -7821.992217765973,
      1560.0000390676996
    ],
    [
      -12524.880180230526,
      -7373.70104062401,
      1560
    ],
    8,
    3,
    2
  ],
  "14": [
    [
      -15257.757411337376,
      -6974.252118863569,
      1560.0000044185178
    ],
    [
      -14327.105980339764,
      -6551.185545902382,
      1560
    ],
    1,
    3,
    2
  ],
  "15": [
    [
      -15055.848660139356,
      -8581.379528524365,
      1559.9999183435452
    ],
    [
      -13766.162329288065,
      -7817.3586397337485,
      1560
    ],
    7,
    3,
    2
  ],
  "16": [
    [
      -10968.410464545801,
      -8448.31908582999,
      1559.9999659701807
    ],
    [
      -10455.024941435162,
      -7975.41677124137,
      1560
    ],
    14,
    3,
    2
  ],
  "17": [
    [
      -11995.358836182097,
      -9905.24933667166,
      1560.0001191612168
    ],
    [
      -11090.355264798223,
      -9003.99124274818,
      1560
    ],
    5,
    3,
    2
  ],
  "18": [
    [
      -13407.58471183413,
      -9296.803485231385,
      1622.6348395711116
    ],
    [
      -12193.256993917292,
      -8555.604574461697,
      1560
    ],
    30,
    3,
    2
  ],
  "19": [
    [
      -14762.221740193507,
      -9456.57762597919,
      1559.9998130293918
    ],
    [
      -13352.167585171916,
      -8458.575456761459,
      1560
    ],
    1,
    3,
    2
  ],
  "20": [
    [
      -12996.06071617858,
      -12538.257772017998,
      1707.0084272648705
    ],
    [
      -11096.796857049028,
      -10682.67713066373,
      1570
    ],
    11,
    2,
    2
  ],
  "21": [
    [
      -10771.709275243351,
      -13599.724475464134,
      1579.8664132935933
    ],
    [
      -9363.238783327733,
      -11453.225307777204,
      1560
    ],
    16,
    3,
    2
  ],
  "22": [
    [
      -9790.799752463547,
      -13655.87761598753,
      1603.5510680372308
    ],
    [
      -8436.448034436438,
      -11709.593709892268,
      1560
    ],
    57,
    3,
    2
  ],
  "23": [
    [
      -9074.194015442356,
      -14005.015657183278,
      1560.0000947581623
    ],
    [
      -8027.578473529275,
      -11850.188500430817,
      1560
    ],
    11,
    3,
    2
  ],
  "24": [
    [
      -8247.575040330716,
      -18186.07174778535,
      1491.3728250696092
    ],
    [
      -7204.038181192897,
      -13654.697904841114,
      1560
    ],
    27,
    2,
    2
  ],
  "25": [
    [
      -12768.55470609196,
      -16074.18474624482,
      1729.999703739245
    ],
    [
      -6529.459171882704,
      -9876.94157396407,
      1730
    ],
    0,
    1,
    1
  ],
  "26": [
    [
      -8559.233651404564,
      -18882.459813233178,
      1590.0000873656
    ],
    [
      -4266.292705780338,
      -13510.119602075663,
      1590
    ],
    0,
    1,
    1
  ],
  "27": [
    [
      7416.056681220497,
      -18699.188788984018,
      1560.000165251759
    ],
    [
      4928.248294625777,
      -15331.269352755651,
      1560
    ],
    40,
    3,
    3
  ],
  "28": [
    [
      9165.108027837674,
      -17577.154527774495,
      1597.522708104825
    ],
    [
      7813.569064826758,
      -15244.443824725957,
      1560
    ],
    8,
    3,
    2
  ],
  "29": [
    [
      8905.16393931077,
      -16549.451248809975,
      1541.9732783585746
    ],
    [
      7377.858715449704,
      -14366.787948736033,
      1560
    ],
    56,
    3,
    3
  ],
  "30": [
    [
      9723.303576504708,
      -15769.85969211142,
      1539.3613061251992
    ],
    [
      7379.822265395031,
      -13558.73733391425,
      1560
    ],
    73,
    3,
    3
  ],
  "31": [
    [
      9995.503057493319,
      -16163.702868074297,
      1235.4894382461116
    ],
    [
      6861.190321565669,
      -13623.686130432387,
      1560
    ],
    9,
    3,
    2
  ],
  "32": [
    [
      13077.244415509233,
      -18758.822120850367,
      1559.9999413114028
    ],
    [
      10252.932614204079,
      -15755.390168068756,
      1560
    ],
    34,
    3,
    3
  ],
  "33": [
    [
      11420.911157589295,
      -22223.38749105718,
      1550.567665450334
    ],
    [
      7492.899150442036,
      -17077.412441790897,
      1560
    ],
    66,
    3,
    3
  ],
  "34": [
    [
      10065.461886132916,
      -13271.124073825222,
      1369.0517656396264
    ],
    [
      7435.037483863268,
      -11727.05831274282,
      1560
    ],
    9,
    2,
    2
  ],
  "35": [
    [
      13456.093602721803,
      -14367.116371236818,
      1559.9999520409694
    ],
    [
      12063.917387453253,
      -13233.665845416672,
      1560
    ],
    45,
    3,
    3
  ],
  "36": [
    [
      17179.78721395483,
      -10015.157228894344,
      1496.9079976412377
    ],
    [
      15094.635911452131,
      -9499.790031684885,
      1560
    ],
    29,
    3,
    3
  ],
  "37": [
    [
      16471.04941325425,
      -11406.949240442838,
      1358.4388333670609
    ],
    [
      14668.6550129239,
      -10207.200509785216,
      1560
    ],
    96,
    3,
    3
  ],
  "38": [
    [
      15381.656329006288,
      -11063.482018258808,
      1560.0001384201576
    ],
    [
      15833.752791231314,
      -10662.041299409319,
      1560
    ],
    35,
    3,
    2
  ],