{"0": [[-9137.096417461431, 13025.541991914932, 1506.012524425663], [-8258.074377064624, 9512.283671682677, 1560.0], 41, 3, 3], "1": [[-9811.692805744826, 11774.865264448574, 1552.6011725309447], [-8645.862271117463, 8992.913893381181, 1560.0], 34, 3, 3], "10": [[-12540.444331067461, 6617.565891681742, 1405.2690533658938], [-11756.058153930011, 5363.469804276986, 1560.0], 20, 2, 2], "11": [[-13757.7236331473, 5956.840960193233, 1412.4925561836283], [-12728.185696888691, 4845.784311741087, 1560.0], 9, 2, 2], "12": [[-14097.871986580487, 6638.156710189187, 1420.1118536103384], [-12869.773562414928, 5233.532941336368, 1560.0], 53, 2, 2], "13": [[-11447.597436706264, -6974.881804789962, 1499.247160801154], [-11192.438051246438, -6662.776759645233, 1560.0], 9, 3, 2], "14": [[-12173.899394457276, -6841.059512852164, 1559.9997542838066], [-11766.639833363397, -6577.313649638527, 1560.0], 3, 3, 2], "15": [[-12805.091903497125, -6123.805419060634, 1490.1615196455464], [-12527.09571836757, -5892.640988507955, 1560.0], 10, 3, 2], "16": [[-13778.80946889357, -6411.1896584263395, 1559.9999521542734], [-13206.055246023841, -6144.925799139205, 1560.0], 2, 3, 2], "17": [[-14669.753196066988, -5774.138141653333, 1559.999614884113], [-14083.428651957009, -5551.398411412693, 1560.0], 9, 3, 2], "18": [[-14954.540998653372, -6939.728352238199, 1559.9998889719868], [-14126.451380220464, -6538.779373884447, 1560.0], 5, 3, 2], "19": [[-13280.466808521514, -7669.541136873008, 1559.9998574960875], [-12585.397424382534, -7228.7845678621425, 1560.0], 11, 3, 2], "2": [[-7963.792636898631, 12721.398959425822, 1404.0372675674962], [-7530.435294212226, 9448.989931376364, 1560.0], 32, 3, 3], "20": [[-12750.693921734148, -7612.094446174647, 1560.000116347849], [-12104.510793471796, -7212.125635769724, 1560.0], 6, 3, 2], "21": [[-11851.017653939669, -7443.6375053232605, 1776.9204970861147], [-10910.449978694898, -7300.433401676971, 1560.0], 11, 3, 2], "22": [[-10962.497161589323, -8456.970186546394, 1559.9999946067737], [-10373.025228641702, -8008.314106098574, 1560.0], 2, 3, 2], "23": [[-11185.79632498511, -9115.199444823236, 1621.436775791858], [-10313.707874815755, -8595.844374024815, 1560.0], 14, 3, 2], "24": [[-11490.037611301841, -9646.092979819832, 1560.0003524400322], [-10644.117520173475, -8910.786760587605, 1560.0], 7, 3, 2], "25": [[-12008.94024481521, -9862.097824956898, 1560.0001178400544], [-11090.355264798223, -9003.99124274818, 1560.0], 1, 3, 2], "26": [[-13123.03322405936, -9722.658702166575, 1576.4000840230742], [-12004.322826503061, -8816.932123758046, 1560.0], 12, 3, 2], "27": [[-14042.48051167871, -9358.33809736899, 1567.447972419202], [-12789.926205720682, -8495.884724925141, 1560.0], 24, 3, 2], "28": [[-14889.584993118142, -8454.609770846444, 1560.0000513409714], [-13691.171476248779, -7741.555418908546, 1560.0], 6, 3, 2], "29": [[-11768.453554960302, -12021.180411072135, 1560.000025265439], [-10487.658434125553, -10414.513045050702, 1560.0], 8, 3, 2], "3": [[-8613.295525950856, 11951.181623214525, 1184.9845036432862], [-8362.51398790496, 8727.2475286808, 1560.0], 23, 3, 3], "30": [[-11835.273188041452, -13156.755727409587, 1560.0002247947546], [-10053.008868078969, -11853.23988543118, 1560.0], 0, 1, 1], "31": [[-7744.582101413873, -15460.944094225766, 1231.5146800483608], [-7453.920437706519, -12821.33218741695, 1560.0], 22, 3, 2], "32": [[-8010.623996717634, -17981.32417695775, 1542.3235292567015], [-6971.990148553422, -13673.146075741199, 1560.0], 46, 2, 2], "33": [[-84.12772597577143, -18028.94424861708, 1611.7568730285332], [-1052.8291330309116, -14705.03280449186, 1560.0], 112, 3, 3], "34": [[933.3504080744622, -18507.809370914652, 1564.0210261545035], [-367.2062497234207, -14952.088707793591, 1560.0], 57, 3, 3], "35": [[935.2773179226622, -17284.518022434793, 1596.2420584224296], [-360.75826908830606, -14337.68526909634, 1560.0], 110, 3, 3], "36": [[5646.78446310887, -18164.418197712028, 1305.0157738470018], [3240.7754480062863, -14808.085660972765, 1560.0], 8, 3, 3], "37": [[3396.155429831534, -16342.381030406825, 1551.5175853581334], [2240.661015100188, -13999.258298250388, 1560.0], 9, 3, 3], "38": [[8129.327883908919, -18548.07121872619, 1319.6786292052814], [5099.925739766295, -15056.13146387212, 1560.0], 4, 3, 3], "39": [[8069.460037556296, -16656.231491944436, 1255.8271822143472], [5732.4991735188, -13995.053715936028, 1560.0], 30, 3, 3], "4": [[-8783.057158639154, 10248.62235002856, 1646.5831091791842], [-7741.0413376223905, 8515.616425391228, 1560.0], 26, 3, 3], "40": [[10435.975696074795, -15326.170661518698, 1471.81654368633], [8870.02457688196, -13633.69469774822, 1560.0], 37, 3, 3], "41": [[9892.991685607292, -14404.722682467711, 1630.336601677584], [9050.879158038411, -13343.089998799833, 1560.0], 77, 3, 3], "42": [[11322.78582263147, -14834.136721923665, 1559.9999117900336], [9649.648857447846, -13263.676366350543, 1560.0], 0, 2, 2], "43": [[11743.343192886834, -14842.184512617057, 1559.9999865832433], [9791.645340760875, -13035.813743011568, 1560.0], 71, 3, 3], "44": [[18705.83674162858, -14029.242564397644, 1474.8791882331857], [16628.82692330374, -12880.571257778784, 1560.0], 46, 3, 3], "45": [[17304.81224973088, -9800.269239585703, 1512.0226818366666], [16489.3210599215, -9626.590669400774, 1560.0], 91, 3, 3], "46": [[16458.424893697367, -9957.402218191603, 1559.9998556236887], [14972.492596387277, -9704.337081301897, 1560.0], 87, 3, 3], "47": [[15455.548010310182, -10918.381479751588, 1543.4355871740956], [14668.6550129239, -10207.200509785216, 1560.0], 39, 3, 2], "48": [[14476.434430779958, -11648.745734977392, 1512.3232915920603], [12436.839572331213, -10607.725591659018, 1560.0], 11, 3, 2], "49": [[13322.36636957293, -12054.533407555014, 1421.5323944731758], [11577.407202322305, -11026.708735294815, 1560.0], 14, 3, 2], "5": [[-9168.032294364944, 8382.176382355934, 1559.9999629271513], [-8537.74236720614, 7074.332228454049, 1560.0], 3, 3, 2], "50": [[12603.055623874732, -11771.309746930188, 1514.1838914833331], [9955.84458219975, -10840.581975341098, 1560.0], 58, 3, 3], "51": [[17891.203092486467, -11204.062112782747, 1539.7713799752962], [15898.860646513973, -10560.813018474519, 1560.0], 34, 3, 3], "52": [[16612.48987597237, -11545.089776161494, 1549.4688022779574], [14993.212572568573, -10828.268446531898, 1560.0], 34, 3, 3], "53": [[16066.817377713378, -11670.952407150196, 1546.2918165316694], [14187.213335857672, -10986.580517169521, 1560.0], 32, 3, 3], "54": [[14441.070463827655, -12347.411363607747, 1470.4223875808577], [13299.169965373514, -11322.33797413195, 1560.0], 49, 3, 3], "55": [[15254.495618794077, -11857.478827853754, 1551.0766374012608], [14067.788797959125, -11176.59500648392, 1560.0], 13, 3, 3], "56": [[20773.13137731445, -15611.320241068837, 1779.2664677711375], [19641.527828101378, -14584.85480285686, 1560.0], 25, 3, 3], "57": [[15948.348221319826, -6214.980229701008, 1559.999977297741], [16139.483445418382, -6364.568931199046, 1560.0], 55, 3, 3], "58": [[-542.1964198097625, 11863.425672788226, 1358.6068986755856], [-1806.339034069171, 9548.409181431865, 1560.0], 14, 3, 3], "59": [[150.41720264639835, 10732.672806006325, 1559.9995135148195], [-350.51715168784625, 9341.77512176455, 1560.0], 4, 3, 3], "6": [[-10000.69457422318, 7233.264037077466, 1463.9929988889096], [-9645.63954260274, 6030.129293062145, 1560.0], 35, 3, 3], "60": [[2053.294273098642, 11687.358188786238, 1413.1016404551556], [680.5921860168219, 9754.432646121822, 1560.0], 11, 3, 3], "61": [[3965.3369786865883, 10964.854929719617, 1515.1970276291895], [3438.252493813123, 9753.274622973306, 1560.0], 34, 3, 3], "62": [[7792.168966076926, 10923.409487431121, 1383.544123806507], [6459.714598993095, 9566.000320957322, 1560.0], 5, 3, 3], "63": [[7029.122373958117, 9685.356938255916, 1412.9871917071055], [5900.475117596969, 8722.921318459914, 1560.0], 35, 3, 3],