{"0": [[-7945.587649160928, -16052.401777028208, 1559.9995748783833], [-7014.85246152496, -13996.095006369518, 1560.0], 0, 1, 1], "1": [[-6719.571165981261, -16367.642004925208, 1425.8230898823695], [-6287.674707820177, -13393.538541917429, 1560.0], 18, 3, 2], "10": [[-12963.167863964505, 5040.359132106392, 1175.0283762356871], [-12661.040310512435, 3959.4136617036847, 1560.0], 46, 2, 2], "11": [[-10995.450402497236, 6546.450486698666, 1447.0964213205689], [-10551.149950286783, 5444.220082398195, 1560.0], 52, 3, 3], "12": [[-8676.512576783654, 8507.164311781964, 1308.6878211291814], [-8885.840519353964, 6747.329464097483, 1560.0], 68, 3, 3], "13": [[-9960.800435856832, 8813.794080361633, 1476.2344513950338], [-9327.53103014224, 7155.338900392251, 1560.0], 64, 3, 3], "14": [[-11195.846792544526, 9156.888967286304, 1522.2237101801838], [-10154.235461579496, 7262.386651260043, 1560.0], 38, 3, 3], "15": [[-10814.744205211397, 9977.249988589043, 1400.7832277040552], [-9913.59053329025, 7661.110992579446, 1560.0], 28, 3, 3], "16": [[-7765.911768533882, 10373.098647040364, 1371.0272819919217], [-7484.455103258856, 8257.759181623733, 1560.0], 12, 3, 3], "17": [[5352.80599653962, 13006.189690898373, 1444.1818677407164], [3669.494215279562, 10905.541102527075, 1560.0], 12, 3, 3], "18": [[6749.6987791980655, 12877.260644603142, 1446.2655657666062], [4574.467081841544, 10651.447786608118, 1560.0], 14, 3, 3], "19": [[6481.361599960903, 12237.09154806804, 1629.9998535701425], [5327.091103738057, 10615.680939130581, 1630.0], 13, 3, 3], "2": [[-7216.33427177044, -15511.371082405987, 1098.8268497800693], [-7204.660956716443, -12698.551120764814, 1560.0], 72, 3, 2], "20": [[9069.31570976131, 11750.640985258467, 1779.9998487115702], [5488.69776303437, 10734.347398958678, 1780.0], 0, 3, 1], "21": [[7615.213455429738, 9928.83994395835, 1356.431649092371], [5486.160149501573, 8486.791618110652, 1560.0], 23, 3, 3], "22": [[10497.66510629973, 11490.053479483464, 1302.3505508747928], [8580.948728459029, 10062.556377053665, 1560.0], 66, 2, 2], "23": [[9526.75052485951, 9727.698473874309, 1526.4551816790317], [7331.588772723713, 8271.585642836106, 1560.0], 51, 3, 3], "24": [[9477.09148149834, 9303.62455109938, 1369.9371643872275], [7282.139410387118, 8063.493015565219, 1560.0], 19, 2, 2], "25": [[10999.060627135046, 9706.646715229741, 1610.000111362838], [9341.095055541513, 8604.748809159593, 1610.0], 7, 2, 2], "26": [[16881.36006698004, 7938.572607113943, 1810.0001494524909], [17117.265361123522, 7727.521962710676, 1810.0], 27, 2, 2], "27": [[15873.57760040175, 7352.020704515353, 1839.9997606051586], [15348.841920909828, 6939.154173031928, 1840.0], 2, 2, 2], "28": [[14738.349831828724, 7451.828596494318, 1560.0001360398053], [14376.314752079834, 7122.435057893489, 1560.0], 4, 2, 2], "29": [[12798.750735229498, 7368.127933948919, 1620.000196575425], [12328.93504071925, 6966.162986673391, 1620.0], 0, 2, 2], "3": [[-12817.73178369158, -9699.793085181023, 1560.0002726736805], [-11760.354082047059, -8835.628645143384, 1560.0], 8, 3, 2], "30": [[13711.703682074009, 1426.1835554494671, 1618.52835998497], [14199.05221401598, 1233.2543841887568, 1560.0], 37, 3, 3], "31": [[14111.420957909251, -8558.41682600364, 1353.9311297521067], [11960.711761002189, -8107.387542639881, 1560.0], 14, 3, 3], "32": [[16752.904198093118, -9453.444456639378, 1544.6491759740916], [15939.314583421212, -9299.544015413594, 1560.0], 52, 3, 3], "33": [[15403.734879940475, -10800.995052854776, 1485.2224627944254], [13338.299056580252, -10162.996919650937, 1560.0], 25, 3, 3], "34": [[15647.11732612026, -12599.47528256618, 1486.7001938384128], [13770.917377989064, -11643.211115141163, 1560.0], 29, 3, 3], "35": [[15060.114523198303, -12717.067756870521, 1506.286343028004], [13071.100180708765, -11686.539467080513, 1560.0], 10, 3, 3], "36": [[13201.489649361987, -11479.69470761149, 1328.3763997626647], [10736.019441900713, -10437.034468843698, 1560.0], 9, 3, 3], "37": [[9936.046328641614, -13190.971656288619, 1323.3704636058635], [7474.383512379054, -11651.91920691555, 1560.0], 10, 2, 2], "38": [[23299.60891478514, -15029.582242812845, 2027.4017442971713], [22457.150750250046, -10933.231906976938, 1560.0], 13, 2, 2], "39": [[20933.24281338358, -8619.979842956523, 1738.9836310589944], [20368.44554989029, -8742.599083454486, 1560.0], 41, 3, 3], "4": [[-12186.022990904848, -9900.673373642847, 1560.0000267199403], [-11230.625370585654, -8992.853368148417, 1560.0], 3, 3, 2], "40": [[8604.415014127742, -14732.219227085601, 1318.022204713566], [5971.749691247059, -12765.48969594243, 1560.0], 4, 3, 3], "41": [[7780.603768262702, -17016.795027626533, 1318.167319474278], [4822.141827942034, -14092.270554611277, 1560.0], 4, 3, 3], "42": [[11624.018912256284, -19089.3356219968, 1433.9137079540237], [8140.198730294449, -15528.983962015127, 1560.0], 3, 3, 3], "43": [[12538.246204272713, -20738.3657053212, 1490.9928211252666], [8955.959439152384, -16645.88365570368, 1560.0], 8, 3, 3], "44": [[9253.695794188097, -21670.183942859247, 1612.6878162421137], [6772.245248945637, -17315.591994722454, 1560.0], 17, 3, 3], "45": [[11744.615555399592, -24354.077922145658, 1560.0000227579667], [7567.761767396808, -18235.562964665565, 1560.0], 0, 2, 2], "46": [[-352.97721287656464, -15317.398085753564, 1553.9716681686439], [-1402.0698051000568, -13061.388118185636, 1560.0], 47, 3, 3], "47": [[-10763.081321694923, -14346.726025169904, 1559.999922280754], [-10463.644441821938, -11736.017543111819, 1560.0], 0, 1, 1], "48": [[-7926.415096725642, -17119.39668994208, 1560.0005782019623], [-3755.3091818274156, -14495.868999388447, 1560.0], 0, 1, 1], "49": [[-9694.379406264668, -21673.612442362213, 1949.9999132485289], [-4846.6994793275, -13266.314613193388, 1950.0], 0, 1, 1], "5": [[-11014.484716670353, -8173.944482134566, 1560.0004373574654], [-10445.428718088271, -7763.492788035412, 1560.0], 4, 3, 2], "55": [[21799.675584029977, -8955.872361234937, 1674.6203896255026], [20368.44554989029, -8742.599083454486, 1560.0], 51, 3, 3], "56": [[-8297.391866630305, 21228.54288220016, 1750.0001904801804], [-8031.084266235645, 20688.13682317831, 1750.0], 0, 1, 1], "57": [[-8700.382309057384, 19466.456818597286, 1749.9999984800977], [-8474.251298806013, 19123.07765150904, 1750.0], 0, 1, 1], "58": [[6670.918887668472, 15093.845108723135, 1495.2198874959984], [4203.759489955229, 12039.766351195101, 1560.0], 47, 3, 3], "59": [[7662.219804094635, 17517.39602058935, 1454.7715592518907], [4792.932138066818, 13453.510819226833, 1560.0], 18, 2, 2], "6": [[-11875.634090501522, -7273.692772796656, 1559.9999155922956], [-11425.380464550632, -6972.707578824805, 1560.0], 2, 3, 2], "60": [[6566.9590796527655, 19379.40483202749, 1560.0004126136798], [0, 0, 1560], 0, 1, 1], "61": [[7647.10678100538, 21001.97573364099, 1560.0000059020745], [0, 0, 1560], 0, 1, 1], "62": [[7283.884806055785, 21101.731076541986, 1560.0000682079399], [0, 0, 1560], 0, 1, 1], "63": [[6813.678151567571, 21480.305409567325, 1559.9999607745244], [0, 0, 1560], 0, 1, 1], "64": [[5327.740304941474, 22114.173800449014, 1559.999547366252], [0, 0, 1560], 0, 1, 1], "7": [[-12634.865201655486, -7410.647668538834, 1539.6700797656206], [-12104.124753966315, -7020.776170079417, 1560.0], 10, 3, 2], "8": [[-13985.587521968251, -6466.898652148892, 1559.9992198763205], [-13410.610375418677, -6190.82954776786, 1560.0], 9, 3, 2], "9": [[-14710.15962053318, -6471.315517790767, 1560.000319954355], [-13974.828545616541, -6176.285134596115, 1560.0], 11, 3, 2]}