{"0": [[-9647.26488588984, -11424.29016909978, 1559.9990556051607], [-8940.208707035597, -10207.86034357886, 1560.0], 12, 3, 2], "1": [[-8306.983839045397, -14168.520127142934, 1398.371179356336], [-7741.548171922, -12323.740243243828, 1560.0], 44, 3, 2], "10": [[15332.202562055398, -13275.440862109603, 1560.0000377879592], [14008.472265290744, -12335.63537504288, 1560.0], 12, 3, 3], "11": [[16509.801129479296, -12541.642410792894, 1561.006240230029], [14436.034863499684, -11691.711960441155, 1560.0], 33, 3, 3], "12": [[19580.149095971738, -12836.842697902375, 1560.000072596359], [18884.757093615754, -12122.59579346821, 1560.0], 19, 3, 3], "13": [[18228.33758436973, -11820.226628711707, 1559.9998838273564], [17704.276355140948, -11392.070745457902, 1560.0], 45, 3, 3], "14": [[19637.264467457237, -11185.301537440913, 1575.3815362251246], [19047.780988468487, -10687.795631623236, 1560.0], 17, 3, 3], "15": [[11640.52302041693, -9970.031912640492, 1559.999764022852], [9145.018206300858, -9322.640238989436, 1560.0], 78, 3, 2], "16": [[6381.29471505273, -7970.646043164973, 1292.112294347376], [4597.160815194685, -7569.712918646498, 1560.0], 7, 3, 3], "17": [[6630.601381617678, -7728.106665682203, 700.2228678657958], [3016.940966161463, -6973.792631285232, 1560.0], 10, 3, 3], "18": [[12510.957423041536, -8907.777273278942, 1559.9999036918075], [9659.20937415998, -8250.269380756903, 1560.0], 118, 3, 3], "19": [[11897.178552011615, -8849.310799471878, 1559.999623878675], [12937.090856318842, -8582.269573703128, 1560.0], 110, 3, 2], "2": [[-5074.734462039693, -17046.595092334606, 1408.2739337539479], [-5298.648795304494, -13561.0720105803, 1560.0], 152, 3, 3], "20": [[14450.777101806942, -9065.197362929624, 1521.1487067922894], [14074.367809251977, -8877.186340891334, 1560.0], 27, 3, 3], "21": [[11256.340952155262, -6838.825233365947, 1142.6995756136723], [8429.301523502902, -6502.394389198573, 1560.0], 16, 3, 3], "22": [[15117.538655338956, -5131.19801727419, 1559.9998063217572], [14089.697349159933, -5016.313716399163, 1560.0], 4, 3, 2], "23": [[14653.286997669618, -2981.0813980188673, 1451.6259613543382], [13067.66135059132, -3132.3420965809073, 1560.0], 15, 3, 3], "24": [[-2379.9495114979413, -4534.394651068411, 1477.444505675786], [-2726.7106193452496, -4536.2131595919745, 1560.0], 9, 3, 3], "25": [[-3016.1511976375823, -5829.636379990704, 1476.6679452283245], [-3597.1274921600852, -5765.180978101504, 1560.0], 32, 3, 3], "26": [[15200.410522702427, -536.8625671662047, 1483.0895825342504], [14718.601728475243, -651.39724909003, 1560.0], 7, 3, 3], "27": [[14177.559132616556, 2653.982011649008, 1560.000167919434], [13973.610247180333, 2282.336410732148, 1560.0], 35, 3, 3], "28": [[13510.217392722772, 5520.650029536514, 1559.9997589464965], [12605.395012085906, 5104.767526064863, 1560.0], 4, 3, 2], "29": [[-2367.1812701524077, 1484.6190753332448, 1579.9999390127775], [-2387.679743242368, 1472.6656977804569, 1580.0], 7, 3, 3], "3": [[-5235.223325287343, -17754.254179871565, 1319.1170741177964], [-5270.4393377641745, -14090.572268840317, 1560.0], 45, 3, 2], "30": [[13774.23489898977, 7741.6696627946785, 1559.9999906092023], [13894.790226009882, 7478.779440971375, 1560.0], 20, 2, 2], "31": [[10402.098624333139, 8708.063933026193, 1560.0003826511258], [8896.590016691793, 7766.219956731172, 1560.0], 32, 3, 3], "32": [[11127.146191096823, 9455.214130159273, 1560.000390122839], [10572.988024546057, 8895.87761482066, 1560.0], 16, 3, 3], "33": [[9997.664345655152, 9357.202029009566, 1371.7744666822255], [9034.504861149291, 8315.515593924902, 1560.0], 41, 3, 3], "34": [[9269.463560058348, 9342.281838235302, 1670.0001661534764], [8156.119908657281, 8417.388559031864, 1670.0], 11, 3, 3], "35": [[8655.972149762223, 10165.218698663435, 1486.372992623576], [7092.897347540277, 8954.640784458357, 1560.0], 10, 3, 3], "36": [[9915.918036918547, 10583.203331632363, 1559.9994868671417], [9384.81894245153, 9749.163690074118, 1560.0], 38, 3, 3], "37": [[8067.465208187986, 11499.37058947048, 1559.9999726980154], [6965.946181731105, 10127.242447150029, 1560.0], 67, 3, 3], "38": [[7340.623251826976, 11935.133129935895, 1583.5975872242502], [5229.149932817454, 9970.110374986081, 1620.0], 36, 3, 3], "39": [[833.3117679324051, 4031.484730085018, 1419.069400878164], [-40.221782603447025, 3697.159991465063, 1560.0], 25, 3, 3], "4": [[12755.217111921918, -19722.21604322566, 1508.1429881067813], [9845.068484514659, -16274.788391600698, 1560.0], 9, 3, 3], "40": [[-2320.9059715585204, 4109.242672161555, 1600.0000151639283], [-2388.7337292512266, 3882.655591741373, 1600.0], 22, 3, 3], "41": [[6005.160033904044, 12804.777278992153, 1546.6341443658418], [4630.388381181925, 10927.29491709712, 1560.0], 23, 3, 3], "42": [[4015.8930211862357, 12669.478238921361, 1376.433427154712], [2407.595707224674, 10482.547007801819, 1560.0], 2, 3, 3], "43": [[2573.8849864749072, 10733.338703667643, 1327.9198002197911], [1048.042586666215, 9045.263059343777, 1560.0], 15, 3, 3], "44": [[1423.435411144527, 10248.432793835796, 1364.8315950654655], [496.66700923121414, 8806.64595894174, 1560.0], 3, 3, 3], "45": [[-38.195218118517616, 9801.175503583758, 1311.63844508459], [-1682.186710587115, 8060.301432440972, 1560.0], 36, 3, 3], "46": [[-5334.0362735940635, 5596.594401374542, 1421.0241138924798], [-5718.50323866363, 4986.702950844465, 1560.0], 14, 3, 3], "47": [[-5832.640379907239, 5642.273033275094, 1313.7912800890813], [-6291.232847168234, 4932.307556311935, 1560.0], 19, 3, 3], "48": [[-6893.039572264158, 7501.000166214949, 1304.1888104404825], [-7449.536866863022, 6171.501697090584, 1560.0], 26, 3, 3], "49": [[-6576.78109152345, 9135.903536811002, 1303.3661945447614], [-6989.562569151496, 7368.707790692982, 1560.0], 18, 3, 3], "5": [[13534.878298989996, -18614.821876035418, 1520.0031100784934], [10839.562041729465, -15798.767732527236, 1560.0], 8, 3, 3], "50": [[-5789.787200513016, 11240.533454210043, 1400.4412245692765], [-6077.639002811483, 8886.16150054122, 1560.0], 15, 3, 3], "51": [[-6295.354947020143, 12396.255109674563, 1413.94959809511], [-6316.0424040246035, 9514.968861101072, 1560.0], 24, 3, 3], "52": [[-6530.277600228777, 11968.020227484605, 1324.090330943139], [-6764.609404940283, 9053.48782484048, 1560.0], 53, 3, 3], "53": [[-9520.340193321927, 9023.316824367954, 1418.679757755543], [-9150.206394872615, 7188.900519599629, 1560.0], 43, 3, 3], "54": [[-12340.409631802962, 6817.183907612279, 1454.624592873184], [-11601.933578823775, 5524.282287733959, 1560.0], 107, 3, 3], "55": [[-11834.835567229038, 6152.379536019018, 1538.7449876513597], [-11161.76042175425, 5207.770643188773, 1560.0], 54, 3, 3], "56": [[-11063.61603801726, 6237.387190840779, 1542.8189748265554], [-10500.977262852392, 5320.777336732078, 1560.0], 19, 3, 3], "57": [[-10910.11137019265, 4975.3493601764685, 1367.238017252898], [-10776.398675811339, 4249.2259003245335, 1560.0], 9, 3, 2], "58": [[-10875.743488381404, 2919.549900470278, 1248.4638534506878], [-11074.971509644896, 2435.590161254032, 1560.0], 38, 3, 3], "59": [[-7941.163984084924, 1418.7531557541015, 1442.3486190023605], [-8278.11595941268, 1201.7961769046542, 1560.0], 38, 3, 3], "6": [[10894.227488567962, -16187.890055941687, 1583.8850809328985], [9962.342950101649, -14521.939549533723, 1560.0], 20, 3, 3], "60": [[-13384.170959964635, -8.205469650828615, 1310.5357295129686], [-13491.290698068293, -204.61131178471055, 1560.0], 45, 3, 3], "61": [[-12770.48179456709, -2060.290627160561, 1490.9520786921544], [-12828.477200823943, -2137.231986159878, 1560.0], 77, 3, 3], "62": [[-12060.313355622939, -2196.7575070579896, 1415.4788254761258], [-12203.888595683995, -2244.561407173481, 1560.0], 41, 3, 3], "63": [[-12766.257071762393, -3289.6685033421645, 1486.436151672815], [-12726.357464512024, -3270.6778679459876, 1560.0], 20, 3, 2], "64": [[-12111.490632018154, -3323.8724071254946, 1512.398416083366], [-12082.781818106409, -3286.699933807999, 1560.0], 11, 3, 2],