{"0": [[-6522.648239176541, 12080.382132809873, 1304.9091670507507], [-6610.0673364729855, 9239.023549914615, 1560.0], 17, 3, 3], "1": [[-6272.163605593075, 11015.904371552831, 1022.586203971937], [-7043.481424223817, 8262.03354879019, 1560.0], 17, 3, 3], "10": [[-14480.687617662941, 4961.554564467162, 1559.9998518041534], [-13292.340775445335, 4201.846220487848, 1560.0], 0, 2, 1], "11": [[-9982.515526484973, 5362.955308503853, 1512.9476484749018], [-9722.544599858787, 4711.69081448772, 1560.0], 27, 3, 3], "12": [[-5386.025770273912, 8194.215781722565, 1505.1530758932092], [-5472.048241972838, 7138.109485590487, 1560.0], 6, 3, 3], "13": [[-3519.9746711422476, 6926.301075059133, 1560.000125635117], [-3534.848629960285, 6377.433236857929, 1560.0], 19, 3, 3], "14": [[-2281.572136526838, 5814.612935713801, 1443.064271905935], [-2818.8221566631355, 5235.440299253295, 1560.0], 5, 3, 3], "15": [[-1502.5130514580867, 5532.879620130742, 1449.4690101096855], [-1833.4407610022317, 5086.313975411931, 1560.0], 11, 3, 3], "16": [[1133.7516818785489, 7451.383210532609, 1420.4021167750675], [56.038095454432764, 6579.50196547794, 1560.0], 5, 3, 3], "17": [[-9643.425459240185, 2199.9182112635262, 1523.2807251874], [-9716.477768141765, 1958.7113471030632, 1560.0], 41, 3, 3], "18": [[-7517.975309631688, -2131.884491494033, 1385.4959151517373], [-8184.626949815365, -2225.8851522045265, 1560.0], 103, 3, 3], "19": [[-9139.4249337088, -2757.752477670266, 1268.365219816153], [-9857.550755496912, -2828.76126266736, 1560.0], 119, 3, 3], "2": [[-8534.475288218982, 8385.8206530896, 1413.1408876053176], [-8375.631200235071, 6913.581187847398, 1560.0], 16, 3, 3], "20": [[-11376.307817236873, -2860.758826718342, 1397.0063864635242], [-11622.915927002452, -2845.455148113737, 1560.0], 18, 3, 2], "21": [[-13228.638557191427, -1047.4147615664656, 1390.750739793765], [-13259.688420879564, -1116.509576434336, 1560.0], 11, 3, 2], "22": [[-11311.262538674793, -7868.948106855615, 1560.0001008318968], [-10760.423869659711, -7499.2818253476025, 1560.0], 13, 3, 2], "23": [[-13646.121867808391, -6816.529068976291, 1390.635280619302], [-13254.039158524934, -6396.357151244819, 1560.0], 12, 3, 2], "24": [[-13946.539166329238, -8695.731545751172, 1559.9999560241592], [-12929.816137540547, -7990.360923425348, 1560.0], 4, 3, 2], "25": [[-15775.820198427546, -7972.506183987222, 1560.0001061338412], [-14473.94973003622, -7295.71755178976, 1560.0], 3, 3, 2], "26": [[-11943.771375126256, -11485.541503360477, 1746.396939970384], [-10506.640426823089, -10208.419048192829, 1610.0], 11, 3, 2], "27": [[-9655.44955371357, -13165.694572192828, 1501.0589646975452], [-8899.238721679929, -11173.631788521745, 1560.0], 12, 3, 2], "28": [[-11339.04921400667, -13315.882722891358, 1724.499066910168], [-9615.816158980237, -11381.278371309052, 1560.0], 11, 3, 2], "29": [[-11832.541805932155, -13333.067110597001, 1710.3280018334717], [-10048.99692377006, -11290.863987777415, 1580.0], 11, 3, 2], "3": [[-9987.81637437487, 7236.722152312661, 1459.5306670015336], [-9550.361827410246, 6083.674923095824, 1560.0], 34, 3, 3], "30": [[-10467.917797964878, -15197.853245350649, 1684.7667767421922], [-8664.791118935764, -12428.65411318793, 1560.0], 27, 2, 2], "31": [[-10892.08519457767, -15231.894635465173, 1632.105550052856], [-9127.25917193473, -12255.389396967797, 1570.0], 22, 2, 2], "32": [[-11334.892600922396, -16602.857059152197, 1620.0000083767316], [-9223.10003061898, -12434.293674089975, 1620.0], 0, 1, 1], "33": [[-7672.894883949361, -18086.100759060624, 1412.4553069784104], [-6961.9396132953325, -13599.557404403517, 1560.0], 37, 2, 2], "34": [[-6176.248267060414, -16577.523107461184, 1147.6226431181162], [-6520.993685308913, -13192.929819474766, 1560.0], 15, 3, 2], "35": [[-10915.981012890823, -16945.515193941636, 1640.0000583135563], [-8659.798218444135, -12930.467316398443, 1640.0], 0, 1, 1], "36": [[-11075.79735371714, -17423.87982033067, 1739.9999944261601], [-5611.360723773313, -11655.65358489281, 1740.0], 0, 1, 1], "37": [[-172.17343930877112, -15427.542455874993, 1579.3977016902825], [-770.9781873139631, -13397.89753414848, 1560.0], 54, 3, 3], "38": [[-5009.219881352233, -16974.32335484439, 1428.7487515201826], [-5120.347322798614, -13480.296989096296, 1560.0], 15, 2, 2], "39": [[-3157.3620812079307, -8351.917437892924, 1408.0987914028942], [-3681.049981369837, -7971.080925115073, 1560.0], 35, 3, 3], "4": [[-8963.483160731672, 9305.094815192122, 1306.5159016466137], [-8865.113965444045, 7286.032210006201, 1560.0], 35, 3, 3], "40": [[-923.6137272914551, -10137.766989435002, 1425.1932127090633], [-1910.267972912279, -9366.10180392834, 1560.0], 42, 3, 3], "41": [[-228.44736217971354, -10491.859175295445, 1365.8917053948842], [-1044.6330539570042, -9689.744214279406, 1560.0], 25, 3, 3], "42": [[3769.4459376116806, -16781.84314151409, 1247.014084544549], [1372.3274868624067, -13757.060562383114, 1560.0], 5, 3, 3], "43": [[3907.712870346287, -15722.164256113698, 1414.277597079151], [2190.0884395555613, -13401.592948032738, 1560.0], 6, 3, 3], "44": [[5088.580261085133, -15702.779202557651, 1182.9493408017072], [2635.843948727826, -13180.46098916925, 1560.0], 5, 3, 3], "45": [[5768.490759100684, -15392.167778840081, 1479.8942896749022], [4374.97544943927, -13418.41072905442, 1560.0], 8, 3, 3], "46": [[288.6159431809275, -18121.90790778442, 1560.0000501353445], [-328.63187301005047, -14870.38225867378, 1560.0], 5, 2, 2], "47": [[9856.87369442633, -13358.575547542372, 1429.2171632664895], [8244.298857574795, -12044.722696453016, 1560.0], 16, 2, 2], "48": [[8864.175240487013, -19838.731308140257, 1477.396788691868], [5862.872004866952, -15938.942856709886, 1560.0], 4, 3, 3], "49": [[9342.277943645102, -19839.554507916087, 1156.7300873121212], [5618.494202802854, -15624.107642635594, 1560.0], 4, 3, 3], "5": [[-10260.789095785123, 9251.381364761899, 1502.3294401481226], [-9422.945423887752, 7467.2490379809315, 1560.0], 16, 3, 3], "50": [[8599.92826385822, -21702.646339425723, 1560.0001136470948], [5967.004695500262, -17078.710723521093, 1560.0], 1, 3, 3], "51": [[12644.659713217066, -22998.958048858236, 1560.0000201170124], [8568.887086594172, -17775.629109894715, 1560.0], 2, 3, 3], "52": [[11804.187550876195, -23366.46998589815, 1559.9996944497545], [7883.019561408217, -17896.839305581874, 1560.0], 2, 2, 2], "53": [[10646.734503920901, -23888.534422735334, 1560.000191899391], [7098.891997132953, -18146.61752841835, 1560.0], 17, 2, 2], "54": [[24735.701550030455, -24773.949199655268, 1750.0000031550017], [14346.485731684408, -11275.039992047521, 1750.0], 0, 2, 1], "55": [[14987.600739045567, -10875.260742579243, 1422.6706600524649], [13338.299056580252, -10162.996919650937, 1560.0], 30, 3, 3], "56": [[14804.17130498593, -9850.66926703068, 1287.205719325057], [12566.27503257382, -9269.200529273652, 1560.0], 19, 3, 3], "57": [[18593.634328033597, -10672.038887820185, 1560.0000565855223], [17698.256713261562, -10196.57963570806, 1560.0], 7, 3, 2], "58": [[17007.52755424513, -12846.246568490602, 1480.0307412274717], [15704.794131829238, -11986.510605048874, 1560.0], 35, 3, 3], "59": [[12144.580794853813, -8503.927936492662, 1386.1214065373028], [10749.594540343125, -8228.792576235908, 1560.0], 23, 3, 3], "6": [[-11401.584968340821, 8441.941984938834, 1611.7046956760676], [-10294.342397996481, 6922.141954575493, 1600.0], 53, 3, 3], "60": [[15244.110586635032, -5801.155481207926, 1556.9508075851645], [15699.026102412094, -5844.543707793357, 1560.0], 28, 3, 3], "61": [[12685.324897824878, -5860.0230715039315, 1404.5858428040917], [11921.496425290632, -5742.134541661383, 1560.0], 24, 3, 3], "62": [[13168.02598089177, -2284.17422118205, 1559.9999029795947], [13404.150861331624, -2331.467431181012, 1560.0], 14, 3, 3], "63": [[9714.394397589338, -5008.293702740936, 1560.0015034835687], [10027.633548553966, -5053.917034388325, 1560.0], 24, 3, 3],