{"0": [[-7921.674188618308, -17783.691061348076, 1559.9996605952717], [-7017.656969041374, -14017.860586133436, 1560.0], 0, 1, 1], "1": [[-9626.372881564492, -16461.08745331656, 1560.000020237376], [-8203.10827586037, -12869.382710980068, 1560.0], 1, 2, 2], "10": [[-15067.882389961329, 6551.65773165094, 1318.8388829282133], [-13592.87847624038, 4979.712228002788, 1560.0], 22, 2, 2], "11": [[-14134.345958970367, 5380.250125292375, 1245.8984732100398], [-13336.416713192924, 4203.244968004372, 1560.0], 45, 2, 2], "12": [[-13200.752760682559, 5928.869033048818, 1152.17046835948], [-12690.425837051547, 4569.99954233058, 1560.0], 47, 2, 2], "13": [[-12996.264482249378, 6454.484045405613, 1273.6175436847423], [-12329.560755462351, 5037.66965625526, 1560.0], 48, 2, 2], "14": [[-11387.471685618146, 5720.050946786842, 1540.4276192790658], [-10789.636729534925, 4974.519120372004, 1560.0], 11, 3, 2], "15": [[-8495.6050214072, 8443.168603738946, 1348.0020061764765], [-8375.631200235071, 6913.581187847398, 1560.0], 30, 3, 3], "16": [[-7886.331052019001, 10457.036650993274, 1407.1316814824145], [-7694.942031695388, 8254.709571799867, 1560.0], 13, 3, 3], "17": [[-218.56619610010253, 10157.327895672946, 1560.0000432699337], [-656.2328630541002, 8926.032394815073, 1560.0], 14, 3, 3], "18": [[7420.239391524455, -24415.833281159696, 1560.000312864335], [4330.62878205465, -17936.663561347967, 1560.0], 2, 2, 2], "19": [[11737.257135142281, -25581.608199351045, 1559.9999552566298], [7170.162969820057, -18642.941579573137, 1560.0], 4, 2, 2], "2": [[-9547.077574830797, -16026.36818172088, 1560.0000746311748], [-8098.255641142983, -12783.674441161758, 1560.0], 46, 2, 2], "20": [[8160.808834906246, -18600.512154807933, 1424.628387985029], [5411.200539287723, -15255.453268451456, 1560.0], 8, 3, 3], "21": [[9036.97115052185, -17907.807278627613, 1559.9997760226688], [6892.138963681533, -15119.39549409557, 1560.0], 15, 3, 3], "22": [[11412.72795408244, -17068.11394974697, 1444.0216846852215], [8768.607154369156, -14621.478651753558, 1560.0], 17, 3, 3], "23": [[11308.402403978505, -16915.12479162809, 1440.524261241905], [8423.796756987183, -14332.37749336407, 1560.0], 4, 3, 3], "24": [[13225.591766292488, -15318.292462406303, 1307.439889261866], [10662.175852476917, -13483.579932914989, 1560.0], 19, 3, 3], "25": [[9951.498731291305, -13265.178539792993, 1374.8932145691035], [7855.280216856073, -11846.28166262304, 1560.0], 9, 2, 2], "26": [[14328.435136703582, -12684.31647948521, 1560.0003412469823], [13652.85641844026, -11826.49852573003, 1560.0], 10, 2, 2], "27": [[15070.47505133663, -11274.495818366175, 1570.0002487391419], [14937.53575715255, -10816.368742563467, 1570.0], 11, 2, 2], "28": [[13690.281431120206, -11945.570651218604, 1559.9998828983128], [13299.169965373514, -11322.33797413195, 1560.0], 21, 2, 2], "29": [[13062.206903566474, -10753.454821946834, 1559.9999030767415], [11502.521107130577, -10101.095634168734, 1560.0], 3, 3, 3], "3": [[-7633.819257999158, -14868.016035215474, 1274.3819108724917], [-7415.758414041323, -12482.439788155905, 1560.0], 28, 3, 2], "30": [[12563.85254275822, -11205.450794715369, 1560.0002246231252], [12329.689970696983, -10790.984199541484, 1560.0], 32, 3, 3], "31": [[12044.05091671, -10945.70990224819, 1463.4332813158687], [10327.065292479774, -10150.507298985698, 1560.0], 7, 3, 3], "32": [[13756.02148805141, -10101.544552197833, 1488.0940367600494], [11957.34294068635, -9263.378844331008, 1560.0], 23, 3, 3], "33": [[12138.638516230527, -9169.047687584172, 1386.4213806515336], [10017.613492166045, -8609.069545960327, 1560.0], 17, 3, 3], "34": [[16428.52308023188, -79.67998422180987, 1465.1825114827411], [17548.671866236742, 108.0419035869695, 1600.0], 127, 2, 2], "35": [[15117.480657434238, 636.5188303004401, 1496.2214444065407], [15946.797920118841, 767.1391074172453, 1560.0], 110, 2, 2], "36": [[15182.709332207833, 1107.3015850549339, 1560.0002181500777], [14749.994339551724, 1040.6137067347463, 1560.0], 21, 3, 2], "37": [[13047.973163743554, 2052.457858253986, 1390.9204618870715], [11681.475865466096, 2238.6665423376467, 1560.0], 103, 3, 3], "38": [[15467.264279649882, 8684.052514657074, 1559.9996762001995], [16036.148697736311, 8505.576932520162, 1560.0], 93, 2, 2], "39": [[12314.393572674706, 8418.215498911002, 1559.9998553384478], [12404.584216764482, 8122.683362727653, 1560.0], 68, 2, 2], "4": [[-11764.08414030831, -7974.384620070842, 1559.9999775273118], [-11149.101262048742, -7593.698408878991, 1560.0], 5, 3, 2], "40": [[10803.068654955194, 8688.57271099583, 1559.9999685891785], [9822.724061632407, 7829.438862723768, 1560.0], 17, 3, 3], "41": [[14123.123899587472, 10078.903941998042, 1448.6948363687973], [11530.575027802503, 8757.812337499558, 1560.0], 24, 2, 2], "42": [[10231.060419451951, 8868.01999476907, 1560.0001875679686], [9438.755272457302, 8131.590889926264, 1560.0], 20, 3, 3], "43": [[7040.22471462925, 9698.304969159466, 1374.6230011747202], [5464.419110804506, 8389.320594077832, 1560.0], 16, 3, 3], "44": [[7646.539187097465, 11188.602913914785, 1486.080455788321], [6097.266035191043, 9612.128434130547, 1560.0], 18, 3, 3], "45": [[6563.671794124928, 10889.188681461683, 1370.0551950306606], [4977.565990352052, 9362.015190300323, 1560.0], 7, 3, 3], "46": [[7191.453726857647, 15666.995406774837, 2040.3180507810264], [4154.929939968126, 13479.700102051233, 1650.0], 98, 3, 2], "47": [[7913.097679709204, -18117.254759989486, 757.6095515815074], [3938.858311763383, -14235.842830520069, 1560.0], 30, 3, 3], "48": [[-10187.97013098958, -15997.360936604473, 1559.9997471598278], [-4458.829492353737, -13082.703250337292, 1560.0], 0, 1, 1], "49": [[-10179.779778038801, -17765.15491320083, 1590.0002545920788], [-5136.195115338627, -12305.179071450908, 1590.0], 0, 1, 1], "5": [[-11245.161826571093, -7033.87214487555, 1499.8477486972781], [-11041.238721780468, -6712.31412609931, 1560.0], 14, 3, 2], "50": [[-8129.516399192303, -21424.117142317355, 1629.9999956907327], [-3091.835894394944, -15360.719592903275, 1630.0], 0, 1, 1], "51": [[-8177.420466366259, -20849.15788376078, 1559.9997989178376], [-3320.253690661638, -15142.505958062304, 1560.0], 0, 1, 1], "52": [[-14506.763855165014, 6317.186783778592, 1750.000161202719], [-10276.843453677453, 6379.919064756757, 1750.0], 0, 1, 1], "53": [[-10490.447817635788, 13142.021354918115, 1560.0002487997767], [-7902.384425967501, 11966.941271871026, 1560.0], 11, 2, 2], "54": [[-8603.243492387732, 16052.69380529431, 1559.9999923663206], [-6785.262516727094, 15072.215883768633, 1560.0], 3, 2, 2], "55": [[10964.70598719115, 9353.862697732537, 1467.3124114108773], [9007.053818559496, 8205.537785793955, 1560.0], 19, 3, 3], "56": [[6966.20440609552, 17588.551261865727, 1570.0587279724282], [5255.403161432676, 14175.188661799475, 1560.0], 7, 2, 2], "57": [[8091.178153619355, 20816.712812703063, 1560.00006588854], [5514.977976686472, 15646.26720725893, 1560.0], 0, 1, 1], "58": [[7189.416790713254, 21140.91153516239, 1560.0000398481643], [4534.764724616445, 15588.864518872828, 1560.0], 0, 1, 1], "59": [[6968.419266086971, 21377.09734457129, 1559.9995633412345], [4218.488266404737, 15542.287817291144, 1560.0], 0, 1, 1], "6": [[-12632.08483072688, -7680.331847745034, 1559.9998009719613], [-11976.89479881723, -7295.359046051497, 1560.0], 2, 3, 2], "7": [[-12869.61143012753, -7086.891335844169, 1560.000011465508], [-12291.345457723966, -6789.049318416129, 1560.0], 45, 3, 2], "8": [[-13758.866244377572, -6107.29023117115, 1559.9999156344902], [-13260.72144802086, -5882.6056535975495, 1560.0], 1, 3, 2], "9": [[-14889.614462865742, -6435.61257141533, 1559.9999882542795], [-14149.068287663547, -6134.882877193693, 1560.0], 8, 3, 2]}