{"0": [[-8357.963948174482, 13252.082117797085, 1533.8953024681464], [-7646.192833034332, 9778.213456196907, 1560.0], 29, 3, 2], "1": [[-10621.668866073836, 10598.370463653824, 1433.4339912524547], [-9755.673692856702, 8002.347145845082, 1560.0], 100, 3, 2], "10": [[-7408.039932918547, 8292.394293652658, 1207.3014246306443], [-7916.548874387058, 6635.944922701248, 1560.0], 82, 3, 3], "11": [[-6965.642918002286, 6730.407746529367, 1270.535100079336], [-7681.363344474685, 5527.9028297165605, 1560.0], 70, 3, 3], "12": [[-10767.3271250441, 3779.0971189382585, 1256.567220796537], [-10959.756702070958, 3170.70803438826, 1560.0], 58, 3, 3], "13": [[-11598.653473494534, 3362.2568271098976, 1428.6225441986653], [-11433.489990363567, 2938.5696760405253, 1560.0], 12, 3, 2], "14": [[-13306.079529638388, -6145.266925971861, 1309.4934531155486], [-13208.231357167406, -5807.279278064116, 1560.0], 16, 3, 2], "15": [[-13667.736055878982, -7421.878861371847, 1560.0001226610655], [-12923.060234712175, -7027.151941585804, 1560.0], 9, 3, 2], "16": [[-11813.984313758181, -8316.318367659993, 1560.0002690845017], [-11155.2383932022, -7861.510216468067, 1560.0], 2, 3, 2], "17": [[1291.5218529961799, -15146.147309140972, 1493.3185109222431], [688.7495319982272, -13227.356066416756, 1560.0], 36, 3, 3], "18": [[7488.884812292481, -18512.605348254274, 1441.4291641521252], [4996.706542295792, -15222.230597197424, 1560.0], 17, 3, 3], "19": [[8216.440454399066, -15729.620419887162, 1202.787365594851], [4908.238934831781, -13170.63254792509, 1560.0], 6, 3, 3], "2": [[-10120.072558410258, 9426.806414892155, 1346.5150307854333], [-9711.940864558745, 7242.88722919267, 1560.0], 45, 3, 3], "20": [[11207.458758330036, -15169.344567907934, 1559.9999649171957], [9461.526657214958, -13561.746217358781, 1560.0], 4, 3, 3], "21": [[10622.396439782031, -16567.18864245773, 1586.8148305065], [9307.056980720516, -14642.366080224021, 1560.0], 18, 3, 3], "22": [[9927.301545350925, -17331.129058462677, 1559.9996139188781], [8073.00000809829, -14862.932237431734, 1560.0], 15, 3, 3], "23": [[9455.951951926205, -20243.169885407915, 1559.999891363999], [6930.73707963743, -16470.6652256942, 1560.0], 2, 3, 3], "24": [[12683.572702190993, -13511.290824963544, 1581.6971082835648], [12451.794130268596, -12649.759863871246, 1560.0], 45, 3, 3], "25": [[14200.333076423349, -12847.996878720456, 1559.999595840355], [12287.561758012773, -11903.318242385294, 1560.0], 72, 3, 3], "26": [[12365.734221892948, -11486.243438181142, 1385.1351949908458], [11152.738470706243, -10729.057763993227, 1560.0], 40, 3, 3], "27": [[14637.5586732924, -9559.692937001924, 1323.6107885516108], [12671.886638251059, -9075.102938530252, 1560.0], 26, 3, 3], "28": [[15608.210743163872, -9490.12159796121, 1421.3582423923676], [13360.154176127688, -8978.17191040665, 1560.0], 10, 3, 3], "29": [[12700.37946930349, -8339.977834974266, 1300.0896065062425], [10842.25731566062, -8038.731955923509, 1560.0], 59, 3, 3], "3": [[-11591.545503259495, 8150.408062338097, 1531.8542486033166], [-10659.813082757142, 6590.012626554252, 1560.0], 67, 3, 3], "30": [[18056.389701043052, -10768.744183209225, 1559.999991788046], [16225.91170894481, -10046.956244364897, 1560.0], 57, 3, 3], "31": [[11590.332697599199, -445.2331335834087, 1424.52537446588], [11236.658869907878, -577.0732165239942, 1560.0], 41, 3, 3], "32": [[4713.258314592213, 5443.700943844944, 1504.2106740162824], [4000.3451248018077, 5013.008751488026, 1560.0], 5, 3, 3], "33": [[832.0059384266513, 10228.464267263877, 1370.7186779898693], [12.956676343967786, 8810.179149845326, 1560.0], 17, 3, 3], "34": [[5376.222149451992, 11810.8616721599, 1303.7827778400615], [4863.600329764773, 10436.845963156324, 1560.0], 69, 3, 3], "35": [[6853.713396470123, 9941.249907684783, 1505.74979942117], [6348.158834783455, 9065.314984611134, 1560.0], 14, 3, 3], "36": [[9203.784267847583, 10257.654405957424, 1626.6938338707537], [7948.025025081906, 9154.033100552188, 1560.0], 69, 3, 3], "37": [[9399.819699336002, 9381.664206366779, 1560.0000258955854], [8639.011069851635, 8494.274490583268, 1560.0], 41, 3, 3], "38": [[9829.925631733708, 9207.069969117652, 1680.339592056069], [9150.439372218423, 8536.794469961127, 1650.0], 7, 3, 3], "39": [[10639.592568500324, 9044.814078012447, 1566.6089866535513], [8979.535827012616, 8095.616709398175, 1560.0], 27, 3, 3], "4": [[-11766.52129744279, 7802.273289613776, 1152.8824677775299], [-11329.465593615545, 5924.890397043899, 1560.0], 41, 2, 2], "40": [[11543.352281214466, -22534.782926721273, 1559.9999983133807], [7755.6273690968765, -17410.748926697677, 1560.0], 1, 3, 3], "41": [[18854.720130301226, -13909.96365003682, 1428.6675935273583], [16095.206794484873, -12525.30908345403, 1560.0], 12, 3, 3], "42": [[19385.40641144241, -12512.716901498157, 1307.0771792267242], [18287.876654685868, -11753.137374720476, 1560.0], 83, 3, 3], "43": [[14195.65722540472, 6545.271201480172, 1650.000422147298], [13649.606653324816, 6233.068897537633, 1650.0], 0, 2, 2], "44": [[13814.30945537288, 7908.379889955096, 1559.9998481555156], [12713.25509999914, 7298.9111289039165, 1560.0], 1, 2, 2], "45": [[13675.00861353545, 8529.612180676755, 1559.9997108117198], [12889.6766140985, 7914.456210254995, 1560.0], 3, 2, 2], "46": [[12936.117911374527, 9063.983484867738, 1559.9992829593475], [12505.70800882392, 8488.271962886398, 1560.0], 7, 2, 2], "47": [[16464.41604379722, 10164.518320742798, 1949.9997122492935], [15527.746477610242, 9392.443681403034, 1950.0], 2, 2, 2], "48": [[15323.675846961643, 7938.3320179036855, 1599.9999857980415], [14887.36271836413, 7477.568140488752, 1600.0], 1, 2, 2], "49": [[16084.578657081589, 7780.039279965758, 1559.999559198132], [15029.992967964352, 7277.088531781044, 1560.0], 2, 2, 2], "5": [[-13978.451189714324, 5907.385209163703, 1383.394717029632], [-12943.763445679195, 4736.873336957295, 1560.0], 8, 2, 2], "50": [[16244.785888657307, 7372.811101137169, 1560.0003181984598], [15537.374337945776, 6906.301523886379, 1560.0], 0, 2, 2], "51": [[-8503.592999378256, 23003.74002704896, 1750.00009793072], [-8075.347420037506, 22001.320283222878, 1750.0], 0, 1, 1], "52": [[-8197.250248194436, 22204.703150145084, 1749.9998211674783], [-7896.914078741754, 21464.186729085533, 1750.0], 0, 1, 1], "53": [[-8900.549449825035, 21803.769014196016, 1750.0001183309648], [-8509.480729097879, 21036.70801367008, 1750.0], 0, 1, 1], "54": [[-9623.036337803722, 21873.65283561403, 1750.0001511141677], [-9050.02082969225, 20947.63167718518, 1750.0], 0, 1, 1], "55": [[-9000.095644615687, 20027.04027220878, 1749.9999689805888], [-8706.852091114262, 19552.268388858643, 1750.0], 0, 1, 1], "56": [[-8153.186882536992, 19384.608006376446, 1749.9998925556442], [-7992.477503208738, 19109.43826452345, 1750.0], 0, 1, 1], "57": [[-9208.735130872385, 18490.271709015204, 1750.0000433889452], [-8926.402195999413, 18166.529212722904, 1750.0], 0, 1, 1], "58": [[-9490.879449448092, 15773.863575962725, 1750.0001427588982], [-9241.35416897286, 15641.889928252494, 1750.0], 0, 1, 1], "59": [[-10069.446751813606, -16095.985859853101, 1560.0001534580028], [-4996.8385913335815, -12485.414112723882, 1560.0], 0, 1, 1], "6": [[-13678.56859477229, 6566.902686537422, 1151.4785748847498], [-12888.469964248172, 4971.799894227664, 1560.0], 18, 2, 2], "60": [[-10675.526434470703, -17694.130901891716, 1630.000015216665], [-5512.859959219245, -11844.958143449692, 1630.0], 0, 1, 1], "61": [[-11545.972333463973, -17171.309846319746, 1559.9997700568115], [-5798.520156715965, -11553.670140417558, 1560.0], 0, 1, 1], "62": [[-12934.372414667945, -17797.67874615931, 1570.0000645840057], [-6178.364267465761, -11287.630741301711, 1570.0], 0, 1, 1], "63": [[-11704.08502312037, -19608.06452112116, 1589.9999593941761], [-5067.230041708657, -12935.196535134026, 1590.0], 0, 1, 1], "64": [[-9625.697381207265, -19275.34989961821, 1560.0000966481825], [-3862.8909399017452, -14560.264152635378, 1560.0], 0, 1, 1],