{"0": [[8234.675120812328, -17740.689208011587, 1543.7449346398996], [5698.011740674816, -14797.537957538108, 1560.0], 10, 3, 3], "1": [[9509.028042660311, -21876.441919949633, 1560.0000896924996], [6813.535098883269, -17265.68614295062, 1560.0], 6, 3, 3], "10": [[12179.944101025505, -14888.73831968922, 1555.2530460710875], [9744.227555851678, -13112.179286656472, 1560.0], 9, 3, 3], "11": [[10040.981581695045, -13050.216183031906, 1377.8807860133506], [8412.523129849118, -11737.569128153293, 1560.0], 27, 2, 2], "12": [[18656.985700201858, -11340.783048670079, 1616.5077735897514], [18666.17629542603, -11227.71256434301, 1560.0], 57, 3, 3], "13": [[17359.90833901025, -10355.565476798984, 1561.1973258985583], [16160.302409362785, -10150.757583244364, 1560.0], 40, 3, 3], "14": [[16379.811119634787, -12457.354506514235, 1559.9998821083047], [15964.070269136, -10459.070901297056, 1560.0], 0, 3, 2], "15": [[15741.955651841581, -10692.246160045968, 1132.2163150121262], [12303.465622056448, -9746.85611986723, 1560.0], 30, 3, 3], "16": [[15558.105177467767, -10355.051498505281, 1554.1871555086007], [14167.306772631224, -9889.817925439917, 1560.0], 11, 3, 3], "17": [[16614.720531758827, -8910.280479682275, 1412.7568572446276], [14360.824150374476, -8361.98876599663, 1560.0], 5, 3, 3], "18": [[13650.401148521625, -12132.82890684388, 1559.9995525589552], [13282.230274745687, -10258.69689957972, 1560.0], 2, 3, 2], "19": [[14097.698215853849, -11950.359842210157, 1559.9998541102543], [14108.823292623936, -9988.61181512327, 1560.0], 16, 3, 2], "2": [[11390.427316988667, -25181.051132815384, 1559.9999902576128], [7213.911752689441, -18599.22528951602, 1560.0], 4, 2, 2], "20": [[12601.392575783837, -10958.304557501866, 1493.0421453179404], [10327.065292479774, -10150.507298985698, 1560.0], 15, 3, 3], "21": [[14509.468788900289, -9497.196977348474, 1500.6147195280957], [13903.359686761769, -9180.794370799673, 1560.0], 25, 3, 3], "22": [[12457.214958308496, 1283.1965158137384, 1746.897347977061], [13402.727154435439, 1274.5335028308107, 1600.0], 12, 3, 3], "23": [[13828.680131792133, 2118.92843667208, 1560.0000254496815], [15653.216551188916, 3469.836867778677, 1560.0], 17, 3, 2], "24": [[15891.028051359912, 6111.003719050797, 1659.9995084207096], [15265.139805913432, 5729.846395036891, 1660.0], 0, 2, 2], "25": [[13658.329601370438, 7765.928956109639, 1580.0006028076875], [13170.529762496248, 7295.206084175656, 1580.0], 2, 2, 2], "26": [[15386.095512791466, 7219.093788062498, 1699.9999799405794], [15467.239980206097, 6989.629116138533, 1700.0], 5, 2, 2], "27": [[14438.845315042967, 7658.112775222634, 1580.000050120046], [13711.278500679393, 7195.760830794162, 1580.0], 1, 2, 2], "28": [[14115.377708405975, 9264.390812659785, 1749.9998709401414], [12653.555207914162, 8381.299085210432, 1750.0], 1, 2, 2], "29": [[12324.01895674704, 7651.292887140821, 1560.0000025133056], [11018.368788249565, 6872.195276951528, 1560.0], 8, 3, 3], "3": [[10628.244821266697, -24882.135413173954, 1559.9992745881723], [6084.786983553828, -18106.968492945816, 1560.0], 9, 2, 2], "30": [[10650.894028527155, 9932.968473037758, 1769.9999283922086], [9682.86938168393, 9091.175347294109, 1770.0], 0, 2, 2], "31": [[9393.358067598941, 10499.646919632585, 1544.2711907249204], [7972.773667929141, 9259.803029571203, 1560.0], 10, 3, 3], "32": [[9457.753788997827, 11249.960125297295, 1631.354266666579], [7983.284240733853, 9838.367383832316, 1590.0], 68, 3, 3], "33": [[8055.528972300608, 12368.951910990496, 1581.1417339019108], [5027.122851987152, 9983.937849142274, 1950.0], 9, 3, 2], "34": [[7066.919197900719, 11528.388788602533, 1339.0720523264752], [4688.044174101963, 9594.842118128126, 1560.0], 10, 3, 3], "35": [[6259.0392772466985, 13793.09804044837, 1409.3345166414465], [3686.938564383867, 10993.768228420635, 1560.0], 32, 3, 3], "36": [[-10282.227657049594, 8739.684601064122, 1487.4926196149493], [-9594.045190992905, 7062.949208846317, 1560.0], 33, 3, 3], "37": [[-10119.621900260652, 7615.228251365535, 1503.9851345329766], [-9667.73414326361, 6332.996626247818, 1560.0], 50, 3, 3], "38": [[-11478.086998806757, 6543.5995257906425, 1325.4121343554814], [-11153.575506409978, 5247.992643073845, 1560.0], 64, 3, 3], "39": [[-12782.641691663935, 7193.219287938418, 1536.95298084189], [-11637.52481948507, 5884.809184107134, 1560.0], 9, 2, 2], "4": [[11494.548571120175, -30487.589099899822, 1560.000176833782], [6458.336947901784, -20245.50504176452, 1560.0], 23, 2, 2], "40": [[-12858.669776203371, 6844.955752224365, 1496.6285452232275], [-11839.904758970702, 5563.552136554269, 1570.0], 55, 2, 2], "41": [[-12358.30101889425, 5810.88538997278, 1477.9007844183234], [-11678.530183339395, 4876.692072962703, 1560.0], 59, 3, 3], "42": [[-13267.170342131038, 5889.3340708740625, 1473.8288834768382], [-12369.149285109324, 4858.581925538706, 1560.0], 54, 2, 2], "43": [[-8153.116364869742, 13564.904153061801, 1516.9208104210318], [-7401.085772628574, 9990.009653976176, 1560.0], 6, 3, 2], "44": [[-9486.555039487122, 14354.73895686798, 1560.0001547325928], [-7071.692959882103, 12182.437459365561, 1560.0], 9, 2, 2], "45": [[-9644.068111122939, 16972.618434398286, 1560.0000527584791], [-7241.592036777039, 14940.750987140937, 1560.0], 17, 2, 2], "46": [[-9211.46468542199, 17531.279527543167, 1560.0000675742922], [-7069.446102837229, 16013.680379315529, 1560.0], 13, 2, 2], "47": [[-11434.031577106703, -12838.858715161194, 1566.4084505856483], [-10021.373829262406, -10954.270061289539, 1560.0], 30, 3, 2], "48": [[-11885.160166117392, -11964.250109278533, 1264.9015618492556], [-11061.176156375412, -10055.699206603178, 1560.0], 11, 3, 2], "49": [[-11772.759149356005, -11635.676488426707, 1023.9156504530189], [-11341.834629629147, -9686.336961518968, 1560.0], 19, 3, 2], "5": [[10493.636787345293, -31708.807121196496, 1560.0000836622144], [5000.097449686963, -20044.725277391357, 1560.0], 4, 2, 2], "50": [[-9768.535586837696, -10333.192244936436, 1560.000096675795], [-9089.907954571483, -9499.918436246538, 1560.0], 3, 3, 2], "51": [[-13808.145423036145, -8763.69807265031, 1560.0003769849197], [-12716.07725511817, -8099.188203230317, 1560.0], 16, 3, 2], "52": [[-8401.879525974793, -18040.157502819795, 1427.0098120356704], [-7414.832842874177, -13520.093162964024, 1560.0], 22, 2, 2], "53": [[-8300.736006875273, -17506.153290960905, 1560.000415841034], [-6897.49108716463, -13999.884090639107, 1560.0], 0, 1, 1], "54": [[-9042.271815075035, -17407.315002712723, 1560.0001443987253], [-7440.538443306176, -13787.749675353969, 1560.0], 0, 1, 1], "56": [[28281.45666500309, -19238.58764375186, 1749.9998878841125], [14866.094659595941, -5964.880370187396, 1750.0], 0, 1, 1], "57": [[-20802.114664351622, 7680.135715190825, 1750.0002797941675], [-13184.019729653402, 6951.182063714942, 1750.0], 0, 1, 1], "58": [[7414.763754976943, 16772.18018761881, 1559.9998903932128], [5464.230305968894, 13479.034658046061, 1560.0], 0, 2, 2], "59": [[7213.039691339513, 21230.57129820153, 1559.9999746132235], [4534.764724616445, 15588.864518872828, 1560.0], 0, 1, 1], "6": [[6819.205638664858, -27311.306126516523, 1750.0000367288233], [4536.249345250011, -19409.666629125728, 1750.0], 0, 1, 1], "60": [[7072.500202394119, 20446.88448056219, 1560.0003964124194], [4465.371346726238, 15182.670287196575, 1560.0], 0, 1, 1], "61": [[6481.433240527153, 21374.426940574096, 1559.9998150621175], [3922.6552514389978, 15574.187098877337, 1560.0], 0, 1, 1], "62": [[7157.819157483942, 23632.731343383624, 1559.9999200181846], [4062.2764318823356, 16418.325100831134, 1560.0], 0, 1, 1], "63": [[6529.852446632239, 22480.694252907662, 1559.999803702387], [3684.2892720743284, 15908.153506738072, 1560.0], 0, 1, 1], "64": [[-8361.753169543652, 19217.637454932472, 1749.9998916931902], [-8190.305884877332, 18899.881425823885, 1750.0], 0, 1, 1], "65": [[-8310.183603046255, 18005.243066751227, 1559.9999525672895], [0, 0, 1560], 0, 1, 1],