{"0": [[-7967.19888859921, 12792.851931473904, 1419.6487402346625], [-7400.4083661548675, 9577.139250367907, 1560.0], 13, 3, 3], "1": [[-8628.246694256348, 11987.392896598589, 1211.1586040299912], [-8458.891922303124, 8698.082596086817, 1560.0], 31, 3, 3], "10": [[-12854.234665429241, 5670.455342681221, 1332.9830604717029], [-12259.90850696302, 4606.800661245338, 1560.0], 12, 2, 2], "11": [[-11686.706911309286, 5942.786526373131, 1416.4065425599315], [-11285.314988046335, 4924.016888618262, 1560.0], 108, 3, 3], "12": [[-14172.836538684112, 6493.1864618805175, 1501.6092002540806], [-12837.769814255207, 5226.160813042671, 1570.0], 64, 2, 2], "13": [[-11356.624660229692, -6978.723999011755, 1372.9083605517774], [-11266.739574722094, -6638.4005550136635, 1560.0], 15, 3, 2], "14": [[-12194.163353771586, -6911.929860891556, 1524.4942952594654], [-11835.941752522382, -6622.093533487231, 1560.0], 9, 3, 2], "15": [[-12802.635812280743, -6183.109082268154, 1508.8019243702227], [-12466.965868674984, -5944.359829721577, 1560.0], 9, 3, 2], "16": [[-13921.720070021556, -6378.3914653296115, 1471.2643497809438], [-13463.185790833388, -6053.977014584069, 1560.0], 10, 3, 2], "17": [[-14544.906723061735, -5822.755020833809, 1559.99983014353], [-13947.457314761756, -5625.137036964624, 1560.0], 7, 3, 2], "18": [[-15407.60919987178, -6570.401732132988, 1559.9994511091188], [-14544.773041259386, -6205.691483041382, 1560.0], 16, 3, 2], "19": [[-13202.545047098676, -7667.350295638118, 1560.0004279683342], [-12469.236704011542, -7247.79422887694, 1560.0], 6, 3, 2], "2": [[-8757.725590431754, 10421.150253834101, 1650.076680580049], [-7881.02743477598, 8501.36523374527, 1580.0], 17, 3, 3], "20": [[-12848.363717674907, -7564.510497971933, 1560.0000335386328], [-12167.341820819733, -7186.845023592052, 1560.0], 3, 3, 2], "21": [[-11674.946374826393, -8178.638513558594, 1186.2523693758924], [-11713.59686450145, -7434.081031190442, 1560.0], 24, 3, 2], "22": [[-10986.445603439202, -8436.09949886871, 1443.202677695711], [-10694.04785731871, -7844.262785972572, 1560.0], 10, 3, 2], "23": [[-11660.328235864252, -9683.245134284982, 1559.9998543771985], [-10797.212392137, -8901.33449918461, 1560.0], 2, 3, 2], "24": [[-12079.447723500358, -9807.71030949565, 1560.0003152180896], [-11090.587416493587, -8973.754702948032, 1560.0], 17, 3, 2], "25": [[-13267.48880189816, -8759.700724084418, 1602.3262802533443], [-12270.288034457137, -8128.933076810194, 1560.0], 11, 3, 2], "26": [[-14074.233195171628, -9333.868860022034, 1560.0005454608877], [-12844.647201918324, -8441.205831287323, 1560.0], 12, 3, 2], "27": [[-14834.096976292723, -8542.99082579358, 1560.0000827730614], [-13598.324434233937, -7814.962924556432, 1560.0], 4, 3, 2], "28": [[-11946.462130762784, -14705.798498784907, 1560.0000390275202], [-10058.384283330432, -11787.188338916474, 1560.0], 15, 2, 2], "29": [[-7714.409858323048, -15680.576611979794, 1329.4020766877663], [-7560.739579563503, -12757.134178486394, 1560.0], 34, 3, 2], "3": [[-10549.997026997447, 9590.52833384052, 1328.3517708846168], [-9913.743817197002, 7356.086427364331, 1560.0], 48, 3, 3], "30": [[-8184.107355308959, -17678.444434189998, 1560.000223914113], [-6965.323459907597, -13624.25749940241, 1560.0], 11, 2, 2], "31": [[-464.52176121088235, -18229.132229592287, 1658.9134292247], [-1122.2642290393662, -14861.77001219132, 1560.0], 78, 3, 3], "32": [[-1117.5309668888506, -17418.412694446353, 1560.000036291344], [-1651.6846573080925, -14353.829642678968, 1560.0], 39, 3, 3], "33": [[-545.9464575339936, -16615.73019145773, 1665.3199168554395], [-1037.7575230014213, -14065.050708891991, 1560.0], 66, 3, 3], "34": [[154.7801269239148, -15745.264646038322, 1620.678824927931], [-547.2935606094, -13498.236467436602, 1560.0], 13, 3, 3], "35": [[3151.5131380982934, -18146.443591221803, 1248.4595745598288], [728.8185958569709, -14468.53708065659, 1560.0], 11, 3, 3], "36": [[8296.393045536039, -19875.261632283164, 1321.301789112219], [5825.548145602708, -15992.746859186342, 1560.0], 39, 3, 3], "37": [[8040.342704005074, -16418.8210691031, 1389.9301467267326], [6136.922483802894, -14068.797168968773, 1560.0], 28, 3, 3], "38": [[17026.466329863535, -18354.319355433316, 1875.2692076199849], [16166.627461572834, -16425.800683732272, 1560.0], 13, 3, 3], "39": [[16764.112102857147, -16082.246954974868, 1566.8131507333105], [15310.578844202526, -14589.370821408107, 1560.0], 33, 3, 3], "4": [[-10510.8501262703, 8258.58013679966, 1443.496692696723], [-10004.658786614727, 6621.454436827482, 1560.0], 72, 3, 3], "40": [[18893.88531039241, -14123.901341762437, 1461.7235008094592], [17320.433960858514, -13052.131466224519, 1560.0], 47, 3, 3], "41": [[15439.088812200891, -6762.062562489112, 1492.2202786055293], [15230.097388694929, -6747.588851837061, 1560.0], 30, 3, 3], "42": [[12794.455231928674, -11432.0169631137, 1329.589605230853], [10687.892192595971, -10524.886404199333, 1560.0], 20, 3, 3], "43": [[12769.605816944653, -12632.030428526354, 1498.2983754052539], [12396.669261214585, -11727.85094818128, 1560.0], 47, 3, 3], "44": [[14999.961631632134, -14421.451342291954, 1623.588440715428], [13992.752980831667, -13376.409340778422, 1560.0], 8, 3, 3], "45": [[16493.066156721645, -9548.237533285692, 1543.7361456133037], [16555.412398536013, -9520.207696684623, 1560.0], 54, 3, 3], "46": [[17132.161211764196, -10078.350045216439, 1559.999909580542], [16423.324501481377, -9732.456721494269, 1560.0], 20, 3, 3], "47": [[16340.298855172216, -10196.967372691852, 1559.9997955607555], [16291.619018577208, -9942.639204053534, 1560.0], 31, 3, 3], "48": [[15207.762440272772, -10830.788803378977, 1500.789360469931], [13933.879969220414, -10282.165532892222, 1560.0], 13, 3, 3], "49": [[14579.40922948816, -11399.47716358406, 1525.063434777773], [13003.128447698775, -10730.338604367047, 1560.0], 18, 3, 3], "5": [[-8788.153678699797, 8896.38453510307, 1511.308939251406], [-8277.929626495368, 7395.247280053481, 1560.0], 37, 3, 3], "50": [[15223.16711862669, -11852.208053877064, 1559.9996743946863], [14067.788797959125, -11176.59500648392, 1560.0], 29, 3, 3], "51": [[13437.356593490838, -11742.184553997742, 1356.6069708579923], [12276.237297307838, -10881.948016444969, 1560.0], 28, 3, 3], "52": [[14488.14441241679, -12344.008675418514, 1548.1455144349281], [13830.096282233319, -11550.848508285844, 1560.0], 15, 3, 3], "53": [[16592.719393981646, -12333.494467685729, 1611.0374345914004], [15188.422995348748, -11646.161308869121, 1560.0], 26, 3, 3], "54": [[-462.53872877984816, 12901.054888435148, 1545.4328033530614], [-1209.4698889177873, 10552.289180722133, 1560.0], 8, 3, 3], "55": [[-1022.2384605251193, 12381.094623610274, 1438.5265045987192], [-1688.4252069137833, 10170.850793173802, 1560.0], 6, 3, 3], "56": [[-1295.122008965422, 11144.893594070212, 1559.9996501055437], [-1609.9567006528314, 9521.575040078638, 1560.0], 0, 3, 2], "57": [[-285.5301695933123, 10019.43969057446, 1448.0803847223017], [-1398.6081605977358, 8452.422615769714, 1560.0], 17, 3, 3], "58": [[6615.738676715066, 11608.387226539147, 1560.000201417326], [4049.4955838657424, 9676.631944392939, 1560.0], 81, 3, 3], "59": [[7713.968945823204, 11659.691327103501, 1189.520428022926], [5376.2425769700785, 9603.783613618754, 1560.0], 41, 3, 3], "6": [[-10071.613551630926, 7032.072824216921, 1297.8699129223123], [-10040.800883919792, 5690.793077323325, 1560.0], 74, 3, 3], "60": [[8051.6764219135675, 10953.831735204625, 1122.5152163773546], [5251.477532194464, 9026.454748010876, 1560.0], 11, 3, 2], "61": [[7023.563830266681, 9612.523961578288, 1467.1567722446014], [5486.160149501573, 8486.791618110652, 1560.0], 8, 3, 3], "62": [[7921.669044255948, 8541.76932783372, 1327.6769126167574], [5958.748740200964, 7365.854967097154, 1560.0], 4, 3, 3], "63": [[11916.138208271568, 9766.911730657604, 1560.0000185944205], [10572.988024546057, 8895.87761482066, 1560.0], 13, 2, 2],