{"1": [[-9580.824909726218, -16324.78490648866, 1560.0000653311515], [-8104.117909113058, -12882.143623657248, 1560.0], 13, 2, 2], "10": [[-11768.42741327726, 7099.760356403121, 1422.7061213353027], [-11111.827321939476, 5760.736758813411, 1560.0], 65, 3, 3], "11": [[-11086.615543932372, 5898.5275523935525, 1410.4446541434436], [-10716.36973980687, 4975.853610949253, 1560.0], 52, 3, 3], "12": [[-8587.59960478444, 8355.88871909044, 1418.2565474856342], [-8486.310545089436, 6850.662886200629, 1560.0], 18, 3, 3], "13": [[-9466.644438593385, 9509.446651843997, 1559.999995807668], [-8662.375760594608, 7806.494915234507, 1560.0], 19, 3, 3], "14": [[-8377.510445746437, 11311.248290178168, 1394.293923929699], [-8116.8209170410355, 8589.311915081964, 1560.0], 29, 3, 3], "15": [[-9796.520840352088, 10990.484876538676, 1469.792928190763], [-8951.50386382226, 8430.091613561457, 1560.0], 34, 3, 3], "16": [[4448.707858683615, 11184.885899464869, 1438.8647104799554], [3089.033263218619, 9526.144090738042, 1560.0], 23, 3, 3], "17": [[6666.82324338581, 10810.486140216188, 1384.5546430925124], [4957.233266384374, 9267.039347715077, 1560.0], 18, 3, 3], "18": [[7324.581634628199, 15421.24788046299, 1402.4809115206128], [5272.434487223037, 12476.07150747236, 1560.0], 9, 3, 3], "19": [[8086.585946264619, 16011.671634831875, 1551.0231634802503], [6077.925874172069, 13035.390956672914, 1560.0], 8, 3, 3], "2": [[-9098.254297983438, -14723.279256225727, 1358.0803253535614], [-8283.641499398998, -12511.206129541259, 1560.0], 39, 3, 2], "20": [[9442.508187521833, 10754.041217718892, 1669.569043138566], [8045.391317733244, 9555.067892375293, 1660.0], 12, 3, 3], "21": [[8964.781568615714, 9853.921163684405, 1559.999829400504], [7848.363739977183, 8731.175090295508, 1560.0], 28, 3, 3], "22": [[11040.454139769641, -27476.705426613462, 1560.0005450283816], [6840.199714619164, -19476.640605839286, 1560.0], 9, 2, 2], "23": [[11571.758656014226, -22447.285329342645, 1559.9999897830821], [7755.6273690968765, -17410.748926697677, 1560.0], 1, 2, 2], "24": [[11874.718731964247, -22381.59043651949, 1477.9837239826775], [7889.753554524997, -17253.03511092548, 1560.0], 6, 3, 3], "25": [[8165.2695091459345, -18647.890868105507, 1270.6826012810825], [5801.509787573047, -15345.899249621882, 1560.0], 21, 3, 3], "26": [[11836.834472828326, -18752.550162588148, 1547.090864223162], [9138.379211162672, -15671.409856465549, 1560.0], 6, 3, 3], "27": [[12951.505463551399, -18124.03645735162, 1475.165159834472], [10035.104444210574, -15245.134230120375, 1560.0], 8, 3, 3], "28": [[15599.897998609289, -18594.70821406894, 1942.9074410505636], [14433.612015091137, -16535.163693323873, 1560.0], 11, 3, 3], "29": [[18881.587981277902, -19127.949300405096, 1950.6339779005455], [17345.666383062784, -17032.72971749195, 1560.0], 11, 3, 3], "3": [[-8125.823804852234, -13626.328858031493, 1569.9996052961123], [-7438.267991749293, -12468.091765871995, 1570.0], 0, 2, 1], "30": [[19674.307249963324, -17083.369344298244, 2168.9659921718694], [20157.91468269792, -16146.871542481607, 1560.0], 32, 3, 3], "31": [[18714.118117401496, -15638.533600369296, 1919.582415877931], [20078.54990620043, -15179.83319024795, 1560.0], 50, 3, 3], "32": [[22075.193454682798, -14812.174206033407, 1861.597433320873], [21988.98845687004, -14208.901080245592, 1560.0], 20, 3, 3], "33": [[9956.534167216683, -13283.225694130533, 1312.3678243248294], [7435.037483863268, -11727.05831274282, 1560.0], 10, 2, 2], "34": [[15016.332222712917, -11410.330148659117, 1560.0001192090863], [14247.06814201159, -10890.849943749421, 1560.0], 24, 3, 3], "35": [[12015.432808724576, -10906.233557606975, 1458.8196704362385], [10327.065292479774, -10150.507298985698, 1560.0], 3, 3, 3], "36": [[14423.890010596248, -12554.250902055155, 1559.999503703333], [13071.100180708765, -11686.539467080513, 1560.0], 25, 3, 3], "37": [[13983.610556802956, -9918.243692781334, 1496.131515631897], [12513.572533669903, -9365.598810540798, 1560.0], 11, 3, 3], "38": [[12107.691414428402, -9153.220471063376, 1358.4900360514087], [10017.613492166045, -8609.069545960327, 1560.0], 30, 3, 3], "39": [[16133.293447591708, 8202.36686093218, 1839.9999385916178], [14909.27954398926, 7561.22548494047, 1840.0], 1, 2, 2], "4": [[-13820.93810799793, -9715.432421892836, 1560.0001392254494], [-12564.19658106495, -8744.269700767092, 1560.0], 2, 3, 2], "40": [[20854.55046068991, 8493.705574138095, 1920.000596683846], [19493.156726375844, 7867.682271983743, 1920.0], 2, 2, 2], "41": [[16778.992605730244, 9319.335249368303, 1800.0002652175617], [16136.944004066454, 8734.82819464091, 1800.0], 5, 2, 2], "42": [[15353.06723271389, 9096.29860301445, 1740.0001501927457], [15125.235162738032, 8597.130692789297, 1740.0], 11, 2, 2], "43": [[12655.291046658615, 7375.734120432918, 1710.0001239938254], [11859.162146759256, 6835.060222191262, 1710.0], 0, 2, 2], "44": [[11639.960583602513, 8773.950333567374, 1560.0002123478494], [11404.404803738795, 8284.231800360614, 1560.0], 4, 2, 2], "45": [[10901.000683341503, 9162.68223733853, 1559.9999478792208], [9410.41261802782, 8020.15095557396, 1560.0], 40, 3, 3], "46": [[10655.51025365018, 8725.581469388702, 1560.0000047528654], [9353.52476327669, 7797.47268028636, 1560.0], 41, 3, 3], "47": [[10125.721034249318, 8120.097359136244, 1438.723144408585], [8757.099381533842, 7218.600613920044, 1560.0], 28, 3, 3], "48": [[-9684.675836005232, 18241.59726885832, 1560.0001154147226], [-7483.476071927388, 16955.788383956624, 1560.0], 12, 2, 2], "49": [[-10160.494441512592, 13082.735729932745, 1559.9993408382925], [-7268.293172107458, 10456.741869635378, 1560.0], 22, 2, 2], "5": [[-11735.572767153068, -7915.914547590434, 1554.1736162900372], [-11293.313745354517, -7468.6762532082375, 1560.0], 23, 3, 2], "50": [[-10365.909154773075, -15366.603447218464, 1559.999809917394], [-4727.974323833696, -12923.338977049363, 1560.0], 0, 1, 1], "51": [[-10149.895608709196, -17065.96828160507, 1559.999994642364], [-5373.325568325464, -12110.929199306855, 1560.0], 0, 1, 1], "55": [[8182.57918784241, -18524.80837043691, 1419.6828553552891], [8194.063419655158, -18305.37514836186, 1560.0], 27, 2, 2], "56": [[22912.454535440756, -10165.064552248583, 1559.9998600972738], [20799.485995967112, -9457.889579271874, 1560.0], 2, 2, 2], "58": [[12584.789951754861, -11192.667363030672, 1560.0003063866027], [11783.323199147273, -10669.681168337249, 1560.0], 12, 3, 3], "59": [[13002.378825460251, -10721.63224100318, 1487.9347001026379], [11502.521107130577, -10101.095634168734, 1560.0], 10, 3, 3], "6": [[-13763.05225222346, -6160.236663883934, 1560.0000097117277], [-13207.804205735858, -5930.843980264126, 1560.0], 0, 3, 2], "60": [[10749.42271597898, 9009.548455724393, 1559.9992082320389], [9438.755272457302, 8131.590889926264, 1560.0], 9, 2, 2], "62": [[6291.22686421236, 16966.06595456783, 1721.8572826721054], [3615.7698153727433, 13029.857398862001, 1950.0], 59, 3, 3], "63": [[6385.029756674767, 17372.741935941453, 1752.4345103913083], [4041.0671843308246, 13411.644297196714, 1940.0], 16, 3, 2], "64": [[6216.835069266081, 21754.301745126282, 1559.9998765062826], [3646.2297770689993, 15680.215774167433, 1560.0], 0, 1, 1], "65": [[6291.627440644202, 21666.34322146667, 1560.0000227748485], [3633.38042181802, 15603.790559430989, 1560.0], 0, 1, 1], "66": [[6858.06693200607, 21331.225537879487, 1559.9998413225098], [4231.891919780962, 15621.626521509626, 1560.0], 0, 1, 1], "67": [[7103.35016710769, 21186.323423651338, 1560.0004014101341], [4534.764724616445, 15588.864518872828, 1560.0], 0, 1, 1], "68": [[6135.37701812498, 21728.828065323145, 1559.9999653675065], [0, 0, 1560], 0, 1, 1], "7": [[-14906.652880225356, -6432.939457236417, 1559.999635449502], [-14149.068287663547, -6134.882877193693, 1560.0], 5, 3, 2], "8": [[-13915.675171353902, 5630.638108376157, 1320.651575703236], [-13051.650888431011, 4466.4881023298885, 1560.0], 32, 2, 2],