{"0": [[-8023.702425890083, 12666.509459235678, 1441.809871847948], [-7519.738189075011, 9494.662904532946, 1560.0], 49, 3, 3], "1": [[-8573.269373063124, 12119.678687144906, 1298.9592851722907], [-8320.782750178483, 8903.00491227494, 1560.0], 74, 3, 3], "10": [[-1844.346824476167, 9726.877309695348, 1559.999821432821], [-1770.7506526888837, 8673.460175605145, 1560.0], 10, 3, 3], "11": [[-1630.146696365407, 11629.870547996743, 1560.000002510442], [-1947.1356633672722, 9848.621732111415, 1560.0], 4, 3, 3], "12": [[-14579.777942557399, -5807.206772968953, 1559.9999149046835], [-13993.620483012033, -5581.126491848952, 1560.0], 8, 3, 2], "13": [[-13832.76337309794, -6229.891142062541, 1559.9997063076562], [-13311.91761274627, -5987.139100400311, 1560.0], 2, 3, 2], "14": [[-15258.397603663037, -6943.272304022098, 1559.9999276726626], [-14329.039259838813, -6525.340875332811, 1560.0], 7, 3, 2], "15": [[-13376.851135947676, -7625.679071083794, 1560.000014799831], [-12642.831940619164, -7204.427350984709, 1560.0], 6, 3, 2], "16": [[-12798.43711699672, -7520.252524482175, 1560.0000415597617], [-12167.399386596944, -7155.275769895603, 1560.0], 1, 3, 2], "17": [[-15098.45520698579, -8486.547376985614, 1568.8127905853958], [-13812.528008355697, -7769.009774487975, 1560.0], 14, 3, 2], "18": [[-14830.096892449506, -9109.52145689188, 1559.9999966152077], [-13468.589651897499, -8211.926081970452, 1560.0], 7, 3, 2], "19": [[-13624.512799533084, -9540.475740633052, 1635.9891699123539], [-12295.714927533667, -8739.914084607351, 1560.0], 17, 3, 2], "2": [[-9309.892847987747, 10408.260004448519, 1664.8331748482171], [-8227.717227634223, 8515.778578903039, 1560.0], 20, 3, 3], "20": [[-12260.325040247064, -7263.413827522814, 1559.999230809324], [-11774.795923530597, -6948.00535454519, 1560.0], 6, 3, 2], "21": [[-11523.484132433228, -7207.7893224526715, 1560.0000914062616], [-11050.624988642465, -6927.298126600642, 1560.0], 4, 3, 2], "22": [[-10992.839340343975, -8358.66571909201, 1559.9999759208831], [-10451.934815216668, -7905.13756089849, 1560.0], 2, 3, 2], "23": [[-11813.296227090663, -8680.250222852352, 1560.0000120533227], [-11086.696739402802, -8155.82056167405, 1560.0], 5, 3, 2], "24": [[-7780.280183713891, -15387.561134449434, 1158.7041579657152], [-7232.871860006872, -12924.469037347584, 1560.0], 54, 3, 2], "25": [[-8396.792832856157, -17984.721359112984, 1559.9995982576656], [-7201.291958484739, -13631.249844938682, 1560.0], 26, 2, 2], "26": [[-8675.603842119775, -18993.38863795228, 1570.0002228993753], [-4252.088257092686, -13551.515419990263, 1570.0], 0, 1, 1], "27": [[8123.576144780156, -22309.880617705923, 1275.96750490354], [4732.301052737745, -16884.587320842507, 1560.0], 13, 3, 3], "28": [[7495.054110848315, -18780.15914255466, 1332.8504740539524], [5304.855297440672, -15421.457111803746, 1560.0], 16, 3, 3], "29": [[8523.342403897068, -17692.15177539872, 1544.47367575179], [6509.528669670273, -14969.437929181599, 1560.0], 4, 3, 3], "3": [[-9072.303228262183, 8562.828187704592, 1481.120236408458], [-8753.614272132418, 7027.789483978873, 1570.0], 23, 3, 2], "30": [[9725.839702863943, -18650.9661786316, 1560.0000121981006], [7557.315260204343, -15612.012684009416, 1560.0], 4, 3, 3], "31": [[8877.325021872175, -16628.241761387217, 1470.053480393267], [6940.033881836495, -14286.310135415464, 1560.0], 10, 3, 3], "32": [[9676.450868052822, -16281.070987394241, 1088.701434268008], [5984.54050727496, -13552.320176299985, 1560.0], 12, 3, 3], "33": [[9825.87072390467, -15772.072430508551, 1527.3975314524932], [7749.703101225193, -13766.890823746544, 1560.0], 8, 3, 3], "34": [[12305.468073267604, -18394.674015184017, 1359.9587075782042], [9425.901150243133, -15279.502037772285, 1560.0], 101, 3, 3], "35": [[10134.62992583769, -13122.219124941672, 1412.601812932376], [8370.36347125108, -11814.923387552633, 1560.0], 21, 2, 2], "36": [[19205.802869304607, -17085.180127899916, 1971.0113940656095], [20157.91468269792, -16146.871542481607, 1560.0], 80, 3, 3], "37": [[18622.81793418979, -14128.55870545744, 1560.0000410988166], [17958.380464136495, -13326.364568279052, 1560.0], 66, 3, 3], "38": [[18691.010106667753, -12937.895848083072, 1560.0001391661747], [15771.079362858922, -11890.24690727801, 1560.0], 17, 3, 3], "39": [[17131.917212215725, -10087.404180806609, 1559.9999403629997], [16423.324501481377, -9732.456721494269, 1560.0], 34, 3, 3], "4": [[-9983.154219232514, 7135.636931962256, 1331.9291164901124], [-9858.949633039736, 5791.757416243583, 1560.0], 66, 3, 3], "40": [[15651.063884249459, -10681.549820339354, 1501.7059829758775], [14668.6550129239, -10207.200509785216, 1560.0], 33, 3, 3], "41": [[16622.98315536851, -11323.20165181177, 1493.733834684211], [15768.747418459137, -10762.756160207422, 1560.0], 40, 3, 3], "42": [[14324.121828498393, -11412.78980082327, 1559.9997511071108], [12947.560554941478, -10823.29700876394, 1560.0], 36, 3, 3], "43": [[12796.777897371636, -11642.347632556319, 1468.042259322646], [11628.76820447593, -10938.098924971564, 1560.0], 36, 3, 3], "44": [[15224.269351334817, -12158.498862897652, 1515.0167005688932], [12836.681716696032, -11007.846034800607, 1560.0], 12, 3, 3], "45": [[15033.583471691003, 1220.8217144820353, 1809.9988538971847], [15402.570399490816, 1191.9086520881008, 1810.0], 17, 2, 2], "46": [[7154.351603656494, 9487.285976939991, 1285.6509379233792], [5442.63026580014, 8291.864458204573, 1560.0], 5, 3, 3], "47": [[6214.879015895731, 10841.08994519616, 1451.0584417357775], [4997.847962095845, 9456.976279028178, 1560.0], 48, 3, 3], "48": [[7926.535943768584, 11225.559299461242, 1502.9303131883776], [6097.266035191043, 9612.128434130547, 1560.0], 23, 3, 3], "49": [[11785.960865476596, 7945.822362442442, 1559.999893615506], [11180.5119584099, 7458.775745784222, 1560.0], 0, 2, 2], "5": [[-11756.284932880613, 7582.3870058726625, 1548.898595582137], [-10732.26562539875, 6271.66816235247, 1560.0], 61, 3, 3], "50": [[12647.686646953427, 7782.126670252732, 1560.0001737445004], [12200.05095792834, 7394.297090412096, 1560.0], 3, 2, 2], "51": [[13730.599692173764, 9739.261984717965, 1620.0006313777737], [12917.382426284721, 9047.55961249703, 1620.0], 3, 2, 2], "52": [[12707.37575432444, 9629.039885627224, 1559.9999496796556], [10984.674334544809, 8594.453386793104, 1560.0], 12, 2, 2], "53": [[15774.609024575902, 9921.087443325647, 1919.9995802265355], [15002.27269847424, 9247.61815981502, 1920.0], 5, 2, 2], "54": [[14798.386303630945, 7454.175741267979, 1559.999703258799], [13743.182656337893, 6972.606722124772, 1560.0], 2, 2, 2], "55": [[13646.045593297617, 7255.0723497647905, 1559.9997102317654], [13129.651435190273, 6827.3816103612735, 1560.0], 5, 2, 2], "56": [[15816.39746248275, 7323.948470442513, 1559.9996735064824], [14908.147732365522, 6885.873013983196, 1560.0], 0, 2, 2], "57": [[-8055.181771294292, 20380.435076098853, 1750.0006731827348], [-7868.510116086858, 20002.309633098237, 1750.0], 0, 1, 1], "58": [[7323.304626571227, 15991.181689581259, 1711.9974686598084], [5315.506182861996, 12996.409663992525, 1850.0], 68, 3, 3], "59": [[7796.515206117582, 16046.295302335724, 1744.5297341380713], [5970.117538549982, 13067.633374716079, 1870.0], 24, 3, 2], "6": [[-11134.81819833747, 6798.810758251757, 1369.7674037447284], [-10746.2740178124, 5555.01679954677, 1560.0], 50, 3, 3], "60": [[6526.571902460606, 17224.90979118108, 1703.346653060715], [3983.9726383022944, 13302.25108122795, 1950.0], 80, 3, 3], "61": [[7640.456012648411, 20996.909832672376, 1560.000031827464], [4830.551773116491, 15471.375729979583, 1560.0], 0, 1, 1], "62": [[7213.039691339513, 21230.57129820153, 1559.9999746132235], [4534.764724616445, 15588.864518872828, 1560.0], 0, 1, 1], "63": [[6861.31395967842, 21369.497264396305, 1560.0002647458418], [4231.891919780962, 15621.626521509626, 1560.0], 0, 1, 1], "7": [[-12115.20517121465, 6335.422177011771, 1455.6651108208916], [-11409.020382921373, 5273.357123881144, 1560.0], 52, 3, 3],