{"0": [[-11179.269118842447, -8218.830467856103, 1560.0000350560713], [-10612.000691391338, -7806.164898564871, 1560.0], 16, 3, 2], "1": [[-13813.899633242803, -6111.027236286812, 1513.3010629734606], [-13364.677878307573, -5848.210807443952, 1560.0], 10, 3, 2], "10": [[9122.239840002876, -19202.20131199691, 1583.8256333538818], [7220.629213215861, -16080.606661856817, 1560.0], 11, 3, 3], "11": [[10955.549712366885, -17658.683679105317, 1540.598541311239], [8542.119109672132, -14954.552921538276, 1560.0], 13, 3, 2], "12": [[8458.46526479352, -17705.573044779896, 1529.3451707470422], [6509.528669670273, -14969.437929181599, 1560.0], 4, 3, 3], "13": [[7608.9808183590085, -18919.3528603508, 1453.1149259262127], [5618.494202802854, -15624.107642635594, 1560.0], 12, 3, 3], "14": [[8283.13707497507, -16167.463048608355, 1559.9999994792154], [9474.17219983226, -15212.72893677, 1560.0], 0, 3, 1], "15": [[11668.182326497874, -19983.943269112504, 1567.0806486051658], [9003.896333228664, -16586.604247163636, 1560.0], 9, 3, 3], "16": [[12861.835818422609, -17913.67866252909, 1560.000113864362], [11000.493446906072, -15592.74702482624, 1560.0], 20, 3, 3], "17": [[17401.896838068427, -18687.418298364693, 2122.7190995679025], [17345.666383062784, -17032.72971749195, 1560.0], 18, 3, 3], "18": [[6783.863366096567, -18650.030342042086, 1579.9997251716397], [7659.63444061937, -19142.792585570594, 1580.0], 0, 3, 1], "19": [[10554.25430820052, -28214.78285173222, 1559.9999159663103], [5854.656942235583, -19362.126451521937, 1560.0], 0, 2, 2], "2": [[-14505.881061879336, -6210.486036060443, 1559.9999850419053], [-13848.194819232376, -5945.1798532331895, 1560.0], 3, 3, 2], "20": [[9813.851294215865, -27839.72637021786, 1559.999756013709], [5160.66129447701, -19044.87745717127, 1560.0], 9, 2, 2], "21": [[8560.358810931353, -28683.911264818962, 1650.0000786768837], [3728.287880463283, -18914.503332394484, 1650.0], 15, 2, 2], "22": [[9509.588535135961, -30585.277330469366, 1750.0002346417089], [6548.770054243952, -21335.733530570298, 1750.0], 0, 1, 1], "23": [[6661.656727746866, -27842.994893717376, 1750.0003595706014], [4555.776967883659, -20237.231601689495, 1750.0], 0, 1, 1], "24": [[15601.563262992382, -14565.857349739834, 1653.27300721492], [14532.17806208403, -13630.653823210307, 1560.0], 34, 3, 3], "25": [[17337.37342106102, -12123.581596542552, 1601.074734478352], [16714.940973625595, -11648.196040648052, 1560.0], 37, 3, 3], "26": [[18585.46998014048, -11561.258111969213, 1560.0002763012637], [17922.84504220788, -11079.330261249788, 1560.0], 11, 3, 3], "27": [[17221.18481846754, -10455.518536623556, 1559.9998759305317], [16160.302409362785, -10150.757583244364, 1560.0], 18, 3, 3], "28": [[15951.782067986156, -11699.439734024209, 1560.0001030446701], [16305.496101055249, -11101.26896427225, 1560.0], 64, 3, 2], "29": [[15984.553223717743, -10950.909697740271, 1236.20685081716], [13226.243510681978, -10353.939361955203, 1560.0], 97, 3, 3], "3": [[-11631.08400509661, -12446.173538794916, 1560.0000751109867], [-10256.676294596446, -10709.321540956968, 1560.0], 19, 3, 2], "30": [[15201.564277584434, -11358.402572628487, 1560.000951671463], [15639.046921977684, -10962.647354601087, 1560.0], 46, 3, 2], "31": [[15468.655385818633, -10903.986117671833, 1560.00027965261], [15703.845231517153, -10862.958030778093, 1560.0], 113, 3, 3], "32": [[14958.724623979646, -10222.51053530812, 1469.6858041401927], [13619.851666162029, -9677.627443206837, 1560.0], 19, 3, 3], "33": [[14788.46389980841, -9364.443392579273, 1491.0429398998313], [13360.154176127688, -8978.17191040665, 1560.0], 26, 3, 3], "34": [[13769.04111629885, -12631.012475551237, 1559.9999171031031], [12957.630217226386, -11865.844364146362, 1560.0], 20, 3, 3], "35": [[14133.81696379348, -12275.26586141188, 1562.4771623563984], [13184.948109893654, -11505.371763083152, 1560.0], 8, 3, 3], "36": [[13427.119962779067, -11753.73519150825, 1480.0666256797786], [13356.419814627174, -11230.12031833393, 1560.0], 52, 3, 3], "37": [[14063.941427707556, -7202.147543168041, 1556.8047937783533], [14247.677341618035, -7326.779002268135, 1560.0], 44, 3, 3], "38": [[12982.522144631486, -10190.009691913223, 1329.7352264099225], [11221.077320186507, -9535.957532346729, 1560.0], 28, 3, 3], "4": [[-11770.951875135994, -11991.992391606345, 1271.4858671149036], [-10923.7314438157, -10109.320027771504, 1560.0], 32, 3, 2], "41": [[16382.224052178837, 742.5259435670242, 1950.0000619652733], [16458.512977267117, 640.90210596754, 1950.0], 1, 2, 2], "42": [[14701.396011857469, 439.26561045481293, 1724.8945690988467], [16201.428877899505, 405.74320482198016, 1610.0], 11, 3, 3], "43": [[13306.72460168992, 972.3360971638866, 1559.9999240832558], [14013.999131469227, 741.4573569477044, 1560.0], 26, 3, 3], "44": [[12165.945841698142, 1039.5337678739093, 1739.766248840237], [13771.795523129535, 1069.465080714698, 1630.0], 19, 3, 3], "45": [[12920.190790514049, 7577.045983480066, 1560.0000064234125], [12096.71186562925, 7031.657197100189, 1560.0], 1, 2, 2], "46": [[13686.439763572867, 7923.5195803894, 1620.0002770202527], [13645.096586045524, 7639.277547406577, 1620.0], 4, 2, 2], "47": [[12250.224042741962, 7621.669495387216, 1663.7341042003627], [10486.060486072276, 6738.107471458433, 1560.0], 88, 3, 3], "48": [[14070.378791235742, 7101.065918700784, 1699.9996627141907], [13532.587026097435, 6665.8742012781795, 1700.0], 0, 2, 2], "49": [[14400.34273043414, 7330.931277219323, 1660.0000801801734], [14472.68043177167, 7128.110447106633, 1660.0], 12, 2, 2], "5": [[-11862.458028596411, -11537.414454932194, 1168.4714281241215], [-11207.825607303128, -9762.251726782726, 1560.0], 45, 2, 2], "50": [[14888.240452752329, 9378.698061423922, 1949.9999883826963], [14071.932598889483, 8741.793839074046, 1950.0], 3, 2, 2], "51": [[14993.497146402282, 8651.828521892365, 1719.9997705716378], [14490.152568266105, 8192.718948382393, 1720.0], 2, 2, 2], "52": [[15151.416492255017, 7059.24480766457, 1660.0000995930222], [14312.45077336441, 6614.541328387449, 1660.0], 0, 2, 2], "53": [[15351.453600113005, 7531.157155140044, 1709.9997163757482], [13516.440867832856, 6776.915615269422, 1710.0], 26, 2, 2], "54": [[16105.10713226813, 8407.95582934007, 1890.0005291182238], [15393.83907551632, 7914.243098307012, 1890.0], 4, 2, 2], "55": [[16256.425206196065, 7158.810047067595, 1750.0001600732305], [15789.120688292911, 6807.830991026251, 1750.0], 1, 2, 2], "56": [[16924.582591658414, 7449.561694315621, 1740.000301232518], [16612.302305101075, 7117.613312762002, 1740.0], 7, 2, 2], "57": [[16435.272459086696, 9605.533964817061, 1880.00020630908], [15784.48863278903, 8992.486782961343, 1880.0], 9, 2, 2], "58": [[19460.830161645674, 8412.390225578794, 1760.0002975237096], [18103.708398207047, 7709.196787679328, 1760.0], 5, 2, 2], "59": [[20823.57023635068, 8141.5283825183415, 1830.000802995737], [19925.943224610288, 7574.62811176879, 1830.0], 4, 2, 2], "6": [[-1002.1988902304831, -14572.239810668332, 1559.9991067411263], [-131.63225984843314, -13092.1257905836, 1560.0], 8, 2, 2], "60": [[9197.896183235538, 14656.814753962522, 1770.0002199059124], [21813.498598637878, 9547.518298401024, 1770.0], 0, 3, 1], "61": [[9992.187116237868, 9484.933705819323, 1679.9999777910068], [10041.08469259618, 8914.66597045139, 1680.0], 25, 3, 3], "62": [[10495.540366258057, 10096.962048219697, 1808.4802353085222], [8475.67411409217, 9003.078262446092, 1730.0], 49, 3, 3], "63": [[9448.485972405135, 10845.237164492748, 1560.0000856833303], [8071.074103072119, 9683.02500705137, 1560.0], 3, 3, 3], "64": [[9229.707429368531, 11237.195254099166, 1583.4218403166901], [7673.380388050694, 9921.076504579683, 1570.0], 16, 3, 3], "65": [[7613.409680965623, 9599.916960685186, 1439.939349112364], [5811.618533138472, 8327.888129450812, 1560.0], 11, 3, 3], "66": [[7032.03547428687, 10299.294031542571, 1481.0383016022336], [5209.478541020679, 8833.95905067641, 1560.0], 12, 3, 3],