{"0": [[-11491.327544045378, -12768.463303162329, 1560.0000264293344], [-10099.72997542608, -10907.682619452768, 1560.0], 25, 3, 2], "1": [[-11798.118888350942, -12003.76362582854, 1281.8647548307026], [-10992.234876740957, -10095.738299743003, 1560.0], 13, 3, 2], "11": [[9665.194811588384, -28763.13111796596, 1749.9999980363898], [6590.281951099614, -19639.963867342893, 1750.0], 0, 1, 1], "12": [[9424.528826028654, -29520.604019261627, 1559.998897483736], [4682.577465132598, -19467.73489985359, 1560.0], 8, 2, 2], "13": [[8261.814975335752, -15373.301713823408, 1184.6237894169685], [5758.430966619505, -13163.61274720522, 1560.0], 6, 3, 3], "14": [[7638.736161899727, -16790.82833517857, 1559.9994003874997], [5654.944432054428, -15569.16912580791, 1560.0], 0, 3, 1], "15": [[8112.394125897827, -17949.19704654957, 1559.999739099497], [5437.3936934009735, -15893.54589208169, 1560.0], 7, 3, 2], "16": [[7512.78358717424, -19479.238484193018, 1692.241676053609], [4920.612218089223, -16003.669612765147, 1560.0], 139, 3, 3], "17": [[13975.189151095423, -17982.489612258796, 1657.1471644260946], [12729.403503415546, -15935.062290111959, 1560.0], 27, 3, 3], "18": [[15368.250348349578, -16340.289084732434, 1849.7422179449982], [14972.210604955295, -15006.96943062751, 1560.0], 26, 3, 3], "19": [[18471.49629681627, -11546.640196744273, 1673.0512055780305], [18590.248731343494, -11333.953957137255, 1560.0], 29, 3, 3], "2": [[-11795.314208452495, -11570.953875045643, 1066.5064774674831], [-11343.205478404157, -9659.28092920677, 1560.0], 14, 3, 2], "20": [[17327.328078917435, -11892.464532612928, 1679.366785032032], [17486.84231486471, -11699.771232532165, 1560.0], 34, 3, 3], "21": [[17254.4322470195, -10481.30204152676, 1589.4761804327347], [16225.91170894481, -10046.956244364897, 1560.0], 8, 3, 3], "22": [[15900.429984854167, -10740.73484197918, 1275.96552521569], [14547.743119966577, -10404.94927668709, 1560.0], 110, 3, 3], "23": [[15625.490967330845, -10379.50242969353, 1559.999788835617], [14789.925761971042, -10007.511862734367, 1560.0], 16, 3, 3], "24": [[15307.35945156032, -10626.011253276043, 1547.271478239952], [14850.693986133387, -9906.939418862396, 1560.0], 43, 3, 3], "25": [[14008.34111563257, -14932.305089964651, 1949.999887385656], [17201.81540906038, -13903.923365146187, 1950.0], 0, 2, 1], "26": [[14090.39955516776, -12310.570519271792, 1683.6390793890014], [13652.85641844026, -11826.49852573003, 1560.0], 37, 3, 3], "27": [[13689.68953737104, -12744.324281738898, 1623.1024012339954], [13417.936294674457, -12187.335415609867, 1560.0], 33, 3, 3], "28": [[13855.052024587923, -10537.600380026928, 1559.9998586998433], [13338.299056580252, -10162.996919650937, 1560.0], 27, 3, 3], "29": [[14485.64025776393, -9496.768621949765, 1559.9995282422692], [13305.24923839445, -9077.593802653197, 1560.0], 29, 3, 3], "3": [[-10560.499782868541, -9672.843668631136, 1559.9999957639836], [-9899.7242859139, -8953.659550982615, 1560.0], 2, 3, 2], "30": [[12935.303664289413, -10178.617619843955, 1432.109875913804], [11754.512779502003, -9639.914452714793, 1560.0], 8, 3, 3], "32": [[15557.736182078785, -6214.093810512877, 1560.0000429560184], [14753.62125130111, -6347.845315798103, 1560.0], 51, 3, 3], "33": [[15131.699009122343, -5609.858483224359, 1516.7704406276193], [14394.658446507836, -5734.237877532963, 1560.0], 28, 3, 3], "34": [[13843.315703690507, -91.13622036752083, 1560.0002201595914], [14917.73805014347, -158.80052147133725, 1560.0], 16, 3, 3], "35": [[13220.96438378218, 1098.9383196338647, 1591.9124672332136], [14702.112641769336, 915.7575323034571, 1560.0], 68, 3, 3], "36": [[12143.489751535546, 1161.8715410966304, 1718.3886703743142], [13260.37549601982, 1027.2126253886797, 1610.0], 21, 3, 3], "37": [[16751.49608210171, 786.0863238054274, 1949.9999460120332], [16458.512977267117, 640.90210596754, 1950.0], 1, 2, 2], "38": [[12565.201258297382, 7190.489802530852, 1495.411417824404], [12498.92301345764, 6564.492768158832, 1560.0], 66, 3, 3], "39": [[12869.971488777652, 6844.5153643576, 1900.000046847984], [13736.665692587267, 6796.0448611993515, 1900.0], 66, 2, 2], "4": [[-13764.717686962691, -5993.91184177415, 1464.942846112708], [-13416.608611315827, -5740.1241225051435, 1560.0], 10, 3, 2], "40": [[13694.194090087685, 7771.683759127154, 1640.0001496511943], [13462.381792106842, 7357.208811693267, 1640.0], 3, 2, 2], "41": [[14156.75119042797, 7261.978162747236, 1559.999807076839], [13092.665927620865, 6703.298968043922, 1560.0], 3, 2, 2], "42": [[14382.996679592978, 7248.323510295793, 1600.0000042016734], [14118.202470089602, 6936.184183180701, 1600.0], 6, 2, 2], "43": [[15032.279174310092, 8585.075660251394, 1790.0000088889565], [14720.07829870488, 8121.107120447807, 1790.0], 8, 2, 2], "44": [[15246.778735120632, 7122.401914027577, 1859.9997757024955], [15940.730723109426, 7070.406211594962, 1860.0], 35, 2, 2], "45": [[16434.304288749285, 9538.31628024187, 1819.9999050151305], [15391.25942363363, 8774.808267019673, 1820.0], 1, 2, 2], "46": [[16381.044286904533, 7263.95416110756, 1560.000013965033], [15495.181385822134, 6774.115559982716, 1560.0], 0, 2, 2], "47": [[16921.960917522403, 7533.887683548738, 1859.999944778425], [16674.800719673636, 7237.328297933501, 1860.0], 2, 2, 2], "48": [[10578.882443541346, 9842.917365589958, 1740.0000784504207], [10295.481180470904, 9087.79497631981, 1740.0], 10, 3, 3], "49": [[9331.987821846638, 10622.886475579877, 1534.8954306804717], [8022.064553120565, 9471.390922383835, 1560.0], 5, 3, 3], "5": [[-14279.12098354908, -6241.519484430488, 1559.999771643115], [-13659.876519704434, -5984.042524884447, 1560.0], 0, 3, 2], "50": [[9352.107314457686, 11152.790253116038, 1560.0000048796387], [8095.47106401773, 9788.852611675457, 1560.0], 44, 3, 3], "51": [[7004.878363949544, 10371.610529219226, 1470.4327403509587], [5230.502881482273, 8930.207484597082, 1560.0], 12, 3, 3], "52": [[7255.368743594416, 11490.899697258506, 1373.0221414693947], [5018.078494376372, 9551.920285431326, 1560.0], 29, 3, 3], "53": [[6259.535382834674, 13073.036330554332, 1559.6046630674064], [4648.913863751922, 11019.126155812432, 1560.0], 16, 3, 3], "54": [[7797.6639849753055, 12480.091202799804, 1500.3988066598358], [5930.397353718613, 10532.980549086926, 1560.0], 5, 3, 3], "55": [[-891.9895207034718, 10764.102041155435, 1551.1235669707735], [-1463.9254268429845, 9208.87768277001, 1560.0], 9, 3, 3], "56": [[-10257.739549893544, 14070.96115601222, 1559.999856248756], [-7594.126257226983, 12047.510379925398, 1560.0], 14, 2, 2], "57": [[-10017.664160620701, 12973.331937636085, 1559.9997353867377], [-7529.555433205989, 11211.75871642873, 1560.0], 11, 2, 2], "58": [[-7710.105193810623, 10233.353662874231, 1385.3104119303448], [-7505.102406118214, 8159.035036399467, 1560.0], 15, 3, 3], "59": [[-8555.267120631333, 8399.7700302813, 1393.172787775388], [-8375.631200235071, 6913.581187847398, 1560.0], 7, 3, 2], "6": [[-8194.617871957249, -17520.68058813527, 1560.0000452553468], [-7003.289794869761, -13907.28706969033, 1560.0], 0, 1, 1], "60": [[-10393.042069365416, 7473.468547996367, 1563.2296009766637], [-9631.249818216764, 6347.402489568993, 1590.0], 8, 3, 2], "61": [[-11589.30477862503, 6408.776111074758, 1303.6784379446442], [-11311.44378017754, 5121.945300087641, 1560.0], 80, 3, 3], "62": [[-12509.29362086289, 5711.867716497504, 1440.9331747166466], [-11884.182604138581, 4758.584857150768, 1560.0], 65, 3, 3], "63": [[-13354.77087646641, 5723.963213867772, 1554.6620781413656], [-12384.763481350597, 4786.713154769051, 1560.0], 56, 2, 2], "64": [[-12626.321125242739, 6984.971290542268, 1329.1405718081141], [-11832.337730971512, 5539.108484438438, 1560.0], 37, 2, 2], "65": [[-13009.896470831462, 6903.804018022674, 1559.9998178914486], [-11856.351088821786, 5679.451507113954, 1560.0], 30, 2, 2], "66": [[-14116.953540329447, 6257.812083936135, 1389.0249117651078], [-12981.072166361906, 4966.000177707969, 1560.0], 33, 2, 2],