{"0": [[-16755.320094241273, -6953.900898766904, 1559.9999277463041], [-15461.801250355518, -6427.659174362612, 1560.0], 0, 1, 1], "1": [[-17015.739191364457, -9056.316915572032, 1760.0001033151545], [-15053.570389768514, -7889.486848690662, 1760.0], 0, 2, 1], "10": [[-7933.528175771055, -18504.945754548175, 1559.999827466799], [-6766.734086704409, -13933.217733630188, 1560.0], 20, 2, 2], "100": [[7435.5533553069745, 16388.56129961987, 1849.9998105470663], [17966.347778515927, 8825.585414533638, 1850.0], 0, 3, 1], "11": [[-1131.959227753807, -15823.711913965537, 1669.8681443038802], [-1164.237717696719, -13747.858633346741, 1560.0], 38, 3, 3], "12": [[-1337.196749728827, -14877.621896421742, 1681.6527970143354], [-1418.617570401377, -13107.068754149348, 1560.0], 59, 3, 3], "13": [[7673.754186786116, -18932.1125485677, 1409.2744070805725], [4928.248294625777, -15331.269352755651, 1560.0], 2, 3, 3], "14": [[8718.859754636182, -19586.71464483165, 1560.0001691144153], [6633.641380661819, -16198.754013944685, 1560.0], 2, 3, 3], "15": [[8142.133563082944, -21113.991965152232, 1468.678030836614], [5347.631969400258, -16659.98327768321, 1560.0], 11, 3, 3], "16": [[8184.462315395243, -17830.321979447486, 1519.0178413933754], [6023.641202828402, -15000.405133239085, 1560.0], 9, 3, 3], "17": [[7306.968404942591, -17104.079243963286, 1207.4053746862419], [4755.920219638871, -14209.959863722755, 1560.0], 12, 3, 3], "18": [[9402.336681686216, -17448.21077403211, 1475.7630854858526], [7093.108957464494, -14812.33459028688, 1560.0], 17, 3, 3], "19": [[7774.525240297399, -15933.041082681644, 1355.5546222736082], [5477.6170764477665, -13675.377748595163, 1560.0], 13, 3, 3], "20": [[7648.185574417128, -15089.854183581238, 1329.5393281640568], [5361.120728273397, -13103.059808594175, 1560.0], 12, 3, 3], "21": [[8354.680011338243, -15497.293948877785, 1241.9571522955262], [5687.837880879922, -13293.5934386011, 1560.0], 8, 3, 3], "22": [[10181.198759409854, -13078.213424724961, 1349.6428035852389], [8412.523129849118, -11737.569128153293, 1560.0], 32, 2, 2], "23": [[12406.878944789594, -13745.668028653714, 1436.9298509235664], [10174.030963392213, -12410.029004825763, 1560.0], 19, 3, 3], "24": [[12660.233717923265, -14233.758344893206, 1616.3578386694105], [12665.841120457404, -13307.583971317714, 1560.0], 26, 3, 2], "25": [[13425.195853249877, -14778.31393554935, 1524.251212923338], [12494.823309610694, -13554.797647692048, 1560.0], 59, 3, 3], "26": [[16244.88923997551, -13520.924546155187, 1618.4759273428774], [15890.886004478622, -12808.034911832872, 1560.0], 18, 3, 3], "27": [[19081.270771261774, -11438.336343265948, 1597.3650050824792], [18742.23609206971, -11120.891456379379, 1560.0], 22, 3, 3], "28": [[17213.30269805614, -10695.016143791216, 1559.999980324444], [16778.953895575847, -10383.238985017082, 1560.0], 28, 3, 3], "29": [[17190.507300063873, -8946.22405923861, 1559.9999390145242], [16259.184986960054, -8764.91650930864, 1560.0], 31, 3, 3], "3": [[-11481.273221305342, -11585.618848885084, 1560.0002777801265], [-10340.855040848686, -10193.110595393566, 1560.0], 11, 3, 2], "30": [[16553.965440031945, -10249.390112659878, 1630.3682221680353], [16225.91170894481, -10046.956244364897, 1560.0], 37, 3, 3], "31": [[16024.435963808548, -11479.619965717158, 1489.0583101554046], [15118.129717205393, -10630.931130508425, 1560.0], 50, 3, 2], "32": [[15540.906948225685, -11344.235698161554, 1420.2671403081715], [13226.243510681978, -10353.939361955203, 1560.0], 12, 3, 2], "33": [[16089.016378517355, -9576.130679909567, 1559.999559828459], [15875.599600795456, -9404.963203745887, 1560.0], 24, 3, 3], "34": [[15133.708387582965, -11236.397732281826, 1584.4134852870577], [13759.710867882035, -10571.48230006879, 1560.0], 13, 3, 2], "35": [[15083.72725329785, -11388.535601835523, 1559.9999388495091], [14307.017172246196, -10794.636651194076, 1560.0], 8, 3, 2], "36": [[14273.69867924933, -12400.74150642856, 1612.2885692149182], [14313.346236112173, -11878.148995369645, 1560.0], 40, 3, 3], "37": [[14458.490753733307, -11150.288665934759, 1559.9996771115223], [12544.311307785245, -10422.690795938732, 1560.0], 12, 3, 3], "38": [[14612.209024876374, -9395.61916603299, 1496.167026342325], [13960.288530034799, -9080.050850668878, 1560.0], 12, 3, 3], "39": [[14059.728931225583, -10272.883625925084, 1530.368426641093], [12868.614995143973, -9856.913076844037, 1560.0], 26, 3, 3], "4": [[-11973.653876657356, -10743.658435502115, 1257.5716982935683], [-11357.317516457528, -9327.211268059536, 1560.0], 26, 3, 2], "40": [[12906.224176620583, -10298.47598612625, 1347.9419036879735], [11172.269287501862, -9627.912014378157, 1560.0], 14, 3, 3], "41": [[16525.364456908872, 663.4642328014337, 1950.0002537422517], [16458.512977267117, 640.90210596754, 1950.0], 1, 2, 2], "42": [[14706.051564537904, 485.0990987360137, 1738.6950578257063], [16201.428877899505, 405.74320482198016, 1610.0], 26, 3, 3], "43": [[13461.725966087475, 1017.8008973559861, 1560.0001091878005], [14060.298493422517, 863.9530857416968, 1560.0], 34, 3, 3], "44": [[12243.297626559019, 1091.5767024491981, 1748.2026219875816], [13367.391591805073, 1038.5917263136807, 1590.0], 28, 3, 3], "45": [[12201.836732478016, 5633.448699864381, 1560.0002401848872], [12136.069297897704, 5352.286400095224, 1560.0], 23, 3, 3], "46": [[17671.938688794897, 8106.57609781045, 1730.000405111762], [16081.089641564315, 7372.425143403628, 1730.0], 2, 2, 2], "47": [[16415.28683006701, 7369.029331946048, 1790.0000673201375], [15598.612918990251, 6881.7218416476535, 1790.0], 0, 2, 2], "48": [[15809.357232458637, 7506.813572843007, 1590.000197031618], [15451.666863957133, 7126.983903973035, 1590.0], 5, 2, 2], "49": [[15704.918587676859, 8215.870427540667, 1810.0004537604416], [15124.319639690548, 7740.082357724385, 1810.0], 2, 2, 2], "5": [[-12164.389266164228, -10345.090084384467, 1118.1725949923632], [-11756.943727327483, -8920.616974107448, 1560.0], 18, 3, 2], "50": [[15135.160807009963, 7026.811072412469, 1560.0003816587669], [14867.356142239078, 6755.8039450866545, 1560.0], 14, 2, 2], "51": [[14884.223005314756, 7174.012018771091, 1690.0000777722792], [14185.985876237222, 6699.7289354454315, 1690.0], 0, 2, 2], "52": [[14456.397422238715, 7097.965917852261, 1719.9998362872464], [14715.779548690532, 6935.349671374195, 1720.0], 21, 2, 2], "53": [[14025.149389026234, 7115.383395704353, 1580.0003092754268], [13559.452186520919, 6692.265185474367, 1580.0], 0, 2, 2], "54": [[13779.882559979153, 7905.914066783784, 1559.9999060896794], [13313.385624743525, 7449.927997053133, 1560.0], 2, 2, 2], "55": [[15272.749833163298, 8695.665968006224, 1559.9997100723028], [15390.387267709082, 8459.074977562892, 1560.0], 97, 2, 2], "56": [[11866.925742948803, 7345.067554538829, 1560.0001715273966], [11018.368788249565, 6872.195276951528, 1560.0], 8, 2, 2], "57": [[12225.532884268932, 7959.059420133323, 1799.9997804143893], [11029.097079978314, 7266.331651607806, 1800.0], 5, 2, 2], "58": [[13858.062799729438, 8782.350272907866, 1650.0000912511641], [13084.924099489315, 8178.86391747276, 1650.0], 0, 2, 2], "59": [[12614.243996443725, 8879.900264131587, 1630.000162255916], [12141.742371682181, 8371.438701470075, 1630.0], 1, 2, 2], "6": [[-14366.7565570694, -5721.478981857342, 1560.0007032569608], [-13810.507617020063, -5524.281256387695, 1560.0], 9, 3, 2], "60": [[14511.448588319756, 9863.099319073703, 1559.9996654226109], [14449.984135002745, 9395.054753141078, 1560.0], 96, 2, 2], "61": [[11927.230532922405, 9094.044008413852, 1560.0000220530865], [10923.39486509218, 8361.203268915957, 1560.0], 0, 2, 2], "62": [[12100.315056330359, 9456.764834865597, 1749.999970631764], [11147.884952355156, 8713.71611491267, 1750.0], 0, 2, 2], "63": [[13357.132452113343, 8068.144195648394, 1559.999839779358], [12200.05095792834, 7394.297090412096, 1560.0], 4, 2, 2], "64": [[13299.36256247963, 6742.494578823081, 1610.00018052273], [12754.697133420588, 6387.173583482257, 1610.0], 0, 2, 2],