{"0": [[21700.158571362972, -12061.831290665345, 1559.9997393153733], [20552.80787176453, -10367.128161827082, 1560.0], 4, 2, 2], "1": [[16045.938707477835, -10998.307467427134, 1199.291672996642], [15369.124952159173, -10230.27491386769, 1560.0], 139, 3, 2], "10": [[13641.71351843427, -13167.360964172325, 1260.1985487331158], [11169.418229598356, -11720.093296684898, 1560.0], 70, 3, 3], "11": [[14832.123449975192, -13580.819001356596, 1603.68205822167], [13766.507030508905, -12692.809241573834, 1560.0], 10, 3, 3], "12": [[13249.521961880218, -14428.342393004321, 1560.000075021064], [12119.024987942783, -13151.62527778744, 1560.0], 13, 3, 3], "13": [[12771.217522873998, -13976.300367480773, 1452.986032635044], [10666.922650668115, -12548.26047937304, 1560.0], 11, 3, 3], "14": [[11827.274399793989, -13380.54490985688, 1560.000226149529], [7936.659517196936, -11694.186477973275, 1560.0], 0, 2, 1], "15": [[14076.678738293876, -16393.904712585343, 1559.9996518196758], [12467.70799313827, -14519.069785207763, 1560.0], 7, 3, 2], "16": [[20822.501816567798, -21825.032423039444, 1679.6954710011498], [17147.03938451353, -18109.444684206504, 1560.0], 34, 2, 2], "17": [[12520.98189165987, -19960.65848059111, 1326.2108567627026], [8807.525304254063, -16109.853594224807, 1560.0], 6, 3, 3], "18": [[-3322.591039158038, -15919.687893225897, 1594.809607752075], [-2838.5830991767284, -14494.082472917797, 1560.0], 19, 3, 2], "19": [[-8378.137643724034, -13069.76582845864, 1559.9999653322488], [-7639.642227144281, -11361.257717882274, 1560.0], 20, 3, 2], "2": [[16452.531774140112, -12286.243314901589, 1406.8248850029418], [15380.905883931073, -11356.288514114352, 1560.0], 66, 3, 2], "20": [[-9876.568376638354, -16500.527512509358, 1559.9998327959315], [-8395.493262084992, -12843.453197929412, 1560.0], 8, 2, 2], "21": [[-9363.031550158435, -16502.48101061195, 1560.0000964429578], [-8216.962818582324, -13211.474617781201, 1560.0], 0, 1, 1], "22": [[-10597.372284172336, -9698.165227210578, 1560.0000458394406], [-9987.197088209668, -8948.86389634301, 1560.0], 2, 3, 2], "23": [[-3184.3095349192745, -8624.443905482334, 1286.562946138283], [-4087.8443993685023, -8091.711406561908, 1560.0], 86, 3, 3], "24": [[-2158.6093306051057, -4855.5201777302345, 1392.565062963103], [-2985.576074659437, -4770.654006638697, 1560.0], 50, 3, 3], "25": [[-607.4859139481721, -2890.948117454664, 1427.2201698623528], [-1493.6016210664732, -2971.9206463659702, 1560.0], 22, 3, 3], "26": [[-7782.0745367956415, -2433.1556225451145, 1324.6779042987573], [-8458.40345165216, -2528.1620399700364, 1560.0], 83, 3, 3], "27": [[-10375.093367050331, -4101.568735944071, 1295.4006641928631], [-10780.410997134719, -4020.001848770677, 1560.0], 8, 3, 2], "28": [[-12372.484450380263, -4788.071301296999, 1559.9998279797273], [-12168.570943779237, -4694.477299166554, 1560.0], 7, 3, 2], "29": [[-12969.921919146824, -4841.972180277334, 1625.505624307503], [-12495.63898442853, -4806.33200111749, 1560.0], 24, 3, 2], "3": [[8829.011749723093, -9109.472558245352, 1323.2972680299308], [6284.25273382576, -8395.291761856679, 1560.0], 15, 3, 3], "30": [[-11033.676161995454, -6312.035094247545, 1057.2873745711306], [-11603.483351834091, -5921.144839167419, 1560.0], 53, 3, 2], "31": [[-10579.823589249609, -7047.090244077741, 963.745164576714], [-11260.82659293486, -6495.720175816261, 1560.0], 32, 3, 2], "32": [[-12655.752717237327, -6039.1875296852295, 1472.748345753078], [-12465.066062154276, -5844.768687998248, 1560.0], 90, 3, 3], "33": [[-13820.422080508459, -3507.4200640232775, 1331.135262223318], [-13829.485083321486, -3436.5579031359084, 1560.0], 11, 3, 2], "34": [[-13214.950572395199, 3429.853150494242, 1483.9840425691928], [-12794.535029604984, 2931.4721140738056, 1560.0], 73, 3, 3], "35": [[-11905.078465134047, 3628.8784333219587, 1312.1193504274363], [-11961.278815441554, 2984.091600494435, 1560.0], 128, 3, 3], "36": [[-11181.994595343042, 3889.176054118309, 1547.321000163476], [-10828.507421036511, 3508.1558250826442, 1560.0], 22, 3, 3], "37": [[-10377.201745965005, 3737.7248688550376, 1223.0881534084028], [-10741.502335127474, 3094.755052009095, 1560.0], 53, 3, 3], "38": [[-10893.741345154744, 865.2918099250068, 1183.0911667906369], [-11565.933624769843, 494.9094451829541, 1560.0], 95, 3, 3], "39": [[-7535.395156419521, 5270.401043746503, 1271.480895551053], [-8209.435579543098, 4424.077223621072, 1560.0], 32, 3, 3], "4": [[9899.855879990568, -7599.898074050141, 1422.842274761784], [8535.243297654988, -7389.172347159323, 1560.0], 32, 3, 3], "40": [[-6742.148382937078, 4787.055001207336, 1344.8856642191172], [-7073.07818457505, 4207.206009837068, 1560.0], 6, 3, 3], "41": [[-4586.142943707645, 7268.695339971722, 1398.2451757388326], [-5190.995502544658, 6274.534374644342, 1560.0], 13, 3, 3], "42": [[-462.7631409460147, 10491.973847615041, 1419.4569097299284], [-1545.425842260706, 8779.609054779477, 1560.0], 12, 3, 3], "43": [[268.6435484911855, 10079.93062602141, 1283.1316464785682], [-1668.4653407955673, 8132.414375688358, 1560.0], 34, 3, 3], "44": [[3035.3709345952143, 9713.083353192476, 1283.2371001982708], [579.5410069420329, 7961.19360150436, 1560.0], 72, 3, 3], "45": [[4045.2434771594917, 11892.299419774374, 1559.999814745189], [2603.200153393566, 10030.31503216724, 1560.0], 11, 3, 2], "46": [[-5645.401415014413, 2709.8963481347146, 1272.2698770221443], [-6605.2844246071245, 2285.7541584249325, 1560.0], 43, 3, 3], "47": [[-5184.515913274282, 2889.9261321978656, 1319.1250159691176], [-5994.165966821239, 2554.854260429155, 1560.0], 29, 3, 3], "48": [[-4187.005690944511, 11543.765475482667, 1425.275052790854], [-4789.074156213591, 9194.917307769734, 1560.0], 15, 3, 3], "49": [[-3504.5536717935906, 12268.44024624744, 1429.1738132626222], [-4069.5538752709813, 9766.77722198217, 1560.0], 17, 3, 3], "5": [[3979.05070981199, -6597.599734077335, 1343.9859419965574], [2874.4061786319803, -6387.863454989542, 1560.0], 4, 3, 3], "50": [[-5228.55481868112, 11673.759516883905, 1421.9248844286417], [-5483.795867711924, 9241.184761565055, 1560.0], 14, 3, 3], "51": [[-8572.39267314062, 11258.321736057545, 1417.3360440803785], [-8096.091309753973, 8680.469100937402, 1560.0], 28, 3, 3], "52": [[-9351.117486945512, 11345.784550263337, 1351.2989491346564], [-8961.755740791034, 8387.773976687793, 1560.0], 61, 3, 3], "53": [[-10452.634323524459, 10607.094473121282, 1639.9723376883758], [-9116.917449898649, 8418.931733999461, 1560.0], 20, 3, 3], "54": [[-10467.202785118989, 11578.580129884433, 1486.8560302464532], [-9288.570146705672, 8662.187984469505, 1560.0], 7, 3, 3], "55": [[-9636.114615370027, 12561.572065994347, 1570.7160934883611], [-8786.080036760555, 9073.235319153287, 1760.0], 5, 3, 2], "56": [[-14676.712729477746, 7658.411585471093, 1358.4265038601816], [-13051.980857576831, 5736.520319901964, 1580.0], 53, 2, 2], "57": [[-1456.0826349354552, -235.75322704906318, 1559.999662899413], [-1591.2588990566999, -259.86288128073886, 1560.0], 6, 3, 3], "58": [[14842.836251425872, -232.0279253332916, 1596.5965569819123], [14174.076610174621, -436.58449082776883, 1560.0], 22, 3, 3], "59": [[3821.868098972257, 2308.222346263124, 1396.2624763578772], [3289.13395814885, 2072.6299532663797, 1560.0], 33, 3, 3], "6": [[9873.989878165932, -5353.0665935275765, 1298.3022946172578], [8428.846332309624, -5327.001105700162, 1560.0], 14, 3, 3], "60": [[-20.404523711581895, 2540.804019876507, 1560.0000561832337], [-308.9422909089252, 2426.9014645950406, 1560.0], 15, 3, 3], "61": [[13400.722728853603, 3606.7799744742156, 1559.999973354454], [12030.87653519869, 3299.0647400024877, 1560.0], 22, 3, 2], "62": [[12254.090005342003, 4664.0915650002225, 1559.999737795652], [12453.319883927787, 4618.881762506371, 1560.0], 58, 2, 2], "63": [[12973.539961359762, 4942.226646942888, 1559.999313377318], [13085.261552930742, 4850.454233287816, 1560.0], 69, 2, 2],