{"0": [[-14499.851458126373, -6192.622188932415, 1562.9390359397125], [-13801.633524805613, -5961.97707409206, 1560.0], 13, 3, 2], "1": [[-13794.935521907128, -6096.683454809305, 1471.5364150323169], [-13415.876949620859, -5831.2421896977185, 1560.0], 12, 3, 2], "10": [[-479.8270416091727, -14960.482095321795, 1749.9998334290653], [-976.5756615129765, -12141.824628985925, 1750.0], 0, 1, 1], "11": [[7582.307658079615, -19108.050915109652, 1559.999523454474], [7642.076304456537, -18608.834831681273, 1560.0], 28, 2, 2], "12": [[8653.306541970142, -19457.42448044787, 1559.9999230825156], [8700.00291284925, -18909.01475025975, 1560.0], 5, 2, 2], "13": [[8435.300565804335, -17661.047567808375, 1560.00004216519], [8466.967055419012, -17271.188883535175, 1560.0], 16, 2, 2], "14": [[8316.879924040493, -15516.634080574475, 1266.237282385599], [8295.242397494754, -15828.124282301827, 1560.0], 21, 2, 2], "15": [[9365.813890111931, -17459.970914838643, 1559.9998035224166], [9372.761977640273, -17065.81746243143, 1560.0], 20, 2, 2], "16": [[10557.841674801924, -17419.30307672376, 1483.4066453347787], [10494.83538097419, -17118.590645675264, 1560.0], 25, 2, 2], "17": [[11202.908011059331, -17463.93553926932, 1559.999875169296], [11184.08191215031, -16984.032645922875, 1560.0], 9, 2, 2], "18": [[10428.943507498328, -22442.295950939995, 1559.99993468716], [10419.299787248467, -21314.83237835035, 1560.0], 16, 2, 2], "19": [[11942.12138489383, -22226.23174903298, 1560.0001378738843], [11842.118105567306, -20869.665346029866, 1560.0], 4, 2, 2], "2": [[-11222.120852247292, -8181.194684443094, 1560.0000043839834], [-10690.059975110267, -7739.984087961414, 1560.0], 9, 3, 2], "20": [[13058.05399050223, -19163.630182402685, 1559.9997743055965], [12914.83655766525, -18206.76230509297, 1560.0], 6, 2, 2], "21": [[12248.548714860479, -18168.85584278661, 1560.000191806559], [12198.810497466417, -17459.607837626223, 1560.0], 9, 2, 2], "22": [[9100.75749769957, -29718.56137938492, 1750.0000295930051], [6197.950509141875, -20438.5335856942, 1750.0], 0, 1, 1], "23": [[9656.740087288925, -34881.036726613434, 1749.9999450992236], [6396.954445775325, -24068.197132560425, 1750.0], 0, 1, 1], "24": [[9946.830824179155, -14402.022404172198, 1750.0000362926364], [9993.944956034613, -14167.96182803295, 1750.0], 0, 1, 1], "25": [[11203.769477549624, -15738.85100689807, 1749.9998655754443], [11215.817099298101, -15306.04531628578, 1750.0], 0, 1, 1], "26": [[11660.525620203194, -14480.835623827428, 1750.0000264275395], [11657.406866298972, -14072.640368424822, 1750.0], 0, 1, 1], "27": [[12852.527331913823, -10186.264985957852, 1430.1484733533239], [11221.077320186507, -9535.957532346729, 1560.0], 14, 3, 3], "28": [[14105.22116458706, -10190.577756970739, 1559.9998679697703], [13563.382085049032, -9775.617867708826, 1560.0], 12, 3, 3], "29": [[14774.786529633278, -9456.634414908302, 1546.1592057696441], [13903.359686761769, -9180.794370799673, 1560.0], 22, 3, 3], "3": [[-11609.425578366483, -12265.275694170085, 1605.895614222677], [-10181.141850924841, -10673.215388659099, 1560.0], 11, 3, 2], "30": [[13708.096984467455, -12594.899234034414, 1560.000402646945], [12957.630217226386, -11865.844364146362, 1560.0], 21, 3, 3], "31": [[14147.062546090192, -12106.770420290013, 1637.5979633769302], [13770.917377989064, -11643.211115141163, 1560.0], 51, 3, 3], "32": [[15572.003390050853, -10438.195333993664, 1463.1160299312128], [15495.191916622065, -10026.950464123485, 1560.0], 78, 3, 3], "33": [[15459.636704066997, -10334.45575964743, 1543.960276834565], [16160.302409362785, -10150.757583244364, 1560.0], 72, 3, 3], "34": [[16047.68426657307, -10333.371930154453, 1115.9461408173706], [16778.953895575847, -10383.238985017082, 1560.0], 30, 3, 2], "35": [[15862.426402019846, -11738.288531118766, 1516.7887828669911], [14367.059813485788, -10697.94027958334, 1560.0], 28, 3, 3], "36": [[17262.06835188929, -10626.190604102503, 1563.413941437753], [17556.406555502173, -10410.504647596357, 1560.0], 33, 3, 3], "37": [[17005.203368385795, -11577.391090019031, 1666.8686961366086], [16305.496101055249, -11101.26896427225, 1560.0], 11, 3, 3], "38": [[16042.170678715169, -13698.075431329622, 1606.7463859526915], [15113.556222607196, -12829.471167182486, 1560.0], 15, 3, 3], "39": [[18692.35454588537, -11510.122691181437, 1628.8617706427112], [19434.98637567301, -11381.13213824082, 1560.0], 52, 3, 3], "4": [[-11914.304746917607, -11895.272280578134, 1232.7873243080135], [-11130.792057015879, -9989.480818540405, 1560.0], 13, 3, 2], "40": [[19466.05893672757, -10723.261710870222, 1800.0001390316834], [18633.048551366974, -10114.8769138027, 1800.0], 20, 2, 2], "41": [[21456.297272206164, -9001.043194652182, 1560.0003290513496], [20962.486301142548, -9220.096689814902, 1560.0], 13, 2, 2], "42": [[24762.37351031015, -11040.73216997673, 1749.999917418829], [22854.671571763276, -8932.079281677541, 1750.0], 0, 1, 1], "43": [[16567.86303383925, 816.7844862486319, 1950.0000968968714], [16514.588988888983, 770.5736593122059, 1950.0], 2, 2, 2], "44": [[14763.966285013614, 379.9797624399674, 1716.3218821322782], [16148.468560128216, 277.35321044719234, 1610.0], 17, 3, 3], "45": [[13342.90536296948, 989.4219375044514, 1575.0744240250951], [14060.298493422517, 863.9530857416968, 1560.0], 22, 3, 3], "46": [[12124.602523486967, 1070.2581646260314, 1673.5165530751603], [13367.391591805073, 1038.5917263136807, 1590.0], 11, 3, 3], "47": [[16905.790466604536, 7643.5525204863225, 1750.0003938294533], [16597.776769169275, 7238.375390058407, 1750.0], 9, 2, 2], "48": [[16340.346512622442, 7187.978388369595, 1799.9998962536279], [15496.620964490878, 6734.759775729913, 1800.0], 0, 2, 2], "49": [[16472.09932022429, 8571.0082813669, 1920.0004741316118], [15930.229261749175, 8043.618850549608, 1920.0], 5, 2, 2], "5": [[-11902.124836788202, -11547.649841493296, 1100.1051801252836], [-11341.834629629147, -9686.336961518968, 1560.0], 16, 3, 2], "50": [[22777.274174943515, 10110.20007614452, 1559.9999865332638], [21345.912113152594, 9328.670166966162, 1560.0], 0, 2, 1], "51": [[15985.00379951726, 8473.12168327003, 1839.9999070406504], [15689.63551619536, 7997.51458290974, 1840.0], 4, 2, 2], "52": [[15216.064508768708, 7178.596591472433, 1559.999781455165], [13590.259159891264, 6468.845371344052, 1560.0], 8, 2, 2], "53": [[19117.392050856233, 10517.676387023044, 1609.9998368009738], [17395.69516193001, 9486.685618558302, 1610.0], 0, 2, 1], "54": [[14532.106044484859, 7140.313359472349, 1559.9999780329442], [13666.87963977987, 6720.412945261741, 1560.0], 0, 2, 2], "55": [[14098.231313044476, 7166.806976025199, 1630.000032605077], [13954.085669474125, 6892.747301023078, 1630.0], 5, 2, 2], "56": [[13804.696268641426, 7758.233562030104, 1700.0001744423457], [13138.075466679567, 7266.030839734684, 1700.0], 1, 2, 2], "57": [[14871.676003644807, 8707.321141147884, 1740.0002147347998], [14377.623230835734, 8159.424444734835, 1740.0], 3, 2, 2], "58": [[15390.746210131423, 9405.25385432546, 1900.0000619035006], [15705.895828195147, 9088.760717023295, 1900.0], 27, 2, 2], "59": [[13416.4573300906, 9485.381343631569, 1709.9994731950615], [13006.992141589244, 8942.949796339342, 1710.0], 3, 2, 2], "6": [[-12430.620843803108, -12510.30499331049, 1647.3518287284035], [-10685.320276132741, -10754.93298988278, 1560.0], 17, 3, 2], "60": [[12770.042369832761, 7467.986639392781, 1759.9998827445424], [11632.731539152823, 6881.203926541366, 1760.0], 5, 2, 2], "61": [[11055.447366763672, 8949.277646428949, 2014.2611191680328], [11681.839035177207, 8787.33735732674, 1640.0], 18, 3, 2], "62": [[12054.902003779122, 8235.829171504749, 1462.4092966919497], [12302.686722136521, 7757.998442912746, 1560.0], 59, 3, 3], "63": [[15394.361038639612, 9385.087159225488, 1669.9999771470718], [14268.026507810957, 8615.08811882743, 1670.0], 0, 2, 2], "64": [[10723.051160864481, 9738.842176031832, 1799.9999485409792], [9422.133668798775, 8591.91250349812, 1800.0], 25, 3, 3],