{"0": [[-11076.57470020575, -2354.0890187917535, 1407.9554420646061], [-11276.941666566334, -2364.988657987202, 1560.0], 10, 3, 2], "1": [[-8696.49513094388, 7051.083173101861, 1400.4974527658192], [-8546.32425156557, 6034.695187941016, 1560.0], 60, 3, 3], "10": [[-12386.166530149958, -14169.426383785049, 1560.0001254328133], [-10495.51723886686, -11458.383659012805, 1560.0], 3, 2, 2], "11": [[-13353.279220750816, -11538.517354755375, 1559.9996891965673], [-11804.145959360761, -9927.310385969802, 1560.0], 3, 3, 2], "12": [[-13088.133611863455, -10664.532564335095, 1696.1270670424174], [-11536.03899461631, -9601.7979073156, 1560.0], 14, 3, 2], "13": [[-7460.1065348024185, -14600.705135737913, 1218.5373703351397], [-7394.954797084061, -12304.613094299622, 1560.0], 97, 3, 2], "14": [[-10634.228289408618, -7881.847716261227, 1559.9998815822594], [-10261.52696323882, -7500.29656537347, 1560.0], 6, 3, 2], "15": [[-11318.40671187482, -6871.99049891367, 1560.000055123288], [-10959.036148016357, -6628.379242087991, 1560.0], 2, 3, 2], "16": [[-12070.3276458912, -6622.572137677627, 1516.2886281514877], [-11760.845765888684, -6371.486598805138, 1560.0], 16, 3, 2], "17": [[-12700.282407152252, -5961.886820792142, 1405.1877648754141], [-12523.91587536487, -5726.841720167838, 1560.0], 9, 3, 2], "18": [[-14279.89246113404, -5547.6004246585735, 1452.269135889156], [-13906.405406348205, -5317.866043093561, 1560.0], 10, 3, 2], "19": [[-14760.454650739199, -6103.261352980187, 1559.9999191076904], [-14118.337118934043, -5847.3034971647185, 1560.0], 8, 3, 2], "2": [[-7415.246679495228, 11346.091787413574, 1315.892930316579], [-7380.265919698382, 8746.848928192141, 1560.0], 63, 3, 3], "20": [[-12729.234023560855, -7763.781002779801, 1559.156411737953], [-12104.229781443433, -7338.253279436236, 1560.0], 25, 3, 2], "21": [[-13080.328264570739, -8102.229911873727, 1559.9998680789656], [-12345.395489084258, -7571.193559493195, 1560.0], 3, 3, 2], "22": [[-13431.557411996017, -7296.533043379708, 1560.000067891165], [-12761.10667706232, -6916.634191850243, 1560.0], 3, 3, 2], "23": [[-14647.048779693785, -7358.587382800005, 1430.2517013314869], [-13940.881588887974, -6801.85847554854, 1560.0], 12, 3, 2], "24": [[-13935.023236677243, -8230.678658252551, 1560.000346235918], [-13002.514682172263, -7636.3156189981, 1560.0], 3, 3, 2], "25": [[-15140.345667515887, -7948.22019574183, 1560.00003401044], [-14020.85393204103, -7331.939721241929, 1560.0], 0, 3, 2], "26": [[-15909.02682238115, -7446.377808039588, 1560.0001957138154], [-14696.863208210343, -6891.29716679858, 1560.0], 6, 3, 2], "27": [[-15734.487457914815, -6733.843997910144, 1471.6926060584515], [-14865.035162292337, -6259.285099897373, 1560.0], 12, 3, 2], "28": [[-14559.76706876667, -9037.466621414555, 1656.3551006947996], [-13198.092653030102, -8246.952828157231, 1560.0], 16, 3, 2], "29": [[7516.7911643210755, -21331.34045978407, 1173.0835490754907], [3309.510595828298, -15964.01189804179, 1560.0], 16, 3, 3], "3": [[-7738.4005821457795, 10701.701850617093, 1099.6297091141037], [-8147.958769203851, 8012.523539334794, 1560.0], 61, 3, 3], "30": [[10753.294791907594, -21539.029833054898, 1559.9996786254837], [4229.300645495739, -18052.36008503643, 1560.0], 0, 3, 1], "31": [[11700.53919959192, -23334.100192795297, 1441.4713395725685], [6731.049941425878, -17365.12199595494, 1560.0], 32, 2, 2], "32": [[8781.342250510159, -19528.79549418896, 1380.341586106734], [5618.494202802854, -15624.107642635594, 1560.0], 4, 3, 3], "33": [[7860.619909771733, -19463.596361111184, 1114.943183760098], [4171.687003446316, -15210.049317916038, 1560.0], 18, 3, 3], "34": [[7796.610608519258, -17060.143792930812, 980.1481815238377], [4517.303344416705, -13903.264947263979, 1560.0], 36, 3, 3], "35": [[7652.2270577625295, -16222.792435246152, 933.7173407035389], [3723.400098194437, -13177.519417698639, 1560.0], 35, 3, 3], "36": [[7802.902497095875, -16190.152189836645, 1207.5405403060186], [5804.170331863895, -13870.287209795044, 1560.0], 73, 3, 3], "37": [[8408.67284316726, -15825.991838537464, 1038.6221415612665], [4941.214200870806, -13107.462788599467, 1560.0], 34, 3, 3], "38": [[9343.02795500501, -16743.775760953922, 1166.6414115120608], [7019.311078714007, -14157.3440515654, 1560.0], 66, 3, 3], "39": [[10064.48330904759, -15949.011036042597, 1093.4230951540576], [6548.249813643592, -13356.239426725087, 1560.0], 11, 2, 2], "4": [[-6256.265266004582, 14701.993973176559, 1201.704861738351], [-6471.809732883784, 10378.285296902692, 1560.0], 29, 3, 3], "40": [[10481.29521317323, -14935.90128846839, 1310.0701543779098], [8170.28377736606, -13064.336186247245, 1560.0], 14, 3, 3], "41": [[9935.394710301702, -13336.191112524, 1162.9153510947945], [6588.375423557848, -11570.54852868191, 1560.0], 8, 2, 2], "42": [[9225.260771030502, -14518.92300482915, 998.496644413365], [5775.843920384708, -12305.172052062895, 1560.0], 12, 2, 2], "43": [[15023.76257126463, -17376.1169334581, 1560.0000651712037], [13277.084133566002, -15264.410908210672, 1560.0], 18, 3, 3], "44": [[21948.352857923543, -19917.84411668801, 1674.4332191927879], [18454.942701033062, -16862.432344640565, 1560.0], 35, 2, 2], "45": [[13190.598716072878, -12751.787768756449, 1560.0006081001086], [12901.038196955857, -11954.799328136305, 1560.0], 20, 3, 2], "46": [[15191.702148463699, -13996.134204185542, 1237.6980130638635], [12070.44749284148, -12248.8337015535, 1560.0], 16, 3, 2], "47": [[14462.135741877093, -13228.91440605583, 1119.0466941455372], [12844.54212019571, -12043.289891465773, 1560.0], 109, 3, 3], "48": [[13469.561298936065, -12526.392922388533, 1508.1784688979192], [10305.45824059441, -11212.965098305638, 1560.0], 28, 3, 3], "49": [[12949.797474862065, -12795.6219738564, 1559.9999841116044], [11641.349481595831, -11939.016770681565, 1560.0], 37, 3, 3], "5": [[-13596.98066520789, 5969.485510709152, 1179.4982934069155], [-12871.995783209934, 4637.312668485307, 1560.0], 20, 2, 2], "50": [[12454.245616644288, -12257.224696552785, 1461.413007176595], [10305.45824059441, -11212.965098305638, 1560.0], 21, 3, 3], "51": [[13036.969809353079, -10631.600010942877, 1307.0394194565001], [9487.90976229174, -9680.643246303805, 1560.0], 57, 3, 3], "52": [[15364.153826393705, -12106.643177059677, 1534.8176785712146], [14067.788797959125, -11176.59500648392, 1560.0], 24, 3, 2], "53": [[15038.854497597262, -10599.182372330366, 1217.1687830217954], [12303.465622056448, -9746.85611986723, 1560.0], 53, 3, 3], "54": [[15108.494462981074, -10479.114365021098, 1592.5430325489936], [16094.791895830313, -10254.043564217805, 1560.0], 39, 3, 2], "55": [[16695.027361865563, -10270.891226541575, 1249.2045278204632], [13846.505662171536, -9281.07880931453, 1560.0], 59, 3, 3], "56": [[17263.138029009002, -9824.919071144406, 1517.4206143871236], [15875.599600795456, -9404.963203745887, 1560.0], 22, 3, 3], "57": [[17759.917234957287, -12254.972943444116, 1179.1738333685357], [16094.791895830313, -10254.043564217805, 1560.0], 73, 3, 2], "58": [[14087.628914700113, -2479.0088441450944, 1559.9998799439916], [14502.860065040311, -2687.5619740094503, 1560.0], 39, 3, 3], "6": [[-13928.857137703806, 7597.470355264078, 1470.794809867317], [-12401.46971391585, 5967.975501559162, 1560.0], 13, 2, 2], "61": [[7632.201935848077, 9822.164188083367, 1181.49132326675], [5082.327846739212, 8256.571300425196, 1560.0], 37, 3, 3], "62": [[7530.437098973213, 11022.788283586102, 1378.2158744504627], [4936.850474836502, 9172.051066431373, 1560.0], 71, 3, 3], "63": [[6397.163999445016, 11530.33212857374, 1195.5168937480562], [3684.937285457088, 9445.127024859197, 1560.0], 45, 3, 3], "64": [[5811.443267558646, 12880.400622504152, 1559.9998307086787], [1887.3585863827977, 9254.946429111906, 1560.0], 0, 3, 1], "65": [[6528.278853106404, 13064.195336594985, 1303.104560258171], [3922.935419560178, 10614.48462432586, 1560.0], 27, 3, 3],