{"0": [[-14732.626537639042, -6041.9570137459295, 1559.9999385616982], [-14076.261914846826, -5807.010835235874, 1560.0], 3, 3, 2], "1": [[-14191.899909043059, -6135.362123220379, 1559.9998923770843], [-13613.741497118112, -5883.493435799277, 1560.0], 5, 3, 2], "11": [[-9272.784547562847, -17159.988964697583, 1560.0000585963844], [-3801.381384692518, -14459.774746790306, 1560.0], 0, 1, 1], "12": [[-9076.054909873275, -19480.50157281531, 1560.0000081653466], [-3935.8942739848567, -14349.112838961699, 1560.0], 0, 1, 1], "13": [[-2415.9557371668516, -15513.334134002002, 1628.793044380583], [-2648.169273645705, -13336.741343310641, 1560.0], 146, 3, 3], "14": [[7751.136734372438, -18652.0029972834, 1560.000242007357], [5691.471189340138, -15513.879412850301, 1560.0], 2, 3, 3], "15": [[9355.469633935722, -17658.232080495567, 1141.0824523310691], [5952.785620685527, -14378.573304455058, 1560.0], 20, 3, 2], "16": [[8321.497112875357, -17522.94412592292, 1338.809804614099], [5806.767142647497, -14620.079092143218, 1560.0], 5, 3, 3], "17": [[9511.708129920838, -16975.161311445772, 1703.1598291519092], [8073.00000809829, -14862.932237431734, 1560.0], 17, 3, 3], "18": [[9021.032469523236, -15540.823324495475, 1378.6735753699986], [6939.094799723315, -13489.884237068789, 1560.0], 5, 3, 3], "19": [[8574.947027629323, -14402.135961713318, 1336.2134583339002], [6079.265940823864, -12561.816942882158, 1560.0], 12, 3, 3], "2": [[-12061.836300387824, -6970.765232290631, 1731.5833382022804], [-11374.336444073586, -6779.294076134091, 1620.0], 10, 3, 2], "20": [[7962.474482260515, -16152.214607254291, 1423.6215310202024], [5804.170331863895, -13870.287209795044, 1560.0], 2, 3, 3], "21": [[8170.4697093034965, -16916.27615557136, 1473.2034910673767], [5989.469993358936, -14317.320798080384, 1560.0], 5, 3, 3], "22": [[8145.289711190171, -20314.610037821447, 1468.5389769182711], [5329.656461132932, -16051.019500536922, 1560.0], 54, 3, 3], "23": [[10962.655791073581, -26155.29135800744, 1559.9999784682182], [6506.8068661924035, -18755.647257580116, 1560.0], 2, 2, 2], "24": [[9803.513625238083, -28694.829808464885, 1559.9996436011106], [5254.525003603944, -19420.97711785936, 1560.0], 54, 2, 2], "25": [[8296.765727252407, -24879.37224079943, 1749.9998905062612], [5919.36877226542, -17980.56844602556, 1750.0], 0, 1, 1], "26": [[10148.794434726222, -29332.450451144985, 1749.9997765398282], [7090.092489572919, -20521.18608051212, 1750.0], 0, 1, 1], "27": [[9565.885857966028, -30616.09743769698, 1750.0000594078317], [6548.770054243952, -21335.733530570298, 1750.0], 0, 1, 1], "28": [[9943.206253649783, -13304.836797708738, 1359.7048235488026], [7855.280216856073, -11846.28166262304, 1560.0], 17, 2, 2], "29": [[11112.57907277, -18763.45313307294, 1651.4367192590719], [9391.2311311069, -16097.423348391705, 1560.0], 13, 3, 3], "3": [[-13606.372027524088, -9149.627830401421, 1382.6441541249822], [-12761.374536415868, -8207.17223692722, 1560.0], 11, 3, 2], "30": [[13316.399239062903, -18137.99551848494, 1286.8759169949299], [10511.436501526974, -15416.682777130844, 1560.0], 56, 3, 3], "31": [[17608.76035241963, -24040.93069023446, 2004.951233818447], [15287.379911129803, -19704.99589895149, 1560.0], 29, 2, 2], "32": [[22222.585485933978, -18415.702927352424, 1560.000070018247], [18474.274333567315, -15867.91711153897, 1560.0], 10, 2, 2], "33": [[24157.733015183232, -20395.604929040266, 1750.0000916833012], [13922.321134732852, -8362.845484096584, 1750.0], 0, 1, 1], "34": [[17173.315603058174, -11136.019986694559, 1560.0000347166906], [15833.752791231314, -10662.041299409319, 1560.0], 23, 3, 3], "35": [[21979.109726389655, -10827.579070670223, 1750.000017751951], [20873.83889217917, -9308.418034423126, 1750.0], 0, 1, 1], "36": [[15161.312626401352, 1451.2819680645384, 1599.9998679261419], [15336.877069816373, 1453.8306453109963, 1600.0], 13, 2, 2], "37": [[15834.001565659733, 7099.271071615236, 1730.0007507417852], [15209.663927633657, 6682.771168957547, 1730.0], 2, 2, 2], "38": [[15093.721962612504, 6908.195334550311, 1799.9999249427522], [14141.106829530023, 6434.434812891801, 1800.0], 2, 2, 2], "39": [[14586.623612527263, 7004.175959449168, 1649.9998922849647], [14408.189524276699, 6757.004036533974, 1650.0], 5, 2, 2], "4": [[-13657.604102243928, -11615.083542929919, 1559.9998120987705], [-12021.35069439673, -9925.207480948931, 1560.0], 11, 2, 2], "40": [[14418.094923633467, 8425.180312525727, 1600.0006459071835], [13827.895104443514, 7923.3770590390695, 1600.0], 3, 2, 2], "41": [[13667.308083405464, 7187.668227516892, 1930.0001338768873], [12350.055903404023, 6579.685469483868, 1930.0], 8, 2, 2], "42": [[13600.674380461416, 7161.338516327199, 1560.0015413603328], [13705.071546242574, 6846.433001241246, 1560.0], 18, 2, 2], "43": [[12834.818434654235, 7621.305950826324, 1481.936419940276], [11566.523267423952, 7010.238539257008, 1560.0], 27, 2, 2], "44": [[12636.164254297293, 8028.935215181621, 1689.9999199915383], [11597.182003519918, 7436.061575699319, 1690.0], 2, 2, 2], "45": [[12090.172443061563, 7004.34738418296, 1709.9999874333048], [11824.26866128316, 6715.3045173018645, 1710.0], 1, 2, 2], "46": [[10812.823078388294, 9312.546784983439, 1998.235824064772], [9676.153794767632, 8805.064582000627, 1650.0], 155, 3, 3], "47": [[10105.7639817588, 9152.855128828174, 1694.7416346737327], [9813.088636683367, 8649.399844820075, 1610.0], 6, 3, 3], "48": [[9336.985281386531, 11204.178122162835, 1371.2401333281061], [8095.47106401773, 9788.852611675457, 1560.0], 24, 3, 3], "49": [[6707.728781632966, 11095.808519672562, 1477.7424261338247], [4648.460349495738, 9407.411794703068, 1560.0], 22, 3, 3], "5": [[-12727.893943331663, -11980.438043044434, 1559.9999782667485], [-11240.77057116203, -10271.641704694084, 1560.0], 0, 3, 2], "50": [[9013.34939763073, 12155.162025520392, 1671.9371478664305], [5009.831140368895, 9571.483631100355, 1840.0], 88, 3, 2], "51": [[5725.096256201907, 12436.792534789694, 1260.2336498104598], [3528.136700494764, 10197.48504080246, 1560.0], 22, 3, 3], "52": [[6298.516451306438, 12143.592677735613, 1344.0631735523164], [4124.624085807332, 10041.46831183537, 1560.0], 16, 3, 3], "53": [[11582.291317872421, 10041.388518449423, 1559.9996583340624], [9635.167189968553, 8913.301856433733, 1560.0], 14, 2, 2], "54": [[-7729.9676158645525, 12405.908895076022, 1445.6050214423979], [-7343.720275930679, 9381.597542642316, 1560.0], 23, 3, 3], "55": [[-7779.491006327095, 11742.962657460223, 1478.1581815605048], [-7647.072241598809, 8940.109541950862, 1560.0], 150, 3, 3], "56": [[-7911.135505086461, 10268.379047589193, 1399.7128042188335], [-7595.661660594037, 8231.877953149067, 1560.0], 14, 3, 3], "57": [[-8733.793224193672, 8393.526709851103, 1536.6120574872211], [-8467.042489084573, 6946.765983519796, 1560.0], 67, 3, 3], "58": [[-10077.069094302762, 7098.546552689907, 1521.505075141142], [-9654.570964297673, 5985.191524202119, 1560.0], 79, 3, 3], "59": [[-10993.478140656292, 5953.739546962216, 1427.1430259545843], [-10634.022544417896, 5019.759043008885, 1560.0], 29, 3, 3], "6": [[-12705.810734044837, -10972.432096530256, 1560.000370180599], [-11406.318493989675, -9675.779747814076, 1560.0], 15, 3, 2], "60": [[-10732.47936732293, 6999.620894643495, 1420.6457800481019], [-10339.555934403685, 5752.352515269541, 1560.0], 68, 3, 3], "61": [[-11451.471321241987, 6341.549634224541, 1560.0000395823504], [-10690.604418210121, 5477.024949551345, 1560.0], 25, 3, 2], "62": [[-12294.86376604369, 4815.421772234953, 1413.269137066834], [-11966.52577742332, 4026.9400866269184, 1560.0], 126, 3, 3], "63": [[-12293.843190091942, 5906.977389549543, 1337.8097900709695], [-11884.182604138581, 4758.584857150768, 1560.0], 100, 3, 3], "64": [[-12815.76437913532, 5792.849932665451, 1559.9998120416562], [-11912.151471458752, 4908.930623530984, 1560.0], 20, 2, 2], "65": [[-13503.176706314178, 5435.196180718839, 1198.852728730604], [-12954.440176448132, 4259.450031558104, 1560.0], 24, 2, 2],