{"0": [[-8747.620942376372, -17533.410132726327, 1500.5925851014517], [-7616.593781464355, -13341.637058242872, 1560.0], 13, 2, 2], "1": [[-10450.24704400173, -13210.134735368423, 1502.9323789544844], [-9445.407687465597, -11128.064054508102, 1560.0], 12, 3, 2], "10": [[-15659.089132601772, -5511.656487094381, 2051.942710033414], [-14423.22177739943, -5520.119267571715, 1560.0], 10, 3, 2], "11": [[-12083.229469969538, 6014.418468610979, 775.8870067820123], [-12367.599292503102, 4350.139766256386, 1560.0], 77, 3, 2], "12": [[-12106.911294815243, 7278.389061608668, 1122.1488462809052], [-11722.80861938886, 5513.258463413926, 1560.0], 45, 2, 2], "13": [[-13411.69025336144, 6964.179863304867, 1226.8409963152621], [-12515.556236552009, 5333.513711450457, 1560.0], 11, 2, 2], "14": [[-13486.296471112873, 7319.904221950487, 1241.9258517832025], [-12515.054566992734, 5532.3500797692595, 1560.0], 39, 2, 2], "15": [[-15319.190270185518, 5068.04239868178, 1560.000050142791], [-13865.126559129361, 4216.323126426623, 1560.0], 0, 2, 1], "16": [[-9693.244138974032, 10879.1764208389, 1142.6095801179147], [-9472.720458332324, 7931.11837903429, 1560.0], 86, 3, 2], "17": [[-8281.96747721888, 11342.949598317558, 1456.3349563529343], [-8882.590166919194, 8006.299681718558, 1560.0], 47, 3, 2], "18": [[-8120.94046441948, 10948.77436530607, 712.4195611782237], [-8962.200716414023, 7653.241914049667, 1560.0], 12, 3, 2], "19": [[-7876.485066294766, 12772.894334826664, 1064.6178985996416], [-8222.949769122728, 8933.93006239232, 1560.0], 69, 3, 3], "2": [[-11604.50026326928, -9554.81755388005, 1771.6912788911468], [-10498.442509167573, -8944.230079688059, 1610.0], 29, 3, 3], "20": [[7717.532196691453, 9772.619754016385, 1248.5697661254617], [3990.501038083838, 7876.991147913762, 1560.0], 133, 3, 3], "21": [[9299.987726188407, 11283.974207704896, 1600.7261609690977], [7581.203700912207, 9694.156793588027, 1580.0], 103, 3, 3], "22": [[9182.825585031456, 10537.299437850468, 1559.9994667693418], [7140.096038839007, 9160.384815245669, 1560.0], 24, 3, 2], "23": [[10313.537435349557, 10194.867819832263, 1559.9999346850068], [7380.807184771453, 8479.82495039378, 1560.0], 138, 3, 3], "24": [[10126.52106219659, 9095.989389196842, 1295.9112010606248], [7257.33023793914, 7959.507802414347, 1560.0], 93, 3, 3], "25": [[9163.25899355596, 8418.622763805944, 1344.7528451441824], [6707.084620550778, 7312.664474986066, 1560.0], 98, 3, 3], "26": [[16830.93649328644, 7710.966416847149, 1559.9994748908778], [14948.852121810472, 7016.112173595454, 1560.0], 15, 2, 2], "27": [[10348.872109132428, 3629.7560593900885, 1346.7372848769903], [8543.461809947996, 3186.0584420203772, 1560.0], 42, 3, 3], "28": [[15023.68268696447, 5444.358901086203, 1478.129707894473], [13124.497753231375, 4973.837387464543, 1560.0], 20, 2, 2], "29": [[13516.780789538268, 1180.5571945069657, 1404.05023957184], [11724.405176181835, 787.2592517060685, 1560.0], 100, 3, 3], "3": [[-14277.223635612763, -8145.487046740939, 1560.0000146144798], [-13254.440938505168, -7567.142189091862, 1560.0], 4, 3, 2], "30": [[16654.608227648674, -9713.03882958835, 1246.6507548497277], [12161.232702466225, -8880.093799782833, 1560.0], 62, 3, 3], "31": [[18731.170721862105, -11572.598890283067, 1516.6494775117628], [16440.224945583876, -10898.761989460922, 1560.0], 72, 3, 3], "32": [[14472.3075733565, -12558.510136724957, 1367.332261650552], [13711.837248126707, -11735.094300439148, 1560.0], 72, 3, 3], "33": [[16445.523400755163, -14269.0051087912, 1335.1209749929433], [13766.507030508905, -12692.809241573834, 1560.0], 76, 3, 3], "34": [[12934.080668772194, -16805.635025185482, 1315.5467409019684], [8645.847322204765, -13987.989556192659, 1560.0], 22, 3, 3], "35": [[10032.540687097171, -13341.830628213826, 1368.7906704230243], [7855.280216856073, -11846.28166262304, 1560.0], 8, 2, 2], "36": [[7430.969867241833, -18803.81408286726, 1181.615616187589], [3947.754590044296, -14914.823079611022, 1560.0], 3, 3, 3], "37": [[9727.385071090415, -19041.243410423893, 1011.3714500121457], [5912.233993981169, -15174.744544333867, 1560.0], 10, 3, 3], "38": [[9956.140293486174, -18360.42359524441, 1450.3228978198515], [7283.869083172327, -15272.862729439452, 1560.0], 12, 3, 3], "39": [[11938.210963532614, -20078.207668436116, 1496.830363850124], [9543.840630010807, -16646.3349733433, 1560.0], 33, 3, 3], "4": [[-15291.984255185132, -8214.662170714191, 1559.9995526759908], [-14080.221320985256, -7509.459801318346, 1560.0], 14, 2, 2], "40": [[10665.184236720934, -26795.130522758736, 1560.0001335738218], [5577.500169064688, -18640.648156739622, 1560.0], 25, 2, 2], "41": [[-16559.810758850872, -7664.490378866356, 1559.9996547248882], [-15121.732225488024, -6996.055194574935, 1560.0], 0, 2, 1], "42": [[-8919.767851082963, -20468.983550885714, 1829.9999542231408], [-4060.6447206685866, -13985.616820285193, 1830.0], 0, 1, 1], "43": [[-8117.8388602814175, -19618.248246613028, 1559.9997473129513], [-3565.0285699077003, -14636.396734916612, 1560.0], 0, 1, 1], "44": [[-13495.42762253185, -8650.790865949013, 1750.000192801051], [-8244.91164613392, -5536.873509165486, 1750.0], 0, 1, 1], "45": [[-15071.105554731297, -7604.9010506403765, 1750.0000686319815], [-8960.90962643803, -4721.132432602613, 1750.0], 0, 1, 1], "46": [[13304.747129273424, -12742.739902156445, 1488.17871894777], [10708.416463062727, -11506.18793997296, 1560.0], 10, 3, 3], "5": [[-12987.611116375609, -8044.64896800016, 1554.4075534560634], [-12346.613969662387, -7510.954168696949, 1560.0], 24, 3, 2], "6": [[-9392.907589911842, -8858.458380045457, 1203.0580471065762], [-9756.519839401524, -8028.498658581579, 1560.0], 60, 3, 2], "7": [[-10735.895038013536, -7951.833833631191, 1555.8688235652987], [-10349.84245033586, -7542.736631954479, 1560.0], 9, 3, 2], "8": [[-11931.1504961586, -6898.563663366174, 1557.9353268408152], [-11557.864211598288, -6612.903366076218, 1560.0], 10, 3, 2], "9": [[-12325.425691341967, -6567.382465523131, 1425.0767842656965], [-12158.198025308715, -6243.150935507775, 1560.0], 10, 3, 2]}