{"0": [[-14764.346427172715, -5591.751065663292, 1467.891792846989], [-14304.337015168043, -5338.497422313207, 1560.0], 22, 3, 2], "1": [[-14059.214745253901, -5908.8088781780325, 1514.7236124803717], [-13567.488793519467, -5691.303365190795, 1560.0], 14, 3, 2], "10": [[-5485.924037731074, -14963.621129152196, 1370.5196169348449], [-5732.196929203391, -12737.194760886334, 1560.0], 47, 3, 2], "11": [[8087.57034068609, -20258.473563371215, 1424.5412724222863], [4955.172414133808, -15952.452108530077, 1560.0], 19, 3, 3], "12": [[7727.546933486384, -18585.05392960385, 1560.0001924797446], [5340.2301343681365, -15366.46766730192, 1560.0], 4, 3, 3], "13": [[8337.177815000063, -17619.573359476773, 1367.2337316744106], [5770.442907453985, -14679.581075590166, 1560.0], 13, 3, 3], "14": [[9681.268796877821, -17556.54799782373, 1103.9190285585632], [6026.226004353884, -14255.717239187301, 1560.0], 16, 3, 2], "15": [[9457.892267028394, -16910.5536373027, 1559.9999644020686], [7701.328330783782, -14645.163346198291, 1560.0], 8, 3, 3], "16": [[9071.895868813112, -15494.190155927488, 1323.1728585294554], [6978.1551820544755, -13422.439012175071, 1560.0], 17, 3, 3], "17": [[8449.547278186834, -14455.399323017455, 1410.4905764573414], [6424.2722641455875, -12753.772429185941, 1560.0], 18, 3, 3], "18": [[7678.190160127519, -16414.961012100728, 1560.0000082274084], [6361.931286738457, -14458.17965684558, 1560.0], 30, 3, 3], "19": [[7532.217274748162, -16249.71093101169, 1175.0021153993016], [5055.944017530366, -13669.944844813466, 1560.0], 18, 3, 3], "2": [[-12095.83049294103, -6517.5946795845175, 1593.613189321382], [-11549.504052861826, -6368.436066397456, 1560.0], 11, 3, 2], "20": [[12874.36475652286, -19274.58820276416, 1356.714217268024], [9186.048289634375, -15607.128122259335, 1560.0], 18, 3, 3], "21": [[11528.829702783247, -17174.74475566954, 1736.4924822328824], [11108.356868888986, -15453.162578817035, 1560.0], 19, 3, 2], "22": [[10223.553243333552, -26113.16474713283, 1560.0000255675457], [5654.5083202603455, -18562.516430802516, 1560.0], 10, 2, 2], "23": [[10106.025901156754, -27326.972089441424, 1560.0001594773655], [5678.503943066685, -19041.090755325928, 1560.0], 6, 2, 2], "24": [[9432.143998022593, -30526.002365207074, 1849.7178907022662], [3557.6058214406767, -19110.64893282226, 1850.0], 25, 2, 2], "25": [[10005.59175692625, -13047.283800179124, 1356.9273396534513], [8858.909490642282, -11860.623568612511, 1560.0], 47, 2, 2], "26": [[19406.165467275845, -11631.30437694494, 1629.999623431073], [18389.05802677434, -10928.272973951156, 1630.0], 7, 2, 2], "27": [[19968.339489986764, -10493.750524950752, 1580.000642103428], [18537.12213209265, -9978.891931256245, 1580.0], 10, 2, 2], "28": [[25135.239776779326, -18915.48185889811, 1560.0042022369491], [20337.023612542314, -15964.867999974438, 1560.0], 74, 2, 2], "29": [[29937.91578768971, -23242.60231333833, 1750.0000360664899], [15460.564855918106, -7958.091296628426, 1750.0], 0, 1, 1], "3": [[-13407.693871994768, -8881.273414491698, 1324.2641648569083], [-12722.533562643015, -7989.005754945712, 1560.0], 17, 3, 2], "31": [[15039.67129081956, 1487.560249926753, 1559.9995757986399], [14893.478174898619, 1417.044759132645, 1560.0], 6, 2, 2], "32": [[15909.474485544433, 7166.469544595502, 1670.000125204585], [16301.411942816061, 7059.526235093398, 1670.0], 20, 2, 2], "33": [[15216.202046987644, 7069.125809872475, 1789.9998288119994], [14907.09944305552, 6726.467199036329, 1790.0], 3, 2, 2], "34": [[14557.19824313276, 7158.770875996289, 1590.0002868702466], [14782.01864760757, 6972.577551724979, 1590.0], 7, 2, 2], "35": [[14356.87798689285, 8149.099024472183, 1620.0000568220967], [13645.096586045524, 7639.277547406577, 1620.0], 0, 2, 2], "36": [[13658.997023396038, 7219.466532374742, 1859.999361470309], [12733.402172072423, 6682.367824047853, 1860.0], 2, 2, 2], "37": [[13683.491706447834, 7190.421673283095, 1560.0004706173856], [13743.182656337893, 6972.606722124772, 1560.0], 14, 2, 2], "38": [[12798.649746013964, 7611.8622565230135, 1500.4871380868544], [11566.523267423952, 7010.238539257008, 1560.0], 25, 2, 2], "39": [[12501.29497862981, 7810.203269658834, 1769.999717731053], [11683.524157844062, 7223.593308604709, 1770.0], 0, 2, 2], "4": [[-12753.58259802297, -9037.618610523503, 1560.0003996609314], [-11838.488951322744, -8338.376705387, 1560.0], 3, 3, 2], "40": [[10988.954355185018, 10161.474270680035, 1559.9999112073162], [9690.61498291229, 9137.09006081234, 1560.0], 11, 2, 2], "41": [[11570.512505180683, 10226.253933341752, 1689.9998178202964], [10049.156864621567, 9123.199684181178, 1690.0], 2, 2, 2], "42": [[9626.270309718926, 9314.862374468836, 1555.3462015780583], [8174.483942796828, 8346.838731159238, 1560.0], 34, 3, 3], "43": [[9390.576188578949, 11055.058927303275, 1558.6926928459197], [7647.072699117554, 9626.867580499307, 1560.0], 25, 3, 3], "44": [[7979.422985922954, 12026.786939856758, 1408.6666128761055], [6613.30196348845, 10266.61273473534, 1560.0], 80, 3, 3], "45": [[6710.893243356621, 11039.80763073533, 1545.6246423216116], [4997.847962095845, 9456.976279028178, 1560.0], 27, 3, 3], "46": [[6379.963693282668, 11984.647069438222, 1300.6462516080942], [4461.133201165922, 10098.381134548981, 1560.0], 22, 3, 3], "47": [[5829.844014937427, 12460.719044484098, 1368.9429683344974], [3868.7352195608573, 10345.311361913566, 1560.0], 14, 3, 3], "48": [[-8018.062959129158, 10209.750557740532, 1489.4307115484003], [-7715.491372115031, 8157.760396750703, 1560.0], 40, 3, 3], "49": [[-7772.654664558374, 11898.39861198517, 1363.2620669165287], [-7528.15187579955, 9018.972754670596, 1560.0], 15, 3, 3], "5": [[-13970.157081385205, -9742.461604062257, 1548.4940360128269], [-12720.774258990983, -8705.26541169351, 1560.0], 13, 3, 2], "50": [[-7699.892665385245, 12430.985447765424, 1392.6444627348799], [-7343.720275930679, 9381.597542642316, 1560.0], 4, 3, 3], "51": [[-9077.154711118214, 12494.674921307836, 1553.6672146131436], [-8117.166066736168, 9370.308677389168, 1560.0], 42, 3, 3], "52": [[-9483.844330510181, 12838.197717854333, 1511.8643345879648], [-8550.148027781774, 9365.60002637123, 1560.0], 51, 3, 3], "53": [[-8600.3359396292, 8479.899767284458, 1507.2751497661534], [-8243.911785202483, 7074.757715205883, 1560.0], 33, 3, 3], "54": [[-10072.900892907366, 7121.381932511107, 1479.5427467999502], [-9654.570964297673, 5985.191524202119, 1560.0], 40, 3, 3], "55": [[-11327.709371057555, 6511.025817696876, 1649.16988796362], [-10460.76430868998, 5678.368358185089, 1580.0], 54, 3, 3], "56": [[-10971.17627649952, 6050.39217205072, 1425.4954723235055], [-10617.66426907008, 5104.890613298812, 1560.0], 51, 3, 3], "57": [[-12287.294458908074, 4788.817923882879, 1515.3504277649188], [-11760.760077668738, 4133.244679757094, 1560.0], 80, 3, 3], "58": [[-12423.739962322872, 5522.638145327856, 1353.1041460950535], [-11997.02889693052, 4492.42008729154, 1560.0], 70, 3, 3], "59": [[-12160.401754177856, 6264.699329206641, 1442.3735629816947], [-11560.38941460391, 5149.843628792535, 1560.0], 97, 3, 3], "6": [[-13344.930983995093, -10047.786978834221, 1560.0000649000333], [-12107.793939557301, -9023.297463136878, 1560.0], 1, 3, 2], "60": [[-12907.164204074385, 5819.188215724065, 1488.8064955357859], [-12036.41377733927, 4868.260667296218, 1560.0], 18, 2, 2], "61": [[-13453.286923261934, 5418.821635411369, 1133.9282523571019], [-12969.012983244995, 4190.384629345473, 1560.0], 36, 2, 2], "62": [[-13818.520731968914, 6089.04262986675, 1353.0456885540566], [-12825.369981547938, 4841.839239440641, 1560.0], 23, 2, 2], "63": [[-8472.25982558001, 21177.411801852002, 1749.99994132186], [-8180.602973579867, 20603.19961190898, 1750.0], 0, 1, 1], "64": [[7607.201786213333, 13793.93370957907, 1747.1272635638945], [5891.839082746024, 11679.528295903401, 1820.0], 35, 3, 3], "65": [[6325.893739051349, 20783.650582777762, 1560.0691054761164], [4218.488266404737, 15542.287817291144, 1560.0], 10, 2, 2],