{
  "0": [
    [
      -12042.931548533545,
      -9079.384980148527,
      1560.000017125818
    ],
    [
      -11234.103243089932,
      -8442.639048524534,
      1560
    ],
    10,
    3,
    2
  ],
  "1": [
    [
      -10438.586234570232,
      -8031.8498306627325,
      1560.0002289387046
    ],
    [
      -10007.013500044277,
      -7668.501889879225,
      1560
    ],
    5,
    3,
    2
  ],
  "2": [
    [
      -12241.192931775517,
      374.96802681452834,
      1226.2543063275507
    ],
    [
      -12610.34531474868,
      117.03164458296179,
      1560
    ],
    63,
    3,
    3
  ],
  "3": [
    [
      -13457.617200208935,
      242.27685327135777,
      1469.9664602794444
    ],
    [
      -13293.898975569644,
      150.7440602134409,
      1560
    ],
    11,
    3,
    2
  ],
  "4": [
    [
      -3162.7081745613536,
      13378.789519511212,
      1296.2491069298665
    ],
    [
      -4484.32422456141,
      9990.156680651806,
      1560
    ],
    60,
    3,
    3
  ],
  "5": [
    [
      -3834.3702213851057,
      9997.138188602079,
      1307.0431218901174
    ],
    [
      -4683.510657279441,
      8186.577112717029,
      1560
    ],
    69,
    3,
    3
  ],
  "6": [
    [
      -961.8305324773661,
      11101.222148117478,
      1261.1496046368632
    ],
    [
      -2514.790532349291,
      8881.095397635918,
      1560
    ],
    11,
    3,
    3
  ],
  "7": [
    [
      -576.9787468882639,
      12230.581134612235,
      1411.9601288351303
    ],
    [
      -1740.6842328276293,
      9894.989337380543,
      1560
    ],
    10,
    3,
    3
  ],
  "8": [
    [
      555.0084250849192,
      11457.40277155313,
      1147.3970216776752
    ],
    [
      -1716.9584938745072,
      8957.08800681585,
      1560
    ],
    23,
    3,
    3
  ],
  "9": [
    [
      -9744.053776293951,
      9393.0992116039,
      1483.178036925547
    ],
    [
      -9062.752234611771,
      7588.702771310855,
      1560
    ],
    44,
    3,
    3
  ],
  "10": [
    [
      1154.15067008059,
      9976.148741196965,
      1395.3815842289487
    ],
    [
      -32.126736593007124,
      8577.618285754892,
      1560
    ],
    30,
    3,
    3
  ],
  "11": [
    [
      -13704.122904882048,
      -2005.381461989583,
      1460.3228539802317
    ],
    [
      -13650.668542208527,
      -2012.1299194817334,
      1560
    ],
    15,
    3,
    2
  ],
  "12": [
    [
      -12558.844338659204,
      -1416.4153274620185,
      1358.8243748210184
    ],
    [
      -12779.332628870814,
      -1546.3578932471166,
      1560
    ],
    95,
    3,
    3
  ],
  "13": [
    [
      -12630.65118986219,
      -2898.017480834958,
      1329.7790335408026
    ],
    [
      -12821.325910325937,
      -2865.9816446545374,
      1560
    ],
    12,
    3,
    2
  ],
  "14": [
    [
      -12254.75234923691,
      -2906.4208238288984,
      1460.188851332048
    ],
    [
      -12321.365101444198,
      -2890.987875172002,
      1560
    ],
    8,
    3,
    2
  ],
  "15": [
    [
      -15099.135779642704,
      -2635.3429074305145,
      1531.743763383081
    ],
    [
      -14773.636921081856,
      -2614.7110135632975,
      1560
    ],
    10,
    3,
    2
  ],
  "16": [
    [
      -14323.81096423826,
      -2972.8470275565255,
      1452.2376426825633
    ],
    [
      -14187.38119704629,
      -2922.95041691606,
      1560
    ],
    25,
    3,
    2
  ],
  "17": [
    [
      -14474.518450009424,
      -4282.110691818517,
      1459.3262109889283
    ],
    [
      -14223.209694912863,
      -4161.289296934422,
      1560
    ],
    19,
    3,
    2
  ],
  "18": [
    [
      -13628.215128404368,
      -5441.569816319378,
      1560.0000794054747
    ],
    [
      -13205.810996753084,
      -5304.317587721285,
      1560
    ],
    8,
    3,
    2
  ],
  "19": [
    [
      -10276.990872399152,
      -16198.601462896839,
      1559.9997525399203
    ],
    [
      -8670.7615894464,
      -12847.747290662277,
      1560
    ],
    0,
    1,
    1
  ],
  "20": [
    [
      -9730.638604997312,
      -17549.399860983533,
      1559.9997516610194
    ],
    [
      -4860.8638998890865,
      -12564.205756138259,
      1560
    ],
    0,
    1,
    1
  ],
  "21": [
    [
      -1234.7712397693294,
      -15632.901138857225,
      1466.5565488945604
    ],
    [
      -2361.3295524985465,
      -13134.358975076762,
      1560
    ],
    92,
    3,
    3
  ],
  "22": [
    [
      -1306.28511886252,
      -14872.125174542154,
      807.9372436694297
    ],
    [
      -3860.779788781623,
      -11957.83303306224,
      1560
    ],
    75,
    3,
    3
  ],
  "23": [
    [
      1848.9019714230374,
      -15246.265208799236,
      1164.6338564290447
    ],
    [
      -243.36738605097503,
      -12722.601854910032,
      1560
    ],
    14,
    3,
    3
  ],
  "24": [
    [
      3435.5658640976335,
      -14102.458189554494,
      1143.6861633876374
    ],
    [
      611.6309111751594,
      -11960.37001628484,
      1560
    ],
    52,
    3,
    3
  ],
  "25": [
    [
      3736.9268742438207,
      -13544.637427067892,
      1266.7911937200674
    ],
    [
      1046.0462075585797,
      -11599.6625351849,
      1560
    ],
    40,
    3,
    3
  ],
  "26": [
    [
      2657.861308213111,
      -17098.386185103365,
      1328.0388060614628
    ],
    [
      634.5011558841745,
      -14027.500832423228,
      1560
    ],
    9,
    3,
    3
  ],
  "27": [
    [
      2252.845510400214,
      -17983.326530864233,
      1425.217080436545
    ],
    [
      -93.29622883866932,
      -14358.660664781546,
      1560
    ],
    52,
    3,
    3
  ],
  "28": [
    [
      -1548.5664679497306,
      -8436.242248483495,
      1336.342309058521
    ],
    [
      -2226.1048639753294,
      -7977.801796155746,
      1560
    ],
    13,
    3,
    3
  ],
  "29": [
    [
      1755.9833813470877,
      -10491.737348330396,
      1424.9770966800945
    ],
    [
      1106.782599808456,
      -9784.99952301711,
      1560
    ],
    15,
    3,
    3
  ],
  "30": [
    [
      846.4765122571246,
      1823.722509141803,
      1239.7456592648023
    ],
    [
      -510.0323794722771,
      1487.7527365661224,
      1560
    ],
    13,
    3,
    3
  ],
  "31": [
    [
      4114.7356083828,
      -125.83337167733028,
      1559.999259550673
    ],
    [
      3707.417466783817,
      -148.71567387329222,
      1560
    ],
    23,
    3,
    3
  ],
  "32": [
    [
      -1937.3274566124212,
      3729.2500952364,
      1411.3532739089949
    ],
    [
      -2567.138393296751,
      3432.809841386454,
      1560
    ],
    37,
    3,
    3
  ],
  "33": [
    [
      -1389.7322177651129,
      5353.683550758746,
      1298.6566730293857
    ],
    [
      -2730.848519570943,
      4667.480208772156,
      1560
    ],
    30,
    3,
    3
  ],
  "34": [
    [
      -75.85098853398956,
      7049.202195203471,
      1343.5843825685083
    ],
    [
      -1647.550170166167,
      6047.294421454118,
      1560
    ],
    47,
    3,
    3
  ],
  "35": [
    [
      483.39194120901016,
      8016.407837336893,
      1387.2475187382008
    ],
    [
      -820.640176352158,
      6909.8756803740625,
      1560
    ],
    47,
    3,
    3
  ],
  "36": [
    [
      -8655.003994629878,
      4139.436383659796,
      1314.5968889339606
    ],
    [
      -9081.675009909528,
      3558.744347818786,
      1560
    ],
    60,
    3,
    3
  ],
  "37": [
    [
      3110.36180042615,
      -15886.449909750445,
      1208.612616981521
    ],
    [
      194.26670319167238,
      -13021.462795263102,
      1560
    ],
    38,
    3,
    3
  ],
  "38": [
    [
      3294.724984712558,
      -15237.91444540513,
      1258.7995024216596
    ],
    [
      609.0839698622939,
      -12708.55941958266,
      1560
    ],
    28,
    3,
    3
  ],