{"1": [[-8155.779896305688, -18236.909804838695, 1559.9999111262887], [-6988.065236222567, -13792.370692103099, 1560.0], 0, 1, 1], "10": [[-14271.673105551947, -6243.816108084207, 1560.0001855805492], [-13659.876519704434, -5984.042524884447, 1560.0], 0, 2, 1], "11": [[-15491.761961452148, -6618.473055234297, 1560.0001119079118], [-14579.901058106741, -6240.480737971471, 1560.0], 0, 3, 2], "12": [[-15693.679438653164, -7588.782922944913, 1569.4246435641708], [-14508.722664388642, -7010.948391015924, 1560.0], 11, 3, 2], "13": [[-14668.96852077631, 6406.681135863972, 1750.0001879030656], [-13086.824051629394, 5230.85688424775, 1750.0], 0, 1, 1], "14": [[-14088.306228097168, 7093.51439995496, 1750.0001927538322], [-12550.486643544427, 5715.019914905387, 1750.0], 0, 1, 1], "15": [[-13481.590776458734, 6618.380094220046, 1750.000134340486], [-12198.068519883142, 5505.098744327762, 1750.0], 0, 1, 1], "16": [[-14337.411997930449, 5112.619461574397, 1749.9998368711572], [-13168.468362887952, 4328.678062377616, 1750.0], 0, 1, 1], "17": [[-11896.254235260865, 6740.8531410821, 1486.2839409342012], [-11154.290960447472, 5562.970673829205, 1560.0], 78, 3, 3], "18": [[-10775.217606195834, 6839.404491656541, 1541.0780047960025], [-10270.719391503919, 5715.929898954327, 1560.0], 100, 3, 3], "19": [[-9666.901113527725, 10192.871976613844, 1261.4980338828784], [-9383.813372619872, 7638.15233101199, 1560.0], 54, 3, 3], "2": [[-9109.578273194824, -16628.46948914308, 1559.999737246352], [-7805.543660998722, -13044.614965352517, 1560.0], 0, 1, 1], "20": [[-8307.466692711772, 11044.192891478191, 1554.4066031550192], [-7806.105762485245, 8675.71001389169, 1560.0], 56, 3, 3], "21": [[8782.561183805885, 10025.351749584426, 1440.6498802855613], [7069.206142825073, 8851.791783750185, 1560.0], 28, 3, 3], "22": [[8721.657578493798, 10587.028408132555, 1496.75812756424], [7140.096038839007, 9160.384815245669, 1560.0], 36, 3, 3], "23": [[10317.620825206834, 10091.000074661682, 1620.250650230878], [8211.870239632617, 8847.75746650572, 1580.0], 44, 3, 3], "24": [[9675.788644679757, 8975.291552418777, 1498.462811303411], [8532.218000668461, 8060.450785492849, 1560.0], 11, 3, 2], "25": [[10910.301582312812, 9586.665558496796, 1387.1847709370718], [11166.511912451493, 9295.771848184497, 1560.0], 143, 3, 3], "26": [[13952.081783365316, 7562.774477639338, 1570.0005770546059], [13765.217610712014, 7210.582140819689, 1570.0], 3, 2, 2], "27": [[16089.115763290347, -8621.940531166743, 1337.034056626194], [13746.41318389323, -8269.72753334596, 1560.0], 29, 3, 3], "28": [[23006.833822292127, -10963.31023597512, 1750.0000135343973], [21676.224307591867, -9164.014228331685, 1750.0], 0, 1, 1], "29": [[14221.432901107055, -9506.652783707612, 1470.9806219027982], [12671.886638251059, -9075.102938530252, 1560.0], 9, 3, 3], "3": [[-7301.441736956918, -16775.627655448745, 1560.000006717548], [-7686.222495796151, -12905.993149462642, 1560.0], 0, 2, 1], "30": [[12445.921247627384, -10846.191933051883, 1361.2224664233268], [9925.696211481718, -9869.348292337763, 1560.0], 32, 3, 3], "31": [[19343.112123194434, -12551.85994106147, 1560.000366577131], [16714.940973625595, -11648.196040648052, 1560.0], 42, 3, 3], "32": [[25394.41472456201, -16204.457233259674, 1949.9998804381603], [21001.02880880411, -14066.013172190267, 1950.0], 2, 2, 2], "33": [[18318.807778722097, -16000.627714974693, 1980.8555863248614], [17598.584172572224, -14824.175030054288, 1560.0], 7, 3, 3], "34": [[18545.488105473964, -15479.466628441587, 1581.7434755992078], [14532.17806208403, -13630.653823210307, 1560.0], 31, 3, 3], "35": [[10020.80157462986, -13126.71567678368, 1294.282510774147], [7063.220263544937, -11536.29429775368, 1560.0], 13, 2, 2], "36": [[13944.728307848853, -17200.120056359443, 1498.9044084121888], [10542.401100196892, -14540.384400511462, 1560.0], 12, 3, 2], "37": [[11264.04203506332, -16677.022724256945, 1489.6679217202648], [8512.360136152052, -14195.807629078245, 1560.0], 9, 2, 2], "38": [[10056.296029371782, -16902.039909098134, 1559.999944796572], [8247.704218251183, -14600.792339900567, 1560.0], 3, 2, 2], "39": [[11812.98784335775, -19828.44699759324, 1559.9999947915853], [9148.347803166545, -16406.282177295907, 1560.0], 21, 3, 3], "4": [[-13422.059004053603, -10099.777915391245, 1590.0001028445265], [-12209.165092772995, -9015.771397715858, 1590.0], 0, 2, 1], "40": [[9828.113193187253, -19038.105161730895, 1513.9278318289723], [6614.206703540686, -15533.732204281852, 1560.0], 9, 3, 3], "41": [[11945.01887196532, -21689.97466900856, 1331.6649306082084], [7711.143395325593, -16807.77347984959, 1560.0], 8, 3, 3], "42": [[11992.603910668331, -11825.389397928777, 1303.768272488724], [9955.84458219975, -10840.581975341098, 1560.0], 25, 3, 3], "43": [[14765.967582289404, 7586.97565556913, 1559.9998555553582], [12534.832924606315, 6686.551208377826, 1560.0], 35, 2, 2], "44": [[6028.551893750038, 12345.168080045754, 1231.0054418611985], [3492.318790952665, 10019.933021681005, 1560.0], 20, 3, 3], "45": [[-8248.189551835185, 15174.978805425306, 1559.9999807642591], [-5884.602183759311, 12481.982650782778, 1560.0], 27, 2, 2], "46": [[-9561.496867569977, 14594.563128124782, 1559.9996055012346], [-7234.239076222661, 13033.872983080917, 1560.0], 4, 2, 2], "47": [[-9156.831547440475, 19924.725006200515, 1750.0000004676506], [-8817.287344724895, 19455.372428438386, 1750.0], 0, 1, 1], "48": [[-9465.68332717877, 20603.028708158297, 1750.0000803343496], [-9033.467618943549, 19958.84365821888, 1750.0], 0, 1, 1], "49": [[-8879.894826227122, 20429.882434211537, 1750.0006046361314], [-8572.523419409368, 19935.205008964425, 1750.0], 0, 1, 1], "5": [[-13074.1351736876, -9858.743470684829, 1560.0002270867901], [-11940.310051664866, -8904.833718042655, 1560.0], 0, 2, 1], "50": [[-9426.928625215514, 21675.71617981366, 1749.9997829934941], [-8923.174637358183, 20822.643211202478, 1750.0], 0, 1, 1], "51": [[-8352.514461520394, 21426.098332850324, 1749.999998094849], [-8073.452145511248, 20815.920268939655, 1750.0], 0, 1, 1], "52": [[-8761.343547779823, 22357.53301585944, 1750.0001611503246], [-8338.952607664629, 21478.370695818998, 1750.0], 0, 1, 1], "53": [[-7769.480726403308, 23026.76618488632, 1750.0001292840104], [-7468.002587614563, 22140.890023538195, 1750.0], 0, 1, 1], "54": [[-5140.1108328973005, -18129.26335047409, 1560.0001254415683], [-4812.632809050984, -14190.33665253817, 1560.0], 0, 1, 1], "55": [[-6707.796338572242, -16799.96151703654, 1560.0000522778398], [-6021.142388369111, -13453.163165437247, 1560.0], 0, 1, 1], "56": [[-6148.103234511717, -17283.992198420852, 1559.9999860446014], [-5632.112022013236, -13679.823525930113, 1560.0], 0, 1, 1], "6": [[-12414.84234854696, -8256.6921503953, 1559.999973378833], [-11715.055633497715, -7754.280834694927, 1560.0], 0, 2, 1], "7": [[-13329.782749541926, -8230.972338340422, 1610.0001961948028], [-12534.021828478199, -7659.9023108779265, 1610.0], 0, 2, 1], "8": [[-12680.877300734524, -6534.816004513445, 1559.9999657144315], [-12223.158881684001, -6289.088991142787, 1560.0], 0, 2, 1], "9": [[-13701.623627987128, -6242.94959243846, 1560.0001399066166], [-13154.24235870216, -6010.294526711954, 1560.0], 0, 2, 1]}