{
  "0": [
    [
      -13438.579402347974,
      -11434.901811119402,
      1681.9476209917045
    ],
    [
      -11683.363599933577,
      -10001.419956034826,
      1560
    ],
    21,
    3,
    2
  ],
  "1": [
    [
      -14681.182124102028,
      -8838.316760708127,
      1560.0002000772952
    ],
    [
      -13444.458992519983,
      -8040.31191293974,
      1560
    ],
    9,
    3,
    2
  ],
  "2": [
    [
      8691.447985970824,
      -19619.68616272532,
      1457.5990943086474
    ],
    [
      5937.759206924724,
      -15830.265912095223,
      1560
    ],
    15,
    3,
    3
  ],
  "3": [
    [
      8245.851568868164,
      -19995.778751040416,
      1488.1296307903867
    ],
    [
      5751.1402513203375,
      -16099.28806063664,
      1560
    ],
    10,
    3,
    3
  ],
  "4": [
    [
      7859.180699974857,
      -19451.5665741814,
      1419.1883815955862
    ],
    [
      4792.1856823076805,
      -15545.292908790678,
      1560
    ],
    3,
    3,
    3
  ],
  "5": [
    [
      11166.661391888058,
      -18651.29241055316,
      1496.8383756594544
    ],
    [
      8184.4884448817165,
      -15466.742837405298,
      1560
    ],
    18,
    3,
    3
  ],
  "6": [
    [
      -8991.466004552414,
      -17393.998547384574,
      1560.0000035123737
    ],
    [
      -7719.869819299628,
      -13300.422793158812,
      1560
    ],
    7,
    2,
    2
  ],
  "7": [
    [
      -9169.444318373151,
      -16716.640418984858,
      1200.6355066901303
    ],
    [
      -8482.936272625173,
      -12617.910490823451,
      1560
    ],
    13,
    2,
    2
  ],
  "8": [
    [
      -8383.662639203512,
      -14860.646837159757,
      1559.9996258660979
    ],
    [
      -7620.124326199514,
      -12239.487919464189,
      1560
    ],
    16,
    3,
    2
  ],
  "9": [
    [
      -10515.115990362807,
      -8001.655794460059,
      1560.0001841986343
    ],
    [
      -10094.283880092673,
      -7636.526564277526,
      1560
    ],
    1,
    3,
    2
  ],
  "10": [
    [
      -11938.457462894092,
      -6876.742342459866,
      1544.0151416262934
    ],
    [
      -11557.864211598288,
      -6612.903366076218,
      1560
    ],
    9,
    3,
    2
  ],
  "11": [
    [
      -11199.621583433112,
      -6785.874540233227,
      1559.9996699345752
    ],
    [
      -10875.229315709961,
      -6542.878528136405,
      1560
    ],
    8,
    3,
    2
  ],
  "12": [
    [
      -13039.006986579378,
      -8081.4761604249215,
      1560.000168957291
    ],
    [
      -12224.58786278811,
      -7624.61296722955,
      1560
    ],
    25,
    3,
    2
  ],
  "13": [
    [
      -12685.581328667482,
      -7827.247446847281,
      1560.0000021363626
    ],
    [
      -12040.864269699692,
      -7395.842906604265,
      1560
    ],
    4,
    3,
    2
  ],
  "15": [
    [
      -11201.431416293874,
      6040.188626301283,
      1397.7895800146625
    ],
    [
      -10925.335836121787,
      5013.229180053318,
      1560
    ],
    70,
    3,
    3
  ],
  "16": [
    [
      -9143.297764688341,
      7422.046456708327,
      1560.000001986938
    ],
    [
      -8562.54692473934,
      6464.367972727248,
      1560
    ],
    34,
    3,
    3
  ],
  "17": [
    [
      -13461.267793070414,
      5916.867445617601,
      1294.2724585680946
    ],
    [
      -12659.796864603291,
      4710.056208520642,
      1560
    ],
    11,
    2,
    2
  ],
  "18": [
    [
      -13901.659815899466,
      7574.413907239272,
      1472.674984240202
    ],
    [
      -12410.412642364588,
      5934.765444756657,
      1560
    ],
    19,
    2,
    2
  ],
  "19": [
    [
      -7748.563657802381,
      10652.39159582682,
      1230.0500056528272
    ],
    [
      -7694.942031695388,
      8254.709571799867,
      1560
    ],
    9,
    3,
    3
  ],
  "20": [
    [
      -7401.782824152655,
      11441.330025542606,
      1396.5465694297009
    ],
    [
      -7245.979680795337,
      8874.85067336522,
      1560
    ],
    32,
    3,
    3
  ],
  "21": [
    [
      -6216.199906861947,
      14791.865916518154,
      1247.1291821721245
    ],
    [
      -6460.8281328831135,
      10425.82142608981,
      1560
    ],
    12,
    3,
    3
  ],
  "22": [
    [
      -8629.461059525915,
      12536.17395858098,
      1323.4627078936348
    ],
    [
      -8159.7039744536705,
      9196.943308150785,
      1560
    ],
    23,
    3,
    3
  ],
  "23": [
    [
      -7979.710013405473,
      13611.713726214917,
      1476.554634842914
    ],
    [
      -7292.348594406043,
      10030.868971825159,
      1560
    ],
    19,
    3,
    3
  ],
  "24": [
    [
      -10046.072367086626,
      16945.394410835586,
      1559.9999071402542
    ],
    [
      -7354.49671625768,
      14907.958291391065,
      1560
    ],
    34,
    2,
    2
  ],
  "25": [
    [
      15733.18547051806,
      -3753.0420261139666,
      1423.3398504124245
    ],
    [
      13936.645695162259,
      -3964.9416604339835,
      1560
    ],
    52,
    3,
    3
  ],
  "26": [
    [
      15486.62556839328,
      -6716.981743108637,
      1373.3607150029648
    ],
    [
      14584.492344942193,
      -6678.142829510962,
      1560
    ],
    82,
    3,
    3
  ],
  "27": [
    [
      15142.506347819657,
      -10502.899454263781,
      1340.5879750812237
    ],
    [
      12922.934948263337,
      -9761.058471421225,
      1560
    ],
    20,
    3,
    3
  ],
  "28": [
    [
      13778.88589290618,
      -17841.575048981267,
      1346.5672317673761
    ],
    [
      10236.781653560378,
      -14968.407267850669,
      1560
    ],
    9,
    3,
    3
  ],
  "29": [
    [
      15692.227644275825,
      -15316.002113919747,
      1559.9999363793222
    ],
    [
      13685.083998557408,
      -13801.770559138924,
      1560
    ],
    24,
    3,
    3
  ],
  "30": [
    [
      20387.56501615957,
      -11947.174139861565,
      1581.6887796359244
    ],
    [
      19156.080752399965,
      -11077.138466281212,
      1630
    ],
    30,
    2,
    2
  ],
  "31": [
    [
      22985.01407887484,
      -19778.23894551669,
      1800.000225854375
    ],
    [
      19498.503559635697,
      -15814.591425129858,
      1800
    ],
    0,
    1,
    1
  ],
  "32": [
    [
      15098.175468740666,
      5144.553092406417,
      1559.999741941021
    ],
    [
      14895.88209129129,
      4943.975393642398,
      1560
    ],
    4,
    2,
    2
  ],
  "33": [
    [
      9880.861478321487,
      -14804.832869230206,
      1749.999947743744
    ],
    [
      9881.158719045585,
      -14593.57563163233,
      1750
    ],
    0,
    1,
    1
  ],
  "34": [
    [
      7727.511821120265,
      -16182.690200518167,
      1253.8391426083454
    ],
    [
      5022.351723487509,
      -13731.270605376742,
      1560
    ],
    28,
    3,
    3
  ],
  "35": [
    [
      8328.241525521973,
      11797.797489379207,
      1427.4490870918662
    ],
    [
      6161.825312197991,
      9908.416954897035,
      1560
    ],
    53,
    3,
    3
  ],
  "36": [
    [
      8749.101767202812,
      11436.32192994776,
      1559.9998274716663
    ],
    [
      8240.284557009561,
      10423.792811189678,
      1560
    ],
    20,
    2,
    2
  ],
  "37": [
    [
      9120.194224724682,
      10734.165647835534,
      1560.0000240170612
    ],
    [
      8531.156424165727,
      9847.85133897309,
      1560
    ],
    11,
    2,
    2
  ],
  "38": [
    [
      -14331.111702173435,
      -5561.690521178166,
      1559.999316487532
    ],
    [
      -13859.361190995276,
      -5361.60142591066,
      1560
    ],
    11,
    3,
    2
  ],
  "39": [
    [
      -12747.530569147128,
      -5946.998488214212,
      1406.4705296439133
    ],
    [
      -12584.249992282877,
      -5709.225007603436,
      1560
    ],
    13,
    3,
    2
  ],