{"0": [[-7764.854811958304, -15871.023649149442, 1560.0002312742429], [-7126.84562006851, -13970.04553433444, 1560.0], 0, 1, 1], "1": [[-8745.596774005133, -15411.402430806998, 1228.901185031102], [-7688.572962558707, -12931.831211369627, 1560.0], 60, 3, 2], "10": [[-14955.411731545577, 6981.889081737511, 1179.641021167196], [-13597.350673846582, 5095.49845021215, 1560.0], 72, 2, 2], "11": [[-14141.802416201657, 5198.3240078609815, 1122.4894885124052], [-13516.041848591272, 3979.3262429883443, 1560.0], 62, 2, 2], "12": [[-13502.380518239013, 5128.074930569216, 1314.380872804836], [-12886.11353532683, 4116.579419636241, 1560.0], 24, 2, 2], "13": [[-12609.698994347858, 5732.226899903706, 1165.166801844356], [-12282.637595427619, 4496.317519018939, 1560.0], 41, 2, 2], "14": [[-11241.870218658163, 5993.61795858688, 1434.544673514441], [-10853.891995238686, 5014.911008305484, 1560.0], 65, 3, 3], "15": [[-8536.864107195674, 8312.992130349188, 1274.9877703547436], [-8614.544887695998, 6692.916543059558, 1560.0], 39, 3, 3], "16": [[-7905.368417692817, 10468.347642963083, 1366.7211026763448], [-7694.942031695388, 8254.709571799867, 1560.0], 39, 3, 3], "17": [[-7682.347213511245, 13486.889812980933, 1317.7114292357526], [-7466.026093218355, 9721.459016980843, 1560.0], 20, 3, 3], "18": [[-8876.40336301108, 13111.448693716808, 1394.1772817814217], [-8279.545174150397, 9428.301378621409, 1560.0], 44, 3, 3], "19": [[7944.698005909752, 14066.153465695528, 1559.9994891168046], [5796.3907569266075, 11615.935384097122, 1560.0], 22, 3, 3], "2": [[-9325.839750487523, -15732.018710274499, 1560.0000136758417], [-7987.231999439404, -12666.555205272165, 1560.0], 6, 3, 2], "20": [[6573.357465332195, 10839.849439849315, 1379.2528179403505], [4957.233266384374, 9267.039347715077, 1560.0], 11, 3, 3], "21": [[10493.641778294006, 9086.15132271386, 1559.9996625672757], [9467.029045668993, 8243.094488588053, 1560.0], 15, 3, 3], "22": [[10950.735688935505, 9040.870626448948, 1534.0357420125254], [9410.41261802782, 8020.15095557396, 1560.0], 7, 3, 3], "23": [[9967.756125365091, 8666.402516520127, 1554.1614371467062], [9382.00210794245, 7908.7773405928265, 1560.0], 27, 3, 3], "24": [[14538.925105522114, 7561.172950099092, 1630.0002583415683], [14031.76521637297, 7146.912165910857, 1630.0], 0, 2, 2], "25": [[12394.049138307511, 7125.404995046965, 1676.5517727829692], [12414.395708520666, 6766.137332491316, 1590.0], 20, 3, 3], "26": [[13502.572528127926, 2235.798167069106, 1783.2109927319377], [14402.63283049508, 2208.745038036801, 1590.0], 27, 3, 3], "27": [[14414.834681394164, 1337.0168223369928, 1621.4810280742945], [15463.964537216058, 1223.5291169501495, 1560.0], 23, 3, 3], "28": [[13456.045709159318, 1046.0956484179135, 1594.2336435754626], [14749.994339551724, 1040.6137067347463, 1560.0], 20, 3, 3], "29": [[15052.524035597506, 442.4617169708131, 1829.9999776857655], [15674.169611471061, 473.24414705520985, 1830.0], 21, 2, 2], "3": [[-7811.263816898208, -14597.092205034201, 1264.9360321546758], [-7412.3703883138305, -12453.18736444504, 1560.0], 17, 3, 2], "30": [[12726.757053076211, 555.0669031449444, 1559.9997822906669], [12705.665669819366, 410.16078725144575, 1560.0], 12, 3, 3], "31": [[14081.37050968096, -156.3669016066272, 1625.5322132298643], [14867.9714295777, -282.4630691710012, 1560.0], 30, 3, 3], "32": [[15796.567953247526, -589.7114012264285, 1690.000086327118], [16011.983188877097, -608.3208014073897, 1690.0], 20, 2, 2], "33": [[15357.211404831867, -820.5904941311688, 1710.7609455581355], [17266.979022135114, -802.2340950063764, 1580.0], 16, 3, 3], "34": [[-10052.538969198287, -14598.569059520016, 1559.9999875841997], [-4536.968909007845, -12967.010205640732, 1560.0], 0, 1, 1], "35": [[-10002.955912988358, -17397.815551178053, 1580.0000014078803], [-5043.8550484383395, -12417.100584513944, 1580.0], 0, 1, 1], "36": [[-8003.314748145281, -20372.991189610224, 1560.0000081584099], [-3235.5962311190856, -15134.989941634452, 1560.0], 0, 1, 1], "37": [[-8337.063192950742, -18175.249175686946, 1559.9998511563088], [-3468.820697336361, -14984.03778629405, 1560.0], 0, 1, 1], "38": [[-15389.206102671917, 6982.732254396649, 1749.9999397325857], [-10852.313648554313, 6907.891551580899, 1750.0], 0, 1, 1], "39": [[-9850.94880605614, 18169.29509355491, 1559.9999089996334], [-7483.476071927388, 16955.788383956624, 1560.0], 21, 2, 2], "4": [[-11684.300075136327, -7985.448401802558, 1486.2582138990365], [-11294.086602041962, -7502.285677421751, 1560.0], 11, 3, 2], "40": [[14774.50436800647, -7278.358775505984, 1477.490129037813], [13687.948909302144, -7144.727664587205, 1560.0], 23, 3, 3], "41": [[13997.023662597589, -9665.27084948885, 1382.1160588670505], [12008.217528968054, -9168.190345478335, 1560.0], 43, 3, 3], "42": [[13013.984519984888, -10779.037897400345, 1525.4145194508756], [11452.33437258148, -10192.067486854192, 1560.0], 24, 3, 3], "43": [[12494.833382751498, -11198.557301978315, 1560.0001611598952], [11252.31007755883, -10551.74401478385, 1560.0], 29, 3, 3], "44": [[12031.26623186843, -10829.889478407675, 1450.3814707270315], [10327.065292479774, -10150.507298985698, 1560.0], 22, 3, 3], "45": [[12051.838648759029, -9199.28445625943, 1338.8769278734262], [10564.909615205528, -8604.254746320032, 1560.0], 13, 3, 3], "46": [[15738.11849046472, -11934.897125437137, 1463.2413908425], [14067.788797959125, -11176.59500648392, 1560.0], 22, 3, 3], "47": [[14414.45165137272, -12421.516545999808, 1559.9993435289975], [13127.977148772223, -11596.188674621131, 1560.0], 30, 3, 3], "48": [[11220.962833786132, -15357.502666730381, 1556.8481399654913], [8960.284872039303, -13489.190807784551, 1560.0], 3, 3, 3], "49": [[22185.367714742006, -14534.1173684693, 1856.7808172477373], [21178.94482961921, -11533.733016362126, 1560.0], 57, 3, 3], "5": [[-13113.986005460907, -7309.192348968507, 1535.612964627976], [-12531.972820348803, -6916.801794187023, 1560.0], 11, 3, 2], "50": [[19021.731767106765, -13549.506641281381, 1595.0150514216625], [16841.537897313756, -12592.829181348054, 1560.0], 30, 3, 3], "51": [[8429.296657901961, -18145.921741642065, 1452.52117392241], [5986.429747635618, -15058.872747098108, 1560.0], 8, 3, 3], "52": [[9267.41572391619, -15863.226731204119, 1363.3238085289127], [6861.190321565669, -13623.686130432387, 1560.0], 4, 3, 3], "53": [[7383.23773447313, -19057.92186706726, 1400.3449907482384], [4860.074466379618, -15438.955919726523, 1560.0], 7, 3, 3], "54": [[7312.999210439104, -19414.970664316163, 937.1979983173877], [3484.868515498978, -15042.847976337098, 1560.0], 9, 3, 3], "55": [[9099.938620108514, -20962.972103766424, 1389.8117790502147], [5956.06191392983, -16465.333535918908, 1560.0], 8, 3, 3], "56": [[7485.51673244129, -24363.297385229213, 1560.0001406893432], [4677.115057660302, -18058.6946011614, 1560.0], 16, 2, 2], "57": [[12443.883360883696, -19870.87878461018, 1559.99995892321], [9693.95248064278, -16462.478039773003, 1560.0], 5, 3, 3], "58": [[14770.257037346673, -21372.6976607213, 1702.3970423155356], [11882.170912265847, -17677.21047329371, 1560.0], 10, 3, 3], "59": [[6182.11908894311, 15853.056626481171, 1422.3093508686054], [3975.0091042379463, 12480.974661762442, 1560.0], 26, 3, 3], "6": [[-14748.437532642365, -6470.426771288555, 1560.0001678252172], [-14019.339531301592, -6158.888130603982, 1560.0], 0, 3, 2], "60": [[-8467.74685396792, 22644.8651389512, 1749.9998981540953], [-8077.811714313981, 21746.465253842867, 1750.0], 0, 1, 1], "61": [[7842.343471629372, 16271.877834033983, 1741.6642378951956], [6076.740004413345, 13209.916586264104, 1850.0], 31, 3, 2], "62": [[6145.52656885641, 18658.86608817285, 1726.2101294926294], [3792.9588900329077, 14017.396636429197, 1950.0], 39, 3, 2], "63": [[7103.35016710769, 21186.323423651338, 1560.0004014101341], [4534.764724616445, 15588.864518872828, 1560.0], 0, 1, 1], "64": [[6685.5554649497435, 21419.54356010934, 1559.9999548824444], [4245.210220897906, 15700.7505444906, 1560.0], 0, 1, 1],