{"0": [[-8013.102385116124, 12567.313931417093, 1386.8415993713948], [-7541.1170765557845, 9403.215052013007, 1560.0], 22, 3, 3], "1": [[-8702.786823152135, 11835.358275744165, 1237.0848627179446], [-8469.262202984102, 8654.279900149671, 1560.0], 61, 3, 3], "10": [[-12768.584251037686, 5797.286665823074, 1427.482446389017], [-12052.04184424378, 4793.671848699336, 1560.0], 23, 2, 2], "11": [[-12277.914605834982, 6657.297035455945, 1492.1868435652636], [-11414.883385836463, 5540.839845549545, 1560.0], 19, 3, 3], "12": [[-12018.319236911675, 7667.997377764147, 1214.915742453566], [-11463.687709820451, 5871.077643572084, 1560.0], 61, 2, 2], "13": [[-13691.946218068926, 5939.113130899792, 1357.2907692421343], [-12800.51164232212, 4741.097469661253, 1560.0], 40, 2, 2], "14": [[-14062.541845560272, 6612.637444362893, 1388.0921066251024], [-12886.296211051218, 5167.617162603038, 1560.0], 63, 2, 2], "15": [[-11300.576628990577, -6690.1637913742525, 1450.838452566099], [-11105.6451003013, -6434.366910498947, 1560.0], 16, 3, 2], "16": [[-12270.035147350498, -6831.809655205554, 1557.5866089473157], [-11834.341977258044, -6554.378362628966, 1560.0], 9, 3, 2], "17": [[-12771.395154214484, -6123.557694626844, 1508.075264152634], [-12466.358531806047, -5911.22399456121, 1560.0], 9, 3, 2], "18": [[-13854.904187411725, -6155.971710462035, 1559.9999256693368], [-13312.491648327788, -5926.34526747233, 1560.0], 12, 3, 2], "19": [[-14438.059755565213, -5828.885677951222, 1559.9999969026717], [-13855.613529669161, -5626.6669212857405, 1560.0], 4, 3, 2], "2": [[-8728.95938644599, 10311.760971624148, 1556.4677276822558], [-7983.473764167229, 8319.611202638707, 1560.0], 9, 3, 3], "20": [[-15550.557105989357, -6618.631607349109, 1559.9997903297165], [-14654.471539469027, -6232.7605870336, 1560.0], 13, 3, 2], "21": [[-13242.222133611387, -7598.157002179469, 1560.0002036543415], [-12528.447155654396, -7192.787702753349, 1560.0], 2, 3, 2], "22": [[-12756.337655840154, -7477.9809857068385, 1618.0148790351031], [-12040.76442241996, -7141.86398461641, 1560.0], 10, 3, 2], "23": [[-12100.296729895792, -8024.216407669745, 1560.0001186402037], [-11439.48659001809, -7611.170837333877, 1560.0], 8, 3, 2], "24": [[-11071.962089102668, -8389.634471077436, 1523.7586893622924], [-10614.79957333809, -7875.936387642538, 1560.0], 9, 3, 2], "25": [[-11289.96242934117, -7455.444406588914, 1501.9601243943894], [-10980.18307191459, -7096.02369320245, 1560.0], 11, 3, 2], "26": [[-11464.142165856647, -9693.964322262458, 1559.9999234977197], [-10644.117520173475, -8910.786760587605, 1560.0], 11, 3, 2], "27": [[-12141.380776947766, -9820.336033602496, 1560.000082459508], [-11161.297019356609, -8968.397172708897, 1560.0], 22, 3, 2], "28": [[-13202.015390526574, -8852.289814918202, 1559.9999885405873], [-12269.187855606795, -8157.723650437642, 1560.0], 4, 3, 2], "29": [[-14068.453347136194, -9337.406129423538, 1560.0002369690615], [-12844.647201918324, -8441.205831287323, 1560.0], 8, 3, 2], "3": [[-6573.699098871158, 11251.423717821417, 1493.0231596070323], [-6561.0925827858055, 8914.944565341248, 1560.0], 65, 3, 3], "30": [[-14792.281657790718, -8485.295394711471, 1559.9998620716829], [-13603.384254570861, -7764.596380882655, 1560.0], 7, 3, 2], "31": [[-11659.44792064951, -11315.993611613918, 1643.2551012531333], [-10341.357070009484, -10106.645352141646, 1560.0], 16, 3, 2], "32": [[-12005.878429949285, -13163.027092410057, 1560.0001567115335], [-10389.707555015657, -11057.48727955922, 1560.0], 6, 3, 2], "33": [[-12065.976079554373, -14629.435753181477, 1669.6654633121723], [-9981.93271109699, -11858.433320461365, 1560.0], 12, 2, 2], "34": [[-7820.804475966, -15250.972635537864, 1267.1896334079274], [-7444.813785430752, -12738.720735127954, 1560.0], 28, 3, 2], "35": [[-7854.8055827472535, -18121.374874754398, 1559.9999075939402], [-6860.967740465609, -13743.025560476344, 1560.0], 19, 2, 2], "36": [[-2610.970200859217, -15347.608112648131, 1622.4955050775527], [-2832.7682024155515, -13247.171212241054, 1560.0], 185, 3, 3], "37": [[-2526.472363194478, -17057.15431404763, 1436.846307406524], [-2799.523621310811, -14388.068227137674, 1560.0], 97, 3, 2], "38": [[-690.826735279241, -16662.482694750244, 1674.4436578933123], [-1072.6091379666902, -14149.908235576495, 1560.0], 52, 3, 3], "39": [[-877.2464549770605, -17964.081456470543, 1576.5071854114628], [-1515.1256226200685, -14612.552863935634, 1560.0], 32, 3, 3], "4": [[-9596.114327168605, 9749.351626821335, 1526.794664330263], [-8737.119124929988, 7874.588061576227, 1560.0], 24, 3, 3], "40": [[-348.0067275035594, -18847.99134499201, 1735.796935946565], [-808.4481787573033, -15308.596371922069, 1560.0], 65, 3, 3], "41": [[8229.605713462715, -16340.975369214693, 1373.586822377062], [5732.4991735188, -13995.053715936028, 1560.0], 42, 3, 3], "42": [[7715.54960462172, -19425.22928994956, 1258.9199318835651], [4462.517228123078, -15402.413479877703, 1560.0], 12, 3, 3], "43": [[8007.906694170874, -20835.560788199, 1560.00007685941], [5767.06734933213, -16719.45304051539, 1560.0], 18, 3, 3], "44": [[14358.295356729086, -18046.377000411037, 1560.0000358213822], [11782.99436819813, -15418.478388569329, 1560.0], 3, 3, 3], "45": [[12218.668562409879, -12057.283943045562, 1389.3939625529738], [11474.924055380916, -11202.635607847118, 1560.0], 57, 3, 3], "46": [[12644.385601827624, -11515.077488371999, 1560.0000003971886], [11680.208194503308, -10849.057877605941, 1560.0], 17, 3, 3], "47": [[13289.196595072654, -11198.45385531934, 1560.0004385454588], [13003.128447698775, -10730.338604367047, 1560.0], 21, 3, 3], "48": [[13334.892483381498, -12059.277250130584, 1466.9449665069108], [13889.373425711226, -11458.00602884348, 1560.0], 83, 3, 3], "49": [[17024.423787905864, -9766.188423064874, 1560.0005557970728], [16555.412398536013, -9520.207696684623, 1560.0], 9, 3, 3], "5": [[-8690.927457308715, 8419.186028939916, 1368.9639166683526], [-8585.902414501277, 6836.319384764704, 1560.0], 20, 3, 3], "50": [[16124.121359425313, -9952.407081073392, 1593.1699342002564], [15033.521534688618, -9602.306746653612, 1560.0], 11, 3, 3], "51": [[15075.128582416679, -10756.215868266061, 1559.9998805134196], [14608.153870504655, -10306.317238385833, 1560.0], 16, 3, 3], "52": [[14583.421457482875, -10968.264717615108, 1505.8459225105914], [13282.230274745687, -10258.69689957972, 1560.0], 7, 3, 3], "53": [[15482.367517198092, -10730.882682625854, 1471.695476467104], [15180.734429741879, -10531.515320221471, 1560.0], 113, 3, 3], "54": [[18055.09324896867, -12253.299205559048, 1560.000068679414], [14806.5774051807, -11120.544560987724, 1560.0], 18, 3, 2], "55": [[14390.982136623881, -13844.992675465093, 1200.5896152153925], [12675.634172644863, -12305.979759617321, 1560.0], 89, 3, 3], "56": [[13697.210587423742, -14697.627702928416, 1258.7673208977508], [11640.716307472887, -12918.285505804606, 1560.0], 61, 3, 3], "57": [[15765.812350171576, -565.08367212399, 1560.0002476208338], [16063.585736046263, -595.1106244532089, 1560.0], 12, 3, 3], "58": [[-5278.927868013632, 10433.376489929142, 1368.2225662635176], [-5800.759316374887, 8317.317235612736, 1560.0], 34, 3, 3], "59": [[-984.8961107003707, 12062.366077509543, 1446.3803999961647], [-1727.5964687238359, 9964.07655407776, 1560.0], 9, 3, 3], "6": [[-9954.339715446533, 7186.613915903382, 1374.6285742934458], [-9663.477698755843, 5940.215063724873, 1560.0], 45, 3, 3], "60": [[-572.3903462342137, 12896.493792940018, 1560.0002913073054], [-1183.0683197935218, 10691.9729226982, 1560.0], 49, 3, 3], "61": [[4042.8362166352076, 10382.513772658587, 1311.772359580964], [2344.707805351059, 8743.122360073814, 1560.0], 3, 3, 3], "62": [[6067.092731783134, 12800.831109726736, 1547.9871113375848], [3922.935419560178, 10614.48462432586, 1560.0], 32, 3, 3], "63": [[7278.1010725833685, 10855.221561309176, 1391.4738872672754], [5293.274962800104, 9218.936523022241, 1560.0], 23, 3, 3],