{
  "0": [
    [
      -11239.970461384755,
      5922.512555623906,
      1397.54315839179
    ],
    [
      -10781.534854437543,
      5016.560146707768,
      1560
    ],
    77,
    3,
    3
  ],
  "1": [
    [
      -13621.151048926777,
      5911.307131010553,
      1339.5635578357924
    ],
    [
      -12751.615241115616,
      4742.4325676012195,
      1560
    ],
    9,
    2,
    2
  ],
  "2": [
    [
      -13843.991965662946,
      7778.673679092261,
      1342.5727996876478
    ],
    [
      -12508.278896820075,
      5917.352117439854,
      1560
    ],
    23,
    2,
    2
  ],
  "3": [
    [
      -9105.621833208937,
      7348.5240676316835,
      1558.3047433672896
    ],
    [
      -8689.984850664217,
      6308.527511355725,
      1560
    ],
    24,
    3,
    3
  ],
  "4": [
    [
      -7748.237488389848,
      10766.217548118399,
      1131.5818681243948
    ],
    [
      -8034.55064372722,
      8083.71620370238,
      1560
    ],
    24,
    3,
    3
  ],
  "5": [
    [
      -7406.530582297993,
      11464.556939403168,
      1366.4869029620986
    ],
    [
      -7245.979680795337,
      8874.85067336522,
      1560
    ],
    38,
    3,
    3
  ],
  "6": [
    [
      -8670.712398280479,
      12284.235444890066,
      1280.1636656584294
    ],
    [
      -8299.79957780745,
      8990.329743532933,
      1560
    ],
    42,
    3,
    3
  ],
  "7": [
    [
      -6184.637263282886,
      14840.787276010893,
      1295.573707207067
    ],
    [
      -6052.67429020448,
      10710.775026560887,
      1560
    ],
    9,
    3,
    3
  ],
  "8": [
    [
      15634.246345189113,
      -797.185589924937,
      1508.8737004456323
    ],
    [
      15903.147101063112,
      -973.3129755275661,
      1560
    ],
    52,
    3,
    3
  ],
  "9": [
    [
      15054.725009698013,
      -4060.472603285685,
      1467.7121123691556
    ],
    [
      14461.193323752555,
      -4221.527005228353,
      1560
    ],
    72,
    3,
    3
  ],
  "10": [
    [
      15070.473882081676,
      -10618.842497639058,
      1309.3939744113088
    ],
    [
      13394.44924935175,
      -10066.83921495945,
      1560
    ],
    60,
    3,
    3
  ],
  "11": [
    [
      16984.022820921542,
      -10248.008661132582,
      1259.767078801253
    ],
    [
      15875.599600795456,
      -9404.963203745887,
      1560
    ],
    115,
    3,
    3
  ],
  "12": [
    [
      14370.796504456752,
      -9649.832343153415,
      1559.3833920852887
    ],
    [
      13789.727159507729,
      -9380.904240428721,
      1560
    ],
    34,
    3,
    3
  ],
  "13": [
    [
      13147.929221116827,
      -10889.024684320839,
      1274.58588826745
    ],
    [
      10420.540955271674,
      -9973.994505988447,
      1560
    ],
    9,
    3,
    3
  ],
  "14": [
    [
      -8255.546058876429,
      -14940.994000215693,
      1532.7329040290922
    ],
    [
      -7511.759712075856,
      -12301.625754990278,
      1560
    ],
    12,
    3,
    2
  ],
  "15": [
    [
      -9105.535100886833,
      -17329.7813193893,
      1559.9999059803401
    ],
    [
      -7719.869819299628,
      -13300.422793158812,
      1560
    ],
    3,
    2,
    2
  ],
  "16": [
    [
      -9083.16618458174,
      -16843.386363705406,
      1113.6742093361518
    ],
    [
      -8575.26362627442,
      -12559.539516162244,
      1560
    ],
    37,
    2,
    2
  ],
  "17": [
    [
      -13358.585898969652,
      -11467.62014102177,
      1559.9999966328307
    ],
    [
      -11806.677476027226,
      -9902.967117189452,
      1560
    ],
    4,
    3,
    2
  ],
  "18": [
    [
      14886.092920540887,
      -15810.888628594525,
      1368.9297627283188
    ],
    [
      11217.14395314849,
      -13559.169508825513,
      1560
    ],
    7,
    3,
    3
  ],
  "19": [
    [
      8735.173858474405,
      -19449.518368704277,
      1343.454929031378
    ],
    [
      6012.965235030441,
      -15720.16088236827,
      1560
    ],
    21,
    3,
    3
  ],
  "20": [
    [
      8298.467464643505,
      -19885.915337997772,
      1494.6374893317932
    ],
    [
      6147.143123879499,
      -16202.223806910211,
      1560
    ],
    14,
    3,
    3
  ],
  "21": [
    [
      7923.497163858153,
      -19647.660790128757,
      1432.6092937813992
    ],
    [
      6185.609185629779,
      -16148.517879880113,
      1560
    ],
    42,
    3,
    3
  ],
  "22": [
    [
      -11239.330993528976,
      -6868.28020962252,
      1559.9997706323734
    ],
    [
      -10880.974630223607,
      -6653.257238933288,
      1560
    ],
    8,
    3,
    2
  ],
  "23": [
    [
      -10403.226561396905,
      -7974.014224385374,
      1559.9999801424935
    ],
    [
      -10002.287803394081,
      -7593.999892106893,
      1560
    ],
    9,
    3,
    2
  ],
  "24": [
    [
      -11802.55147707039,
      -7351.765492792769,
      1560.0000856657236
    ],
    [
      -11354.562507053286,
      -7032.943384472711,
      1560
    ],
    5,
    3,
    2
  ],
  "25": [
    [
      -12725.174138010641,
      -7810.05658347065,
      1559.9999251006932
    ],
    [
      -12040.864269699692,
      -7395.842906604265,
      1560
    ],
    6,
    3,
    2
  ],
  "26": [
    [
      -12907.427928084924,
      -8004.4058771876125,
      1559.9999809715077
    ],
    [
      -12164.923636673306,
      -7529.350511144681,
      1560
    ],
    13,
    3,
    2
  ],
  "27": [
    [
      7013.207679977053,
      10385.125753159218,
      1275.034313200213
    ],
    [
      5230.502881482273,
      8930.207484597082,
      1560
    ],
    23,
    3,
    3
  ],
  "28": [
    [
      6458.293356698762,
      11450.086000178077,
      1289.995198575739
    ],
    [
      4365.254674335557,
      9636.399374089839,
      1560
    ],
    28,
    3,
    3
  ],
  "29": [
    [
      5997.382177449537,
      12381.856531988962,
      1300.0372207422452
    ],
    [
      3510.250770727278,
      10108.7325390625,
      1560
    ],
    32,
    3,
    3
  ],
  "30": [
    [
      6418.834958447333,
      13228.314350794473,
      1428.115900186857
    ],
    [
      4290.706206645612,
      10859.77063282287,
      1560
    ],
    50,
    3,
    3
  ],
  "31": [
    [
      13041.019442933053,
      -16915.614178027587,
      1480.9458615593423
    ],
    [
      10011.701951874715,
      -14450.541564662366,
      1560
    ],
    7,
    3,
    3
  ],
  "32": [
    [
      11479.418595275692,
      -25733.934230437502,
      1560.0000347739692
    ],
    [
      7082.9865203264635,
      -18729.221033740425,
      1560
    ],
    3,
    2,
    2
  ],
  "33": [
    [
      17432.516260291464,
      -15705.716272419832,
      1994.6801736646566
    ],
    [
      17598.584172572224,
      -14824.175030054288,
      1560
    ],
    24,
    3,
    3
  ],
  "34": [
    [
      14227.607952743305,
      -13895.19563734802,
      1559.9999972271842
    ],
    [
      11328.59205846761,
      -12443.780880917295,
      1560
    ],
    32,
    3,
    2
  ],
  "35": [
    [
      7802.495533652712,
      -16978.73145629603,
      1237.3712166841574
    ],
    [
      5589.9808412844195,
      -14240.449371843612,
      1560
    ],
    38,
    3,
    3
  ],
  "36": [
    [
      7802.349835981108,
      -16218.704692674692,
      1229.8546716462558
    ],
    [
      5442.809208230019,
      -13737.821114146192,
      1560
    ],
    51,
    3,
    3
  ],
  "37": [
    [
      8442.284227359167,
      -15778.542888760423,
      1309.641094819616
    ],
    [
      6397.694571774198,
      -13620.30724279094,
      1560
    ],
    18,
    3,
    3
  ],
  "38": [
    [
      9567.112607026947,
      -16601.063296662887,
      1260.6347999312563
    ],
    [
      7059.064413373763,
      -14092.309089948054,
      1560
    ],
    14,
    3,
    3
  ],