{"0": [[-9361.372578055303, -16932.090626696903, 1559.999906480857], [-7739.473192066658, -13569.248999725782, 1560.0], 0, 1, 1], "1": [[-8056.033365417692, -16884.18129815375, 1559.9999356792555], [-7126.84562006851, -13970.04553433444, 1560.0], 0, 1, 1], "10": [[-12002.997155458706, -7207.0203061396605, 1560.0000222061365], [-11495.501331905532, -6912.996172183479, 1560.0], 2, 3, 2], "11": [[-12560.052804630162, -7452.906154537373, 1485.2352957258531], [-12104.256152041058, -7052.846086607069, 1560.0], 17, 3, 2], "12": [[-13129.214304009709, -6424.216507303857, 1541.3893014160399], [-12708.47608243747, -6160.411533520952, 1560.0], 9, 3, 2], "13": [[-14010.413674009946, -6525.566041916162, 1559.9999951160169], [-13358.677489352938, -6268.7880630555765, 1560.0], 15, 3, 2], "14": [[-14783.041088385042, -6022.118215863201, 1559.999352483422], [-14164.818229764353, -5747.678379296409, 1560.0], 10, 3, 2], "15": [[-12914.21182015926, 1331.2408518901473, 1560.0000956365925], [-12592.344849368443, 1236.0889501375902, 1560.0], 23, 3, 2], "16": [[-11675.714954616697, 4606.524567687064, 1519.5913204110286], [-11250.772738244801, 4020.42030211006, 1560.0], 46, 3, 3], "17": [[-11333.076997200136, 7930.671348004545, 1405.1492322478646], [-10652.387991994166, 6322.231544756642, 1560.0], 54, 3, 3], "18": [[-10978.80106238488, 6351.029688221507, 1393.5022611143922], [-10576.295715083983, 5317.207075639945, 1560.0], 13, 3, 3], "19": [[-10283.614699435115, 7798.367179330074, 1584.7584644838546], [-9708.083291361838, 6454.773090649114, 1600.0], 71, 3, 3], "2": [[-9497.43486344296, -15997.064618801376, 1553.7639664192204], [-8194.07548926393, -12697.948596325292, 1560.0], 28, 2, 2], "20": [[-8704.853303068203, 8489.960869025186, 1386.2939552389112], [-8566.701558413275, 6931.677649173402, 1560.0], 29, 3, 3], "21": [[-7716.494688843881, 10355.04116058523, 1364.458878950359], [-7484.455103258856, 8257.759181623733, 1560.0], 4, 3, 3], "22": [[-8448.967911706755, 12925.745812992855, 1353.839013167547], [-8028.464056706521, 9361.688370798947, 1560.0], 39, 3, 3], "23": [[-9518.17016777153, 12476.0088244927, 1347.0607232066698], [-8805.621992180524, 9013.129423020675, 1560.0], 34, 3, 3], "24": [[5474.8457259415, 13115.50169659457, 1431.9892104739588], [4345.095154983234, 11131.518718457977, 1560.0], 34, 3, 3], "25": [[6602.376236308859, 12662.006163647999, 1516.9716813381983], [5659.438566591965, 10947.501775146522, 1560.0], 31, 3, 3], "26": [[6719.452734101917, 12065.95807403815, 1559.9999597825954], [5950.902192420694, 10630.180283147316, 1560.0], 14, 3, 3], "27": [[7625.450438670077, 10067.430374320027, 1495.3853321046204], [5900.475117596969, 8722.921318459914, 1560.0], 42, 3, 3], "28": [[9262.363004369483, 11003.121785994412, 1759.9998038478552], [7209.723790585712, 9519.242054103752, 1760.0], 22, 2, 2], "29": [[9156.02028010897, 9740.440709756906, 1560.0001662754823], [7848.363739977183, 8731.175090295508, 1560.0], 24, 3, 3], "3": [[-7194.871743328973, -15628.509242002747, 1169.8565371649152], [-7312.415803643107, -12604.6543017785, 1560.0], 127, 3, 2], "30": [[10452.006436611788, 9737.529557012263, 1299.811323508281], [7747.679035481358, 8308.796238822997, 1560.0], 21, 2, 2], "31": [[11420.648624747399, 10009.662096494278, 1710.00015868489], [9922.02236686335, 8974.481577247712, 1710.0], 6, 2, 2], "32": [[16146.070851757451, 9031.007394287002, 1869.999970142602], [14978.592443512154, 8293.729909582162, 1870.0], 0, 2, 2], "33": [[15640.771476175185, 6987.962342111982, 1870.000475053883], [15087.12135116803, 6632.460074315049, 1870.0], 2, 2, 2], "34": [[21248.560627963856, 9257.635471489793, 1939.9998741056004], [20446.544756146002, 8627.832477984362, 1940.0], 5, 2, 2], "35": [[15139.15162461713, 7992.195520867327, 1750.0001425193802], [14748.702840559457, 7537.64889905149, 1750.0], 5, 2, 2], "36": [[14483.771734291257, 7267.450194119261, 1650.0001226357815], [14488.426275471726, 7014.177394206067, 1650.0], 8, 2, 2], "37": [[12824.478532153096, 7311.713001939569, 1629.9998618363868], [12241.422022694924, 6830.390120519365, 1630.0], 0, 2, 2], "38": [[13810.673839291101, 6995.832021901047, 1559.998702656626], [12462.940994875778, 6442.578642928007, 1560.0], 20, 2, 2], "39": [[13688.649182617628, 6678.136491978555, 1560.000166794726], [12981.25675742412, 6331.955510832767, 1560.0], 2, 2, 2], "4": [[-12165.215288027115, -11329.47332215467, 1560.0001460347044], [-10930.144024397703, -9946.097171053665, 1560.0], 7, 3, 2], "40": [[13051.983630814695, 6350.933028493679, 1579.0038575924204], [12245.606629889278, 5714.275130633742, 1560.0], 91, 3, 3], "41": [[13711.743724045618, 1399.26237117752, 1602.3423862399059], [14845.678465737174, 1291.2591974618042, 1560.0], 28, 3, 3], "42": [[13959.633748449785, -5755.798781875197, 1480.2821295762856], [13118.538058931035, -5738.395339710383, 1560.0], 20, 3, 3], "43": [[22088.957628780736, -8267.553952718059, 1638.0835121735165], [21231.57479819812, -6868.516042562272, 1560.0], 41, 2, 2], "44": [[19847.1799572542, -11949.594712220365, 1690.0000495674774], [18703.37607367991, -11109.572671495893, 1690.0], 10, 2, 2], "45": [[16544.111038884228, -9399.634618935173, 1548.946680437068], [15339.932598756042, -9084.855920154356, 1560.0], 27, 3, 3], "46": [[15273.531251526418, -10668.178114257438, 1521.293450698726], [14608.153870504655, -10306.317238385833, 1560.0], 31, 3, 3], "47": [[23240.25804044905, -14805.071886360765, 2103.0267493676383], [22605.738145758587, -10593.781669387965, 1560.0], 11, 2, 2], "48": [[26098.073601815315, -20031.10950643728, 1749.9999530505338], [14307.039821499518, -7172.556157591393, 1750.0], 0, 1, 1], "49": [[12390.914580637878, -11310.59973115148, 1559.9999760008034], [11202.487157661399, -10640.611132760985, 1560.0], 8, 3, 3], "5": [[-13705.639985312962, -11642.780860431303, 1758.6185587385874], [-11836.071763003583, -10079.784046303357, 1630.0], 14, 2, 2], "50": [[13124.45023395427, -11486.890322646752, 1358.171047827987], [12836.681716696032, -11007.846034800607, 1560.0], 95, 3, 3], "51": [[15588.147490444138, -12773.441470577347, 1559.99988401524], [13593.975405454257, -11917.424262897375, 1560.0], 44, 3, 3], "52": [[15137.094262070337, -12672.180354427675, 1504.2596572648408], [13127.977148772223, -11596.188674621131, 1560.0], 7, 3, 3], "53": [[9907.714025303769, -13272.048114825873, 1270.8892335469168], [7025.132737402798, -11610.721119593523, 1560.0], 8, 2, 2], "54": [[13573.869544388575, -14335.42781017716, 1560.0004209723552], [12174.234327849226, -13069.127442242097, 1560.0], 4, 3, 3], "55": [[14030.87097635986, -14969.711711708735, 1560.0002210186021], [12992.35943407284, -13800.006144231169, 1560.0], 39, 3, 3], "56": [[12913.963161014652, -15890.375251345487, 1647.7791741200153], [12409.996641126965, -14596.59667613718, 1560.0], 19, 3, 3], "57": [[8528.413447624436, -14919.38451798248, 1329.1016257100018], [6699.912946118574, -13086.486171204546, 1560.0], 25, 3, 3], "58": [[7846.530989163328, -17220.096003318435, 1228.6311815028773], [5098.372888049326, -14343.67018129466, 1560.0], 11, 3, 3], "59": [[-538.9973175973304, -16951.611938423197, 1720.8799965249889], [-894.0401320117203, -14338.052926151246, 1560.0], 78, 3, 3], "6": [[-12945.705501379252, -9490.105575905702, 1608.7189139292466], [-11827.04140915503, -8717.232001466837, 1560.0], 13, 3, 2], "60": [[9313.96988494853, -25506.68605965039, 1559.9995046198947], [5321.882510168408, -18391.13854177779, 1560.0], 20, 2, 2], "61": [[19838.948842765025, -13051.052307160837, 1635.6613580699845], [18651.13335900998, -12431.466299976895, 1560.0], 33, 3, 3], "62": [[-9903.511069735041, 12458.257611839168, 1560.0003061520076], [-7224.251819331955, 11287.524796645526, 1560.0], 42, 2, 2], "63": [[-10533.188471191528, 16806.219309270702, 1559.9999354240238], [-8101.377905584781, 15699.607897715123, 1560.0], 9, 2, 2], "64": [[-9828.343942986889, 17473.365139723344, 1559.9997158150766], [-7241.592036777039, 14940.750987140937, 1560.0], 17, 2, 2],