{"0": [[-8962.138759587739, -16763.649629760825, 1560.0001046339748], [-7739.473192066658, -13569.248999725782, 1560.0], 0, 1, 1], "1": [[-11289.537262054626, -14336.998509589344, 1559.9999031955467], [-9769.732296691573, -11659.871090781142, 1560.0], 7, 2, 2], "10": [[-8044.956628536391, 13018.650952718564, 1440.0844465324228], [-7476.798406565971, 9676.312809453919, 1560.0], 7, 3, 3], "11": [[-9896.086121859309, 12169.822162662558, 1560.0002231084488], [-8582.240956563948, 9242.297070009012, 1560.0], 0, 3, 1], "12": [[5510.673017130889, 6683.815595386566, 1476.2418321978782], [4952.577901048646, 6156.005723270333, 1560.0], 20, 3, 3], "13": [[9916.387961546074, 9400.392116728925, 1579.999919667788], [8519.945495803178, 8352.667305512077, 1580.0], 10, 3, 2], "14": [[8935.649621884504, 9899.804597467113, 1528.5940141012927], [7429.787828168243, 8688.191199601033, 1560.0], 18, 3, 3], "15": [[9241.527457320748, 10772.257963432858, 1750.0001196557969], [7606.33165605947, 9283.855784468662, 1750.0], 64, 3, 3], "16": [[8640.118304056272, 12165.06957039796, 1560.0000366012002], [6656.595088321549, 10466.605861353222, 1560.0], 24, 3, 2], "17": [[6777.592508069696, 11776.290725574429, 1322.1151708313469], [5118.435331079844, 10026.30165714565, 1560.0], 10, 3, 3], "18": [[7133.304447604667, 13363.858024147625, 1337.6963794547491], [4254.169381908237, 10678.294282818935, 1560.0], 26, 3, 2], "19": [[7967.692090242601, 14509.225102755443, 1619.9999871327248], [5601.145728298339, 11770.943477627703, 1620.0], 33, 3, 3], "2": [[-12815.204813661698, -10104.568030026732, 1607.8862374634361], [-11655.505398093475, -9110.44091110607, 1580.0], 10, 3, 2], "20": [[10216.963819303799, 7955.397516550873, 1461.0604418941027], [9210.17094139728, 7242.074552864318, 1560.0], 10, 3, 3], "21": [[9533.991561127741, 7728.988228122745, 1699.9997980472447], [9563.162337857204, 7417.301343514004, 1700.0], 11, 2, 2], "22": [[12408.478926946318, 8129.222184525121, 1559.9995589324712], [11733.22035730025, 7606.172379479013, 1560.0], 7, 2, 2], "23": [[11831.976050830783, 7765.915612037352, 1598.270670645637], [11666.765385218308, 7367.461086405902, 1560.0], 19, 3, 3], "24": [[12874.601052685215, 7280.963800675581, 1560.720920205198], [11465.638807231597, 6654.095153406177, 1560.0], 27, 3, 3], "25": [[13786.167900805976, 8765.798977547252, 1769.9997352023327], [13049.320194985765, 8146.797435378328, 1770.0], 0, 2, 2], "26": [[17217.06824104938, 8189.519384848795, 1640.0003792419366], [17437.30262518842, 7960.638233439906, 1640.0], 23, 2, 2], "27": [[14637.961945854893, -5515.5279141482915, 1342.1023474987342], [13878.148359617562, -5461.484528020987, 1560.0], 20, 3, 3], "28": [[16130.096320955228, -7721.490691597026, 1392.379316273981], [15533.958276961754, -7487.145853960979, 1560.0], 21, 3, 3], "29": [[15561.058001085868, -8803.436587671666, 1493.0786274721765], [14246.029704215463, -8569.445447615852, 1560.0], 40, 3, 3], "3": [[-5772.5099155888165, -13434.617226070553, 1294.5735450028635], [-6365.01067926497, -11441.137764458139, 1560.0], 149, 3, 3], "30": [[12140.385328544717, -9033.240931319297, 1347.9603861405112], [11129.646163972719, -8599.180244136645, 1560.0], 28, 3, 3], "31": [[12873.798537289886, -7707.079026620908, 1428.2179666450925], [11657.945150373598, -7533.8972470451345, 1560.0], 21, 3, 3], "32": [[10484.657458837346, -6692.295056683364, 1398.9771912138194], [9896.58086826371, -6580.333941193278, 1560.0], 24, 3, 3], "33": [[11988.664411977119, -6411.5909758048065, 1559.999928757959], [12712.982966711288, -6586.7481283961615, 1560.0], 32, 3, 3], "34": [[12933.418323094655, -10905.387389787555, 1559.9998885262892], [11990.479303736993, -10305.743542094477, 1560.0], 21, 3, 3], "35": [[12004.212281647027, -10883.54701860848, 1378.5702018648417], [9835.346287641258, -10043.844138676754, 1560.0], 7, 3, 3], "36": [[12488.13646079099, -11055.685671708055, 1560.0000776167215], [11834.99722515506, -10579.345080127014, 1560.0], 22, 3, 3], "37": [[8405.806778103613, -25803.958816300616, 1559.9998196059576], [4468.183963767404, -18289.08884495452, 1560.0], 5, 2, 2], "38": [[11295.888555278, -24564.715313394012, 1559.9998968204623], [7013.076595669759, -18238.173816495528, 1560.0], 0, 2, 2], "39": [[8715.965589831592, -22320.65710808737, 1478.6728505359383], [5469.02891689706, -17107.491941650587, 1560.0], 7, 3, 3], "4": [[-14347.451349474277, -6928.00282690764, 1684.366237564709], [-13396.666316972349, -6686.400437327354, 1560.0], 77, 3, 2], "40": [[10176.8271022352, -22710.324181308573, 1552.34552102476], [6284.747472963604, -17293.293054516413, 1560.0], 25, 2, 2], "41": [[11472.750107571368, -22877.774368384464, 1500.0447080278366], [7622.427349781758, -17564.924951791843, 1560.0], 5, 3, 3], "42": [[12478.560330406344, -23888.202972422285, 1559.9998914873058], [8648.45691085611, -18321.928619848164, 1560.0], 2, 2, 2], "43": [[9495.317140068071, -20739.851618464356, 1559.9999294872696], [6767.067431321716, -16685.265766083736, 1560.0], 15, 3, 3], "44": [[8194.254396659004, -18602.67820130565, 1432.0013875100128], [5446.7959323787445, -15199.427613137617, 1560.0], 5, 3, 3], "45": [[12461.588238040715, -19215.939831494445, 1518.6017632039086], [9489.1280212974, -15970.950660713219, 1560.0], 17, 3, 3], "46": [[10838.150409574844, -19356.116846002424, 1560.0000254667793], [8713.908537866017, -16231.437092855387, 1560.0], 10, 3, 3], "47": [[15096.142742357391, -17103.225416084002, 1905.7103028162012], [14504.624400660636, -15569.590541665806, 1560.0], 7, 3, 3], "48": [[12708.848343413772, -16404.038889170883, 1560.0001923785667], [11089.749752525095, -14632.883020854712, 1560.0], 25, 3, 3], "49": [[9941.515161024608, -13501.815701248574, 1384.9587400881412], [7774.1674267036105, -11996.903376427173, 1560.0], 10, 2, 2], "5": [[-11441.427161035577, 2611.7549939958317, 1494.259356313139], [-11468.407713303981, 2256.00082170401, 1560.0], 135, 3, 3], "50": [[11618.28131695857, -18519.786212489646, 1560.0000376168905], [8700.479846362792, -15504.220486913508, 1560.0], 7, 3, 3], "51": [[18904.799937104894, -12006.488736829666, 1559.9996444994867], [16993.553261904166, -11244.337558083833, 1560.0], 16, 3, 3], "52": [[19012.082542681383, -11267.26650769739, 1701.2044910453612], [19752.53275347037, -10944.296142301693, 1560.0], 12, 3, 3], "53": [[19179.889130925047, -10972.772824000085, 1563.889738444308], [18363.30259159727, -10438.658568695044, 1560.0], 6, 3, 3], "54": [[18846.044589122976, -10149.575687495315, 1593.506427623709], [18733.624758415284, -9889.217734750553, 1560.0], 8, 3, 3], "55": [[21870.47103714654, -8973.06549902716, 1559.9995092855982], [20668.65203124773, -8147.311111688652, 1560.0], 19, 2, 2], "57": [[21669.129354657733, -10052.0600578129, 1559.9995924046], [20756.465402582784, -8573.532650531804, 1560.0], 2, 2, 2], "58": [[16446.546887899505, -10487.91763227156, 1612.3368365064289], [16160.302409362785, -10150.757583244364, 1560.0], 14, 3, 3], "59": [[22838.29037710507, -15371.82398776435, 2052.50377894545], [22768.32274215529, -14530.504282206726, 1560.0], 41, 3, 3], "6": [[-11016.131687314055, 6143.721857687323, 1193.3394842989696], [-11019.958044606266, 4887.791355603875, 1560.0], 68, 3, 3], "60": [[19356.53854433564, -12865.634649439533, 1651.9131156772955], [18728.85981215235, -12329.100014783686, 1560.0], 43, 3, 3], "61": [[-9866.359993391521, -16662.11778320434, 1560.000104478182], [-4727.749812797013, -12856.724880362093, 1560.0], 0, 1, 1], "62": [[-10524.7505340766, -17621.663432126454, 1679.9997743563197], [-5173.988026871353, -12204.218257895343, 1680.0], 0, 1, 1], "63": [[-11457.937616379113, -16743.36059604126, 1559.9999999957167], [-5786.127125677688, -11487.540550015157, 1560.0], 0, 1, 1], "64": [[-11493.005299033763, -17616.4810212283, 1559.9999311054285], [-5653.50351576461, -12021.05190648425, 1560.0], 0, 1, 1], "65": [[-8376.116420032971, -19578.171911072215, 1560.000622128679], [-3515.755099690091, -14802.671440531441, 1560.0], 0, 1, 1],