{"0": [[8201.379802583693, -17730.88183078993, 1519.687142382851], [6060.928234011795, -14941.582551096508, 1560.0], 3, 3, 3], "1": [[9808.930737728531, -19743.876472516116, 1640.738859968937], [7529.899696554396, -16359.210654674314, 1560.0], 5, 3, 3], "10": [[11289.741552097685, -27493.385263437067, 1559.999766781011], [6526.743436543775, -19252.92923489732, 1560.0], 4, 2, 2], "11": [[7510.992414717723, -27867.961389947253, 1560.0000297922197], [3508.358276137852, -18809.140831692137, 1560.0], 9, 2, 2], "12": [[9483.862134285753, -28976.226493032176, 1750.0000006288192], [6644.495665527672, -20482.30068863237, 1750.0], 0, 1, 1], "13": [[9099.985948923177, -30693.141896578378, 1750.0002494917837], [6094.22613752513, -21287.2612641041, 1750.0], 0, 1, 1], "14": [[11686.05622903587, -16615.826735962342, 1514.3881242951595], [9496.917145394342, -14363.237147594184, 1560.0], 38, 3, 3], "15": [[11276.995890664395, -15127.152685757044, 1560.00045257108], [9929.545492198395, -13710.931769554882, 1560.0], 15, 3, 3], "16": [[10071.490238087728, -12998.045009058373, 1325.5926681692092], [8454.751343400285, -11659.837305120931, 1560.0], 38, 2, 2], "17": [[13651.595835764747, -12192.728138135912, 1559.999912680765], [13184.948109893654, -11505.371763083152, 1560.0], 20, 3, 3], "18": [[14102.333235857566, -11982.54656114869, 1582.5988701470258], [14559.139320173814, -11503.301489042942, 1560.0], 31, 3, 3], "19": [[18500.356522358623, -11284.810793207862, 1641.2822779622509], [17995.949878568445, -10973.960291658981, 1560.0], 12, 3, 3], "2": [[-10380.575134081115, -10200.185721346057, 1486.276889167442], [-9825.456698952506, -9264.239204881096, 1560.0], 28, 3, 2], "20": [[17348.102173468447, -10451.540043073543, 1572.4815533973806], [16160.302409362785, -10150.757583244364, 1560.0], 21, 3, 3], "21": [[15625.443196246548, -11630.62869405864, 1560.0001998436458], [14187.213335857672, -10986.580517169521, 1560.0], 20, 3, 3], "22": [[15889.64182629315, -10521.047161782137, 1120.937049940504], [11754.512779502003, -9639.914452714793, 1560.0], 52, 3, 3], "23": [[15652.223873627954, -10303.797892698583, 1493.2069406932842], [14167.306772631224, -9889.817925439917, 1560.0], 60, 3, 3], "24": [[14542.828826392535, -9446.279685408379, 1488.979740773616], [12777.769478532306, -8879.270568291242, 1560.0], 6, 3, 3], "25": [[9714.986223927946, -10421.542230597874, 1560.000296649779], [10880.820961630103, -10171.019146467983, 1560.0], 66, 3, 2], "26": [[11561.939900615445, -14657.459942235491, 2628.576961689157], [12351.10133500772, -13969.379145585954, 1950.0], 16, 2, 2], "27": [[16056.3906270184, -6657.491781466331, 1505.7552579506648], [15288.52883268752, -6636.301762041882, 1560.0], 36, 3, 3], "3": [[-11590.765222031847, -12733.050078146958, 1592.3163396654281], [-10099.72997542608, -10907.682619452768, 1560.0], 18, 3, 2], "30": [[12320.25318662721, 1267.3832209301502, 1755.2821127862799], [13510.007809135752, 1286.6321346408524, 1580.0], 18, 3, 3], "31": [[14122.29013876334, 1999.4067533910436, 1664.4809091326574], [13751.144152202818, 1665.4833813239811, 1560.0], 121, 3, 3], "32": [[15381.466884127138, 4111.631345719975, 1650.0000121541445], [15375.101972617422, 4033.911605622867, 1650.0], 1, 2, 2], "33": [[14797.46382798364, 5432.430390356841, 1669.999785042849], [14412.57806250697, 5200.521903914863, 1670.0], 1, 2, 2], "34": [[14012.064021271388, 6571.096490199957, 1559.999705000634], [12906.62029413325, 6085.174652988739, 1560.0], 1, 2, 2], "35": [[13747.865846076702, 7919.931488318656, 1569.9999578658467], [13260.195100184868, 7434.774371054695, 1570.0], 2, 2, 2], "36": [[12302.851019077505, 7694.24640777271, 1559.9998620449155], [11050.936757076941, 6989.2892205583, 1560.0], 8, 3, 3], "37": [[16492.98115434884, 9680.569692250314, 1809.9998290048877], [15489.937940916527, 8924.772180947804, 1810.0], 0, 2, 2], "38": [[16628.913382288643, 8824.802488613439, 1560.0002606003848], [14610.173814196134, 7895.606916959081, 1560.0], 9, 2, 2], "39": [[17450.388663047244, 8693.275179201784, 1929.9999160421185], [15115.566230144628, 7716.603547529164, 1930.0], 14, 2, 2], "4": [[-11946.325329005616, -11919.603326271996, 1263.8935288546597], [-11129.390341602506, -10016.042312239968, 1560.0], 17, 3, 2], "40": [[17471.340376770826, 7919.119109356986, 1880.000058346972], [16598.721320476987, 7342.121134381958, 1880.0], 1, 2, 2], "41": [[10866.984723481943, 9913.114666358622, 1710.4993536138013], [9316.346613576296, 8776.608327376036, 1730.0], 12, 3, 3], "42": [[11970.224381972139, 9096.560766586206, 1649.9999602849998], [11013.529828534893, 8370.219159615006, 1650.0], 1, 2, 2], "43": [[9567.735187667347, 10529.347163379056, 1531.814757043184], [7972.773667929141, 9259.803029571203, 1560.0], 6, 3, 3], "44": [[9429.23228995834, 11261.830830192295, 1526.5939257299096], [7647.072699117554, 9626.867580499307, 1560.0], 38, 3, 3], "45": [[7130.16622849812, 11507.530862518131, 1380.414269403711], [5038.2568973767575, 9646.844867753087, 1560.0], 25, 3, 3], "46": [[6283.673893962856, 16500.717717265507, 1381.6671707429489], [3732.5976093142967, 12821.628949391988, 1560.0], 5, 3, 3], "47": [[-10389.548724450711, 7558.135002119203, 1488.9100156455224], [-9843.969906452272, 6268.409552795715, 1560.0], 54, 3, 3], "48": [[-11437.548629767123, 6494.326513276182, 1340.132747927172], [-11085.575267904247, 5251.399035618644, 1560.0], 64, 3, 3], "49": [[-12405.753946062458, 7705.666394649745, 1403.9855272726365], [-11402.346353444333, 6133.991251663237, 1560.0], 11, 2, 2], "5": [[-11873.166584831832, -11520.977884945067, 1063.2684867591463], [-11409.226620401492, -9621.961004258663, 1560.0], 15, 3, 2], "50": [[-12308.205057688956, 7307.33109653833, 1069.1873354316813], [-11898.59892738777, 5496.738357271148, 1560.0], 24, 2, 2], "51": [[-13221.184003433695, 6956.622787039765, 1497.9746433757664], [-12089.340468169881, 5617.257657828958, 1560.0], 34, 2, 2], "52": [[-13245.110000514325, 5860.088044418517, 1482.2258587042595], [-12315.352772382394, 4860.27927268795, 1560.0], 14, 2, 2], "53": [[-12440.679320790974, 5837.862818818175, 1467.2762681413437], [-11808.598059734551, 4835.7964723375435, 1560.0], 70, 3, 3], "54": [[-10487.737727257947, 13759.943844623214, 1560.0001422185], [-6212.031343832012, 7698.9851666769355, 1560.0], 0, 2, 1], "55": [[-14188.424731504643, -6773.503797504612, 1638.150764184354], [-13352.93812052939, -6504.159632607803, 1560.0], 16, 3, 2], "56": [[-23179.4281941647, 8791.08751497036, 1750.0001332124662], [-14361.382789546757, 7965.531225878263, 1750.0], 0, 1, 1], "57": [[18741.295400279116, -13300.066364072252, 1560.0002776581682], [16984.01637517431, -12398.248434488423, 1560.0], 27, 3, 3], "58": [[23762.292929470867, -10555.230596191652, 1560.0005958465417], [19742.6524342992, -9679.155636833444, 1560.0], 30, 2, 2], "59": [[-8547.814568430458, 8399.716787023082, 1398.668870143323], [-8375.631200235071, 6913.581187847398, 1560.0], 10, 3, 2], "6": [[-7539.935976362835, -16285.08830511558, 1310.9063006075814], [-7139.334455881878, -13127.19915348023, 1560.0], 21, 3, 2], "60": [[6959.454900518762, 18937.88164735482, 1412.5324829463043], [3963.3815013254266, 14080.639942379785, 1560.0], 9, 2, 2], "61": [[7411.3321252960895, 22190.008161292317, 1560.000130852211], [4615.138392843003, 16069.294766544599, 1560.0], 0, 1, 1], "62": [[7257.815885412096, 20088.860344300014, 1559.9999626365275], [4773.559630124253, 15140.00061610113, 1560.0], 0, 1, 1], "63": [[7125.096796508304, 21274.634952134078, 1560.0000010705098], [4548.383328460144, 15669.48098799101, 1560.0], 0, 1, 1], "64": [[7830.054890374724, 21610.02139671008, 1560.0001319797939], [4886.116711387727, 15799.474273341288, 1560.0], 0, 1, 1], "65": [[6424.282194026533, 21476.617641787903, 1560.0001920181378], [3935.7735523536076, 15652.058499909066, 1560.0], 0, 1, 1], "66": [[4799.228880988573, 20518.548413424232, 1559.9997218335384], [2690.732482830437, 15019.558594679045, 1560.0], 0, 1, 1],