{"1": [[-9367.390648079278, -16151.136426704548, 1560.0000866100775], [-8096.707857382331, -12758.676291604192, 1560.0], 0, 1, 1], "10": [[-8607.928634998165, 8252.838436514689, 1393.5730141126191], [-8495.913392750637, 6802.5377169733465, 1560.0], 47, 3, 3], "11": [[-14775.302552075716, 4943.25661014342, 1890.0000045452791], [-13548.68198736828, 4175.950245516042, 1890.0], 0, 2, 1], "12": [[-11296.582103032806, 7360.788093271085, 1400.0216825988553], [-10732.057724501406, 5958.249878966606, 1560.0], 82, 3, 3], "13": [[-10826.166548072079, 8114.146198619933, 1451.8014141170293], [-10256.357850081526, 6500.890167541612, 1560.0], 65, 3, 3], "14": [[-11313.396734241183, 8308.18516424112, 1637.2159487327422], [-10163.869037915112, 6913.481726185639, 1560.0], 27, 3, 3], "15": [[-8563.061035030896, 13271.129171446477, 1435.6098857521786], [-7964.174923025591, 9621.44101776124, 1560.0], 54, 3, 3], "16": [[2050.34402169149, 10825.830617593223, 1559.9998004940708], [1396.9590225513984, 9495.580674113955, 1560.0], 18, 3, 3], "17": [[6841.461192524084, 15044.212992850355, 1426.8410988955245], [4321.6719035396845, 11922.826490121854, 1610.0], 13, 3, 3], "18": [[7934.516090242838, 14224.46114023083, 1599.446438206506], [4660.643466419481, 11040.303985448656, 1830.0], 54, 3, 3], "19": [[7926.5193778790435, 12851.511833224555, 1527.5740963099202], [5599.755622869278, 10660.1908565843, 1560.0], 17, 3, 3], "2": [[-8378.633983752428, -15435.020010220216, 1560.0000038517414], [-8282.21211308604, -12485.427521394442, 1560.0], 0, 2, 1], "20": [[6682.68254981998, 10837.836307362824, 1390.254915566956], [4977.565990352052, 9362.015190300323, 1560.0], 13, 3, 3], "21": [[8239.598093415749, 10683.730200252938, 1521.1120216392671], [6392.958223078856, 9265.588767339834, 1560.0], 13, 3, 3], "22": [[9417.493379635878, 10961.977590168657, 1684.9203880702603], [8162.257168757677, 9698.229240188255, 1640.0], 26, 3, 3], "23": [[9882.997433655037, 9591.357391277534, 1610.0000604735087], [9423.992056208135, 8937.749454943472, 1610.0], 10, 2, 2], "24": [[9641.614061872684, 9084.647950050126, 1560.0000000168209], [8559.013348235729, 8168.830295322215, 1560.0], 19, 3, 3], "25": [[11014.773342248245, 9162.342688946996, 1508.5738547515825], [9939.409499859372, 8281.53384504166, 1560.0], 11, 3, 3], "26": [[11601.994955573833, 9080.299998307028, 1679.9998416889164], [10893.0954263095, 8436.334738883686, 1680.0], 1, 2, 2], "27": [[13599.671047100695, 9285.078519588718, 1570.000022059461], [13691.541297071035, 8939.335232063362, 1570.0], 27, 2, 2], "28": [[14772.986984463996, 9056.446526517379, 1590.0000667812124], [14674.214813398234, 8622.812623557442, 1590.0], 14, 2, 2], "29": [[10783.023551598906, 8674.334513329919, 1559.9998998808953], [9822.724061632407, 7829.438862723768, 1560.0], 19, 3, 3], "3": [[-7107.725317466219, -15517.739928951676, 1560.0005955186816], [-7415.758414041323, -12482.439788155905, 1560.0], 0, 2, 1], "30": [[10013.263063262179, 7961.065279817567, 1433.8827952710355], [8260.946373385852, 6980.107264779732, 1560.0], 12, 3, 3], "31": [[18697.27445012761, 8073.437463557591, 1720.0001873901203], [18303.755915163765, 7631.326271090619, 1720.0], 5, 2, 2], "32": [[12019.695934349142, -9119.030466927377, 1264.3861700086395], [10062.114493225137, -8517.306925131103, 1560.0], 16, 3, 3], "33": [[13991.71379997407, -9963.571009562489, 1359.1235165672326], [11906.53458763932, -9358.14548789354, 1560.0], 15, 3, 3], "34": [[21503.043071546184, -10379.212121745986, 1493.017701790103], [19587.37572375672, -9907.4024981942, 1560.0], 22, 3, 3], "35": [[15112.405291940888, -11294.07220111033, 1560.0000708266305], [14307.017172246196, -10794.636651194076, 1560.0], 12, 3, 3], "36": [[13001.198224390208, -10851.67993287782, 1558.0077898006075], [12598.166617175459, -10329.506785583615, 1560.0], 10, 3, 3], "37": [[12102.316830001047, -10965.093504470207, 1501.488169988189], [10832.484299493166, -10260.100954222984, 1560.0], 5, 3, 3], "38": [[12581.912692299426, -11226.98544713312, 1545.4987852904173], [11834.99722515506, -10579.345080127014, 1560.0], 26, 3, 3], "39": [[7440.27843834355, -24429.745958398787, 1559.9999917041318], [4025.4352224324703, -17778.542186264254, 1560.0], 10, 2, 2], "4": [[-12889.412311606786, -11085.728459606873, 1559.9999404148775], [-11527.575477517628, -9733.720525333223, 1560.0], 0, 2, 1], "40": [[11183.563930301514, -25766.15950184851, 1559.9999438944674], [7413.4269614164095, -18958.40728129367, 1560.0], 18, 2, 2], "41": [[11304.799908001107, -24340.71731607456, 1534.7712154231492], [6364.548155973397, -17794.0762620965, 1560.0], 26, 2, 2], "42": [[12242.73150809791, -24172.68133553446, 1560.0001027944247], [7702.227163621119, -18092.756618255153, 1560.0], 7, 2, 2], "43": [[8200.474458737399, -18560.353604025393, 1358.6436124597328], [5099.925739766295, -15056.13146387212, 1560.0], 6, 3, 3], "44": [[11139.829911867319, -20086.24023926162, 1478.412831320389], [8110.167195316079, -16297.74427936166, 1560.0], 7, 3, 3], "45": [[12272.921861714753, -19996.730191409188, 1560.0000411039298], [9593.76619480859, -16585.47391941595, 1560.0], 9, 3, 3], "46": [[17112.578338172596, -18753.852923830735, 2138.105731707596], [17266.546883883086, -17111.52003854534, 1560.0], 10, 3, 3], "47": [[21011.103556442937, -19746.424370666868, 1817.645844417489], [19015.676564455673, -17267.949192265743, 1560.0], 29, 2, 2], "48": [[27879.017305807392, -21140.743126798563, 1749.9998330793499], [14718.846920637536, -7063.958620339253, 1750.0], 0, 1, 1], "49": [[18432.57354705107, -15747.526527970858, 1988.9641463406665], [18474.58676864231, -14846.888627774344, 1560.0], 12, 3, 3], "5": [[-15808.935628273312, -7853.580344002237, 1559.9999532359652], [-14520.558995511312, -7205.009308372537, 1560.0], 4, 3, 2], "50": [[13288.944749199632, -15906.816915660063, 1545.6049964817516], [11464.545320675876, -14106.099799960555, 1560.0], 8, 3, 3], "51": [[18166.34088300086, -14463.877798009686, 1594.9496703868695], [16954.770148989945, -13526.238104605898, 1560.0], 26, 3, 3], "52": [[22599.457952488105, -14237.522356083615, 1651.6057038993106], [21294.09020216828, -11507.584152359983, 1560.0], 14, 2, 2], "53": [[11245.241358184314, -12207.537883891237, 1559.9999702725288], [12561.00825668362, -11461.254108405084, 1560.0], 0, 3, 1], "59": [[-9270.658426447066, 13816.426671669535, 1560.0002991016581], [-6753.062907027089, 12263.77047901274, 1560.0], 34, 2, 2], "6": [[-11807.927434558942, -7903.5633308940105, 1560.000055163871], [-11220.717580703222, -7497.147584449196, 1560.0], 0, 2, 1], "60": [[10144.173176829114, -11926.282368580829, 893.7000543936756], [6307.809942219799, -10311.646475469004, 1560.0], 13, 2, 2], "61": [[23552.390831682187, -9816.130821947756, 1560.0001278643704], [20799.485995967112, -9457.889579271874, 1560.0], 0, 1, 1], "66": [[-9370.177503266535, 20732.930759801795, 1750.0000847242636], [-8968.56519942543, 20079.62825695404, 1750.0], 0, 1, 1], "67": [[7626.87980555504, 18511.404146256173, 1720.4171568159747], [5143.213361707559, 14159.005561166015, 1950.0], 58, 3, 2], "68": [[6395.1090517142775, 19671.12877493975, 1592.7194778480637], [5161.527105851737, 15516.116961543452, 1560.0], 41, 2, 2], "69": [[6681.947595616582, 19926.96211065583, 1585.1483658228053], [5161.527105851737, 15516.116961543452, 1560.0], 23, 2, 2], "7": [[-13740.757269248717, -6082.804715924632, 1559.9996794222418], [-13260.879720246168, -5851.8798939422295, 1560.0], 8, 3, 2], "70": [[7640.456012648411, 20996.909832672376, 1560.000031827464], [4830.551773116491, 15471.375729979583, 1560.0], 0, 1, 1], "71": [[7530.415935787079, 20954.22610430872, 1560.0001954087652], [0, 0, 1560], 0, 1, 1], "72": [[6654.716836752224, 21579.36247333549, 1560.0000218759455], [0, 0, 1560], 0, 1, 1], "73": [[-10362.365207940566, 13171.217581261824, 1559.9991613669135], [0, 0, 1560], 30, 2, 2], "74": [[-9781.20873461026, 15275.200455584803, 1560.0001954974048], [0, 0, 1560], 40, 2, 2],