{"0": [[-8042.331292842225, -17321.78013312282, 1559.9997028107941], [-7229.627272718298, -13879.832588483494, 1560.0], 0, 1, 1], "1": [[-9907.3492581656, -15206.639517085743, 1560.0001644826361], [-8759.070408857864, -12701.080811930835, 1560.0], 0, 1, 1], "10": [[-14567.112770083286, -7805.451488531499, 1559.9998846720785], [-13647.68736764052, -7247.013173184436, 1560.0], 29, 3, 2], "11": [[-13093.560729599163, -7536.89243421755, 1475.9608054235991], [-12588.60087514398, -7047.017011448282, 1560.0], 32, 3, 2], "12": [[-14740.874987222001, -6555.804320218959, 1559.9998586010934], [-14016.890061841212, -6214.1771289154285, 1560.0], 7, 3, 2], "13": [[-15551.570592037582, -6521.049892384005, 1461.797661775876], [-14774.416127796263, -6082.961159124066, 1560.0], 50, 3, 2], "14": [[-11693.499701912724, -6764.993885251114, 1484.063105246556], [-11408.833704297795, -6484.586953233512, 1560.0], 13, 3, 2], "15": [[-12298.698052644328, -6390.467662403994, 1467.7166501802965], [-12090.556129591328, -6128.748582559164, 1560.0], 21, 3, 2], "16": [[-13285.632676095882, -6403.120284292661, 1440.323425134817], [-12991.37192811149, -6065.294340161627, 1560.0], 38, 3, 2], "17": [[-15410.722679103403, -5728.433505527011, 1559.9996099230696], [-14699.785107106081, -5477.281272283672, 1560.0], 0, 3, 1], "18": [[-10989.759269895987, 5434.754890591303, 1200.8701537361646], [-11190.810994458898, 4351.5808272142085, 1560.0], 117, 3, 3], "19": [[-11976.62606849885, 5111.355768443577, 1196.1104949627297], [-11959.29947743791, 4065.6835419940094, 1560.0], 108, 3, 3], "2": [[-10232.593957182151, -17946.12874042858, 1560.0001003216926], [-8492.47062298006, -13051.995432155762, 1560.0], 0, 1, 1], "20": [[-13147.730823072345, 6658.486194177217, 1263.5089917692387], [-12342.310832671423, 5211.92699405214, 1560.0], 29, 2, 2], "21": [[-14282.796913679986, 6173.380675676163, 968.9316871507496], [-13571.06110701283, 4464.212144984994, 1560.0], 44, 2, 2], "22": [[-8082.512648467368, 10858.739765384278, 1079.6299881010418], [-8642.404163545738, 7897.025502319297, 1560.0], 125, 3, 3], "23": [[-8451.070339339047, 10930.140197299997, 1157.2862973711735], [-8602.206990492139, 8077.226137403017, 1560.0], 38, 3, 2], "24": [[-8043.352473957613, 12377.350174203095, 962.0096864055442], [-8362.51398790496, 8727.2475286808, 1560.0], 122, 3, 3], "25": [[8567.034106839894, 15208.710504118835, 1227.8476238854914], [4065.157912574952, 11329.577043069265, 1560.0], 120, 3, 3], "26": [[7605.41208196998, 9943.926795163148, 1315.5443193372769], [4386.618837889679, 8188.078652650695, 1560.0], 96, 3, 3], "27": [[9108.636405886318, 11606.140567067223, 1489.2167488535715], [6481.8454996636665, 9666.127773376313, 1560.0], 47, 3, 3], "28": [[9727.75045734666, 10600.038435691735, 1481.4975579068443], [7551.153944374824, 9209.530251307417, 1560.0], 50, 3, 3], "29": [[10472.491223086741, 9960.937960751033, 1559.9998163949638], [7823.2862665472585, 8625.529040134412, 1560.0], 68, 3, 3], "3": [[-11069.97891001321, -16133.76988781047, 1560.0001676560341], [-9349.272092274712, -12401.376508382456, 1560.0], 0, 1, 1], "30": [[9277.101711900434, 8288.623314449545, 1275.6039648499877], [5818.061824238346, 6768.592427096438, 1560.0], 62, 3, 3], "31": [[13487.127851694819, 8877.316307655941, 1559.9998503306826], [11276.928996242612, 7811.980882668084, 1560.0], 19, 2, 2], "32": [[13091.405434066968, 7760.058065726488, 1186.454748328232], [10486.060486072276, 6738.107471458433, 1560.0], 29, 2, 2], "33": [[14854.701308158314, 2490.76171990119, 1339.3105572177153], [11603.463098240587, 2005.56609485425, 1560.0], 33, 2, 2], "34": [[11092.66883970604, 1863.5569761368677, 1433.818960149093], [8501.434759881264, 1540.5452596481186, 1560.0], 70, 3, 3], "35": [[13587.000170985262, 627.275541454544, 1559.999900094098], [12167.197776106736, 484.68358010284635, 1560.0], 14, 3, 2], "36": [[14729.561246092871, -5385.671716272575, 1459.7692517446808], [12206.536450754926, -5109.809070266732, 1560.0], 33, 3, 3], "37": [[16432.471089262002, -9513.617139565276, 1347.1671319935112], [14017.291478681971, -8978.848189104361, 1560.0], 28, 3, 3], "38": [[15206.779315599546, -10493.21785598122, 1559.9999755033016], [12868.614995143973, -9856.913076844037, 1560.0], 19, 3, 3], "39": [[14567.861744935073, -10647.461972002206, 1419.1235455968215], [12814.371007827627, -9952.322198783733, 1560.0], 36, 3, 3], "4": [[-8479.190294426366, -17167.76216740488, 1406.2662825341354], [-7701.986271626316, -13083.555436695962, 1560.0], 20, 2, 2], "40": [[13255.362401785085, -9991.64953859788, 1008.8008026136496], [8392.641771185488, -8795.954481738943, 1560.0], 50, 3, 3], "41": [[16810.49213307028, -14047.656730397603, 1559.9997182122352], [13766.507030508905, -12692.809241573834, 1560.0], 56, 3, 3], "42": [[8066.91308794802, -17385.92418916403, 1337.2276914994504], [5448.568341730257, -14480.343398512574, 1560.0], 2, 3, 3], "43": [[11351.422654112132, -24457.12798447798, 1319.026356331714], [5624.266661054551, -17502.09961335736, 1560.0], 31, 2, 2], "44": [[11276.891178928861, -25616.029976202757, 1341.1364828975363], [5325.544704838377, -17854.155995650097, 1560.0], 38, 2, 2], "45": [[10006.58287896852, -13290.360585950311, 998.5753113635509], [6234.869047706436, -11386.295706224204, 1560.0], 10, 2, 2], "46": [[18697.975593373743, -18318.649937283262, 1592.3810078828476], [13400.250581032094, -15109.997743661721, 1560.0], 52, 3, 3], "47": [[9480.14525520271, 11251.86279371521, 1660.0000091539744], [7199.03384250738, 9443.110709990955, 1660.0], 68, 3, 3], "48": [[-16659.617529572355, -8955.632654892614, 1560.0001823789053], [-9110.177320615097, -5423.621558926518, 1560.0], 0, 1, 1], "49": [[-11529.521512909256, -18523.15142571886, 1559.999892311745], [-5020.225847406931, -12955.781005653074, 1560.0], 0, 1, 1], "5": [[-8163.753463096267, -15542.435089170056, 1372.2247258920859], [-7877.913428461239, -12622.641722084058, 1560.0], 33, 3, 2], "50": [[-11496.72211965993, -17953.398845968768, 1759.9999454492113], [-5691.3959774799805, -12065.011972227523, 1760.0], 0, 1, 1], "51": [[-10679.277886365137, -16713.205682728443, 1610.0000349233762], [-5559.004784929744, -11353.919136667691, 1610.0], 0, 1, 1], "52": [[23946.6376445787, -11100.208806208933, 1749.9998186428656], [22334.98472587544, -9037.46189484175, 1750.0], 0, 1, 1], "6": [[-11239.01604935694, -13432.085585008583, 1495.2985075664958], [-10017.294025727668, -11138.120939071394, 1560.0], 38, 3, 2], "7": [[-10819.62036792059, -8413.82666809064, 1383.8484169774656], [-10769.912254319772, -7743.833784827662, 1560.0], 62, 3, 2], "8": [[-11995.252743888648, -8690.487400189339, 1379.5994305646384], [-11648.050018147054, -7940.994974359027, 1560.0], 26, 3, 2], "9": [[-13114.341333230852, -9018.124702315967, 1559.999864994265], [-12265.717472273063, -8243.632762550056, 1560.0], 40, 3, 2]}