{"0": [[-7851.595987664406, 12156.569603822794, 1471.2128045904662], [-7475.190586520491, 9253.243237633766, 1560.0], 30, 3, 3], "1": [[-9028.811121745603, 8712.546865699023, 1464.037797797443], [-8723.419204007801, 7089.052661989844, 1560.0], 64, 3, 3], "10": [[-11300.112849912495, -8420.232112051312, 1560.0001809684159], [-10697.791224037279, -7947.748554653829, 1560.0], 0, 2, 1], "11": [[-12290.104384091903, -8054.818758857484, 1590.0003068875508], [-11628.006372114167, -7597.884700522625, 1590.0], 0, 2, 1], "12": [[-13274.598727502489, -8171.083268688333, 1560.00023076646], [-12460.543912513845, -7637.357882840711, 1560.0], 0, 2, 1], "13": [[-12680.000215225731, -9098.043899067985, 1559.9999748413202], [-11773.517995806807, -8399.213242432315, 1560.0], 0, 2, 1], "14": [[-12851.296842295405, -9893.752034710966, 1560.000152520372], [-11755.748697641793, -8948.773638808641, 1560.0], 0, 2, 1], "15": [[-13796.451970464519, -9552.690663280939, 1559.9998449614159], [-12572.848008968103, -8639.919608384485, 1560.0], 0, 2, 1], "16": [[-15062.676310395016, -8473.29492636317, 1559.999870693667], [-13815.31464881929, -7744.504239418719, 1560.0], 0, 2, 1], "19": [[8576.17828934878, -19188.588936076198, 1446.4511358553748], [5304.855297440672, -15421.457111803746, 1560.0], 11, 3, 3], "2": [[-9966.755728908269, 7168.68411651327, 1355.0702325085497], [-9757.425798145221, 5887.892330551458, 1560.0], 29, 3, 3], "20": [[9989.316497569047, -19317.411742229546, 1419.2258969351808], [6956.010493112526, -15747.782606809787, 1560.0], 6, 3, 3], "21": [[11216.643059718326, -19745.811736558146, 1459.104761494484], [9100.090593670346, -16466.804219809284, 1560.0], 30, 3, 3], "22": [[13407.50168275661, -18983.15277476561, 1265.568660500211], [10304.413383764359, -15688.519780437086, 1560.0], 51, 3, 3], "23": [[7934.620928005313, -22371.381265251715, 1373.8198410653176], [4663.499886541574, -16976.140782286046, 1560.0], 9, 3, 3], "24": [[11457.22930332314, -25554.709649462187, 1559.999781522745], [7503.285388652535, -18872.88726010482, 1560.0], 25, 2, 2], "25": [[10161.509008126142, -13268.495691364556, 1431.7557913067544], [7855.280216856073, -11846.28166262304, 1560.0], 5, 3, 3], "26": [[17180.670986068617, -10090.268873113271, 1559.9998739937541], [16357.423549778994, -9837.806134027493, 1560.0], 55, 3, 3], "27": [[15597.998188416597, -10852.620475160928, 1493.3819898570591], [14608.153870504655, -10306.317238385833, 1560.0], 40, 3, 3], "28": [[14442.634270059823, -11533.964810629916, 1487.0451630840632], [12947.560554941478, -10823.29700876394, 1560.0], 20, 3, 3], "29": [[12879.772705780848, -11651.929966957316, 1518.8232148858212], [11103.064489646857, -10817.084085565213, 1560.0], 14, 3, 3], "3": [[-11079.088245725026, 6984.195387266146, 1252.2416841991528], [-10888.63230882861, 5544.430439975988, 1560.0], 73, 3, 3], "30": [[14119.37775711143, -12922.029022519306, 1560.0000276452113], [12287.561758012773, -11903.318242385294, 1560.0], 38, 3, 3], "31": [[15572.225746808934, -13824.9527775524, 1507.7548836758338], [14365.860343223914, -12849.592605715474, 1560.0], 48, 3, 3], "32": [[6298.97357850611, 11324.782354421883, 1533.3620267735137], [4707.7608696362095, 9688.523231545621, 1560.0], 46, 3, 3], "33": [[6829.946207739052, 12789.854410972146, 1467.5129447350917], [5276.0771225460785, 10783.55433851056, 1560.0], 43, 3, 3], "34": [[7913.721497282757, 11825.622293803583, 1560.0000083671473], [6656.595088321549, 10466.605861353222, 1560.0], 32, 3, 3], "35": [[9162.135148270603, 11612.288075826762, 1590.0000765067962], [7193.329387544393, 9926.888420720046, 1590.0], 18, 3, 3], "36": [[9500.123392258934, 10591.617439523248, 1559.9999273065612], [7997.453816474315, 9365.589858622408, 1560.0], 9, 3, 3], "37": [[10518.165731817235, 10424.358625216832, 1559.9997487630312], [8823.283742905496, 9255.090091551076, 1560.0], 7, 2, 2], "38": [[11612.902980591676, 6843.84291610365, 1950.0001427199993], [10539.111082799502, 6254.770714939061, 1950.0], 21, 2, 2], "39": [[12730.241871691333, 7818.257058449492, 1620.0000603366757], [11890.79480687753, 7303.869366076615, 1620.0], 1, 2, 2], "4": [[-11203.979516203677, 5680.195181800916, 1401.2401108447555], [-10901.988535924356, 4763.933765005991, 1560.0], 81, 3, 3], "40": [[13350.709251090722, 9865.490795690195, 1559.9995959270823], [10984.674334544809, 8594.453386793104, 1560.0], 25, 2, 2], "41": [[13332.138227947664, 7394.774138663841, 1700.000097855492], [12460.99987077751, 6871.580033221104, 1700.0], 0, 2, 2], "42": [[15072.085195348767, 9635.587560521402, 1870.0001020642644], [14571.2760431662, 9015.619115224576, 1870.0], 5, 2, 2], "43": [[-9749.872846647855, 15119.96035363201, 1560.000254390689], [-7018.261236601196, 13091.600715409239, 1560.0], 34, 2, 2], "44": [[-8041.718886435199, 22103.787447696457, 1750.0000916294719], [-7767.7386866477855, 21425.991119797047, 1750.0], 0, 1, 1], "45": [[7340.586841323381, 15531.310271309274, 1723.7141616413196], [5159.74448685764, 12586.05671132484, 1870.0], 56, 3, 3], "46": [[7591.254924857225, 16213.353439298904, 1747.891246640811], [5735.112095205158, 13126.48102228665, 1840.0], 21, 3, 2], "5": [[-11737.034074864046, 5912.124812565474, 1401.20340271738], [-11293.259669525387, 4883.811524955718, 1560.0], 75, 3, 3], "6": [[-12602.603414715357, 5197.185473638441, 1479.4878196259176], [-12019.547714400813, 4378.258954049865, 1560.0], 64, 3, 3], "7": [[-13322.626704604168, 5043.946619430048, 1305.4956536431766], [-12735.761738108391, 4109.11747490984, 1560.0], 16, 2, 2], "8": [[-12735.733404989109, 7220.124875167894, 1538.7571063358398], [-11568.75017686545, 5929.928382811632, 1560.0], 21, 2, 2], "9": [[-13762.614674952429, 5960.141586009709, 1297.3664627971352], [-12966.963308113187, 4635.674817553595, 1560.0], 116, 2, 2]}