{"0": [[-7324.3626495145645, -18247.261241630564, 1251.1839330514945], [-6955.071172968335, -13549.646913367862, 1560.0], 15, 2, 2], "1": [[-8034.530339282871, -16957.745914116855, 1559.9997729239144], [-7042.0813389551695, -13301.069819667297, 1560.0], 9, 2, 2], "10": [[-14135.612742223157, -8119.753000411083, 1611.2497191244047], [-13054.617099378142, -7611.216573872541, 1560.0], 24, 2, 2], "11": [[-14573.752869277088, -9145.668807517515, 1559.9999213278807], [-13286.795909491066, -8268.40103657644, 1560.0], 6, 2, 2], "12": [[-11858.308932272186, -7453.225209230264, 1644.251422526762], [-11137.83922983813, -7216.859925306242, 1560.0], 15, 2, 2], "13": [[-11632.719789677061, -6854.799358408834, 1487.8421803268534], [-11338.82493802743, -6578.901748544342, 1560.0], 34, 2, 2], "14": [[-11996.454118340147, -6392.972631769604, 1559.9998902243904], [-11614.926694080921, -6205.6071312170925, 1560.0], 7, 2, 2], "15": [[-13970.24692072565, -6242.374646982767, 1559.9997736161097], [-13414.138735686545, -5982.02832610994, 1560.0], 1, 2, 2], "16": [[-14568.969877153326, -5813.974222757335, 1537.045184662504], [-14038.7405176416, -5566.200316478313, 1560.0], 10, 2, 2], "17": [[-15370.171995302988, -6594.4855874644345, 1560.000259028087], [-14505.593798272997, -6222.378355179757, 1560.0], 1, 2, 2], "18": [[-12602.416775126183, -2234.708707769749, 1559.9999540445885], [-12401.278318682309, -2245.353644674779, 1560.0], 2, 3, 2], "19": [[-11064.451391527056, 5316.763864391344, 1308.117619834051], [-10999.093315487562, 4406.572657717566, 1580.0], 22, 3, 2], "2": [[-7967.749271914158, -15314.72626133903, 1541.736431372508], [-7185.984596016951, -12552.186959568782, 1560.0], 30, 2, 2], "20": [[-12208.773536541863, 5236.762965196105, 1459.1780391235347], [-11630.708883755258, 4485.86765566199, 1560.0], 5, 3, 2], "21": [[-15301.808721583471, 4692.293653990751, 2620.9515453566723], [-12872.592740748243, 4904.427080275943, 1810.0], 85, 2, 2], "22": [[-15472.63950364709, 4815.938560190615, 1889.9999369834225], [-14117.881159886118, 3990.3918044892307, 1890.0], 0, 2, 1], "23": [[-9143.080056527138, 9407.550128892479, 1378.3336549332623], [-9131.274310482622, 7265.793887790695, 1610.0], 122, 3, 2], "24": [[-7881.818267522578, 10683.744154447797, 1381.036216107104], [-7554.303668424463, 8426.804097630662, 1560.0], 4, 3, 2], "25": [[-7981.7841163466355, 11141.494416375463, 1266.3918133642374], [-7847.604592403687, 8487.778750293444, 1560.0], 5, 3, 2], "26": [[-7666.101525795556, 12896.256673791051, 1206.0195026499134], [-7658.723773416339, 9322.411781145134, 1560.0], 18, 3, 2], "27": [[6647.7123690216295, 13620.717794209104, 1294.1616779553126], [3976.6723240312062, 10883.140413080968, 1560.0], 12, 3, 2], "28": [[5811.615645041417, 11667.0113311048, 1360.5355629052892], [4087.1562561017818, 9859.121385048344, 1560.0], 8, 3, 2], "29": [[6942.9173355298, 10615.790676745466, 1437.251615041957], [4895.937414490354, 8982.046381758806, 1560.0], 13, 3, 2], "3": [[-9708.242106401296, -15407.867223363543, 1559.9998875065953], [-8282.21211308604, -12485.427521394442, 1560.0], 40, 2, 2], "30": [[8334.451394821834, 11639.340001756887, 1560.0000037386944], [6569.74165312067, 10066.521477632776, 1560.0], 10, 3, 2], "31": [[9703.703967579311, 10930.808259681295, 1571.3966717981075], [9003.940230602771, 10017.177150984706, 1560.0], 72, 3, 3], "32": [[7545.664803066918, 9926.525805881221, 1466.904808625693], [5103.635787795141, 8352.779090460013, 1560.0], 51, 3, 2], "33": [[9463.817825664533, 8375.505812974203, 1504.7587638058615], [7964.948157147238, 7492.495348102472, 1560.0], 11, 3, 2], "34": [[11894.623700536835, 8392.067768800407, 1559.9999656992748], [11865.190336346535, 8084.8446088850105, 1560.0], 62, 2, 2], "35": [[13557.081194745284, 6786.595398507281, 1559.9999819247264], [13628.608369349638, 6594.549446855205, 1560.0], 74, 2, 2], "36": [[10917.062873395438, 1070.916684437318, 1559.9995378658118], [10712.820121316341, 920.3439944727081, 1560.0], 84, 3, 3], "37": [[15975.15602662344, 1140.9574957344082, 1492.1082615675814], [16863.703022967933, 1344.8479877770828, 1560.0], 116, 2, 2], "38": [[12654.517668817545, -9262.630470702894, 1559.9997831171477], [14017.291478681971, -8978.848189104361, 1560.0], 149, 3, 2], "39": [[10989.480873163942, -9100.758652294206, 1559.9997507315586], [12161.232702466225, -8880.093799782833, 1560.0], 86, 3, 2], "4": [[-10133.687134439211, -15981.996312350044, 1560.0001271489837], [-8577.13560450479, -12631.518394672346, 1560.0], 22, 2, 2], "40": [[13097.345653675296, -10341.838223181894, 1559.9992585505527], [14729.24587203148, -10107.59880776345, 1560.0], 172, 3, 2], "41": [[12583.130653168459, -10441.783813167647, 1559.999905796858], [13992.109235864065, -10184.785394848535, 1560.0], 153, 3, 2], "42": [[9515.645566809675, -9435.054893770539, 1559.9999657248434], [10243.859182197044, -9246.34168609281, 1560.0], 52, 3, 2], "43": [[12989.463571844084, -13968.138262669201, 1560.0001465598834], [15048.465187875145, -12920.544722204459, 1560.0], 0, 3, 1], "44": [[7244.349369726614, -12482.080027692171, 1692.9098667130463], [7454.274570667798, -11813.631082671427, 1640.0], 21, 2, 2], "45": [[7510.048600485418, -15406.30513942741, 1976.437995696863], [7783.098050081371, -14176.649426998974, 1690.0], 9, 2, 2], "46": [[5619.973795941183, -16165.765405057928, 2101.795582892304], [5770.442907453985, -14679.581075590166, 1560.0], 27, 3, 2], "47": [[4225.940187275921, -16002.006685764152, 2060.613993396749], [4198.357580841419, -14478.126221114595, 1560.0], 60, 3, 2], "48": [[7472.773598283096, -17267.66485730483, 2236.1487186468435], [8425.990145338279, -15878.874191589197, 1560.0], 8, 3, 2], "49": [[7213.782662870868, -17686.03572103197, 2319.5041354996406], [7789.218996200593, -16012.764200782414, 1560.0], 16, 3, 2], "5": [[-10808.281511122554, -15524.107916169227, 1678.328812010636], [-9055.876586439175, -12387.569563633086, 1620.0], 18, 2, 2], "50": [[5927.7688816515165, -17493.853385810857, 2312.3268368880913], [6050.68761670178, -15664.571779010948, 1560.0], 58, 3, 2], "51": [[5246.63928086782, -16636.44136963794, 1559.9995499117604], [5692.055022051628, -16818.59677739027, 1560.0], 0, 3, 1], "52": [[6942.185562126353, -17908.80398970712, 1559.999883831209], [7959.291617028646, -18421.741861041417, 1560.0], 0, 3, 1], "54": [[5783.535379174508, 18894.742789418637, 1719.9998870997733], [5918.211687212168, 19378.84197537304, 1720.0], 0, 1, 1], "6": [[-14903.51242252234, -10045.48766717575, 1710.7150321996673], [-13111.55866732941, -8948.567011487716, 1560.0], 11, 2, 2], "7": [[-10434.307653741336, -10752.371520732311, 1555.3723549000374], [-9666.867979770934, -9711.835018979362, 1560.0], 22, 2, 2], "8": [[-11619.712761084013, -8249.867931060753, 1560.000036021449], [-11078.570176529489, -7758.3103082149755, 1560.0], 2, 2, 2], "9": [[-12869.25779673065, -7494.708966025072, 1559.9999181585401], [-12229.618258020353, -7130.380105916071, 1560.0], 3, 2, 2]}