{"0": [[20001.856277173156, -17920.90266453092, 1965.0580144029893], [18229.151770778844, -16127.328252283369, 1560.0], 7, 3, 3], "1": [[17825.381238192647, -12199.089157524708, 1501.390003561088], [8764.564341501116, -10091.956159811669, 1560.0], 18, 3, 2], "10": [[9939.165481687827, -14091.482878824927, 1559.9997381464016], [5804.170331863895, -13870.287209795044, 1560.0], 0, 2, 1], "11": [[8401.735260808919, -15014.992298665647, 1559.9996581571736], [6393.754482925921, -15148.097166723535, 1560.0], 0, 3, 1], "12": [[8787.50736425597, -16128.904754691288, 1560.0003670711626], [6971.8801385412635, -16416.0757384652, 1560.0], 0, 3, 1], "13": [[8986.314583277148, -17871.515779727124, 1560.000010392053], [6324.2986568431825, -17839.880264498977, 1560.0], 0, 3, 1], "14": [[-8552.063102252716, -18144.875152262204, 1560.0000006264893], [-3844.319974213913, -14385.375732200562, 1560.0], 0, 1, 1], "15": [[-7946.881678316685, -17556.871980016946, 1559.9999656174396], [-6784.055184130443, -14048.325137261836, 1560.0], 0, 1, 1], "16": [[-8153.300810475928, -18275.264072162496, 1661.5774687339501], [-6654.000673750477, -14004.866131168857, 1560.0], 29, 2, 2], "17": [[-8243.657847387953, -17664.814127373345, 1263.9449962447704], [-7708.247182981211, -13157.281232176398, 1560.0], 18, 2, 2], "18": [[-8147.740865765636, -16032.27679292566, 1234.856528449544], [-7892.644636403331, -12805.912119546472, 1560.0], 16, 3, 2], "19": [[-11052.67414102087, -12127.879339505262, 1559.9998944646843], [-5102.509006552656, -12420.82203353357, 1560.0], 0, 1, 1], "2": [[16796.327441435158, -11373.981454981647, 1408.3232576321013], [7951.422126120529, -10722.122443344513, 1560.0], 36, 3, 2], "20": [[-11305.568421206346, -15498.702804324437, 1559.9996627681594], [-5913.842673180475, -11405.980586225294, 1560.0], 0, 1, 1], "21": [[-12740.993648570064, -13491.994849927098, 1559.9998912346305], [-9965.471777641105, -12052.357416702709, 1560.0], 0, 1, 1], "22": [[-13217.342153865437, -10272.668446940026, 1451.1288611163272], [-12162.714088833907, -9043.545872937484, 1560.0], 11, 3, 2], "23": [[-15180.389383501435, -9664.677814237873, 1560.0000612877843], [-13585.77255981096, -8553.362060633506, 1560.0], 1, 3, 2], "24": [[-15621.6982808822, -9444.086715167665, 1559.9999375307864], [-13959.189851663854, -8342.472287876968, 1560.0], 0, 3, 2], "25": [[-12907.18712614559, -9535.615105689309, 1605.4560874334213], [-11763.503437539848, -8749.867488465261, 1560.0], 12, 3, 2], "26": [[-14043.170359920285, -8733.283402763189, 1559.999879511366], [-12926.071762171736, -8044.1669516164075, 1560.0], 30, 3, 2], "27": [[-13681.88190328272, -8568.812375514963, 1560.0001054743543], [-12727.077537502784, -7905.608917900796, 1560.0], 4, 3, 2], "28": [[-15814.651530907338, -6856.563025850258, 1559.9997167807323], [-14781.648034700369, -6415.30969300754, 1560.0], 10, 3, 2], "29": [[-15214.048462924942, -7224.430889497115, 1560.000218602838], [-14231.238135315276, -6768.904801505937, 1560.0], 4, 3, 2], "3": [[17203.097515225785, -10129.136827467715, 1560.0000780213043], [16291.619018577208, -9942.639204053534, 1560.0], 45, 3, 3], "30": [[-12233.817727835383, -7606.505263569629, 1537.3953217202231], [-11710.9644796646, -7205.366802284378, 1560.0], 10, 3, 2], "31": [[-13256.488373671104, -7660.018125411893, 1643.4483305195279], [-12409.483547082971, -7303.229726115261, 1560.0], 12, 3, 2], "32": [[-11632.443003059469, -7035.590811163643, 1370.9737689845956], [-11558.95333946483, -6647.537681135219, 1560.0], 10, 3, 2], "33": [[-14094.04278562785, -6259.023027672424, 1456.7827652195263], [-13660.5270982441, -5954.79626277966, 1560.0], 10, 3, 2], "34": [[-13535.395442651665, -6417.685664710645, 1360.6954532735338], [-13259.225961009686, -6065.79547712521, 1560.0], 11, 3, 2], "35": [[-12348.483037787411, -6521.715655167102, 1457.1315430099105], [-12093.010364636868, -6230.292813113482, 1560.0], 14, 3, 2], "36": [[15315.34989907969, 829.0901912616539, 1595.9235573065232], [14654.206316040316, 791.2148622842104, 1560.0], 78, 3, 3], "37": [[9634.087904250067, 1521.5355525478528, 1559.9998854874268], [9896.165804503766, 1486.2451210915594, 1560.0], 31, 3, 3], "38": [[18463.728970011718, 9350.832877285617, 1749.9998988008579], [16264.763606532088, 8282.274342250748, 1750.0], 14, 2, 2], "39": [[15332.392420994174, 9486.283182674206, 1789.999987515141], [14286.16973148882, 8715.087155759897, 1790.0], 0, 2, 2], "4": [[16854.01568207989, -9868.930764207265, 1559.9995248673513], [15748.435357391576, -9614.296694142766, 1560.0], 48, 3, 3], "40": [[14781.329010053822, 6136.883099048392, 1629.999662728069], [14194.052973723734, 5760.830444055196, 1630.0], 0, 2, 2], "41": [[13998.131823168187, 5882.01627476812, 1620.000105728979], [12367.554369996047, 5276.557287222379, 1620.0], 12, 2, 2], "42": [[13012.891141215867, 9057.958527669347, 1560.0004050506116], [11930.685306423904, 8324.759443219315, 1560.0], 0, 2, 2], "43": [[12357.585044712068, 6761.832006728441, 1559.9995816874084], [10821.586783588516, 6172.167212030425, 1560.0], 15, 2, 2], "44": [[11463.610129793116, 7434.38785389243, 1512.8802084025092], [9006.948962249306, 6468.127561426435, 1560.0], 35, 2, 2], "45": [[11277.355192454414, 7525.556129262355, 1518.5504199899779], [9006.948962249306, 6468.127561426435, 1560.0], 51, 3, 3], "46": [[10885.815363670778, 7403.597774939815, 1475.7755382243477], [8502.427242915637, 6238.101529994994, 1560.0], 71, 3, 3], "47": [[10204.095888777298, 10188.951277256903, 1630.0008628880112], [9437.541532482393, 9346.020543097688, 1630.0], 3, 2, 2], "48": [[6180.704380289128, 9620.342637087093, 1260.0538242092316], [4050.663401979843, 8154.832908718283, 1560.0], 29, 3, 3], "49": [[5662.977249868769, 12402.57265639816, 1309.9889606657082], [3528.136700494764, 10197.48504080246, 1560.0], 12, 3, 3], "5": [[14311.617073002324, -12529.226626539281, 1474.8198791029706], [6630.831944872744, -10564.360736727607, 1560.0], 25, 3, 2], "50": [[-7612.519672112615, 11475.91790779213, 1232.8077092619205], [-7601.637052661864, 8687.208170776172, 1560.0], 17, 3, 3], "51": [[-8197.044318566208, 9835.457507006418, 1490.2713704110029], [-7864.178071767477, 7939.67025541848, 1560.0], 24, 3, 3], "52": [[-9297.495308422247, 10325.240001409536, 1560.0000964495362], [-8465.448205792016, 8281.776463995884, 1560.0], 41, 3, 3], "53": [[-10879.104208299046, 6897.051156653142, 1508.6891254036686], [-10330.896946239172, 5794.956825410836, 1560.0], 58, 3, 3], "54": [[-11915.891184598517, 6680.1746975167025, 1514.8382080052656], [-11078.62015898048, 5608.414515810731, 1560.0], 55, 3, 3], "55": [[-12440.690759433728, 5757.189834623572, 1458.5491210028324], [-11755.69107715234, 4798.406271670538, 1560.0], 44, 3, 3], "56": [[-12543.463397795373, 7062.760193616448, 1360.7455471981357], [-11689.066656704103, 5662.398986893989, 1560.0], 16, 2, 2], "57": [[-13180.711324837113, 5836.0598417606825, 1233.58693721621], [-12580.8398885713, 4605.769348526338, 1560.0], 27, 2, 2], "58": [[-14480.989945055648, 7147.954367420664, 1199.4060936194044], [-13238.71811690106, 5285.683554117328, 1560.0], 52, 2, 2], "59": [[-15886.550365818148, 6326.521938217723, 1291.099564239957], [-14176.01987631442, 4728.409359152401, 1560.0], 17, 2, 2], "6": [[11736.858917768575, -12916.712017143946, 1560.000089380342], [8035.589843081663, -12420.189090401816, 1560.0], 0, 3, 1], "60": [[-14906.32942713798, 6981.427647073782, 593.7137225193505], [-14085.570999344627, 4596.492280896343, 1560.0], 108, 2, 2], "61": [[-16122.119708375698, 6520.54444269446, 1749.9998358453165], [-11004.09725085142, 6209.273115171712, 1750.0], 0, 1, 1], "62": [[-10103.90491627372, 12529.037603666877, 1706.1632062172137], [-7594.126257226983, 12047.510379925398, 1560.0], 58, 2, 2], "63": [[11329.019238873332, 9195.163975642567, 1864.7281454481176], [11370.84594256711, 9025.675539253178, 1610.0], 58, 3, 3], "64": [[10691.897002040489, 9377.21541670058, 1738.3950897599632], [9089.202126464583, 8535.630837347657, 1560.0], 113, 3, 2],