{"0": [[-8000.303363735592, -16464.33358891947, 1560.0002038178252], [-7124.277745510506, -13948.463289243116, 1560.0], 0, 1, 1], "1": [[-10290.938581735822, -15988.57842630333, 1560.0002756998415], [-8489.934783619145, -12875.836059230222, 1560.0], 0, 1, 1], "10": [[-11003.888384956002, -8330.222365073349, 1560.0000489314775], [-10451.934815216668, -7905.13756089849, 1560.0], 2, 3, 2], "11": [[-12601.95339741191, -7416.426537389157, 1552.4911851942884], [-12040.283057980929, -7045.426070256881, 1560.0], 26, 3, 2], "12": [[-12018.154894252284, -7318.626645300532, 1560.0000958594069], [-11498.250756150266, -7015.400292490095, 1560.0], 5, 3, 2], "13": [[-13998.949811339917, -6470.020302910783, 1559.9998785874736], [-13410.610375418677, -6190.82954776786, 1560.0], 6, 3, 2], "14": [[-14805.41367770986, -5912.98589009347, 1559.9994188544983], [-14167.529125667876, -5663.465314353715, 1560.0], 9, 3, 2], "15": [[-13097.255878240929, 3300.6267115252335, 1560.0000204573341], [-12448.111389553518, 2986.13554959033, 1560.0], 2, 3, 2], "16": [[-11624.211607673298, 4730.864244845792, 1460.2472153384774], [-11386.77470880745, 4029.452582837972, 1560.0], 85, 3, 3], "17": [[-11009.019711412573, 6280.667647718506, 1447.0757233946208], [-10667.243063403988, 5229.36140540156, 1560.0], 76, 3, 3], "18": [[-8701.631956319428, 8251.600556699654, 1419.1000147010345], [-8495.913392750637, 6802.5377169733465, 1560.0], 46, 3, 3], "19": [[-7776.378827540426, 10270.377297992505, 1449.1473986032868], [-7484.455103258856, 8257.759181623733, 1560.0], 6, 3, 3], "2": [[-7295.941287323203, -15451.178484040165, 1073.7120777254484], [-7208.300133540268, -12727.34882779082, 1560.0], 83, 3, 2], "20": [[-9541.047076588982, 8997.684201674392, 1559.9995050214256], [-8835.905543122515, 7422.814006994704, 1560.0], 25, 3, 3], "21": [[-10490.202782387267, 9765.648348895957, 1507.7313203323026], [-9614.715059301312, 7661.126255010028, 1560.0], 59, 3, 3], "22": [[5441.518687459, 13135.478857853439, 1345.8042987086114], [3651.9983656294903, 10817.246379226672, 1560.0], 10, 3, 3], "23": [[6602.42384222435, 12788.6795175979, 1443.3501029400861], [4555.71394986784, 10559.389062146574, 1560.0], 18, 3, 3], "24": [[6624.125279759515, 12056.541594073946, 1560.0000462363812], [5971.342203927532, 10727.339170700632, 1560.0], 11, 3, 3], "25": [[9422.362469945361, 11217.764058884244, 1576.4000990988407], [8492.19415272727, 10003.705948759303, 1680.0], 26, 3, 3], "26": [[7626.08373367116, 10170.7223691981, 1453.3526710121487], [5922.5602210723, 8821.711769440291, 1560.0], 14, 3, 3], "27": [[9417.768343747377, 9394.620143856911, 1681.8371095188836], [7356.227272345617, 8375.688188991535, 1560.0], 132, 3, 2], "28": [[10938.464001833472, 9637.77476113446, 1739.999559600687], [9212.23281141762, 8538.089048637607, 1740.0], 15, 2, 2], "29": [[10035.906792951448, 8252.541810418772, 1559.9996127668705], [9324.981600591787, 7686.239590210009, 1560.0], 2, 2, 2], "3": [[-2536.366339660735, -16494.420232094017, 1559.9999553189482], [-3001.103409952297, -13759.40032933422, 1560.0], 165, 3, 3], "30": [[12009.46445021727, 8219.875657202707, 1600.3848529033098], [11180.5119584099, 7458.775745784222, 1560.0], 65, 3, 3], "31": [[18179.93298594854, 8869.702164721943, 1829.9998459665503], [17177.06499647998, 8246.125660025851, 1830.0], 0, 2, 2], "32": [[15750.785099558112, 7253.231027909345, 1949.9999594356646], [15403.147594515005, 6932.976883761238, 1950.0], 1, 2, 2], "33": [[14432.565655069924, 7054.551185744282, 1669.9999847310949], [14297.08770025696, 6728.366485989703, 1670.0], 5, 2, 2], "34": [[15430.704535068699, 8020.955324765398, 1600.0001597233997], [14273.906685701288, 7447.401542777244, 1600.0], 0, 2, 2], "35": [[12774.084866937865, 7425.835875999956, 1750.0001543978694], [12267.211330347573, 7040.734194339549, 1750.0], 1, 2, 2], "36": [[13732.866912603293, 6705.2089786953975, 1560.0001717936395], [12390.765805645804, 6199.194196666112, 1560.0], 15, 2, 2], "37": [[13729.319320208064, 1366.2566928981119, 1697.5528239331577], [14199.05221401598, 1233.2543841887568, 1560.0], 23, 3, 3], "38": [[14042.412691290932, -8210.842658560043, 1394.1818877057092], [12623.65358303152, -7993.037310705317, 1560.0], 22, 3, 3], "39": [[22135.840608252252, -8186.744453845906, 1749.9999916893216], [21152.518074434418, -6977.976089088004, 1750.0], 0, 1, 1], "4": [[-12058.03194366279, -12850.876250937821, 1561.9343139677344], [-10469.56985464302, -10887.280956032648, 1560.0], 13, 3, 2], "40": [[21537.080616192256, -11810.525843917761, 1750.000002279521], [20489.430485682667, -10156.42250298392, 1750.0], 0, 1, 1], "41": [[16624.686464095284, -9364.234529739706, 1509.7958823655567], [15339.932598756042, -9084.855920154356, 1560.0], 31, 3, 3], "42": [[15354.67287231748, -10653.760585797889, 1431.245350663006], [14050.423893677551, -10086.934232454014, 1560.0], 41, 3, 3], "43": [[20239.10990674554, -12900.021812709949, 1624.9271569308771], [18884.757093615754, -12122.59579346821, 1560.0], 14, 3, 3], "44": [[23312.541072505268, -14950.202048735468, 1978.1629224557303], [22457.150750250046, -10933.231906976938, 1560.0], 12, 2, 2], "45": [[15650.739856189582, -12612.068747330197, 1528.9100372088628], [14374.63829379727, -11785.176902788418, 1560.0], 19, 3, 3], "46": [[15183.698521503113, -12739.432636079737, 1534.743422306768], [13711.837248126707, -11735.094300439148, 1560.0], 11, 3, 3], "47": [[13149.416090751529, -11285.457123393984, 1300.2080285485852], [10233.85423203555, -10325.421730333406, 1560.0], 18, 3, 3], "48": [[15554.2117583784, -13795.221744709153, 1603.3117425918056], [13766.507030508905, -12692.809241573834, 1560.0], 13, 3, 3], "49": [[28285.372940998896, -20359.802385277522, 1749.9999958343062], [14874.362884197863, -6485.033363246134, 1750.0], 0, 1, 1], "5": [[-11248.750314173134, -12235.603877874284, 1568.0548026135039], [-9944.380636235988, -10671.648740284203, 1560.0], 16, 3, 2], "50": [[9862.111881327286, -15843.200978434994, 1560.0002602103004], [8601.266242768224, -14057.657945916755, 1560.0], 13, 3, 3], "51": [[9895.182089780392, -13192.007765822998, 1462.6572773425426], [7895.9366959417985, -11770.41833941071, 1560.0], 9, 2, 2], "52": [[8543.550264726382, -14921.221954412062, 1205.3050905828904], [5936.037258249387, -12832.696858171728, 1560.0], 10, 3, 3], "53": [[7829.053182850758, -17146.60504429915, 1305.9846226173881], [5132.516521063518, -14284.602095268056, 1560.0], 4, 3, 3], "54": [[9734.859650154203, -24752.83057090558, 1559.9999332845375], [5623.830696089357, -18064.296624665425, 1560.0], 9, 2, 2], "55": [[-11641.115774857164, -16517.77515284975, 1560.0000061693788], [-5722.079743023166, -11602.847611549676, 1560.0], 0, 1, 1], "56": [[-10161.131807227028, -17953.17111341721, 1559.9997988202672], [-4910.3450053571105, -12742.172617833658, 1560.0], 0, 1, 1], "57": [[-7896.165719689697, -19652.676076123553, 1560.000048102244], [-3579.363127411955, -14713.393792563797, 1560.0], 0, 1, 1], "58": [[-8705.02543878245, 15075.337866712616, 1560.0002285695243], [-6511.790612819465, 14166.51571139479, 1560.0], 64, 2, 2], "59": [[-10648.376830724703, 15468.137319054447, 1560.0006291778523], [-8131.55740736549, 14679.268319105317, 1560.0], 23, 2, 2], "6": [[-12123.349853772921, -9926.553067075334, 1693.3263761873627], [-10889.998391998826, -9194.74114256496, 1570.0], 24, 3, 2], "60": [[-9423.087711402553, 14614.463158285438, 1559.999879377312], [-7018.261236601196, 13091.600715409239, 1560.0], 10, 2, 2], "61": [[12380.70857219621, -11648.765688214537, 1559.99980788078], [10591.850366496861, -10699.36127660026, 1560.0], 14, 3, 3], "62": [[15846.987083761574, -14060.069043823567, 1560.0002748006004], [13646.179572528954, -12868.47074039952, 1560.0], 14, 3, 3], "63": [[-10889.186129718446, 8832.635808429326, 818.0289644099544], [-11064.500034700648, 6259.515680026304, 1560.0], 67, 3, 2], "64": [[-8448.664178211448, 22600.64594010387, 1750.000264707224], [-8063.552409721813, 21724.323898744937, 1750.0], 0, 1, 1],