{"1": [[-8555.132706673247, -17801.0109846442, 1560.0000284288928], [-7307.519380343593, -13563.598862585925, 1560.0], 0, 1, 1], "10": [[-10959.485929982118, 7912.661611597198, 1372.1532343611261], [-10359.284754995271, 6365.189285764529, 1560.0], 16, 2, 2], "11": [[-11651.492882734527, 7968.7502408332, 1467.5408623391406], [-10766.296867432338, 6419.887572213703, 1560.0], 9, 2, 2], "12": [[-9297.09053653358, 10249.64234223919, 1524.6439100531934], [-8592.105065638627, 8122.091472958912, 1560.0], 9, 2, 2], "13": [[-9902.684757806766, 10591.427129507647, 1448.4775223636518], [-9090.94312441797, 8192.870061797763, 1560.0], 9, 2, 2], "14": [[-10626.627117698972, 10235.605534455648, 1458.7199249579087], [-9626.474979271548, 7927.146591806702, 1560.0], 18, 2, 2], "15": [[-1463.8652783047069, 10448.821594475674, 1503.016401374178], [-2142.9601778076126, 8814.650302030852, 1560.0], 16, 3, 3], "16": [[-944.0114173894194, 11395.113047163617, 1517.9271253462841], [-1819.5110215117022, 9478.87579259726, 1560.0], 15, 3, 3], "17": [[-429.4620918969133, 12289.968873851658, 1514.9144683626846], [-1740.6842328276293, 9894.989337380543, 1560.0], 43, 3, 3], "19": [[8413.183831529594, -17655.880751817785, 1476.7483485091793], [6509.528669670273, -14969.437929181599, 1560.0], 9, 3, 3], "2": [[-11640.057087599163, -12679.5301175287, 1559.9998487669409], [-10253.873954590617, -10815.903537042032, 1560.0], 0, 2, 1], "20": [[12043.825978407962, -24726.752887071787, 1559.9997904720794], [8312.353353728324, -18659.166606443912, 1560.0], 5, 2, 2], "21": [[11760.876873859466, -18702.495051391074, 1560.0000154063587], [9090.810948011484, -15735.278576688912, 1560.0], 2, 3, 3], "22": [[16060.940558747123, -19849.335864795987, 2027.9073965855634], [15152.206993525313, -17477.290464946782, 1560.0], 8, 3, 3], "25": [[18590.362584404837, -15739.540727952543, 2119.514202356921], [19220.26725097546, -15056.933142172895, 1560.0], 11, 3, 3], "26": [[22688.855011357195, -15098.216580579268, 2038.1462896494827], [23569.466200106046, -14598.36373620275, 1590.0], 23, 3, 3], "27": [[21879.471050753466, -14143.637284872799, 1560.0001107416992], [20660.180232480183, -11794.879898778181, 1560.0], 3, 2, 2], "28": [[19181.468639867526, -12765.02746243516, 1690.0001321694579], [18086.080750300116, -11942.995311529083, 1690.0], 5, 2, 2], "29": [[18513.805760240517, -10715.264648211823, 1560.000209969649], [17698.256713261562, -10196.57963570806, 1560.0], 6, 2, 2], "3": [[-12336.933325241504, -11537.42335536385, 1559.9999536689097], [-11062.504002576099, -10029.04356894114, 1560.0], 0, 2, 1], "30": [[18599.244164191583, -11370.53937839656, 1617.8967781598135], [18666.17629542603, -11227.71256434301, 1560.0], 37, 3, 3], "31": [[18113.315604020485, -12220.867804884581, 1574.5563317559802], [17486.84231486471, -11699.771232532165, 1560.0], 18, 3, 3], "32": [[17633.61524528796, -12517.689199770839, 1485.0812005967746], [16238.298011045312, -11201.73113591021, 1560.0], 120, 3, 3], "33": [[17299.685864111187, -11694.257391758554, 1479.2806578413383], [14993.212572568573, -10828.268446531898, 1560.0], 25, 3, 3], "34": [[17146.952607156163, -10753.601034183, 1470.47082187083], [15432.111584757615, -10128.862652983042, 1560.0], 21, 3, 3], "35": [[9955.665929085484, -13234.677908593572, 1500.2890400595604], [8328.272673297042, -11891.900271265375, 1560.0], 13, 2, 2], "36": [[12625.317249188474, -11034.35556093429, 1388.1303162121033], [10327.065292479774, -10150.507298985698, 1560.0], 4, 3, 3], "37": [[13428.195608336546, -9979.01358723956, 1346.9000703710658], [11318.888625023128, -9350.816862508002, 1560.0], 17, 3, 3], "38": [[14593.395978128201, -9617.073978696966, 1515.2465653844683], [13195.652516752489, -9275.099259579898, 1560.0], 33, 3, 3], "39": [[15560.561546949975, -10039.991586590972, 1411.8949585277817], [15094.635911452131, -9499.790031684885, 1560.0], 37, 3, 3], "4": [[-12477.436674651857, -10932.695074625168, 1559.9998228818497], [-11277.75656889668, -9669.705339970218, 1560.0], 0, 2, 1], "40": [[15911.931252668319, -10539.514489417277, 1053.2580358247099], [12922.934948263337, -9761.058471421225, 1560.0], 38, 3, 3], "41": [[14134.756788965362, -12231.993266150796, 1559.9999560953042], [12615.96675512463, -11371.481426168186, 1560.0], 8, 3, 3], "42": [[13571.298920996553, -12450.431280280278, 1559.9995476272604], [10806.615014248802, -11336.426650346682, 1560.0], 27, 3, 3], "43": [[13461.391537838988, 928.8401952026577, 1679.9994566239532], [13454.200481664937, 919.701640267495, 1680.0], 1, 2, 2], "44": [[18065.281454938926, 8139.506194743464, 1949.9998578951636], [17750.378489960538, 7724.146247170788, 1950.0], 6, 2, 2], "45": [[16863.59612413985, 7268.67329935862, 1580.0001114728225], [16783.61974921982, 7056.273123033781, 1580.0], 14, 2, 2], "46": [[12544.094893627087, 6169.614302811407, 1650.0381492843715], [12606.531544429103, 5897.2698271893305, 1610.0], 16, 3, 3], "47": [[16560.65269482689, 7778.620079195207, 1760.0000154202148], [15904.792845982143, 7326.1438933312165, 1760.0], 1, 2, 2], "48": [[15894.578856361402, 8099.163647126515, 1750.0002149274683], [14708.346394020979, 7408.027508660035, 1750.0], 3, 2, 2], "49": [[15646.094529165835, 8553.291709811949, 1560.00001603534], [14610.173814196134, 7895.606916959081, 1560.0], 2, 2, 2], "5": [[-9812.351413144743, -12048.9164202521, 1559.9999242087772], [-8964.691727289463, -10598.695281094011, 1560.0], 0, 2, 1], "50": [[13655.090746302649, 7847.023986530148, 1570.000141156804], [13878.368777876256, 7590.292986891832, 1570.0], 11, 2, 2], "51": [[12859.960529301276, 7677.58268489337, 1559.9999518581765], [12131.234240916756, 7152.4144953759405, 1560.0], 3, 3, 2], "52": [[14117.733687336171, 9606.611351719157, 1909.9998800813603], [13114.633956323893, 8821.727468494788, 1910.0], 2, 2, 2], "53": [[12289.10482295687, 8910.280020185617, 1559.9999872769824], [11930.685306423904, 8324.759443219315, 1560.0], 14, 3, 2], "54": [[11941.207022982173, 9285.686343645171, 1660.000196437972], [12150.012013881445, 8923.42169470439, 1660.0], 26, 2, 2], "55": [[10731.770586609995, 9798.473957830473, 1820.0000756275085], [9895.022227830117, 8943.323530014868, 1820.0], 3, 2, 2], "56": [[9437.06620145009, 9852.656771566335, 1570.3526288519458], [9224.473653846702, 9585.946680720317, 1560.0], 28, 2, 2], "57": [[7956.487821325305, 16559.25384486286, 1437.3010715146202], [5741.687023876441, 13122.805495072542, 1560.0], 40, 3, 3], "58": [[-8807.100303058363, 21678.96055132711, 1749.9999407609512], [-8443.041684579275, 20956.67336111852, 1750.0], 0, 1, 1], "59": [[-8391.971949413839, 22945.40625873937, 1749.9996245942427], [-8004.588797189872, 21968.892528693716, 1750.0], 0, 1, 1], "6": [[-13821.217689611298, 5262.328660638854, 1750.000024231015], [-12739.423585211203, 4502.888891832682, 1750.0], 0, 1, 1], "60": [[-5596.433684142374, 10501.798990339337, 1398.6217783698767], [-5756.936997438214, 8541.068524388647, 1560.0], 6, 2, 2], "61": [[6817.771798729242, 18466.933748342974, 1519.5377485055085], [2722.5882608411193, 13129.263707624701, 1950.0], 14, 3, 2], "62": [[5467.889886152672, 19152.93442765274, 1725.5100754394812], [2888.360355337646, 14068.201344983443, 1950.0], 33, 2, 2], "63": [[6457.028839629322, 21610.390286358754, 1559.999957453062], [3948.8086976753707, 15729.711913448886, 1560.0], 0, 1, 1], "64": [[7272.096461824853, 21092.62336028182, 1560.0002615747987], [4521.058519583714, 15508.036807735352, 1560.0], 0, 1, 1], "65": [[7640.456012648411, 20996.909832672376, 1560.000031827464], [4830.551773116491, 15471.375729979583, 1560.0], 0, 1, 1], "66": [[7278.140903826712, 21132.910804778163, 1559.9998118932685], [4521.058519583714, 15508.036807735352, 1560.0], 0, 1, 1], "67": [[6106.2026865859825, 21669.071102764843, 1559.9997277433], [3646.2297770689993, 15680.215774167433, 1560.0], 0, 1, 1], "68": [[6216.835069266081, 21754.301745126282, 1559.9998765062826], [3646.2297770689993, 15680.215774167433, 1560.0], 0, 1, 1],