{"0": [[-14799.107576371358, -5549.9136014751275, 1496.4162104040092], [-14305.012305044933, -5310.222042473217, 1560.0], 10, 3, 2], "1": [[-14253.396853844175, -5996.276631857725, 1491.719873910205], [-13807.09097512762, -5729.9522599171805, 1560.0], 24, 3, 2], "10": [[9615.778529406534, -17755.48704458559, 1077.4901233346054], [5201.004675118569, -14165.456493410897, 1560.0], 10, 3, 2], "11": [[9399.59735924636, -17329.874386194122, 1560.0000068170125], [7533.333556899315, -14900.809031802766, 1560.0], 3, 3, 3], "12": [[8962.394818747776, -15574.888995013062, 1359.8437840174627], [6900.1064505101685, -13556.966512179066, 1560.0], 19, 3, 3], "13": [[8049.436689209026, -16738.221954713463, 1375.9497523756477], [5661.102305596117, -14118.440372748628, 1560.0], 22, 3, 3], "14": [[7986.538109082428, -14456.276250098708, 1376.132442239299], [5971.749691247059, -12765.48969594243, 1560.0], 20, 3, 3], "15": [[10060.48113410617, -13289.503436192, 1366.7925855406704], [7855.280216856073, -11846.28166262304, 1560.0], 11, 2, 2], "16": [[8145.177746595542, -20168.102120789263, 1550.1408563642142], [4955.172414133808, -15952.452108530077, 1560.0], 24, 3, 3], "17": [[12017.35967743832, -23243.643601980373, 1380.4500921895844], [6444.07036828235, -17096.544619772543, 1560.0], 45, 2, 2], "18": [[12517.592335162091, -17819.109018300205, 1559.9999871974376], [10563.466499197266, -15347.631035423525, 1560.0], 15, 3, 3], "19": [[18019.896594931968, -18294.097716346747, 2137.0735296761936], [17744.261869816302, -16630.028865300235, 1560.0], 9, 3, 3], "2": [[-12993.73503329582, -5881.070067880183, 1560.000113150381], [-12523.91587536487, -5726.841720167838, 1560.0], 5, 3, 2], "20": [[16341.22627659259, -13900.765983731484, 1574.1714242621], [14428.453059473512, -12760.042162415026, 1560.0], 19, 3, 3], "21": [[24334.772291018257, -11387.774061606215, 1749.9999262284628], [22575.67094323855, -9184.780945786108, 1750.0], 0, 1, 1], "23": [[15417.014091156458, -10904.444951645855, 1652.7727694260716], [15180.734429741879, -10531.515320221471, 1560.0], 7, 3, 3], "24": [[13512.023414953237, -11382.476841051921, 1578.2238545742218], [12892.078129981368, -10915.799389256543, 1560.0], 13, 3, 3], "25": [[15052.15969298785, 1490.3080291120327, 1610.0000523669587], [15280.356982176409, 1447.5143734751605, 1610.0], 17, 2, 2], "26": [[15830.44502854415, 7230.47927690094, 1660.0000365866174], [15654.690637589152, 6915.996072640766, 1660.0], 3, 2, 2], "27": [[14325.896626054524, 4280.553612494999, 1559.9999037441312], [13993.298949189666, 4068.7345827260338, 1560.0], 4, 2, 2], "28": [[15035.439854371965, 6735.584113070245, 1690.0005127285135], [14720.256057808143, 6460.6578038271455, 1690.0], 2, 2, 2], "29": [[14238.216951673698, 6944.062863293717, 1740.0001667735112], [13908.231316187877, 6628.135059084756, 1740.0], 1, 2, 2], "3": [[-11618.366619690518, -6988.185923374449, 1560.000064697156], [-11120.361934615728, -6759.022507874087, 1560.0], 13, 3, 2], "30": [[13722.327811808724, 6964.372462454354, 1799.9995697027039], [12986.113813637941, 6522.981716147395, 1800.0], 2, 2, 2], "31": [[14109.180728441721, 6217.979983915058, 1750.0000276361209], [14207.055827798928, 6387.489578330789, 1750.0], 0, 1, 1], "32": [[12494.290643436041, 7894.387049071636, 1629.999700055362], [11873.188615406887, 7408.6628547274295, 1630.0], 1, 2, 2], "33": [[12047.727122766575, 6430.440370141811, 1749.999826635207], [12177.940887697941, 6782.91781317212, 1750.0], 0, 1, 1], "34": [[13602.437013976394, 7894.643496424934, 1559.9995751430583], [13970.07144824614, 7732.710561015662, 1560.0], 81, 2, 2], "35": [[14694.947782698482, 7713.343131014964, 1559.9997405112738], [12606.431213930216, 6931.090023334683, 1560.0], 27, 2, 2], "36": [[10932.733811257058, 6610.873302826083, 1750.0002291862502], [10932.394350856322, 6610.063885829645, 1750.0], 0, 1, 1], "37": [[11003.69555312567, 8948.959223504187, 1749.9997273458537], [11051.605751057032, 9532.455625946543, 1750.0], 0, 1, 1], "38": [[11350.574528150788, 9194.724459515794, 1750.0001042158658], [11451.923232503952, 9594.068805676674, 1750.0], 0, 1, 1], "39": [[10057.858121855306, 9379.858769978599, 1750.000249192068], [10123.75267872759, 9388.643100180203, 1750.0], 0, 1, 1], "4": [[-11253.28070917321, -7277.517874940729, 1560.000479689106], [-10739.313342661155, -7034.085442771059, 1560.0], 14, 3, 2], "40": [[9114.575656114821, 10155.027612163023, 1560.0001020027537], [9286.557214128543, 11184.086410617692, 1560.0], 1, 2, 2], "41": [[8066.881804782047, 11936.796534884998, 1559.9997799611003], [8348.769555105655, 11866.972365302234, 1560.0], 14, 2, 2], "42": [[7300.431938134843, 9919.371219234125, 1559.9999411663198], [7400.655046203355, 9304.666422478515, 1560.0], 7, 2, 2], "43": [[7736.452782756626, 10786.811277054847, 1560.0004061421703], [6759.581436219548, 9204.638452621737, 1560.0], 0, 2, 1], "44": [[6070.756509508451, 12256.740220457674, 1459.778689111512], [6226.233008104481, 9886.083903427985, 1560.0], 34, 2, 2], "45": [[6565.229831464568, 11562.694419538853, 1559.99983793642], [6596.081246651832, 10741.89994826216, 1560.0], 6, 2, 2], "46": [[-8214.272853366969, 12365.960466239907, 1531.542554663404], [-7648.07323282856, 9367.894972110205, 1560.0], 35, 2, 2], "47": [[-7905.553102418255, 11775.106530586942, 1383.1447705963167], [-7764.331410402243, 8862.294396996747, 1560.0], 41, 2, 2], "48": [[-7795.4223345669325, 10439.592608917399, 1328.073851541996], [-7715.491372115031, 8157.760396750703, 1560.0], 5, 2, 2], "49": [[-8705.792387259418, 8553.651520163781, 1427.953745211407], [-8346.532426822432, 7058.64086193776, 1560.0], 29, 3, 3], "5": [[-12786.691308707383, -7605.984624425391, 1560.000223852916], [-12104.481031506797, -7243.7661448998015, 1560.0], 12, 3, 2], "50": [[-9993.476610343994, 7152.602233150471, 1500.8072047864243], [-9654.570964297673, 5985.191524202119, 1560.0], 54, 3, 3], "51": [[-10809.955224863417, 6005.037425229075, 1428.8799843683794], [-10474.47339650551, 5065.981585738403, 1560.0], 66, 3, 3], "52": [[-10820.620460957087, 6754.122392124015, 1453.8072152604936], [-10365.372789026544, 5624.314707520732, 1560.0], 43, 3, 3], "53": [[-11331.697921741492, 6510.996285404091, 1577.1917336509648], [-10591.713418225187, 5607.497354383542, 1560.0], 61, 3, 3], "54": [[-12221.044536325364, 4862.226458538532, 1469.5421136593202], [-11760.760077668738, 4133.244679757094, 1560.0], 63, 3, 3], "55": [[-12292.426261896078, 5554.571564641343, 1218.6240506043914], [-12004.564991200974, 4454.391288080175, 1560.0], 21, 2, 2], "56": [[-12603.295249573936, 5919.157783842424, 1450.662990292995], [-11912.151471458752, 4908.930623530984, 1560.0], 71, 3, 3], "57": [[-12037.160459564997, 6275.609104648102, 1350.9010114819866], [-11576.507443482964, 5072.325694741517, 1560.0], 72, 3, 3], "58": [[-12302.957667703788, 7181.757752832156, 1376.9438901569479], [-11489.518412093284, 5757.704732549288, 1560.0], 29, 2, 2], "59": [[-13001.940243386825, 7257.295435326243, 1397.3411831596081], [-11944.232093544257, 5773.7828011209995, 1560.0], 26, 2, 2], "6": [[-13826.570804962588, -7704.238569791968, 1559.999743536114], [-13021.422957100844, -7241.9957783353075, 1560.0], 1, 3, 2], "60": [[-13792.497493688672, 6185.278464655682, 1351.671949726364], [-12809.565078855105, 4909.741741042558, 1560.0], 21, 2, 2], "61": [[-13612.43792229448, 5292.459799053542, 1225.8515011735192], [-13024.075995534133, 4157.833439523014, 1560.0], 49, 2, 2], "62": [[8632.400586626247, -29686.607220623242, 1750.0002797273914], [3705.3435319435775, -19169.179476882106, 1750.0], 0, 1, 1], "64": [[12352.701629285433, 8753.392910159946, 1739.9999758461884], [10435.947902135646, 7759.231601026601, 1740.0], 23, 2, 2], "65": [[-8876.723807255776, 18502.811393488268, 1750.0001868326951], [-8653.51542509964, 18238.426463054206, 1750.0], 0, 1, 1], "66": [[-9075.043940708285, 15074.436125597467, 1749.999435132742], [-8901.628723674683, 14945.875643468515, 1750.0], 0, 1, 1],