{"0": [[-8203.695623003594, -17285.47371676247, 1559.9998480306042], [-7171.978029772786, -13387.530240290893, 1560.0], 1, 2, 2], "1": [[-5430.282430209246, -17468.60136630323, 1179.3514024363103], [-5525.84687565213, -13874.344227446052, 1560.0], 31, 3, 2], "10": [[7756.759611779874, -18904.777831392646, 1446.8682956813827], [4561.276299187124, -15243.232387340367, 1560.0], 14, 3, 3], "100": [[6457.028839629322, 21610.390286358754, 1559.999957453062], [3948.8086976753707, 15729.711913448886, 1560.0], 0, 1, 1], "101": [[-8069.666099635125, 21684.185772465054, 1749.9998642567464], [-7810.086058340048, 21068.67092799007, 1750.0], 0, 1, 1], "11": [[8595.964598705146, -18861.077423740866, 1412.8150125638635], [5375.6785770385095, -15311.133169975956, 1560.0], 13, 3, 3], "12": [[10156.351398213184, -23460.669412490286, 1560.0000579753614], [6769.292556392941, -17922.148878456705, 1560.0], 1, 2, 2], "13": [[11819.21774220425, -25112.603871817886, 1559.9999567196758], [7345.800949181029, -18465.761593116047, 1560.0], 9, 2, 2], "14": [[10408.268878831495, -27341.95143619122, 1559.9996783803638], [5717.63033629404, -19004.40604591174, 1560.0], 3, 2, 2], "15": [[11677.08415568362, -28342.748085815536, 1559.9996996232428], [6359.203934438097, -19401.280807536354, 1560.0], 1, 2, 2], "16": [[-11399.725356921579, -11081.72435144709, 1560.000180412794], [-10341.485426372477, -9901.13929695725, 1560.0], 8, 3, 2], "17": [[-11387.625944225061, -9636.017375152209, 1560.0000498785062], [-10565.328639066964, -8883.302717483108, 1560.0], 7, 3, 2], "18": [[-10933.23925767752, -9528.703868861327, 1560.0000154676948], [-10238.828591544518, -8834.627211084506, 1560.0], 2, 3, 2], "19": [[-12810.606345339196, -9602.629984671139, 1605.9584264261055], [-11698.333926655647, -8811.602932567259, 1560.0], 10, 3, 2], "2": [[-7842.6656191114125, -15893.286055162112, 1216.9920126634554], [-7355.14052088607, -12967.672250463747, 1560.0], 28, 3, 2], "20": [[-12218.849765973982, -9849.957602628205, 1586.1814942906506], [-11160.599314057032, -9028.342281449482, 1560.0], 11, 3, 2], "21": [[-10993.020496608313, -7677.4378096576775, 1560.0000905098382], [-10509.710984343075, -7373.445126467302, 1560.0], 5, 3, 2], "22": [[-11982.48681185096, -7217.886624357585, 1560.1140305824179], [-11495.501331905532, -6912.996172183479, 1560.0], 12, 3, 2], "23": [[-12678.386849504826, -7282.877592818318, 1560.0000106564064], [-12039.828301941425, -6980.776090302155, 1560.0], 16, 3, 2], "24": [[-14607.793595448264, -7334.505088298886, 1559.9996723325467], [-13761.286961761647, -6883.093825192866, 1560.0], 6, 3, 2], "25": [[-12834.037442053394, -6109.986220146163, 1480.4351875694106], [-12587.188907056216, -5874.236123595587, 1560.0], 11, 3, 2], "26": [[-13308.512368447035, -6002.035301002187, 1559.9999176723595], [-12878.596297656457, -5816.857984216715, 1560.0], 8, 3, 2], "27": [[-14086.782380286952, -6066.327852981987, 1559.9991411680624], [-13566.03862112202, -5811.0970348891615, 1560.0], 22, 3, 2], "28": [[-15052.050991996724, 7466.724002078264, 1699.9999120360803], [-13118.235634252558, 5802.908257795001, 1700.0], 14, 2, 2], "29": [[-14514.199067766938, 6275.636817496751, 1256.5804182666593], [-13411.686002969094, 4781.711042349023, 1560.0], 53, 2, 2], "3": [[-7698.031675676789, -15127.346462060046, 1302.1373624658106], [-7428.992001727664, -12597.900024576258, 1560.0], 32, 3, 2], "30": [[-13966.408895906332, 6515.054475722746, 1361.8609080860272], [-12856.13737035873, 5105.235101449696, 1560.0], 58, 2, 2], "31": [[-11446.958030934637, 7932.310673811172, 1341.2293984649702], [-10880.282963287116, 6211.739773173789, 1560.0], 53, 3, 3], "32": [[-11904.62009807201, 6152.461531545618, 1560.0000066437108], [-11161.76042175425, 5207.770643188773, 1560.0], 88, 3, 3], "33": [[-11094.956177278296, 6193.204781087734, 1482.0673751776928], [-10592.92424778746, 5232.371504954289, 1560.0], 63, 3, 3], "34": [[-11477.470172853476, 5584.5946481679775, 1513.8991250143647], [-10965.403057618281, 4805.523522392273, 1560.0], 30, 3, 3], "35": [[-11727.940052789621, 4582.3431390774385, 1497.3488204619837], [-11401.42074290776, 3947.528919636709, 1560.0], 79, 3, 3], "36": [[-13229.346683030348, 4557.758537477722, 417.2032719331331], [-13756.61526248632, 2998.800638994125, 1560.0], 62, 2, 2], "37": [[-13145.917799553228, 5254.017982543237, 1257.6923906789104], [-12670.029996011968, 4178.125815897842, 1560.0], 26, 2, 2], "38": [[-12479.074308390029, 6267.008861593285, 1243.6017187512225], [-12020.663329122253, 4942.723700696078, 1560.0], 37, 2, 2], "39": [[-12218.914848923381, 6745.264757474746, 1423.017845538855], [-11478.013361198446, 5535.317331129865, 1560.0], 74, 3, 2], "4": [[-7815.632640853017, -14127.968430406581, 1349.0698218150756], [-7498.245130435576, -12181.624159037907, 1560.0], 13, 3, 2], "40": [[-13279.41580633553, 6263.156928282647, 1315.635146492395], [-12503.038710013445, 4958.880538961517, 1560.0], 38, 2, 2], "41": [[-13808.52923441313, 5393.879797635663, 1223.1493597101173], [-13156.994094712001, 4197.296519550597, 1560.0], 69, 2, 2], "42": [[-5648.552989048739, 11504.378702801181, 1269.6630270186895], [-6209.593781649105, 8853.97328328722, 1560.0], 22, 3, 3], "43": [[-8603.433714546936, 8369.256914663472, 1263.0342786805204], [-8712.63523727646, 6679.794078380868, 1560.0], 29, 3, 3], "44": [[-7685.804583309793, 9909.377385619488, 1548.7553534395254], [-7288.146395231919, 8159.666069926981, 1560.0], 32, 3, 3], "45": [[-7337.221403771408, 10750.14232843323, 1237.2332722084238], [-7715.491372115031, 8157.760396750703, 1560.0], 48, 3, 3], "46": [[-7771.652973795418, 11035.777993780797, 1468.7382783325465], [-7502.240666017408, 8668.723301985085, 1560.0], 86, 3, 3], "47": [[-8404.922931348874, 10524.027133551557, 1515.384628440309], [-7983.473764167229, 8319.611202638707, 1560.0], 32, 3, 3], "48": [[-8003.311560208913, 12857.581096562462, 1422.330050745161], [-7498.298382184519, 9585.698556324718, 1560.0], 17, 3, 3], "49": [[-9142.970472883675, 12336.661501434737, 1560.0000638053052], [-8117.166066736168, 9370.308677389168, 1560.0], 56, 3, 3], "5": [[-9508.27108851229, -13776.389483277017, 1560.0002466338888], [-8434.527471711388, -11680.409726737975, 1560.0], 5, 3, 2], "50": [[5361.8613901953, 13371.598859225327, 1447.7004273380999], [3368.970972114406, 10927.000141750335, 1560.0], 6, 3, 3], "51": [[7602.2935590028565, 18655.258738403427, 1575.9570312730234], [4458.232191753161, 13967.873080297955, 1590.0], 28, 3, 3], "52": [[7265.016768664346, 13271.880082861604, 1476.2239339999041], [4978.126574989896, 10996.271137466822, 1560.0], 21, 3, 3], "53": [[5674.857989873094, 12201.859305797532, 1348.2303713425536], [3492.318790952665, 10019.933021681005, 1560.0], 10, 3, 3], "54": [[6291.877952867311, 12009.349386333266, 1560.0000213590133], [5217.401635789632, 10499.899085607127, 1560.0], 19, 3, 3], "55": [[6689.408150722448, 11122.254013882408, 1331.154144733666], [4648.460349495738, 9407.411794703068, 1560.0], 8, 3, 3], "56": [[7377.272267908251, 11216.037242856679, 1436.3732696969967], [5679.9969204249155, 9541.021107547365, 1570.0], 27, 3, 3], "57": [[8544.246064191542, 11223.62610478891, 1642.268633729064], [7765.410372208288, 10148.595319940487, 1560.0], 13, 3, 3], "58": [[9218.932821046355, 10888.241016653452, 1658.6268760950418], [8095.47106401773, 9788.852611675457, 1560.0], 20, 3, 3], "59": [[7446.619336620445, 9588.690808090372, 1378.5382277622323], [5039.578031446162, 8064.201685204059, 1560.0], 22, 3, 3], "6": [[-3532.479096947742, -17158.142723278736, 1559.9998993970798], [-3843.1544292296535, -13910.443514815062, 1560.0], 90, 3, 3], "60": [[5717.547266465478, 10180.766123295998, 1271.0557362158534], [3496.788534943521, 8542.124011496406, 1560.0], 11, 3, 3], "61": [[10726.905662037958, 10060.272858787906, 1589.9999107211474], [9547.129461796843, 9084.137740404849, 1590.0], 0, 2, 2],