{"0": [[-8607.95900970197, -17809.471167892953, 1829.9997523703687], [-7746.149855939604, -13523.200692828703, 1830.0], 0, 1, 1], "1": [[-8531.100375557498, -17610.854886417463, 1560.0001062182744], [-7192.850524769134, -13559.893958471692, 1560.0], 32, 2, 2], "10": [[-13066.257369496421, -7095.254563423049, 1559.9997932374608], [-12473.577681764404, -6783.7529380749265, 1560.0], 0, 3, 2], "11": [[-14174.465137946325, -6586.234882588332, 1604.454770432663], [-13457.384071398537, -6319.286422435299, 1560.0], 10, 3, 2], "12": [[-14839.054195235323, -6077.621195882141, 1559.9999091197772], [-14161.873957120382, -5831.4589656711405, 1560.0], 0, 3, 2], "13": [[-10857.165537055189, -6953.343155457852, 1547.046723784293], [-10557.124923275873, -6718.044872683043, 1560.0], 17, 3, 2], "14": [[-12340.67460080292, -6622.731531252247, 1512.575435753356], [-11964.480819329336, -6374.23953643119, 1560.0], 13, 3, 2], "15": [[-13707.271379030666, -5744.661514656822, 1555.1980869715885], [-13261.140165645671, -5572.895104594429, 1560.0], 9, 3, 2], "16": [[-12369.780759758152, -16698.2778077394, 1630.0002259220623], [-9320.247706826047, -12514.768884417032, 1630.0], 0, 1, 1], "18": [[-14726.795408044558, 6493.2947208479045, 1253.8648159238348], [-13452.685850416408, 4932.350503202564, 1560.0], 36, 2, 2], "19": [[-14671.79996237147, 5059.586564569279, 1152.2893296996422], [-13868.275320013117, 3872.0665036196096, 1560.0], 50, 2, 2], "2": [[-7908.565896803294, -18095.65804701156, 1474.9545031014945], [-6971.990148553422, -13673.146075741199, 1560.0], 19, 2, 2], "20": [[-13501.726375406488, 5326.252152701484, 1316.4305718307876], [-12800.265531346058, 4289.9361810068785, 1560.0], 23, 2, 2], "21": [[-12764.503527396717, 5627.217556240292, 1167.124417643576], [-12407.163588470972, 4424.594780870221, 1560.0], 37, 2, 2], "22": [[-12218.133387782962, 6318.574209833836, 1385.2705425269592], [-11622.68256422261, 5146.826710390224, 1560.0], 63, 3, 3], "23": [[-11148.127314144627, 6357.49875407227, 1486.9777649789553], [-10642.312099909528, 5355.70738522287, 1560.0], 50, 3, 3], "24": [[-8535.803817857386, 8316.668213130948, 1343.6539484657462], [-8605.018630619403, 6740.765067763068, 1560.0], 65, 3, 3], "25": [[-10135.960415837153, 8916.899327582734, 1559.9995746431453], [-9385.600627536702, 7269.565552848096, 1560.0], 56, 3, 3], "26": [[-8377.872496118043, 9535.605185344639, 1338.428846305919], [-8238.29005124782, 7586.327167576187, 1560.0], 30, 3, 3], "27": [[-7788.804502716861, 10480.08225277757, 1232.1469466992742], [-7833.631061574572, 8084.639593054864, 1560.0], 52, 3, 3], "28": [[-8648.66533108157, 11202.640630100028, 1298.773690854536], [-8326.827669727456, 8488.233580393782, 1560.0], 6, 3, 3], "29": [[-8239.982281176335, 11997.608583724774, 1335.7702141020588], [-7931.260252031937, 8983.375642619661, 1560.0], 22, 3, 3], "3": [[-8893.84917811587, -16341.858990261253, 1560.0000153621243], [-7690.890687708079, -12957.51238138491, 1560.0], 19, 2, 2], "30": [[-7740.042311139605, 13350.745168612295, 1323.6702430332818], [-7594.5826156572375, 9593.779970276471, 1560.0], 54, 3, 3], "31": [[-18710.55111215247, 7047.4380264584715, 1750.0000283125678], [-12245.954139870972, 6548.788696630919, 1750.0], 0, 1, 1], "32": [[-10249.174773484632, 15090.550486334376, 1560.0001791809295], [-7448.440424230688, 12976.26913213589, 1560.0], 34, 2, 2], "33": [[-8384.54596126486, 18329.857092488033, 1559.9999509051918], [-6521.473768056807, 17254.71338246272, 1560.0], 17, 2, 2], "34": [[7623.093617473393, -24629.227139974246, 1559.9999299910514], [4296.772016038593, -17975.56580508583, 1560.0], 3, 2, 2], "35": [[7211.054215888962, -19296.425692024084, 890.7131497915514], [2887.056903991284, -14781.891994096624, 1560.0], 2, 3, 3], "36": [[7352.153998235498, -18762.627080004288, 1341.9128710814828], [4594.333454906187, -15189.509190680457, 1560.0], 3, 3, 3], "37": [[7507.131794568063, -18439.402570725324, 1208.3342829048152], [4727.247266213927, -14971.294351078806, 1560.0], 11, 3, 3], "38": [[8451.018456293603, -17879.48444381783, 1411.8907269401027], [6470.858855463031, -15029.35365650026, 1560.0], 16, 3, 3], "39": [[17188.147840144695, -20873.24265190278, 1950.4058358841053], [15550.457166582613, -17918.242354809077, 1560.0], 11, 3, 3], "4": [[-9132.819230103667, -15908.744044014953, 1559.999977452385], [-7786.838925756952, -12816.802642389972, 1560.0], 42, 2, 2], "40": [[21887.758074948048, -19972.41136177677, 1560.000142880144], [17664.143489103477, -16711.740952302323, 1560.0], 0, 2, 2], "41": [[10453.600890428237, -17015.09227962995, 1559.9999370755013], [8677.73961889465, -14755.910042113406, 1560.0], 3, 3, 3], "42": [[6732.256806045626, -15793.374200253653, 1457.2584841222415], [5022.351723487509, -13731.270605376742, 1560.0], 8, 3, 3], "43": [[8359.19249991486, -15066.916240718683, 1228.2078284926934], [5864.803015322933, -12966.086629587924, 1560.0], 4, 3, 3], "44": [[8237.7676513441, -14704.650493225567, 1234.2552212138012], [5971.749691247059, -12765.48969594243, 1560.0], 8, 3, 3], "45": [[9912.896427169573, -13429.028100081045, 1342.1122376557428], [7356.537686397781, -11876.256538729966, 1560.0], 9, 2, 2], "46": [[12544.575897567413, -13994.961878063881, 1559.9999321627117], [11121.883398717197, -12771.542135080412, 1560.0], 5, 3, 3], "47": [[14368.883355422255, -12476.329965867346, 1535.9140176999533], [13127.977148772223, -11596.188674621131, 1560.0], 35, 3, 3], "48": [[15694.865688754568, -11898.806943212106, 1311.1880684497837], [13528.718589209004, -10950.659859285113, 1560.0], 18, 3, 3], "49": [[12885.886366146884, -10728.319080386838, 1560.0000818885683], [12598.166617175459, -10329.506785583615, 1560.0], 11, 3, 3], "5": [[-8066.713561988425, -15145.939676910286, 1551.0186783377949], [-7294.538891379232, -12457.946240161566, 1560.0], 27, 2, 2], "50": [[12593.194700153485, -11001.334290633904, 1559.9998950816162], [12436.839572331213, -10607.725591659018, 1560.0], 12, 3, 3], "51": [[11613.74443779573, -10724.730258914948, 1480.6437846882166], [10327.065292479774, -10150.507298985698, 1560.0], 47, 3, 3], "52": [[12095.341675681275, -9459.641420977814, 1338.7635293261947], [10381.108820174464, -8973.496671726643, 1560.0], 24, 3, 3], "53": [[13852.280790505198, -9513.656951442586, 1353.1115966326956], [11564.529974623516, -8880.780491805777, 1560.0], 10, 3, 3], "54": [[14851.689145767052, -9388.561597826541, 1313.4982078538224], [12777.769478532306, -8879.270568291242, 1560.0], 22, 3, 3], "55": [[15459.450316420702, -9603.602290797258, 1559.9982660854394], [14519.935105636909, -9287.143203654523, 1560.0], 19, 3, 3], "56": [[17935.35082728836, -10364.45315514586, 1559.999758854502], [17769.34781427888, -10088.794362007282, 1560.0], 31, 3, 3], "57": [[17972.714324261993, -11052.628209142269, 1560.0004455787355], [17415.00472082734, -10622.238790128778, 1560.0], 11, 3, 3], "58": [[20876.44966217927, -10167.514211478308, 1640.0001190164837], [19164.222697838602, -9710.626871242759, 1640.0], 9, 2, 2], "6": [[-11072.265386960546, -12085.952714816862, 1602.4018463040666], [-9779.339847522902, -10621.601292276066, 1560.0], 24, 3, 2], "60": [[13555.320966775613, -11819.363453810534, 1559.9993962246833], [10094.541712902323, -10584.797881691607, 1560.0], 61, 3, 2], "61": [[11660.264528026126, -13432.41033814154, 1356.8277981717583], [8858.909490642282, -11860.623568612511, 1560.0], 10, 2, 2], "62": [[16245.576634574685, -2304.576732157341, 1559.9994712642217], [16579.862095148073, -2580.5602076898786, 1560.0], 36, 3, 3], "63": [[14343.267028343165, 1272.6615191304777, 1622.5885320614914], [15463.964537216058, 1223.5291169501495, 1560.0], 13, 3, 3], "64": [[15505.34325906928, 6975.058153973684, 1580.0005398262886], [14674.778823384126, 6468.70411898418, 1580.0], 3, 2, 2], "65": [[15815.278385169742, 8490.17466824387, 1670.0000039476454], [14614.887669028782, 7757.745611029052, 1670.0], 3, 2, 2],