{"0": [[8239.40222518364, -21055.543856669407, 1560.0004198432603], [5347.631969400258, -16659.98327768321, 1560.0], 33, 3, 3], "1": [[8515.091949796244, -21045.853403928675, 1501.6425944292887], [5456.7150985801445, -16511.292046998926, 1560.0], 4, 3, 3], "10": [[12125.946555778459, -15908.569548305186, 1560.0001701583658], [10309.90019369002, -14013.229814155087, 1560.0], 4, 2, 2], "11": [[8390.855015942792, -14292.497333962443, 1327.3506409170209], [5706.113780299307, -12441.50053226325, 1560.0], 21, 3, 3], "12": [[23108.93669198476, -15535.199610839218, 1750.0002300547096], [13389.006776301643, -5346.768877122903, 1750.0], 0, 1, 1], "13": [[22341.80243039442, -14777.353981958719, 1846.774813667005], [21322.877303605466, -13793.4962827825, 1560.0], 11, 3, 2], "14": [[9969.712926514003, -13174.68207186384, 1478.4650774030326], [7895.9366959417985, -11770.41833941071, 1560.0], 8, 2, 2], "15": [[12054.787972903312, -11528.426912223837, 1220.602717378124], [9096.177749123428, -10448.446103378557, 1560.0], 15, 3, 3], "16": [[13741.899777483342, -12700.656068472468, 1537.6921048577733], [11851.61355231243, -11593.72219227878, 1560.0], 19, 3, 3], "17": [[14961.750479275312, -10511.080418805805, 1517.5030655654307], [13450.680236930119, -9970.223590719059, 1560.0], 17, 3, 3], "18": [[15859.70795832547, -10266.11306701257, 1396.7638122408184], [13676.399483073556, -9579.178448080578, 1560.0], 10, 3, 3], "19": [[23167.11848959538, -12779.059143104196, 1924.0389561123586], [22913.971173463513, -8789.35148107511, 1560.0], 109, 2, 2], "2": [[9613.229979186373, -21629.592129084253, 1448.356579505419], [6564.514891051986, -16945.10309409089, 1560.0], 15, 3, 3], "20": [[20889.52238155309, -10871.851152118068, 1560.000090635556], [19912.137399863197, -10722.272681806026, 1560.0], 7, 2, 2], "21": [[21086.706024445943, -10309.833734142583, 1559.9995976991895], [20022.99411443639, -9319.768202588586, 1560.0], 17, 2, 2], "22": [[16551.52341878332, -9999.838287667233, 1460.839286634698], [15094.635911452131, -9499.790031684885, 1560.0], 18, 3, 3], "23": [[17013.617334058083, -9969.623468702162, 1560.0003980045828], [16489.3210599215, -9626.590669400774, 1560.0], 12, 3, 3], "24": [[14798.276977565616, 1268.6085289766709, 1701.242348689005], [15513.476148469612, 1351.1533101334242, 1560.0], 24, 3, 2], "25": [[14838.517792517689, 834.2947382811566, 1649.9998293017268], [14809.880714271289, 794.2175086643391, 1650.0], 1, 2, 2], "26": [[9639.316912206841, 714.9027622408064, 1538.8252884542542], [9610.243922665868, 610.091267604883, 1560.0], 14, 3, 3], "27": [[14223.052538747032, 3062.2423425082934, 1601.1362720165712], [14797.041025727991, 2863.8840566098975, 1560.0], 31, 3, 3], "28": [[12325.01034922649, 6725.328437300636, 1652.096599592265], [11428.33267783348, 6188.6673505534745, 1650.0], 19, 3, 3], "29": [[15645.771866387357, 7587.049581201694, 1659.9997442161175], [14432.755002750413, 6999.4728409975905, 1660.0], 5, 2, 2], "3": [[10813.412025894528, -23325.27654382053, 1559.9996103287122], [7315.230476279179, -17911.013854315985, 1560.0], 7, 2, 2], "30": [[14153.146619559619, 7606.47052495319, 1560.0000610363986], [13203.387927575672, 7075.982181856792, 1560.0], 1, 2, 2], "31": [[15432.64245684781, 7850.872509048197, 1600.0000872481205], [14847.261845156283, 7347.454331957895, 1600.0], 0, 2, 2], "32": [[14185.781352816812, 7652.53009709026, 1720.0004828641422], [14256.444528361306, 7422.087763447889, 1720.0], 7, 2, 2], "33": [[14952.623652677685, 8383.02855534303, 1809.999706591651], [13907.324727505842, 7788.98048886951, 1810.0], 0, 2, 2], "34": [[14448.95595582718, 8808.17261429243, 1719.999505932719], [13285.637089869186, 8105.5627109917805, 1720.0], 0, 2, 2], "35": [[13877.062998590995, 9703.133185674127, 1940.000458391907], [12364.818122630866, 8709.81656934371, 1940.0], 0, 2, 2], "36": [[13836.479507745249, 7926.647051752391, 1560.0000975300975], [12713.25509999914, 7298.9111289039165, 1560.0], 3, 2, 2], "37": [[10881.794703243057, 7486.197321232196, 1512.460403761418], [8587.799664913711, 6564.109955125932, 1560.0], 40, 3, 3], "38": [[10236.404586191433, 8150.014411335719, 1559.999851001616], [9763.964849944146, 7603.838195951906, 1560.0], 47, 3, 3], "39": [[11467.74346922419, 9813.71011351411, 1543.8498044244323], [11136.421035038054, 9178.73936809233, 1560.0], 42, 3, 3], "4": [[8448.549600128204, -18025.88448730176, 1436.8432633792854], [5625.871071107353, -14914.100926724233, 1560.0], 7, 3, 3], "40": [[10815.876469580455, 9151.246007770702, 1741.9671209269804], [9089.202126464583, 8535.630837347657, 1560.0], 159, 3, 3], "41": [[10117.37483700919, 10214.64219881361, 1705.5930745993808], [9231.168077986196, 9289.524463439911, 1570.0], 42, 3, 3], "42": [[6691.895469733565, 10876.491415854842, 1515.7171892215058], [5355.580854063649, 9507.592293826643, 1560.0], 5, 3, 3], "43": [[5727.311576009082, 12299.23212990354, 1315.5180262152298], [3850.5684539463036, 10255.482800229807, 1560.0], 7, 3, 3], "44": [[-900.0482159825021, 11984.886372997493, 1458.2074467684222], [-1960.1069181574899, 9780.180469242336, 1560.0], 29, 3, 3], "45": [[-7473.599850050706, 11666.196411881161, 1250.8910368656184], [-7591.187324968912, 8734.8614902089, 1560.0], 32, 3, 3], "46": [[-9296.634870205062, 10223.923117435883, 1549.0076930199348], [-8485.792418226665, 8191.704955489273, 1560.0], 14, 3, 3], "47": [[-8111.411592719138, 10000.430858401403, 1456.6955958090007], [-7854.013574371998, 7988.062454864959, 1560.0], 24, 3, 3], "48": [[-10284.30234031105, 7833.573128382638, 1560.0000443473878], [-9621.955615502531, 6553.90998878085, 1560.0], 47, 3, 3], "49": [[-10963.356978512156, 6909.976280505105, 1559.9999820047642], [-10235.958517211497, 5887.4643848637415, 1560.0], 38, 3, 3], "5": [[8608.727675435637, -16850.643024640653, 1369.3491629616558], [5661.102305596117, -14118.440372748628, 1560.0], 4, 3, 3], "50": [[-11933.184613427451, 6842.463121865455, 1507.6421562614248], [-11203.791761499862, 5636.130061849028, 1560.0], 57, 3, 3], "51": [[-12497.287435455779, 7384.02596125465, 1560.0002275699417], [-11203.88781633596, 6200.947124996143, 1560.0], 12, 2, 2], "52": [[-12576.91737089917, 6880.341091640975, 1369.6450736589907], [-11782.131255498933, 5507.749983016315, 1560.0], 23, 2, 2], "53": [[-12515.588197334999, 5777.430947930043, 1389.906953476619], [-11951.183595867833, 4720.03679618179, 1560.0], 64, 3, 3], "54": [[-13276.243667449451, 5797.159641162738, 1320.9594459459083], [-12573.20303609283, 4641.223569473821, 1560.0], 35, 2, 2], "55": [[-13585.651876482727, 6715.48292119652, 1197.2637295719653], [-12761.354259823442, 5112.572780005854, 1560.0], 45, 2, 2], "56": [[-14205.568389447584, 6211.61989983188, 1240.6255891244778], [-13199.695412510508, 4792.398327000779, 1560.0], 27, 2, 2], "57": [[-14882.550543309977, 7149.453093697333, 1081.7798147749515], [-13588.88099682959, 5125.251897104004, 1560.0], 83, 2, 2], "58": [[-15679.187290272263, 6240.907595920766, 1377.6944210911397], [-14002.920328635299, 4770.983399807261, 1560.0], 60, 2, 2], "59": [[-10593.619663077263, -7609.420119459654, 1559.9999037290058], [-10162.495596404016, -7307.810377519997, 1560.0], 8, 3, 2], "6": [[13040.128260499267, -17715.23462317551, 1458.5604162011036], [10186.206494186881, -15038.233360869262, 1560.0], 15, 3, 3], "60": [[-11414.009842334264, -7182.613060402641, 1394.6365799117161], [-11273.53808651001, -6815.0528385549815, 1560.0], 11, 3, 2], "61": [[-12388.804951181568, -6507.737649714458, 1488.3779484165527], [-12093.010364636868, -6230.292813113482, 1560.0], 11, 3, 2], "62": [[-13647.764464392121, -6370.686662114159, 1506.5601701771482], [-13206.685384037157, -6084.042316260369, 1560.0], 11, 3, 2], "63": [[-14103.436860590498, -6311.2233411329535, 1462.3435198790205], [-13659.876519704434, -5984.042524884447, 1560.0], 10, 3, 2], "64": [[-13363.601368438936, -7669.125618896942, 1694.6991574933206], [-12409.001084891659, -7333.6810583593615, 1560.0], 10, 3, 2],