{"0": [[-8031.665417502404, -17104.270397435528, 1560.0001585728473], [-6909.743421758693, -14088.037404338605, 1560.0], 0, 1, 1], "1": [[-9624.644841669568, -16286.359264094763, 1559.999817023796], [-8200.69240769584, -12821.15895284132, 1560.0], 5, 2, 2], "10": [[-11367.012017931294, 5862.814875967142, 1497.576858654367], [-10853.891995238686, 5014.911008305484, 1560.0], 27, 2, 2], "11": [[-12561.597907959413, 6210.607699232506, 1440.6348973888057], [-11813.067569043023, 5099.894314156658, 1560.0], 51, 2, 2], "12": [[-13180.951461994093, 5942.006039933215, 1154.1486456240195], [-12690.425837051547, 4569.99954233058, 1560.0], 54, 2, 2], "13": [[-14211.926096126392, 5077.10205612076, 1275.688752269976], [-13423.214934209289, 4007.2141037700867, 1560.0], 43, 2, 2], "14": [[-15006.904728658947, 6591.899221635129, 1321.734097409134], [-13546.147182651026, 5013.631849547941, 1560.0], 61, 2, 2], "15": [[-8615.977693982159, 8381.147578751395, 1401.1399746495424], [-8476.686894584447, 6898.739266330728, 1560.0], 22, 2, 2], "16": [[-8167.689134688456, 10693.374911027988, 1397.1234638392027], [-7983.473764167229, 8319.611202638707, 1560.0], 26, 2, 2], "17": [[-2595.9625930316424, 10118.68191965278, 1560.0000157524141], [-2923.7170809000486, 8677.83074418669, 1560.0], 15, 2, 2], "18": [[6730.214699990365, -23872.346768888845, 1749.999931053576], [3572.6188706456473, -17510.669298438457, 1750.0], 0, 1, 1], "19": [[11764.657560623491, -26933.704192266818, 1560.0000046147425], [7146.527656177497, -19205.658492833154, 1560.0], 2, 2, 2], "2": [[-9673.080953014121, -15921.298822689176, 1560.0000786255976], [-8195.464601850686, -12722.892500893611, 1560.0], 15, 2, 2], "20": [[12156.979861660957, -24738.55827699438, 1559.9997130548181], [7913.186508078746, -18468.63491114401, 1560.0], 0, 2, 2], "21": [[8186.887530639408, -18608.85415991013, 1384.3137954118477], [5838.341801706586, -15289.200913296434, 1560.0], 17, 2, 2], "22": [[9185.267138099442, -18111.126910549658, 1560.0001800236503], [6812.320570164731, -15239.62337589602, 1560.0], 5, 2, 2], "23": [[13011.229925775446, -17764.290714853694, 1507.1730752443866], [10667.854373297594, -15208.211529128757, 1560.0], 12, 3, 3], "24": [[12700.289877888124, -16816.556839486595, 1321.0173529800613], [9544.6162440179, -14292.421433232243, 1560.0], 7, 3, 3], "26": [[9905.743728143767, -13315.20412802328, 1305.3270439483085], [6987.1067545846445, -11684.795950748712, 1560.0], 13, 2, 2], "27": [[13611.462025296803, -12538.764254908641, 1532.3313658905327], [12451.359029247498, -11639.43850260351, 1560.0], 20, 3, 3], "28": [[14475.009856523502, -12553.467808111605, 1559.9987561601085], [13127.977148772223, -11596.188674621131, 1560.0], 22, 3, 3], "29": [[12464.69578659209, -11922.792253766056, 1560.0002991482231], [14247.06814201159, -10890.849943749421, 1560.0], 0, 3, 1], "3": [[-7718.147263673319, -14859.309361450361, 1271.5306802305213], [-7412.3703883138305, -12453.18736444504, 1560.0], 59, 3, 2], "30": [[13035.193918046285, -10711.168765144814, 1559.9998751155163], [12598.166617175459, -10329.506785583615, 1560.0], 27, 3, 3], "31": [[12564.031238891117, -11253.980836036615, 1560.0000401219345], [11783.323199147273, -10669.681168337249, 1560.0], 9, 3, 3], "32": [[12096.499367947732, -10979.71680753205, 1491.5167224376628], [10784.216967398605, -10348.772691938973, 1560.0], 20, 3, 3], "33": [[13951.903500334482, -9981.626997761165, 1393.9173396536107], [12513.572533669903, -9365.598810540798, 1560.0], 20, 3, 3], "34": [[12057.751173454262, -9188.745326638526, 1354.2532920008807], [10518.875155828035, -8697.148704795822, 1560.0], 24, 3, 3], "36": [[15702.024869008248, 1131.5802513200108, 1709.9995446060498], [15935.029552884424, 1124.2115250366471, 1710.0], 17, 2, 2], "37": [[14373.770504908669, 1242.5956261985675, 1604.1160578239733], [15463.964537216058, 1223.5291169501495, 1560.0], 8, 3, 3], "38": [[14931.15178567742, 2942.6029248745763, 1860.000128467559], [14431.988064323103, 2779.7525441638813, 1860.0], 1, 2, 2], "39": [[12613.987643657116, 3337.365926275197, 1560.0000376882983], [12490.382605918272, 3024.6441443724134, 1560.0], 24, 3, 3], "4": [[-12852.790402240242, -9969.02254495066, 1629.4620940519555], [-11625.286732496197, -9073.07160030812, 1560.0], 13, 3, 2], "40": [[18268.998040056096, 8544.619193527631, 1780.0001396556195], [17346.529170783713, 7914.535214636602, 1780.0], 0, 2, 2], "41": [[8309.285653817135, -18608.056519213103, 1218.8759935300332], [4760.646589476383, -14915.908667448555, 1560.0], 9, 2, 2], "42": [[12831.836951645659, -17549.22628704391, 1414.9830631781033], [9717.021076317978, -14872.589933520338, 1560.0], 24, 3, 3], "43": [[15016.652979776696, -11370.300136586719, 1560.0000593586908], [14247.06814201159, -10890.849943749421, 1560.0], 27, 3, 3], "44": [[10532.02781550664, 9572.58318175333, 1570.0000110243288], [9615.142177846932, 9007.689973100245, 1570.0], 48, 3, 3], "45": [[10847.277644802862, 8660.200261478658, 1559.999914183011], [10334.789483162329, 7976.717947692646, 1560.0], 18, 3, 3], "46": [[9009.844123158508, 10168.045060834196, 1559.9999746637575], [8379.97701623485, 9203.973904253282, 1560.0], 7, 3, 3], "47": [[-17194.355160683765, 7807.965277430521, 1749.9996606909215], [-11722.949959078273, 7367.051954041049, 1750.0], 0, 1, 1], "48": [[-9934.528471721826, -14415.069044833412, 1559.9999159238182], [-4509.062730734665, -12982.425323051239, 1560.0], 0, 1, 1], "49": [[-10271.098908935957, -17593.36168853484, 1579.9999657161045], [-5100.551110932547, -12309.93061585605, 1580.0], 0, 1, 1], "5": [[-11674.0015219149, -8024.57164134265, 1560.0000483033189], [-11149.101262048742, -7593.698408878991, 1560.0], 6, 3, 2], "50": [[-7920.819632487151, -21081.49993853277, 1570.000195095037], [-3267.192296165144, -15122.512315150489, 1570.0], 0, 1, 1], "51": [[-8486.758192908868, -19562.235475897643, 1559.9999847999609], [-3508.6319847380146, -14917.851148756388, 1560.0], 0, 1, 1], "52": [[11790.067453034144, 9689.176034936425, 1579.9998302903111], [10976.219288147458, 8910.108269592625, 1580.0], 2, 2, 2], "53": [[7299.570456149441, 9681.601753584926, 1370.9306713998456], [5833.908625339732, 8426.622479368265, 1560.0], 7, 3, 3], "54": [[6566.005343601917, 10889.880748105534, 1458.5710688973052], [4977.565990352052, 9362.015190300323, 1560.0], 16, 3, 3], "55": [[7051.827131520559, 16006.934879552935, 1559.9999865946097], [5395.559024867566, 13115.968314674032, 1560.0], 14, 3, 3], "56": [[-9502.66315598511, 21552.086811597525, 1749.9998484562043], [-9006.851878233358, 20717.34535753798, 1750.0], 0, 1, 1], "57": [[-8544.1625599506, 18284.720956290334, 1749.9998836348818], [-8372.29345216003, 18025.12410737333, 1750.0], 0, 1, 1], "58": [[-10402.745070890092, 12953.662774612058, 1750.000180155533], [-10052.352014856162, 12944.163537459488, 1750.0], 0, 1, 1], "59": [[7967.986181166213, 17572.24873975417, 1559.9215622879894], [5897.680862820518, 13949.126869955267, 1560.0], 7, 2, 2], "6": [[-11258.453299271185, -6933.000233239163, 1559.9996199593522], [-10960.821332718851, -6664.825696349758, 1560.0], 7, 3, 2], "60": [[8314.31327194731, 21193.278395056288, 1560.000077703815], [5529.4173969742915, 15731.089151111943, 1560.0], 0, 1, 1], "61": [[7362.568126530249, 21085.702739142136, 1560.0001448102114], [4858.515457611776, 15635.846114833941, 1560.0], 0, 1, 1], "62": [[6886.845849720202, 21425.47385747417, 1560.0001964919722], [4231.891919780962, 15621.626521509626, 1560.0], 0, 1, 1], "63": [[5740.733759214784, 21650.002071863222, 1560.0001552460812], [0, 0, 1560], 0, 1, 1], "64": [[5580.696967914333, 22035.967522392843, 1559.999817032769], [0, 0, 1560], 0, 1, 1], "7": [[-13070.7433459523, -6981.819247137085, 1555.613540293391], [-12533.285938569665, -6666.931880872529, 1560.0], 12, 3, 2], "8": [[-13782.619869118174, -6082.560894021488, 1559.9999338615494], [-13260.879720246168, -5851.8798939422295, 1560.0], 5, 3, 2],