{"0": [[-8088.471900344047, -17535.887283210235, 1560.0001586442347], [-6891.158165963664, -13954.752506278914, 1560.0], 0, 1, 1], "1": [[-8040.542868027067, -18319.64407033364, 1559.999978232577], [-6763.167110282145, -13909.668183493883, 1560.0], 22, 2, 2], "10": [[-13148.824365085493, -7924.5131781539285, 1622.3640217527725], [-12286.939438870386, -7506.917510604221, 1560.0], 11, 3, 2], "11": [[-15830.136572580732, -7675.433365743595, 1600.9535966221101], [-14532.353399748581, -7110.636757545646, 1560.0], 12, 3, 2], "12": [[-16210.104569095676, -7171.897486785464, 1560.0000218268044], [-14988.587758488677, -6653.048952178761, 1560.0], 20, 3, 2], "13": [[-11847.406773747798, -7472.808759442386, 1376.3885450201424], [-11639.192325440397, -7031.762654578084, 1560.0], 18, 3, 2], "14": [[-12315.868349416867, -6604.842312101834, 1453.6451886778], [-12029.443268233917, -6318.887954030854, 1560.0], 12, 3, 2], "15": [[-13606.218670032806, -6292.333070645441, 1534.887463794359], [-13100.361460179627, -6059.375715301946, 1560.0], 11, 3, 2], "16": [[-14101.12535652969, -6337.89247639823, 1444.3149019118327], [-13659.199855474597, -6013.235901436055, 1560.0], 12, 3, 2], "17": [[-14944.80681446857, 7130.494067133866, 1309.53538239399], [-13374.637458515488, 5355.454593175803, 1560.0], 23, 2, 2], "18": [[-14451.328343184015, 6127.045171606254, 1084.3619155117135], [-13548.014013624825, 4558.47678535322, 1560.0], 56, 2, 2], "19": [[-13471.939762279642, 6030.838305704581, 1116.6276062774919], [-12935.051294310284, 4568.484485087426, 1560.0], 67, 2, 2], "2": [[-8275.074457987423, -17343.847245104284, 1397.6292950895922], [-7495.054564111937, -13212.96542932882, 1560.0], 25, 2, 2], "20": [[-12580.103666870356, 5805.12283006114, 1300.3727501446895], [-12140.059713168394, 4643.993278458611, 1560.0], 90, 3, 3], "21": [[-11950.249132636787, 6762.049427752256, 1363.2264239120855], [-11439.925935728186, 5424.8266201523575, 1560.0], 105, 3, 3], "22": [[-10927.30170673417, 6975.972697680963, 1557.6470458776175], [-10227.202152219756, 5930.250333427284, 1560.0], 24, 3, 3], "23": [[-8821.860877239615, 8947.934301278987, 1515.638559904379], [-8489.05907613896, 7311.010209454558, 1560.0], 69, 3, 3], "24": [[-9210.338043329139, 10174.096104164038, 1541.2669479964457], [-8506.054726158156, 8101.326150391795, 1560.0], 33, 3, 3], "25": [[-8239.423729450036, 11924.084634049765, 1261.783792898865], [-8064.857900682614, 8816.556998166468, 1560.0], 25, 3, 3], "26": [[5677.705333911553, 12417.294438649953, 1323.2243446163122], [3868.7352195608573, 10345.311361913566, 1560.0], 9, 3, 3], "27": [[7108.679571085313, 10558.713697560872, 1369.740540208122], [5251.477532194464, 9026.454748010876, 1560.0], 15, 3, 3], "28": [[8019.43212301967, -2757.6774593858527, 1560.0000690780798], [7969.983154731491, -2829.3847991131324, 1560.0], 10, 3, 3], "29": [[14348.753685018057, 983.7154619095161, 1518.4196100068962], [15414.42402601486, 1096.2250894968677, 1560.0], 98, 2, 2], "3": [[-8135.727468833467, -16058.583246485448, 1069.5033134170965], [-7582.139057034948, -12969.9674375449, 1560.0], 35, 3, 2], "30": [[9934.28167052588, -25713.125097549502, 1559.9984359562388], [5396.826274448732, -18311.561966876317, 1560.0], 22, 2, 2], "31": [[10817.771796880708, -24596.142833304428, 1560.0000647239826], [6561.890058169318, -18149.727029858917, 1560.0], 3, 2, 2], "32": [[12019.04044589942, -23691.025802189408, 1559.9998117901778], [7837.660134204815, -17946.411041492047, 1560.0], 3, 2, 2], "33": [[11403.286567032466, -22962.717201001637, 1559.9996352491612], [7148.828719331925, -17488.70464596836, 1560.0], 15, 2, 2], "34": [[9065.650733745184, -17715.730946751024, 1461.2904407135773], [5806.767142647497, -14620.079092143218, 1560.0], 20, 3, 3], "35": [[11306.731659914978, -16641.88874804072, 1466.38232255519], [8951.4251560453, -14347.790731456284, 1560.0], 9, 3, 3], "36": [[10680.699201598243, -15930.795171338417, 1260.682591555111], [8299.769052903745, -13702.017078182535, 1560.0], 18, 3, 3], "37": [[8931.699540911359, -15447.859544380664, 1285.2887093702539], [5793.824167695813, -13098.111587039944, 1560.0], 10, 3, 3], "38": [[8262.996137655999, -14159.790426326257, 1170.1646043416229], [5740.948719796476, -12373.503920716088, 1560.0], 40, 3, 3], "39": [[9971.149686030421, -13289.237537219655, 1473.7993848695376], [8728.3599013207, -12093.827588035338, 1560.0], 19, 2, 2], "4": [[-15523.42007510255, -9573.92888237978, 1560.0000658489625], [-13829.171372406408, -8462.817569984352, 1560.0], 14, 3, 2], "40": [[14754.38686668924, -11486.850726111592, 1516.0584868301462], [13586.332742311353, -10856.569371203164, 1560.0], 16, 3, 3], "41": [[11978.549780699579, -11569.153497444364, 1205.8483946061988], [10591.850366496861, -10699.36127660026, 1560.0], 47, 3, 3], "42": [[17499.598856064513, -10122.872339384843, 1560.0001000871134], [17051.848193106558, -9961.270103581393, 1560.0], 39, 3, 3], "43": [[17254.27971455308, -9849.076611062515, 1559.999854846147], [15875.599600795456, -9404.963203745887, 1560.0], 8, 3, 3], "44": [[15913.447535631749, 7630.302249568244, 1559.9993957419692], [16403.082574676, 7601.832222478816, 1560.0], 101, 2, 2], "45": [[20709.927390955196, 9717.029996548601, 1559.9997640921547], [18880.88412518451, 8849.362009091721, 1560.0], 0, 2, 1], "46": [[16209.907436194304, 9356.20332216868, 1559.9999622357923], [16912.723782386707, 9237.59607737024, 1560.0], 109, 2, 2], "47": [[14099.827645878742, 7843.461069630593, 1560.0001288431968], [13894.790226009882, 7478.779440971375, 1560.0], 8, 2, 2], "48": [[12404.240273140917, 6873.440253647212, 1776.41396836797], [12135.027673023409, 6467.591037432257, 1630.0], 25, 3, 3], "49": [[11301.957587299317, 7281.759464726653, 1403.7413731120405], [9938.025252959598, 6494.385081433107, 1560.0], 15, 3, 3], "5": [[-15118.779886867625, -9508.553204913454, 1559.9999519986236], [-13559.460189014522, -8465.412626817308, 1560.0], 8, 3, 2], "50": [[12606.762240234326, 7914.300526607644, 1559.9997788833375], [11666.765385218308, 7367.461086405902, 1560.0], 4, 2, 2], "51": [[10810.242702595719, 7554.59742285188, 1557.588531107253], [8616.15318649018, 6672.970547881349, 1560.0], 72, 3, 3], "52": [[11735.52628230116, 8711.625790935293, 1560.0000119822748], [11963.305858621397, 8444.851268522436, 1560.0], 62, 2, 2], "53": [[11813.035384363347, 9886.810262033783, 1560.0001667838546], [11136.421035038054, 9178.73936809233, 1560.0], 12, 2, 2], "54": [[10972.861887930418, 9324.582688279159, 1408.8549872347992], [9007.053818559496, 8205.537785793955, 1560.0], 23, 2, 2], "55": [[9906.66035456995, 10254.784830135228, 1780.0002586185892], [8265.438286760384, 9020.366015919435, 1780.0], 5, 2, 2], "56": [[-11518.639848728597, -15283.23360385983, 1559.999962705481], [-5307.332327611943, -12004.504392450484, 1560.0], 0, 1, 1], "57": [[-8774.079971590389, -17663.788447903753, 1559.9999649197778], [-3713.22542611443, -14569.251701719082, 1560.0], 0, 1, 1], "58": [[-8904.132722400898, -18556.990630823217, 1559.9999536985501], [-3450.7396180215865, -15030.095784342031, 1560.0], 0, 1, 1], "59": [[8911.133090796686, 10583.266967003641, 1559.9999761908687], [7575.234117953968, 9313.850211115001, 1560.0], 16, 3, 3], "6": [[-12805.35012449866, -9501.756679700244, 1593.168347268117], [-11701.125647870349, -8724.980472929165, 1560.0], 12, 3, 2], "7": [[-12227.03534992413, -9334.159624444635, 1630.084356916207], [-11303.668008408438, -8656.87725664108, 1560.0], 28, 3, 3], "8": [[-14115.168595019151, -8672.944616959754, 1507.1140157197833], [-13133.277037042395, -7911.780550464721, 1560.0], 12, 3, 2], "9": [[-13832.931516721774, -8602.673530605301, 1550.8668595006761], [-12884.151018011777, -7908.324840201527, 1560.0], 10, 3, 2]}