{"0": [[-7704.120554120172, -15268.607276147583, 1560.0004320097235], [-7017.656969041374, -14017.860586133436, 1560.0], 0, 1, 1], "1": [[-9946.174270804446, -13840.103129048415, 1560.0003235680738], [-7234.333400728981, -13922.805516738828, 1560.0], 0, 1, 1], "10": [[-13645.240491994908, -5709.8410065117305, 1560.0001613153584], [-13207.679928093463, -5526.052167357189, 1560.0], 8, 3, 2], "11": [[-15134.468760487907, 6739.474971770965, 1318.8541412320285], [-13597.350673846582, 5095.49845021215, 1560.0], 62, 2, 2], "12": [[-14387.363984504407, 5002.044946110647, 1216.9313898814617], [-13669.188965189156, 3857.9257027637505, 1560.0], 62, 2, 2], "13": [[-13277.76471846643, 5265.947104641668, 1268.0235067937313], [-12714.072050863662, 4215.902110383002, 1560.0], 34, 2, 2], "14": [[-12619.671888734461, 5596.760336046798, 1273.3917346002795], [-12170.44937619711, 4494.923484457843, 1560.0], 16, 2, 2], "15": [[-12129.461661687745, 6254.224702286802, 1403.5244710344023], [-11568.463251001536, 5111.101214842938, 1560.0], 87, 3, 3], "16": [[-11202.054378720237, 6276.80577397664, 1414.661550245417], [-10732.348216053271, 5268.1961579492145, 1560.0], 36, 3, 3], "17": [[-8511.733849391767, 8404.979918015844, 1370.4047807877214], [-8495.913392750637, 6802.5377169733465, 1560.0], 45, 3, 3], "18": [[-8349.385516005355, 9520.673876834568, 1405.3428581155192], [-8010.749048384357, 7723.909982480484, 1560.0], 15, 3, 3], "19": [[-7776.664827607957, 10380.258234472749, 1239.4864905423167], [-7725.740325584979, 8109.177696568482, 1560.0], 16, 3, 3], "2": [[-8604.71705431364, -15416.727071112244, 1341.211781333012], [-7579.578149240981, -12943.914109289208, 1560.0], 34, 3, 2], "20": [[-8588.470399830865, 11431.271076669156, 1355.865882726473], [-8196.706054291546, 8651.515343131956, 1560.0], 22, 3, 3], "21": [[-7633.988526998858, 13480.418260284097, 1300.4600148762438], [-7357.35346607517, 9759.950124613908, 1560.0], 6, 3, 3], "22": [[8358.267854255011, 12324.072812598151, 1559.9999876060176], [6678.139407525937, 10566.559042251602, 1560.0], 36, 3, 3], "23": [[6195.03082396901, 11519.532566687565, 1484.3309034024164], [4384.530263014386, 9728.859635770503, 1560.0], 17, 3, 3], "24": [[6896.889004118007, 13466.764171599067, 1500.4412120252007], [5015.824146842931, 11182.295635081167, 1560.0], 6, 3, 3], "25": [[7880.274421517628, 15470.118410322018, 1483.3957284315327], [5623.18836300338, 12453.179886843414, 1650.0], 8, 3, 2], "26": [[6062.627915948175, 12503.098711641602, 1638.5980119868966], [3389.8829803557182, 10045.188233405066, 1940.0], 8, 3, 2], "27": [[9102.169037884969, -25436.45985603197, 1429.8849730311902], [4677.115057660302, -18058.6946011614, 1560.0], 28, 2, 2], "28": [[9282.55781236069, -23193.34861525434, 1559.9997698874456], [6324.2986568431825, -17839.880264498977, 1560.0], 5, 2, 2], "29": [[7271.420763964709, -19577.756035188846, 938.5212356191212], [3455.0983026587596, -15094.133612253036, 1560.0], 24, 2, 2], "3": [[-9066.48751552478, -15014.938230399543, 1364.8351111188601], [-7987.231999439404, -12666.555205272165, 1560.0], 22, 3, 2], "30": [[7271.859765506654, -19016.18463033971, 1473.8890129149488], [4495.368109540843, -15349.68423324698, 1560.0], 8, 2, 2], "31": [[7622.639001905235, -18433.928030052404, 1443.3121846566205], [4693.916203471094, -15026.346954886974, 1560.0], 17, 2, 2], "32": [[12843.34955768204, -19969.09052697512, 1559.9998867473062], [10154.258970773419, -16645.48130759278, 1560.0], 23, 3, 3], "33": [[8403.84550239568, -17872.253193220957, 1543.792985492591], [6060.928234011795, -14941.582551096508, 1560.0], 7, 3, 3], "34": [[10459.283807450884, -17005.1740601658, 1567.363751387685], [9118.70420848067, -14914.90677515804, 1560.0], 12, 3, 3], "35": [[13089.261992320144, -16452.12914386415, 1662.885613076512], [11654.529060283503, -14728.1621247166, 1560.0], 10, 3, 3], "36": [[8391.374946204854, -15012.443535911916, 1265.3946617702165], [5900.388303894875, -12899.562440923874, 1560.0], 9, 2, 2], "37": [[10015.614333551664, -13321.027749350702, 1360.8555872861323], [7855.280216856073, -11846.28166262304, 1560.0], 15, 2, 2], "38": [[14480.953872685894, -12476.990796287508, 1534.4865322990465], [13770.917377989064, -11643.211115141163, 1560.0], 19, 3, 3], "39": [[15743.78306146556, -11863.748019498778, 1325.6376899858285], [14187.213335857672, -10986.580517169521, 1560.0], 27, 3, 3], "4": [[-7658.49199412616, -14842.599004396374, 1265.273330874821], [-7412.3703883138305, -12453.18736444504, 1560.0], 30, 3, 2], "40": [[21950.162002934365, -11084.85651506826, 1638.221702691396], [21048.743361671623, -9147.030694499452, 1560.0], 21, 2, 2], "41": [[24670.138205712778, -8270.6912879302, 1750.0002200185193], [23024.375348266287, -6672.315586886931, 1750.0], 0, 1, 1], "43": [[23130.68730354447, -10044.640219095074, 1727.595142669787], [22101.159703379206, -7906.97218044909, 1560.0], 38, 2, 2], "44": [[13165.472149008021, -12416.619633087817, 1566.4865809743328], [10757.476620802001, -11421.516570720705, 1560.0], 48, 3, 2], "45": [[15481.849537775952, -9625.32411005705, 1560.0000995302216], [15217.117962186678, -9293.296740669944, 1560.0], 28, 3, 3], "46": [[14767.469962156292, -9474.109334326675, 1403.3414533800706], [13305.24923839445, -9077.593802653197, 1560.0], 19, 3, 3], "47": [[13940.250743965675, -9551.844297734024, 1378.969965982677], [11564.529974623516, -8880.780491805777, 1560.0], 8, 3, 3], "48": [[11746.609937086032, -9273.319772046385, 1186.8962807415405], [10939.213825925946, -8974.590481945532, 1560.0], 151, 3, 3], "49": [[12935.346961837673, -10711.068542940904, 1559.1800008803555], [11502.521107130577, -10101.095634168734, 1560.0], 15, 3, 3], "5": [[-11620.722632203744, -7855.028843463254, 1526.8361451724393], [-11145.382563450215, -7457.8061942538325, 1560.0], 12, 3, 2], "50": [[12523.790893148232, -10976.256356839434, 1560.0001763479559], [11938.575795069595, -10397.376448666579, 1560.0], 7, 3, 3], "51": [[12013.75144333722, -10834.16379574914, 1430.9587068800652], [10373.77028043881, -10062.450731272886, 1560.0], 6, 3, 3], "52": [[16099.599519002175, 1001.5581275160586, 1750.000286858742], [16122.453455406097, 1439.6977433578984, 1750.0], 0, 1, 1], "53": [[14238.015835042223, 1466.9145334637103, 1600.4203212950758], [14356.36661462082, 2112.72243752853, 1560.0], 14, 2, 2], "54": [[14267.533327786321, 6239.765079164707, 1749.999903421234], [14332.081361568065, 6404.242564593227, 1750.0], 0, 1, 1], "55": [[13585.210491714599, 8969.693190141748, 1749.9999118225096], [13632.238513633954, 9149.384454757748, 1750.0], 0, 1, 1], "56": [[12223.932754494459, 6623.028576521431, 1749.9997360676634], [12303.258942791119, 6800.243088019883, 1750.0], 0, 1, 1], "57": [[11802.4052681942, 9458.771260814225, 1750.0002635922847], [11853.767324728533, 9655.655750038213, 1750.0], 0, 1, 1], "58": [[10292.5349621075, 9476.627210006203, 1559.9997895669526], [10366.599241258453, 9003.3714806753, 1560.0], 3, 2, 2], "59": [[10290.676347271878, 8362.222010923562, 1560.0002968013494], [10143.372440884123, 7537.746873495819, 1560.0], 11, 2, 2], "6": [[-13033.634073514515, -7081.8434712350645, 1559.999709491197], [-12413.559553789657, -6774.975140085045, 1560.0], 12, 3, 2], "60": [[9552.000748927694, 10422.599353526959, 1560.0004022405265], [9560.536350305812, 11228.352819366524, 1560.0], 2, 2, 2], "61": [[20198.069796049647, 8055.577728272109, 1929.999715783395], [19322.535239614626, 7560.020475042405, 1930.0], 2, 2, 2], "62": [[21362.373715230966, 9131.742378988021, 1799.9996123578792], [20442.62973653824, 8514.672520968725, 1800.0], 4, 2, 2], "63": [[6616.540420031624, 10939.453572701754, 1515.4796992089384], [5764.116648626738, 9754.218563534876, 1560.0], 17, 3, 3], "64": [[-9932.425819379845, -16231.106888824983, 1560.0002722190955], [-5079.683172831473, -12363.791324964825, 1560.0], 0, 1, 1], "65": [[-9108.841898833341, -17845.413107475037, 1559.9999133297042], [-4011.962998138606, -13979.487672453739, 1560.0], 0, 1, 1],