{"0": [[-8325.695017069382, -18637.441568089114, 1559.9998266792738], [-6884.687994474351, -13908.920610882367, 1560.0], 0, 1, 1], "1": [[-9193.152804875452, -16100.745514102244, 1559.9999706045505], [-7830.739802680901, -13395.88621998185, 1560.0], 0, 1, 1], "10": [[-15321.566394582213, -7742.266153211328, 1675.2713439139548], [-14070.34426468989, -7235.413645284042, 1560.0], 11, 3, 2], "11": [[-14445.028935328479, -7907.916069318948, 1576.5291389907593], [-13457.273209906287, -7364.450747938938, 1560.0], 11, 3, 2], "12": [[-11399.100848163318, -8307.937786660761, 1559.9998133677195], [-10852.008515941261, -7850.341556305872, 1560.0], 0, 3, 2], "13": [[-11726.146928824492, -7499.903350952027, 1560.0004943096283], [-11137.83922983813, -7216.859925306242, 1560.0], 10, 3, 2], "14": [[-12737.654730644683, -7155.353025185967, 1568.7785781137563], [-12166.50068533885, -6835.699784034307, 1560.0], 12, 3, 2], "15": [[-11597.297258283637, -6809.029190953362, 1428.624561968412], [-11410.18697144616, -6519.9356213891015, 1560.0], 17, 3, 2], "16": [[-11988.136712125543, -6419.8943230771065, 1529.5834439217492], [-11684.908680390427, -6184.2703693576495, 1560.0], 9, 3, 2], "17": [[-12866.080545865349, -6363.8873964666, 1560.000110547803], [-12347.3260309895, -6181.7953842110555, 1560.0], 6, 3, 2], "18": [[-13794.792471260444, -6207.629477616415, 1559.9999812524113], [-13260.090822554048, -5974.451224595089, 1560.0], 5, 3, 2], "19": [[-14681.84505511321, -5690.515084401567, 1522.2129290030855], [-14172.951215488847, -5465.311002206747, 1560.0], 10, 3, 2], "2": [[-10878.24967782447, -15295.496933437646, 1749.0925386523509], [-8887.509995022134, -12454.463378297074, 1580.0], 29, 2, 2], "20": [[-13723.41925568172, -7027.586764035133, 1475.4307185223845], [-13197.226931071582, -6623.6512422523865, 1560.0], 11, 3, 2], "21": [[-15326.952779737952, -6765.263839005839, 1559.9997910202633], [-14417.179259525861, -6386.136633342715, 1560.0], 1, 3, 2], "22": [[-10524.85292997496, -1316.9524260904677, 1319.3260168084257], [-10942.324955188757, -1427.8544946700897, 1560.0], 50, 3, 3], "23": [[-11172.733537816437, -5160.300207705844, 1479.5294884689092], [-11181.35625959551, -5044.1655515419925, 1560.0], 12, 3, 2], "24": [[-15232.600747171571, 6802.9257453605105, 1132.6304687310242], [-13769.893806665601, 4990.421155591725, 1560.0], 27, 2, 2], "25": [[-15956.978554289926, 5660.715562057809, 1559.9998594803626], [-14127.077900842885, 4565.987379585193, 1560.0], 0, 2, 1], "26": [[-14451.57452602149, 7308.494399612573, 1683.9590005617638], [-12832.27883951532, 5725.870101299733, 1720.0], 32, 2, 2], "27": [[-14295.351675399867, 5986.182389722089, 1183.0852612827239], [-13383.064706485075, 4562.172541171354, 1560.0], 39, 2, 2], "28": [[-13234.540561772783, 6574.537133734816, 1269.294478429984], [-12402.951026418856, 5172.847641675463, 1560.0], 11, 2, 2], "29": [[-11970.116370032954, 6739.869007384382, 1398.6747541883753], [-11367.694976661613, 5468.550564170185, 1560.0], 83, 3, 3], "3": [[-10246.331146365548, -16023.88082051123, 1587.5573670677222], [-8599.00707151354, -12664.131888788856, 1570.0], 17, 2, 2], "30": [[-11155.939419665134, 6888.198242435354, 1530.577200052339], [-10474.249066977503, 5823.363652424376, 1560.0], 47, 3, 3], "31": [[-8829.677746512132, 9424.405372293993, 1559.9999949871574], [-8085.163373222308, 7846.024983619557, 1560.0], 17, 3, 3], "32": [[-7937.886031641127, 10643.23592340621, 1368.9378879912983], [-7782.366010807954, 8324.82637502166, 1560.0], 21, 3, 3], "33": [[-7934.865850166912, 11225.619248514902, 1422.1077637823255], [-7709.86871095809, 8657.872422814322, 1560.0], 36, 3, 3], "34": [[-7576.057216126843, 12818.73100800799, 1198.3147003047131], [-7562.434305355671, 9311.364122894722, 1560.0], 17, 3, 3], "35": [[-8246.179441386274, 12262.864091969797, 1473.1390442969503], [-7780.029386106592, 9187.541162009975, 1610.0], 50, 3, 3], "36": [[6888.5315924591, 10756.434353795985, 1421.1872805022251], [5293.274962800104, 9218.936523022241, 1560.0], 27, 3, 3], "37": [[6031.9872636698965, 9285.03221761084, 1362.5745410509662], [5103.635787795141, 8352.779090460013, 1560.0], 23, 3, 3], "38": [[7542.319408570733, 9932.358673983423, 1520.448184181374], [5878.337655804096, 8624.1413940843, 1560.0], 31, 3, 3], "39": [[9965.98486654725, 10712.161628470156, 1567.174068853567], [9437.552078880179, 9970.151780431386, 1560.0], 50, 3, 3], "4": [[-8571.735514880602, -16901.133871576436, 1559.999984675006], [-7489.997229155105, -13162.82875065399, 1560.0], 3, 2, 2], "40": [[5576.983098655453, 11657.018234417183, 1309.0155033174387], [4105.914592091758, 9950.313802047835, 1560.0], 14, 3, 3], "41": [[10257.486752802073, 9941.112126927152, 1724.3187002863626], [9517.472412129995, 9051.768824784773, 1700.0], 30, 3, 3], "42": [[10964.551811383197, 10140.545588644627, 1560.000248097242], [10169.207796787116, 9188.68611886307, 1560.0], 38, 3, 3], "43": [[10441.044901567308, 9380.10910383018, 1661.6396638625467], [9619.617752455451, 8581.17918497443, 1650.0], 11, 3, 3], "44": [[9697.583200297879, 8544.13486385503, 1501.88535315515], [8424.414660979348, 7627.510420930617, 1560.0], 6, 3, 3], "45": [[15276.287054596953, 9482.985672320938, 1600.0001574993623], [14694.282964930295, 8864.646822420891, 1600.0], 7, 2, 2], "46": [[16069.90839795689, 8412.931122174628, 1760.0002379840962], [15455.794671584563, 7953.0663180800575, 1760.0], 1, 2, 2], "47": [[14734.08830588187, 7664.543075009023, 1560.0001176442815], [14415.517651085158, 7250.925762873484, 1560.0], 2, 2, 2], "48": [[14056.116627126925, 6905.812314259897, 1559.999688533319], [13018.46723108302, 6455.583126436424, 1560.0], 12, 2, 2], "49": [[15647.1002878976, 7293.677432538371, 1610.0001876118174], [15296.754077785383, 6965.941825206199, 1610.0], 2, 2, 2], "5": [[-8234.34025675377, -15301.920846180077, 1500.5282337116423], [-7345.765984698308, -12886.279211096251, 1560.0], 43, 3, 2], "50": [[12216.688208645755, 737.3408324363292, 1559.9998853476566], [12792.338468570126, 646.4873810152708, 1560.0], 31, 3, 3], "51": [[15842.438776606476, 1102.2787064454099, 1769.999790453122], [15533.278719980626, 961.3079063552818, 1770.0], 0, 2, 2], "52": [[15751.095028971193, -9151.356072917286, 1423.8566441054843], [14756.61347414385, -8875.910046651692, 1560.0], 59, 3, 3], "53": [[16604.66920772731, -9595.783041099974, 1507.862026375606], [15278.48409874435, -9189.31984248408, 1560.0], 29, 3, 3], "54": [[15143.363537005975, -10501.649238616776, 1559.9998478785947], [14729.24587203148, -10107.59880776345, 1560.0], 10, 3, 3], "55": [[14500.061931192111, -10593.182653072527, 1560.0001431184935], [14608.153870504655, -10306.317238385833, 1560.0], 13, 3, 3], "56": [[13133.274286705198, -9950.511932942964, 1434.2322444954407], [11318.888625023128, -9350.816862508002, 1560.0], 15, 3, 3], "57": [[13352.787189458093, -11102.866649115294, 1544.191767237769], [11938.575795069595, -10397.376448666579, 1560.0], 9, 3, 3], "58": [[12801.690067585969, -11293.63150569414, 1542.6023357626364], [11783.323199147273, -10669.681168337249, 1560.0], 17, 3, 3], "59": [[11967.686628660453, -11242.352652263271, 1350.6352573794559], [9700.296605810268, -10302.66674447369, 1560.0], 21, 3, 3], "6": [[-9782.880977185592, -14828.80636218305, 1559.9999711021992], [-8464.307667129937, -12184.364550087403, 1560.0], 20, 3, 2], "60": [[18706.419348673582, -13938.708091814842, 1559.9998011143891], [17394.002437390147, -12955.620921318683, 1560.0], 53, 3, 3], "61": [[14311.505082944985, -15530.279181712485, 1527.3211483840525], [12324.78040542454, -13797.806980473555, 1560.0], 28, 3, 3], "62": [[9985.512050393892, -13319.248769136619, 1400.0830508482074], [8286.251036767539, -11968.499973866932, 1560.0], 17, 2, 2], "63": [[8497.145330643712, -15780.25395527769, 1353.382155224894], [5984.54050727496, -13552.320176299985, 1560.0], 9, 3, 3], "64": [[11633.328975856468, -17868.30303946825, 1618.705670373656], [9835.096223324326, -15515.012778285836, 1560.0], 9, 3, 3],