{"0": [[-8060.78639696962, 12531.47099233427, 1380.6239140240978], [-7541.1170765557845, 9403.215052013007, 1560.0], 10, 2, 2], "1": [[-8741.147252374198, 12076.50974880143, 1292.6383713704067], [-8320.782750178483, 8903.00491227494, 1560.0], 6, 2, 2], "10": [[-12662.545090311785, -475.942022033907, 1546.6816961823495], [-12492.883072955823, -502.81535796220425, 1560.0], 7, 3, 2], "11": [[-13447.80533425825, -1314.2648353658394, 1555.528485381466], [-13278.718762361797, -1331.0755304412246, 1560.0], 8, 3, 2], "12": [[-12640.020185385783, -2676.3528869366914, 1455.2859808927562], [-12685.003181378901, -2652.5149985502985, 1560.0], 20, 3, 2], "13": [[-14431.757894305483, -1405.204204015075, 1559.9999116699776], [-14140.980684545504, -1407.1954198261494, 1560.0], 3, 3, 2], "14": [[-14479.572274100576, -5879.373636986446, 1560.000248708474], [-13900.885574162741, -5669.472926614105, 1560.0], 0, 3, 2], "15": [[-15105.271737520145, -6941.360755426443, 1560.000203493916], [-14165.350557343603, -6572.990283941208, 1560.0], 20, 3, 2], "16": [[-13166.64978125406, -8022.223794054402, 1579.3586465260603], [-12285.307552312564, -7597.777363895138, 1560.0], 29, 3, 2], "17": [[-12715.838807450387, -7935.111877592442, 1560.00004049517], [-11976.718133158072, -7516.7916736564375, 1560.0], 35, 3, 2], "18": [[-11140.78872081722, -8652.096994014222, 1560.0002495344306], [-10544.156271547694, -8150.510764910799, 1560.0], 1, 3, 2], "19": [[-12978.398196855676, -8846.048331030423, 1559.9999885612056], [-12090.002600696895, -8187.778929008362, 1560.0], 3, 3, 2], "2": [[-9198.744018901856, 10353.410460234105, 1650.0000813940712], [-8340.610134494602, 8302.21863086461, 1650.0], 30, 3, 3], "20": [[-15024.393203595708, -8607.260840655272, 1560.0005452309651], [-13719.421716010605, -7866.0117726866765, 1560.0], 8, 3, 2], "21": [[895.6569152584692, -17307.507037633408, 1653.124838066863], [377.31908456795713, -14581.35021393095, 1560.0], 13, 3, 3], "22": [[9790.749776431401, -19112.99678228715, 1505.2628245061126], [6614.206703540686, -15533.732204281852, 1560.0], 6, 3, 3], "23": [[9928.002584367885, -16193.569451841036, 1559.9999888140271], [8041.318948744959, -14115.479901200506, 1560.0], 3, 3, 3], "24": [[11592.613755942028, -23222.72573851118, 1559.9998462899607], [7883.019561408217, -17896.839305581874, 1560.0], 1, 2, 2], "25": [[9989.119266080721, -13341.976368764352, 1397.0810160780104], [7855.280216856073, -11846.28166262304, 1560.0], 10, 2, 2], "26": [[21073.313545599547, -17322.57262101011, 2567.0564780088503], [21716.17640330125, -11962.854567781806, 1560.0], 14, 2, 2], "27": [[25241.436318152122, -21786.89965280762, 1750.000204713872], [14259.540787792193, -8857.508275131127, 1750.0], 0, 1, 1], "28": [[12542.035168087708, -12302.285906134914, 1749.9997384682208], [12534.802984841628, -11904.957026672411, 1750.0], 0, 1, 1], "29": [[13572.589515321048, -12532.066560378187, 1482.372272261565], [13258.60360602812, -12710.855243085, 1560.0], 53, 2, 2], "3": [[-8797.354422276816, 8645.569171122645, 1493.3239619354808], [-8428.258290663589, 7138.35860030634, 1560.0], 30, 3, 3], "30": [[14246.145758404698, -11243.488606304927, 1512.2593288314772], [14014.278773570057, -11255.298652120371, 1560.0], 27, 2, 2], "31": [[15548.593735157896, -10290.041973930269, 1456.361954225221], [15166.799155402834, -10366.09248818272, 1560.0], 24, 2, 2], "32": [[15895.814139379088, -11946.158586407755, 1528.7079671432796], [15531.735574952847, -11639.958366014656, 1560.0], 24, 2, 2], "33": [[16807.772430073015, -11462.326254784606, 1534.8469888458071], [16274.042125241216, -11195.635556386185, 1560.0], 27, 2, 2], "34": [[17200.009700920375, -10182.310050247284, 1435.1865486844533], [16556.607833184127, -10209.323564490038, 1560.0], 35, 2, 2], "35": [[6053.948750941548, 11017.608728103065, 1559.9991155509397], [6124.234413123371, 9104.893480400926, 1560.0], 43, 2, 2], "36": [[11450.2868889588, 9038.229842039877, 1391.7802469479157], [10454.50696670055, 8435.759432436646, 1560.0], 58, 3, 3], "37": [[12572.87335442082, 8540.611880229419, 1205.5631896252314], [10675.193032976473, 7431.430420496662, 1560.0], 47, 3, 3], "38": [[13295.637164896052, 7558.002679032913, 1559.9986225219493], [11499.336318188405, 6772.685201451067, 1560.0], 23, 2, 2], "39": [[15129.435232381731, 9574.587558778, 1809.9999587941536], [14210.589994567523, 8807.566221690953, 1810.0], 2, 2, 2], "4": [[-10161.609705171026, 7014.1818159959, 1405.5089249854404], [-9941.723107138245, 5785.138752590618, 1560.0], 70, 3, 3], "40": [[13402.171912553013, 9755.060289717449, 1560.000127948132], [12092.911969294144, 8926.04461933142, 1560.0], 3, 2, 2], "41": [[15783.230293510182, 7815.268093240728, 1619.9998735838049], [13420.222685717712, 6885.923829631651, 1620.0], 39, 2, 2], "42": [[16646.06582615464, 8588.571560901928, 1609.9999565810378], [14911.30919404905, 7722.580280730634, 1610.0], 8, 2, 2], "43": [[-9658.385361715033, 15273.213459970548, 2033.2447203433815], [-8716.596399797956, 18054.933864678875, 1950.0], 34, 2, 2], "44": [[-1035.3694077138923, 9967.575939828195, 1749.9999505261444], [-1116.0913568271683, 9959.900618086118, 1750.0], 0, 1, 1], "45": [[-1057.3831371405065, 11666.727219618193, 1750.0001831692289], [-1126.7586207849465, 11601.570593569993, 1750.0], 0, 1, 1], "46": [[7225.179882573386, 15983.901471724015, 1660.4189683569816], [7813.781006850701, 16437.573956225217, 1870.0], 72, 2, 2], "47": [[8125.069775765486, 15822.74063260353, 1559.8370041385645], [8722.241930911758, 16486.38803857312, 1890.0], 97, 2, 2], "5": [[-10781.990855228798, 8658.345567966478, 1548.4647582864125], [-9911.280517003872, 7042.0431086045, 1560.0], 43, 3, 3], "6": [[-11156.510221431632, 6979.739241747544, 1214.363735381426], [-10966.866088984018, 5498.627712585405, 1560.0], 65, 3, 3], "7": [[-12194.574318804696, 6518.868620517932, 1443.4389979782566], [-11448.213973522414, 5386.079478433195, 1560.0], 51, 3, 3], "8": [[-13740.13736092389, 5930.778213212235, 1515.9799058116512], [-12612.88920886529, 4919.173748912128, 1560.0], 10, 2, 2], "9": [[-13660.961932399881, 6898.130002148465, 1458.8384329934604], [-12423.027450290107, 5510.386547574421, 1560.0], 24, 2, 2]}