{"0": [[-8008.271927138684, -13306.974135457065, 1559.999686152943], [-7126.84562006851, -13970.04553433444, 1560.0], 0, 1, 1], "1": [[-8597.31369403771, -15522.542316139123, 1301.9849226486951], [-7793.36912429839, -12894.14335151137, 1560.0], 38, 3, 2], "10": [[-7706.359074777717, 13366.57874151634, 1352.5784953452023], [-7476.798406565971, 9676.312809453919, 1560.0], 23, 3, 3], "11": [[-8774.566101134003, 11391.944136691747, 1423.5459332919481], [-8285.509359797557, 8667.563239488942, 1560.0], 28, 3, 3], "12": [[-7815.482339859286, 10528.46145621624, 1356.1406583592186], [-7813.177676896012, 8180.933685736368, 1560.0], 35, 3, 3], "13": [[-8540.780608788167, 8405.794089072944, 1452.3824726960138], [-8263.402856155868, 6977.33757911502, 1560.0], 32, 3, 3], "14": [[-11244.048612682023, 6110.944414594973, 1447.3665649573222], [-10757.06491274471, 5142.512617489959, 1560.0], 48, 3, 3], "15": [[-12711.12136534643, 5502.913820837835, 1259.8475416885444], [-12305.091208180773, 4385.591932882889, 1560.0], 30, 2, 2], "16": [[-13594.062979442233, 5082.948940077551, 1297.4710476226298], [-12997.777688581507, 4051.9504807155818, 1560.0], 75, 2, 2], "17": [[-14445.347875373955, 4824.284580063182, 1333.4092123183336], [-13586.300562574845, 3851.7868101929403, 1560.0], 56, 2, 2], "18": [[-14362.791984354255, 7380.318767186721, 1427.4278209106728], [-12832.462337389157, 5707.169453963457, 1560.0], 16, 2, 2], "19": [[-15060.811972515396, 6825.8150104018, 1270.2444080544335], [-13597.350673846582, 5095.49845021215, 1560.0], 82, 2, 2], "2": [[-8964.128155597382, -14979.52178363564, 1351.924368509041], [-8282.21211308604, -12485.427521394442, 1560.0], 32, 3, 2], "20": [[6203.350081152783, 17477.63409701562, 1402.9539206819163], [3842.1976402144123, 13413.159110858516, 1560.0], 27, 3, 3], "21": [[7811.315815889976, 14341.51677124182, 1552.9520284157845], [5834.899135646077, 11806.31823041142, 1560.0], 14, 3, 3], "22": [[8524.259046760202, 12300.504175433929, 1560.0001009363118], [7076.806016858192, 10634.214706169367, 1560.0], 26, 3, 3], "23": [[6669.257900491456, 10938.769325767908, 1435.8760912101307], [4977.565990352052, 9362.015190300323, 1560.0], 16, 3, 3], "24": [[10454.739270707725, 9097.289876919773, 1560.0000327266703], [9968.401101437457, 8394.728031667775, 1560.0], 10, 3, 3], "25": [[11024.314694994036, 9098.601140600242, 1559.9998222101513], [9910.344923050998, 8168.405111674422, 1560.0], 26, 3, 3], "26": [[11692.007679102744, 7938.131528903992, 1802.0408726009152], [11012.400280684333, 7515.048211241719, 1600.0], 60, 3, 3], "27": [[12092.182601251456, 6964.203737734248, 1729.999891106757], [11121.695285622109, 6432.163282077787, 1730.0], 2, 2, 2], "28": [[16431.717344217926, 8204.246520734809, 1750.000137937072], [16093.304871920996, 7743.73906100721, 1750.0], 4, 2, 2], "29": [[14797.07205387376, 3814.4500782128025, 1790.0000692664867], [15163.637784994477, 3737.6816088456762, 1790.0], 15, 2, 2], "3": [[-7583.894642279084, -14907.368410030425, 1313.0285294373389], [-7412.3703883138305, -12453.18736444504, 1560.0], 17, 3, 2], "30": [[13254.117853814725, -1159.2287093991981, 1560.0000039821261], [13789.150062184126, -1395.010827419305, 1560.0], 41, 3, 3], "31": [[13753.804035926905, 260.3386022686463, 1606.330427262945], [14414.35156020507, 173.26643429067616, 1560.0], 14, 3, 3], "32": [[14549.229755255208, 1280.547651693166, 1685.0806721913175], [14749.994339551724, 1040.6137067347463, 1560.0], 39, 3, 3], "33": [[14609.761822002383, 1401.5959720924413, 1879.999960471301], [15094.671953385845, 1401.175755289532, 1880.0], 14, 2, 2], "34": [[14537.689405038054, 1939.8906803406132, 1830.0000152342113], [14946.545794416861, 1999.6284612260956, 1830.0], 23, 2, 2], "35": [[16067.11960760004, -2714.1157643689485, 1584.4343577312252], [16407.448922056854, -2952.3716765352183, 1560.0], 45, 3, 3], "36": [[14637.78216526183, -3469.1838219492256, 1560.000044529427], [14674.099380860775, -3758.4509348313077, 1560.0], 82, 3, 3], "37": [[15251.453330583638, -4785.757999980692, 1559.9998667533168], [14833.237737296602, -4830.41615587775, 1560.0], 33, 3, 3], "38": [[13995.734227067818, -9620.704454886683, 1324.870446983344], [12619.046610695194, -9172.368578998095, 1560.0], 24, 3, 3], "39": [[12047.25664463793, -9132.108557149679, 1364.6358142114193], [10564.909615205528, -8604.254746320032, 1560.0], 6, 3, 3], "4": [[-11681.361092602001, -7961.870828587819, 1520.4898193052147], [-11293.313745354517, -7468.6762532082375, 1560.0], 15, 3, 2], "40": [[17377.361893111447, -11639.825596982386, 1567.9610897805835], [16305.496101055249, -11101.26896427225, 1560.0], 12, 3, 3], "41": [[15763.674108995754, -11791.746039009216, 1340.3169305671381], [13586.332742311353, -10856.569371203164, 1560.0], 16, 3, 3], "42": [[12989.101487540394, -10702.751723110887, 1559.9999044995666], [12042.45825820641, -10213.678017480968, 1560.0], 12, 3, 3], "43": [[12579.909501564884, -11191.201216032932, 1559.9997507389462], [12383.224237266486, -10699.57680512164, 1560.0], 17, 3, 3], "44": [[12082.046730161821, -10775.64749429806, 1506.6107950530477], [10929.226470241389, -10081.527169629217, 1560.0], 13, 3, 3], "45": [[14412.101120823178, -12528.042367025504, 1559.9997737855292], [13071.100180708765, -11686.539467080513, 1560.0], 14, 3, 3], "46": [[26539.8484303245, -19495.63731725245, 1750.0001700816708], [14397.742474106786, -6617.590854345659, 1750.0], 0, 1, 1], "47": [[12590.440410062209, -13043.83008530534, 1487.3593823669153], [11536.74188283041, -12109.025466175044, 1560.0], 42, 3, 3], "48": [[10025.152154405496, -13386.691254103183, 1342.9633027486273], [7855.280216856073, -11846.28166262304, 1560.0], 16, 2, 2], "49": [[9359.499904369592, -15902.73762419661, 1357.2600465087705], [7258.971744045377, -13761.601036877548, 1560.0], 31, 3, 3], "5": [[-13096.15140307601, -7312.651078341995, 1560.000022378249], [-12472.801335423042, -6940.127472671692, 1560.0], 1, 3, 2], "50": [[13173.400936982147, -20367.3278424032, 1430.3392832824775], [9643.803506096463, -16524.18852876669, 1560.0], 11, 3, 3], "51": [[8397.630618785099, -17950.203259315316, 1504.8618880805716], [6393.754482925921, -15148.097166723535, 1560.0], 12, 3, 3], "52": [[9395.841761843289, -19535.12145331259, 1468.1609722892038], [6418.148929986417, -15818.65547545632, 1560.0], 3, 3, 3], "53": [[7401.582488972419, -18807.18346452111, 1360.9250412877566], [4561.276299187124, -15243.232387340367, 1560.0], 7, 3, 3], "54": [[7239.951537524053, -19301.236279777997, 927.9102650902297], [3182.8821833384727, -14911.056413273714, 1560.0], 5, 3, 3], "55": [[11629.886878214382, -22548.710320212853, 1560.0001140934176], [8111.430417224445, -17643.023891121025, 1560.0], 2, 3, 3], "56": [[7326.664013020057, -24144.498555947564, 1559.9996096797433], [4364.566296826914, -17897.42400228184, 1560.0], 1, 2, 2], "57": [[-10138.238360307145, -14787.538604955136, 1560.0002300255453], [-4616.072683474548, -12849.758438908844, 1560.0], 0, 1, 1], "58": [[-9851.17346890873, -17290.05345656345, 1599.9999765951766], [-5064.560070849377, -12363.547827467926, 1600.0], 0, 1, 1], "59": [[-8039.188668651266, -17991.395813500047, 1560.0000340900235], [-3198.367734838639, -15202.605970160288, 1560.0], 0, 1, 1], "6": [[-14717.495555531683, -6612.111518937964, 1496.4892696271813], [-14058.310599488865, -6251.557955160934, 1560.0], 14, 3, 2], "60": [[-8289.146396729839, -17955.079513285935, 1559.9999940014334], [-3212.3589439745647, -15356.074544193885, 1560.0], 0, 1, 1], "61": [[21710.8603823629, 9455.242759201152, 1950.0009122040524], [20432.391807725573, 8759.2189011743, 1950.0], 6, 2, 2], "62": [[9318.947551769732, -15788.89031856018, 1254.4864609724475], [6861.190321565669, -13623.686130432387, 1560.0], 56, 3, 3], "63": [[-8074.515346676638, 22329.494194507242, 1750.0004001704997], [-7771.004481427063, 21588.44915840486, 1750.0], 0, 1, 1], "64": [[-8756.857246566913, 20183.181727863197, 1749.9999002823497], [-8489.480111427147, 19741.671450226488, 1750.0], 0, 1, 1],