{"0": [[-8007.515065715418, -15226.331402250324, 1560.000266754559], [-7017.656969041374, -14017.860586133436, 1560.0], 0, 1, 1], "1": [[-9111.476319849902, -16158.835258353934, 1559.999803612781], [-7894.618896938019, -12831.480224957517, 1560.0], 3, 2, 2], "10": [[-15023.595861537986, 6485.927870965691, 1286.4726063901633], [-13609.380721835754, 4919.382006359836, 1560.0], 35, 2, 2], "11": [[-14313.420965009338, 5248.220320219926, 1345.6274099070854], [-13379.983169991434, 4204.585690045891, 1560.0], 28, 2, 2], "12": [[-13356.824114597879, 4850.610959237327, 1312.0256246937483], [-12821.997346375, 3934.272384874246, 1560.0], 15, 2, 2], "13": [[-12994.639580597152, 5532.86257060986, 1250.8636604543533], [-12460.955756567946, 4425.544040091058, 1560.0], 20, 2, 2], "14": [[-11143.767628659036, 6012.394152913109, 1385.808163422615], [-10861.976913314373, 4973.148756602754, 1560.0], 69, 3, 3], "15": [[-8477.277766010904, 8472.796798916317, 1341.1276812667836], [-8486.310545089436, 6850.662886200629, 1560.0], 53, 3, 3], "16": [[-7815.348504247899, 10665.49409529713, 1387.9822163964784], [-7564.667786747677, 8378.185298816465, 1560.0], 25, 3, 3], "17": [[-8556.040993888297, 12439.888694974308, 1416.7246509214074], [-7959.564842460641, 9264.225127260604, 1560.0], 18, 3, 3], "18": [[-10726.658607424528, 9711.636763728115, 1617.5607951016825], [-9492.687113305725, 7848.25539565411, 1560.0], 9, 3, 3], "19": [[6604.032247517795, 10910.274475614846, 1452.6722841201263], [5376.2425769700785, 9603.783613618754, 1560.0], 11, 3, 3], "2": [[-9173.679594777504, -16044.811940933861, 1572.7504359541922], [-7791.225071467639, -12868.518401874462, 1560.0], 29, 2, 2], "20": [[9667.575893663767, 10245.965619110708, 1505.1770618861349], [8354.5276805919, 9096.724585253169, 1560.0], 8, 3, 3], "21": [[7075.134393778928, 9827.489402396744, 1341.1249315739315], [5103.635787795141, 8352.779090460013, 1560.0], 18, 3, 3], "22": [[7001.735264668947, 8710.393350564655, 1510.6232453352136], [5654.245232120571, 7637.429136008397, 1560.0], 41, 3, 3], "23": [[11759.321265285937, 9787.241399511833, 1580.000041425729], [11006.394882536793, 9026.682762613838, 1580.0], 3, 2, 2], "24": [[10883.265947019288, 9195.761081582623, 1475.0821464510777], [9910.344923050998, 8168.405111674422, 1560.0], 66, 3, 3], "25": [[10577.858211533612, 8971.91592681463, 1467.6505100091074], [8979.535827012616, 8095.616709398175, 1560.0], 15, 3, 3], "26": [[11992.484284688095, 8172.683686792667, 1559.9998958058122], [11180.5119584099, 7458.775745784222, 1560.0], 29, 3, 3], "27": [[10809.041430338633, 8119.128612114543, 1560.000137824411], [10737.687561227058, 7663.344665468419, 1560.0], 38, 3, 3], "28": [[12411.83895506699, 7150.763093273557, 1700.0001185548817], [11806.298146392292, 6490.218546532209, 1700.0], 26, 3, 3], "29": [[16446.31031862843, 7894.739853766594, 1890.0002988856872], [15893.433036535682, 7424.483366688616, 1890.0], 1, 2, 2], "3": [[-7677.395086872748, -14699.966323081282, 1324.2858516995484], [-7405.499107109206, -12394.219368988526, 1560.0], 24, 3, 2], "30": [[12596.730018587832, 3547.0360250954163, 1700.0002245449725], [13110.03738971934, 3558.2956859158344, 1700.0], 13, 2, 2], "31": [[14299.370139187184, 1060.058510145814, 1670.0000052432279], [14141.509196890176, 978.2736259319844, 1670.0], 1, 2, 2], "32": [[12284.594676112001, 817.20080815758, 1629.9999760507662], [12511.101678086558, 845.9128342606664, 1630.0], 5, 2, 2], "33": [[16895.726462762694, -8590.873916287715, 1380.807595557997], [15772.309810445413, -8339.963574526606, 1560.0], 31, 3, 3], "34": [[18576.89979511817, -10735.681136807789, 1680.000051980568], [17707.843554064217, -10195.95874803699, 1680.0], 3, 2, 2], "35": [[15755.876632072837, -9955.93335795276, 1546.750524754695], [15033.521534688618, -9602.306746653612, 1560.0], 17, 3, 3], "36": [[14095.254177288629, -9865.69819521809, 1369.3467628526917], [11957.34294068635, -9263.378844331008, 1560.0], 14, 3, 3], "37": [[12106.089566710349, -9038.406388278298, 1283.5728407405504], [10564.909615205528, -8604.254746320032, 1560.0], 21, 3, 3], "38": [[15027.81040958704, -10921.940317316843, 1564.2395510241847], [15118.129717205393, -10630.931130508425, 1560.0], 34, 3, 3], "39": [[13770.56163838343, -11499.782646677666, 1545.2965116916143], [12836.681716696032, -11007.846034800607, 1560.0], 63, 3, 3], "4": [[-11667.368686157386, -8018.447880594967, 1509.578793365012], [-11222.378160571006, -7564.606290232784, 1560.0], 13, 3, 2], "40": [[14393.537018276285, -12477.55754362349, 1560.00026906444], [13711.837248126707, -11735.094300439148, 1560.0], 21, 3, 3], "41": [[12984.679122400017, -10725.961515464987, 1559.9999523899553], [12042.45825820641, -10213.678017480968, 1560.0], 12, 3, 3], "42": [[12616.808503702578, -11226.064631303421, 1559.999714922185], [11783.323199147273, -10669.681168337249, 1560.0], 16, 3, 3], "43": [[12169.29576167366, -11076.700811331817, 1526.5709284018892], [10784.216967398605, -10348.772691938973, 1560.0], 11, 3, 3], "44": [[9981.887414979157, -13296.486176500463, 1403.1494807057168], [8771.804342648764, -12016.479115245253, 1560.0], 33, 2, 2], "45": [[9901.282880734634, -16620.377607963903, 1536.1639270568467], [7913.20100412291, -14316.994708694838, 1560.0], 10, 2, 2], "46": [[9841.795953738989, -16392.118073768197, 1424.804669733854], [7583.648785408369, -14037.2844863806, 1560.0], 15, 2, 2], "47": [[9124.44056674704, -18138.654367723244, 1559.9994669074958], [7242.588265367184, -15333.545848602223, 1560.0], 22, 3, 3], "48": [[8074.437523579444, -18734.18730147254, 1444.8295594140056], [5375.6785770385095, -15311.133169975956, 1560.0], 3, 3, 3], "49": [[7331.4826054698015, -19548.482314610563, 983.090990060011], [3455.0983026587596, -15094.133612253036, 1560.0], 14, 3, 3], "5": [[-11217.714028682369, -6935.080963414539, 1532.159761352653], [-10960.821332718851, -6664.825696349758, 1560.0], 9, 3, 2], "50": [[7132.055368737584, -24022.658141907174, 1660.0001073222113], [3663.3939743294195, -17518.037925238146, 1660.0], 6, 2, 2], "51": [[8811.179929428868, -25179.954992721985, 1560.0000165233166], [5321.882510168408, -18391.13854177779, 1560.0], 18, 2, 2], "52": [[15673.611095597527, -12125.639071107618, 1349.894345915408], [13413.761566571118, -11137.434987049175, 1560.0], 10, 3, 3], "53": [[-10061.600973556864, 17601.905473494935, 1559.999851674661], [-7466.928830224877, 14875.195646593344, 1560.0], 13, 2, 2], "54": [[-10008.444719342959, -15196.949507415524, 1559.9999598386953], [-4536.968909007845, -12967.010205640732, 1560.0], 0, 1, 1], "55": [[-10012.796744704196, -17906.532036166303, 1569.999973453844], [-5034.869482755862, -12406.29206992717, 1570.0], 0, 1, 1], "56": [[-8301.793855074833, 21766.68197208681, 1749.9998173544432], [-8020.057513129863, 21104.282599209888, 1750.0], 0, 1, 1], "57": [[6435.599027000791, 18077.824510310915, 1740.1503451985009], [4074.3704799480515, 13803.850733207066, 1950.0], 31, 3, 2], "58": [[7440.841253355541, 17526.529254468347, 1710.7593293743448], [5421.466230757609, 13752.417301356669, 1950.0], 59, 3, 2], "59": [[6769.138829009436, 19328.947393239476, 1720.5989896589278], [4175.889683505126, 14381.502715060922, 1950.0], 44, 2, 2], "6": [[-12423.367801797844, -6598.043352268051, 1478.5845947088844], [-12095.229460326866, -6331.2420213816595, 1560.0], 18, 3, 2], "60": [[6779.611994478182, 21417.438166336924, 1560.000278375161], [4245.210220897906, 15700.7505444906, 1560.0], 0, 1, 1], "61": [[7203.282314810707, 21187.304410286284, 1559.999986973066], [4534.764724616445, 15588.864518872828, 1560.0], 0, 1, 1], "62": [[6707.848590059838, 21473.087872136, 1559.999977150737], [4245.210220897906, 15700.7505444906, 1560.0], 0, 1, 1], "63": [[7399.173248846925, 21185.259577991583, 1560.0000931477878], [4872.361740509413, 15717.766921210909, 1560.0], 0, 1, 1], "64": [[5878.290231263039, 21856.042599626737, 1560.000264596901], [3350.491148828402, 15631.15177468464, 1560.0], 0, 1, 1],