{"0": [[-7940.79266574818, 12619.572048732181, 1421.3518045726992], [-7421.848911641225, 9485.102485368852, 1560.0], 26, 3, 3], "1": [[-8681.841431394403, 11921.29003998204, 1219.5270553877383], [-8553.89264962432, 8669.210018917416, 1560.0], 37, 3, 3], "10": [[-11698.259342547577, -5466.995369262708, 1464.6964829483884], [-11647.125947225713, -5322.347475863094, 1560.0], 15, 3, 2], "11": [[-12257.03735619028, -6870.001385480243, 1496.611496214444], [-11902.053758476719, -6565.402793088379, 1560.0], 11, 3, 2], "12": [[-13639.782079458477, -5992.786545778082, 1535.6340284584655], [-13208.273358352819, -5776.249873415837, 1560.0], 13, 3, 2], "13": [[-14423.236597062552, -5869.052344958267, 1559.9999115523067], [-13855.06853019637, -5655.87344434501, 1560.0], 2, 3, 2], "14": [[-10985.106065278831, -8398.557801141227, 1551.1029582054716], [-10534.61990431243, -7907.954431068315, 1560.0], 9, 3, 2], "15": [[-12703.131592725065, -7846.595394083454, 1652.0822148851587], [-11847.125033716551, -7507.9574852471505, 1560.0], 20, 3, 2], "16": [[-13144.17440974692, -8030.208410560193, 1641.224991283545], [-12163.22735140608, -7651.7040126488755, 1560.0], 50, 3, 2], "17": [[-13916.987266052854, -7535.299321187167, 1560.000004682785], [-13130.968243474832, -7081.13531267062, 1560.0], 2, 3, 2], "18": [[-15100.895442814694, -8573.762689178047, 1559.9997376928422], [-13806.866729756526, -7817.8314482645, 1560.0], 17, 3, 2], "19": [[-12489.286449993122, -8427.340762068117, 1561.920453970856], [-11714.76020701748, -7911.44118242377, 1560.0], 5, 3, 3], "2": [[-9264.667368085082, 10542.097394845789, 1659.7591812670637], [-8217.399313994682, 8561.108404257047, 1560.0], 64, 3, 3], "20": [[-14979.621267108058, -6986.899868919516, 1649.3151051363182], [-13993.462729998239, -6648.927695458812, 1560.0], 17, 3, 2], "21": [[7223.696175810911, -16043.555229710304, 1236.3816199617493], [5055.944017530366, -13669.944844813466, 1560.0], 17, 3, 3], "22": [[8956.609727909641, -16732.767338457757, 1560.0000926619418], [7296.100234358023, -14495.958311463055, 1560.0], 6, 3, 3], "23": [[7614.712230594692, -18985.428705509916, 1407.1318297215664], [5269.554149874319, -15476.101856578345, 1560.0], 6, 3, 3], "24": [[12041.438101499258, -24066.505650668387, 1562.2571395037562], [8968.609792904732, -18614.938644630904, 1560.0], 35, 2, 2], "25": [[10003.626027065262, -13171.774248256545, 1329.0740707630428], [7895.9366959417985, -11770.41833941071, 1560.0], 13, 2, 2], "26": [[16858.97428362218, -16664.663675068256, 2234.1473497386996], [18210.245497512045, -15896.525699892743, 1590.0], 16, 3, 3], "27": [[18799.421460366335, -18822.538928853708, 1990.8805068437987], [18205.557224204345, -17107.834734271473, 1560.0], 23, 3, 3], "28": [[15571.305653614767, -13876.995197857099, 1506.275599484165], [14365.860343223914, -12849.592605715474, 1560.0], 66, 3, 3], "29": [[17211.596918941777, -10155.258465240373, 1560.0000524506959], [17120.33054220274, -9854.447956328628, 1560.0], 20, 3, 3], "3": [[-10548.278924002501, 9721.526924162421, 1457.5921250235529], [-9705.817909240932, 7599.586683031351, 1560.0], 37, 3, 3], "30": [[15383.059902411951, -10755.531150974683, 1510.4275515074642], [15306.232742512355, -10331.187558889327, 1560.0], 33, 3, 3], "31": [[16196.264392529289, -11832.022750556956, 1537.0028288526694], [14993.212572568573, -10828.268446531898, 1560.0], 34, 3, 3], "32": [[14426.811869110254, -11437.465176312811, 1560.0000157060479], [13586.332742311353, -10856.569371203164, 1560.0], 33, 3, 3], "33": [[12762.320245013212, -11552.099290698, 1529.7168225272965], [11152.738470706243, -10729.057763993227, 1560.0], 12, 3, 3], "34": [[17531.334815207516, -12588.398250558825, 1560.0000721078975], [16576.35842380725, -11846.877948832565, 1560.0], 40, 3, 3], "35": [[15964.522559674955, -11590.270026015172, 1321.6054947030632], [14427.195442522447, -10600.760481279802, 1560.0], 46, 3, 2], "36": [[6161.864609947868, 10867.6209303541, 1521.8316973987], [4648.460349495738, 9407.411794703068, 1560.0], 11, 3, 3], "37": [[9135.746735815439, 11084.144270420793, 1560.0001883848283], [7694.621245148962, 9835.567274086123, 1560.0], 8, 2, 2], "38": [[11461.924765740741, 7963.49948538633, 1559.9998848116038], [10675.193032976473, 7431.430420496662, 1560.0], 2, 2, 2], "39": [[12659.096715923224, 7704.15982672616, 1570.0002030635515], [12114.189208883141, 7258.403202594314, 1570.0], 0, 2, 2], "4": [[-8795.994689711062, 8626.380879501225, 1518.631649306014], [-8317.251556869236, 7203.23150875383, 1560.0], 51, 3, 3], "40": [[12700.282486482272, 9917.419607846732, 1559.9994111837336], [11624.298582322583, 9113.756729741446, 1560.0], 1, 2, 2], "41": [[13490.499817432335, 9686.26541737274, 1650.0002140952013], [12758.155189300598, 8994.533934926803, 1650.0], 4, 2, 2], "42": [[15330.430705574123, 9621.321705339755, 1920.0002865066817], [14244.8539294904, 8796.127250400585, 1920.0], 1, 2, 2], "43": [[15900.204662552364, 9396.159356055725, 1869.999860097518], [15098.670123873428, 8685.810611183031, 1870.0], 1, 2, 2], "44": [[16790.929937137495, 9155.451234940785, 1619.999920418923], [15692.825984945503, 8405.280459805632, 1620.0], 0, 2, 2], "45": [[17356.233660237765, 8807.76725401844, 1720.0003374402522], [17135.736105447224, 8382.312313166276, 1720.0], 17, 2, 2], "46": [[14903.34850106212, 7517.065143127965, 1559.9999240992472], [13743.182656337893, 6972.606722124772, 1560.0], 2, 2, 2], "47": [[13535.337119401565, 7240.625979744625, 1559.9999870909576], [13129.651435190273, 6827.3816103612735, 1560.0], 0, 2, 2], "48": [[-1049.7530920828767, 9478.975597412355, 1560.0001048962997], [-1412.4651267275544, 8379.708585929498, 1560.0], 3, 3, 3], "49": [[-1176.659925019014, 11387.470895482538, 1582.611099306492], [-1570.056755885978, 9732.173613900995, 1560.0], 29, 3, 3], "5": [[-9982.33297272447, 7190.446825458204, 1306.4047485523392], [-9850.16702964203, 5836.204040445748, 1560.0], 22, 3, 3], "50": [[-9228.80841223456, 18925.63703474588, 1749.9999994869704], [-8953.116462481155, 18541.583174614214, 1750.0], 0, 1, 1], "51": [[-8361.98944648373, 20466.782431756885, 1749.999570938305], [-8143.9267143302095, 20017.697464248322, 1750.0], 0, 1, 1], "52": [[7197.48503418928, 15853.664558645794, 1722.1994317826432], [5255.062943250556, 12881.655508778376, 1860.0], 61, 3, 3], "53": [[7704.985427194219, 16216.877960329055, 1752.245295491133], [5717.506688184411, 13034.569320376162, 1840.0], 24, 3, 2], "6": [[-11450.09927367428, 6905.856763244936, 1442.3513781710058], [-10854.676669477738, 5707.210379070551, 1560.0], 37, 3, 2], "7": [[-11910.713736268413, 6256.497473455704, 1497.9425053633981], [-11295.201585973053, 5201.436881593454, 1560.0], 47, 3, 3], "8": [[-12815.422176599448, 6553.555544349611, 1315.1618286740372], [-12078.198591102075, 5195.024496584065, 1560.0], 42, 2, 2], "9": [[-13817.570557049721, 5905.857258185473, 1554.3834763340813], [-12604.958029399442, 4953.907218098348, 1560.0], 14, 2, 2]}