{"0": [[-7907.1016787705175, 12950.035033386852, 1473.3526161031593], [-7378.909621550805, 9668.758234830806, 1560.0], 39, 3, 3], "1": [[-6882.4949890632415, 11794.731328435208, 1435.1797647527937], [-6743.192822354145, 9154.088008315804, 1560.0], 33, 3, 3], "10": [[-14516.061342940508, 6397.216857475829, 1222.9968571355269], [-13395.708991342375, 4844.6161050845, 1560.0], 56, 2, 2], "11": [[-13191.429644747212, -3384.071838187874, 1365.401345650878], [-13251.723831049087, -3329.33723190744, 1560.0], 16, 3, 2], "12": [[-13918.928493691275, -3550.5159924957875, 1390.9563470783457], [-13880.543699966482, -3495.3325361416096, 1560.0], 10, 3, 2], "13": [[-11865.449227908364, -4748.157870727156, 1455.6433776591132], [-11824.195054102862, -4649.615627921828, 1560.0], 8, 3, 2], "14": [[-12985.085417439059, -5736.060291192975, 1489.7275786348114], [-12700.569012551332, -5542.683994948197, 1560.0], 9, 3, 2], "15": [[-11658.957696941832, -8071.575599158564, 1478.4129503161469], [-11223.167908878255, -7598.213255134588, 1560.0], 12, 3, 2], "16": [[-13528.884982149562, -11436.419580946022, 1559.9999656823782], [-11922.530076664609, -9854.50946608088, 1560.0], 1, 3, 2], "17": [[-9982.607400598825, -11418.46295988853, 1560.0000719302288], [-9135.653713885118, -10211.61712461717, 1560.0], 1, 3, 2], "18": [[-9836.106603018603, -14915.030403752964, 1546.911407598205], [-8654.892674120163, -12123.267648793024, 1560.0], 13, 3, 2], "19": [[-6431.775508072872, -13172.55009388546, 1196.4710038583069], [-6998.169678112083, -11170.053065590922, 1560.0], 136, 3, 3], "2": [[-9421.45388879592, 10906.268886343894, 1455.8826379329057], [-8801.557059281215, 8354.56222359502, 1560.0], 27, 3, 3], "20": [[-5433.343934222719, -16814.287315409023, 1220.6704937078448], [-5868.839694853261, -13408.699612067938, 1560.0], 13, 3, 2], "21": [[-3420.3895125767467, -14411.944126164266, 1371.3914930009353], [-3959.713651531959, -12335.086633511475, 1560.0], 79, 3, 3], "22": [[-3747.4279197975748, -13975.725022697792, 1336.3255466263345], [-4733.389379779383, -11836.43865657324, 1560.0], 60, 3, 2], "23": [[-2141.7718020510706, -17201.645490505827, 1559.9999232601251], [-2482.6174349272646, -14115.232054596034, 1560.0], 18, 2, 2], "24": [[863.504050214343, -17581.001103104758, 1485.8074126470913], [-379.9339821969362, -14381.037651778706, 1560.0], 10, 3, 3], "25": [[5300.493997153114, -17876.973368563213, 1401.3257211703983], [3604.5719890270934, -14834.570008032513, 1560.0], 16, 3, 3], "26": [[6812.336876760236, -18690.85666401755, 1424.4897947478469], [3885.7425187320696, -15020.791506203042, 1560.0], 6, 3, 3], "27": [[8963.657959231808, -20063.06587514613, 1611.5959833836544], [6108.76025749702, -16255.567785055779, 1560.0], 48, 3, 3], "28": [[9151.733681114873, -14847.032442813079, 1448.2687161435733], [6852.671688124254, -12811.0314643543, 1560.0], 83, 3, 3], "29": [[9851.243567992651, -13600.19683296425, 1477.079745088338], [8244.298857574795, -12044.722696453016, 1560.0], 77, 3, 3], "3": [[-10077.140819737328, 10865.952439887249, 1333.2593356413365], [-9432.48916527749, 8095.916117564012, 1560.0], 40, 3, 3], "30": [[11268.976555089223, -20105.10921955313, 1477.4376032619175], [9003.896333228664, -16586.604247163636, 1560.0], 29, 3, 3], "31": [[13755.21624735457, -18273.511088456537, 1617.9665446294166], [12076.660785991187, -15888.548396986205, 1560.0], 7, 3, 3], "32": [[12211.415637484817, -23862.108614295183, 1559.9998751804048], [8191.502143567406, -18181.290563725914, 1560.0], 0, 2, 2], "33": [[13484.524287198505, -15479.559493004203, 1523.4210609422046], [11735.427751887308, -13716.338937576693, 1560.0], 18, 3, 2], "34": [[16648.308522546125, -14129.073159911064, 1362.6734932873364], [13766.507030508905, -12692.809241573834, 1560.0], 21, 3, 3], "35": [[16465.544343996033, -11456.08253308545, 1559.9994916335268], [15639.046921977684, -10962.647354601087, 1560.0], 38, 3, 3], "36": [[13994.599033852428, -13696.398689577914, 1517.6564942131852], [12507.606007599097, -12564.506897742354, 1560.0], 29, 3, 3], "37": [[14618.2658047438, -10295.678191013263, 1530.1518447941285], [12868.614995143973, -9856.913076844037, 1560.0], 47, 3, 3], "38": [[11919.027123578093, -9359.779577727877, 1378.42846755748], [11034.313105725472, -8787.684238656127, 1560.0], 21, 3, 3], "39": [[14113.507253209124, -8002.473351098331, 1555.3427129104587], [13364.73306015109, -7771.19893479874, 1560.0], 13, 3, 3], "4": [[-9774.488625092112, 9640.878484635292, 1565.6735843010033], [-8932.514752688176, 7786.170196952734, 1560.0], 59, 3, 3], "40": [[14653.898742917814, -2394.442973952484, 1559.9998459394951], [14606.0063267363, -2450.3355625229747, 1560.0], 9, 3, 3], "41": [[10779.967416113108, -7436.1263058060085, 1301.8291366685676], [8653.624627881907, -7115.471498428012, 1560.0], 16, 3, 3], "42": [[10008.341840650626, -7618.895794613134, 1228.037543790476], [7645.302403264976, -7257.455426251199, 1560.0], 17, 3, 3], "43": [[6913.926205710741, -4838.286127727137, 1425.223070028764], [6008.5305693486, -4747.090584193932, 1560.0], 4, 3, 3], "44": [[6104.199185278366, -5092.023759882919, 1439.4978753263208], [5116.979390807593, -5035.3325096010085, 1560.0], 12, 3, 3], "45": [[14155.375958822797, 2836.457542738869, 1560.0004456154643], [15416.98036684927, 2820.439148084509, 1560.0], 60, 3, 3], "46": [[13438.837701821656, 3393.391046557495, 1559.9994803460784], [13166.343997173257, 3352.757829719307, 1560.0], 5, 3, 3], "47": [[10965.786221647215, 5346.6776684162605, 1508.803774455492], [9971.15810337855, 4910.581794215816, 1560.0], 14, 3, 3], "48": [[8916.645984327066, 9883.342788562582, 1547.8017627111421], [7873.377254224554, 8836.851109404195, 1560.0], 9, 3, 3], "49": [[9613.497037753299, 10607.086266865941, 1737.3141467175064], [8247.929749678531, 9325.276963690776, 1700.0], 68, 3, 3], "5": [[-11168.929671335603, 9365.579685494346, 1559.9999120616512], [-9952.87470876, 7500.152940456823, 1560.0], 54, 3, 3], "50": [[5326.740151515259, 9968.036929369042, 1333.7514351693019], [3839.1377395106006, 8671.192040810445, 1560.0], 32, 3, 3], "51": [[3317.187320392979, 11551.855415634904, 1302.7886138341987], [1672.41496895816, 9542.320289402998, 1560.0], 22, 3, 3], "52": [[4789.395752273841, 7010.092136730621, 1312.1977047257494], [2951.7399549326656, 6016.354165438341, 1560.0], 11, 3, 3], "53": [[2073.644509190797, 8048.721679650867, 1358.3010533637414], [1479.0078807386053, 7236.633798069938, 1560.0], 33, 3, 3], "54": [[1399.774573426605, 8365.90483807079, 1358.0653162979288], [467.4173611789887, 7397.833976942378, 1560.0], 19, 3, 3], "55": [[-1150.7207761231816, 4675.400348097583, 1569.3013480718037], [-816.7286730532547, 4610.531107640929, 1560.0], 32, 3, 3], "56": [[5836.043541044871, 1488.521318466886, 1414.8728113261718], [5175.084670375075, 1345.9139589191218, 1560.0], 15, 3, 3], "57": [[1239.532652901375, 10456.178449667412, 1351.986124893069], [-243.98522556841675, 8696.65547670473, 1560.0], 10, 3, 3], "58": [[-1772.2725854456112, 10749.453702136438, 1559.9998523188067], [-1859.1035221203742, 9269.870048230476, 1560.0], 19, 3, 2], "59": [[-5145.035441543399, 7073.37083096225, 1328.5663154835972], [-5669.1623199966, 6066.176676510082, 1560.0], 10, 3, 3], "6": [[-9867.60163604932, 8263.554103025877, 1425.1983586103831], [-9518.01571093094, 6654.773469383083, 1560.0], 99, 3, 3], "60": [[-4613.929384961672, 3113.136214623177, 1252.5335528640258], [-5362.713850038216, 2717.1942508480392, 1560.0], 2, 3, 3], "61": [[-7098.318099007144, 2109.927182683597, 1559.999945264062], [-7052.121317745405, 2009.5515935971562, 1560.0], 21, 3, 3], "62": [[-5965.379777328955, 9674.64436843796, 1312.639223305625], [-6282.4594520730725, 7852.253997945076, 1560.0], 18, 3, 3], "63": [[11906.82093439373, 8768.65982725567, 1517.2973882783235], [10334.789483162329, 7976.717947692646, 1560.0], 28, 2, 2], "64": [[14402.891126927185, 9680.67902860281, 1799.9999248989675], [13728.282744413222, 9021.078567537847, 1800.0], 1, 2, 2],