{"0": [[-9324.424021752373, -17373.672646065865, 1560.00035474023], [-7739.473192066658, -13569.248999725782, 1560.0], 0, 1, 1], "1": [[-8348.75861040508, -18036.318972014804, 1560.0000421226466], [-7093.7656306714, -13699.668946137353, 1560.0], 2, 2, 2], "10": [[-14502.307216709636, -8826.101900627093, 1560.0001825308368], [-13309.96440006881, -8041.874621271485, 1560.0], 0, 3, 2], "11": [[-14019.507752174806, -9367.791905540205, 1562.2896035766835], [-12792.16471466686, -8469.914656316882, 1560.0], 12, 3, 2], "12": [[-12743.000877574588, -9632.207124479932, 1560.000899771032], [-11699.293326170915, -8782.81467015071, 1560.0], 24, 3, 2], "13": [[-12174.320869671545, -9820.35098898536, 1731.9333897641018], [-11015.139608337848, -9069.25215649717, 1600.0], 15, 3, 2], "14": [[-11407.75378134928, -9554.915249884198, 1544.6375571280405], [-10719.358683409524, -8778.510512172434, 1560.0], 13, 3, 2], "15": [[-10908.426069082203, -9516.95961975505, 1560.0000759805191], [-10237.631299836612, -8801.12865272571, 1560.0], 1, 3, 2], "16": [[-11122.950417651587, -7573.7444821014615, 1559.999509546409], [-10747.966877103394, -7214.682251178638, 1560.0], 9, 3, 2], "17": [[-12108.715346784616, -7222.723895600153, 1560.000009073783], [-11566.71517332621, -6921.966330752617, 1560.0], 3, 3, 2], "18": [[-12561.822391955126, -7317.874109235927, 1559.9997915316144], [-11975.180419456718, -7005.3684778436755, 1560.0], 8, 3, 2], "19": [[-14053.110717388834, -6211.011546010533, 1518.8089005101765], [-13564.173766476159, -5930.049735304541, 1560.0], 10, 3, 2], "2": [[-8588.160513059276, -16966.901553403666, 1559.999537139205], [-7492.542452275468, -13187.977750642209, 1560.0], 8, 2, 2], "20": [[-15009.608794984972, -6359.366769159286, 1571.1769351594585], [-14235.673219519103, -6074.011095482823, 1560.0], 10, 3, 2], "21": [[-13262.787253412616, 6359.515728197172, 1340.735185931427], [-12435.214760562845, 5031.978932381104, 1560.0], 42, 2, 2], "22": [[-13335.645280034067, 5642.298829780547, 529.0245656629957], [-13501.487854102472, 3845.3642781225362, 1560.0], 17, 2, 2], "23": [[-12429.696997156476, 6228.688383907387, 1283.2390904441118], [-11896.326720063755, 4984.27144745063, 1560.0], 44, 2, 2], "24": [[-11748.720073982322, 4768.013445768687, 1490.1538343130119], [-11379.40981925483, 4070.390061141983, 1560.0], 62, 3, 3], "25": [[-11301.398372409609, 5558.692600927471, 1499.3856558105642], [-10909.908375181449, 4722.0142139036325, 1560.0], 56, 3, 3], "26": [[-11008.00155062065, 6381.358833788051, 1475.0998594360824], [-10484.204230261144, 5406.065738468226, 1560.0], 48, 3, 3], "27": [[-11395.388248056444, 7125.232860910648, 1523.094595131208], [-10669.023198998513, 5925.403059077657, 1560.0], 44, 3, 3], "28": [[-8872.379902452527, 8610.45959443631, 1399.6847920917064], [-8752.259806949138, 6948.753837417023, 1560.0], 60, 3, 3], "29": [[-7713.719037157785, 9836.801170350851, 1467.6905420583769], [-7433.536821702634, 7984.415948097551, 1560.0], 21, 3, 3], "3": [[-8095.067190056912, -15914.695795052068, 1171.1836351857855], [-7678.975184756216, -12827.540271587377, 1560.0], 49, 3, 2], "30": [[-7144.206127604298, 11025.403381070279, 1288.2704105742362], [-7215.217438885222, 8510.284846047793, 1560.0], 39, 3, 3], "31": [[-8603.812758101449, 11262.561206928225, 1292.3465081732677], [-8326.827669727456, 8488.233580393782, 1560.0], 12, 3, 3], "32": [[-8307.554199100134, 11709.672377251534, 1282.332030248673], [-8186.3308371533, 8696.590401643716, 1560.0], 28, 3, 3], "33": [[-10056.359789634125, 10660.447783019941, 1454.1867124690407], [-9264.090538964556, 8143.953242845992, 1560.0], 39, 3, 3], "34": [[-8408.816091915707, 13184.036770537743, 1334.5073696505694], [-7996.399093355468, 9492.043348007472, 1560.0], 32, 3, 2], "35": [[9808.894653175503, -18959.378084834734, 1530.113137129275], [6653.665378980916, -15475.647066229392, 1560.0], 5, 3, 3], "36": [[10508.284864115898, -17597.764287674763, 1645.4977058677473], [8792.74812804702, -15376.10737346611, 1560.0], 42, 3, 3], "37": [[10465.795905935443, -17175.67545171653, 1560.0000103401721], [8632.441841661806, -14822.524378436763, 1560.0], 6, 3, 3], "38": [[7877.363501871333, -17355.291346356476, 1288.726412508572], [4722.906529383048, -14268.309804730443, 1560.0], 11, 3, 3], "39": [[8221.59371065482, -16496.15107870728, 1307.3320855826323], [5373.39104683042, -13861.692188820376, 1560.0], 3, 3, 3], "4": [[-7876.5400428595, -15375.798027580731, 1290.9512347417292], [-7336.099422599937, -12803.452755680479, 1560.0], 45, 3, 2], "40": [[8159.9816497592265, -15830.827954729468, 1397.2853042592578], [5547.42965430045, -13549.474191818195, 1560.0], 13, 3, 3], "41": [[7736.837004599737, -15309.665870747926, 1098.8714936102515], [4974.249906372022, -13043.966520324593, 1560.0], 7, 3, 3], "42": [[9906.535375997613, -13342.659192552555, 1372.7433703237784], [7395.75545089361, -11801.837375009198, 1560.0], 9, 2, 2], "43": [[16610.187654660996, -12585.527748856975, 1539.4326383747448], [13184.948109893654, -11505.371763083152, 1560.0], 103, 3, 3], "44": [[13252.303066069731, -11386.008362387889, 1583.9776840729717], [12276.237297307838, -10881.948016444969, 1560.0], 46, 3, 3], "45": [[14686.649429575522, -12356.745844689765, 1415.9902412238018], [11526.125663349672, -11114.887546888978, 1560.0], 14, 3, 3], "46": [[19401.721231280168, -12138.44982838643, 1595.0826274826954], [18363.267398925615, -11649.20730700582, 1560.0], 40, 3, 3], "47": [[22141.98324908032, -11131.592079883416, 1559.9998739234316], [20793.79506108977, -9775.307616002912, 1560.0], 18, 2, 2], "48": [[22162.73408417853, -8554.267392582304, 1749.9999973874762], [21227.55847498857, -7219.471165421776, 1750.0], 0, 1, 1], "49": [[18226.229515496965, -10959.026176992513, 1560.0006092933181], [16847.02056693869, -10278.543933830784, 1560.0], 9, 3, 3], "5": [[-7518.195293912642, -14408.874626015016, 1201.7065057082598], [-6944.448975386524, -12593.445404621396, 1560.0], 49, 3, 2], "50": [[15326.16440544142, -10730.071500351552, 1482.3624705430987], [13992.109235864065, -10184.785394848535, 1560.0], 28, 3, 3], "51": [[12160.252373880925, -10986.372331733299, 1560.0000070910023], [11938.575795069595, -10397.376448666579, 1560.0], 13, 3, 3], "52": [[13801.739197964516, -9933.912053631155, 1334.716701907141], [11367.89080624094, -9257.630662072987, 1560.0], 13, 3, 3], "53": [[16575.975795530852, -9549.858033936476, 1519.6720148201084], [15339.932598756042, -9084.855920154356, 1560.0], 18, 3, 3], "54": [[15170.677569935917, -12054.842236694303, 1434.9318113552683], [11152.738470706243, -10729.057763993227, 1560.0], 51, 3, 3], "55": [[23287.336136759015, -10390.11416364358, 1559.9999968559414], [22083.82282310014, -8343.153359584736, 1560.0], 4, 2, 2], "56": [[14684.46213020557, -118.87336691895403, 1591.5805264490562], [15483.321346402103, -373.98165894236575, 1560.0], 47, 3, 3], "57": [[15454.462805229143, 713.7447000345988, 1559.9996466339162], [14558.32510287327, 543.0772428895422, 1560.0], 3, 2, 2], "58": [[13707.60979253189, 1410.3814400174226, 1572.317871488478], [13572.614831023218, 1177.0512080327624, 1560.0], 23, 3, 3], "59": [[14174.617383270177, 3252.8418269707686, 1699.2517162026604], [14283.47265206508, 3157.265045711117, 1560.0], 19, 3, 3], "6": [[-9537.391722722574, -16986.494433867338, 1560.0000157795205], [-8017.829690161111, -13133.6935579745, 1560.0], 17, 2, 2], "60": [[-16406.99940618178, 8306.225553143247, 1750.000143904715], [-11215.005775968186, 7503.590704385356, 1750.0], 0, 1, 1], "61": [[-10628.43941605249, -17240.49782239796, 1559.9999970962722], [-5076.353944845684, -12437.10164059968, 1560.0], 0, 1, 1], "62": [[-11051.654970952939, -17206.111494641587, 1560.0000546979993], [-5509.638098615384, -11953.351263931962, 1560.0], 0, 1, 1], "63": [[-8825.192356810547, -19036.474662311804, 1559.9998930473116], [-3867.349269805326, -14367.307553111843, 1560.0], 0, 1, 1],