{"0": [[-9143.484902918239, -15898.394034875026, 1559.999993614086], [-7933.190467241687, -13419.854119413501, 1560.0], 0, 1, 1], "1": [[-8530.00630513599, -15648.391814214336, 1283.0890941499508], [-7890.6377162456565, -12780.190132247313, 1560.0], 54, 3, 2], "10": [[-11999.553571944904, -7306.399026037023, 1559.9996533239093], [-11497.360873745243, -6981.341131946407, 1560.0], 1, 3, 2], "11": [[-13212.37739212656, -5882.581573652455, 1559.9998673986531], [-12820.17083534863, -5705.3630651587, 1560.0], 3, 3, 2], "12": [[-14010.425917760364, -6503.997746813182, 1560.0000326575216], [-13410.001576156137, -6220.4362443146765, 1560.0], 8, 3, 2], "13": [[-14739.426754346165, -5823.688689184006, 1551.2568190940374], [-14170.00741150084, -5578.82417162876, 1560.0], 10, 3, 2], "14": [[-12891.010937013594, -671.6862455414752, 1559.9999403417546], [-12758.578268020517, -691.6238297223915, 1560.0], 49, 3, 2], "15": [[-11768.56871625639, 4665.043065446805, 1527.471286812429], [-11386.77470880745, 4029.452582837972, 1560.0], 58, 3, 3], "16": [[-11069.244507167348, 6258.542900210239, 1523.276343852616], [-10492.604175443623, 5363.437632549888, 1560.0], 42, 3, 3], "17": [[-10764.390932329587, 7248.194681577868, 1484.632332651109], [-10209.610035906642, 6015.700117934124, 1560.0], 31, 3, 3], "18": [[-12316.090331968135, 7035.871928730353, 1212.9783789438432], [-11798.813848230397, 5433.418162703807, 1560.0], 29, 2, 2], "19": [[-8700.064146016917, 8321.871862027767, 1445.4796363499413], [-8486.310545089436, 6850.662886200629, 1560.0], 52, 3, 3], "2": [[-7038.698852554912, -15693.588395011042, 1254.6823732830055], [-7315.895461423708, -12633.526448791137, 1560.0], 49, 3, 2], "20": [[-7792.496182959584, 10099.962548246214, 1459.5082914713012], [-7515.401680736746, 8109.566518117388, 1560.0], 11, 3, 3], "21": [[-7707.648936526327, 11503.70839162647, 1206.1707450085808], [-7601.637052661864, 8687.208170776172, 1560.0], 32, 3, 3], "22": [[-9697.008879186831, 10613.998688040456, 1288.5004359780287], [-9228.47478300204, 7957.217485632025, 1560.0], 35, 3, 3], "23": [[-10255.701605580462, 10424.056306899065, 1548.4359406457547], [-9274.200044953726, 8102.223733809004, 1560.0], 57, 3, 3], "24": [[5450.673815437145, 12979.163556402718, 1453.1692823826165], [3976.6723240312062, 10883.140413080968, 1560.0], 8, 3, 3], "25": [[6621.095484512283, 12642.215169713105, 1440.8262207294028], [4536.9055889010515, 10467.279528749199, 1560.0], 7, 3, 3], "26": [[6712.615643361022, 12035.720940837122, 1564.0943334753847], [5971.342203927532, 10727.339170700632, 1560.0], 9, 3, 3], "27": [[9039.450001469573, 11433.155023737596, 1559.9999639656332], [6898.605573644042, 9822.830293630856, 1560.0], 35, 3, 3], "28": [[7686.136081917758, 10123.404746193853, 1467.5989102104068], [5900.475117596969, 8722.921318459914, 1560.0], 17, 3, 3], "29": [[10312.54031343313, 9837.085581934669, 1372.10294139704], [8226.254648724593, 8560.912067211291, 1560.0], 22, 2, 2], "3": [[-11602.686424808124, -13282.271512541483, 1697.4073881043341], [-9857.762678854313, -11311.379657390784, 1560.0], 38, 3, 2], "30": [[11005.321499592956, 10121.821054288288, 1560.0002056034205], [10197.576371627196, 9302.303069259853, 1560.0], 1, 2, 2], "31": [[13906.064727100267, 4124.973433497769, 1640.3130091015219], [13289.760328074173, 3721.3225618076654, 1560.0], 57, 3, 3], "32": [[15717.267224754936, 7233.331053821815, 1800.0000037892012], [14849.59242809139, 6711.88805491291, 1800.0], 0, 2, 2], "33": [[14463.849941674447, 8611.193978646066, 1720.0002537950456], [13841.328094219665, 8021.872568870283, 1720.0], 1, 2, 2], "34": [[14788.815983768427, 7937.350799899099, 1600.0006674665783], [14273.906685701288, 7447.401542777244, 1600.0], 4, 2, 2], "35": [[14842.003729031043, 7291.671383967094, 1679.9995515263286], [14281.518224998883, 6841.973686113553, 1680.0], 0, 2, 2], "36": [[8185.924819503236, 11309.648869976249, 1560.0000347279895], [6965.946181731105, 10127.242447150029, 1560.0], 29, 3, 3], "37": [[13693.501339465221, 1429.4759160965407, 1616.9020859220186], [14199.05221401598, 1233.2543841887568, 1560.0], 21, 3, 3], "38": [[14224.066511491557, -2713.688423108449, 1560.0003181803131], [13772.139010904752, -2914.1545038608197, 1560.0], 36, 3, 3], "39": [[22182.41419775211, -8331.502689843011, 1749.9998955365181], [21077.60141473894, -7242.743171129479, 1750.0], 18, 2, 2], "4": [[-12739.054244859064, -9647.183059615236, 1562.1719881028048], [-11698.333926655647, -8811.602932567259, 1560.0], 17, 3, 2], "40": [[16508.7189801463, -9469.715210051367, 1516.482527528146], [15339.932598756042, -9084.855920154356, 1560.0], 18, 3, 3], "41": [[15245.80237243957, -10565.237783941411, 1461.151879851981], [13450.680236930119, -9970.223590719059, 1560.0], 16, 3, 3], "42": [[18440.668665257614, -11754.418592122458, 1560.00004415087], [16372.8053137426, -11000.279423931059, 1560.0], 28, 3, 3], "43": [[23222.324181734806, -14997.46671266505, 2071.5118695653296], [22530.816389851563, -10765.150806117248, 1560.0], 12, 2, 2], "44": [[24323.56268043789, -19906.918458459404, 1750.0000787873478], [13859.046875011742, -7821.240000872535, 1750.0], 0, 1, 1], "45": [[13496.737165275481, -15937.179983766204, 1560.0001872999514], [15809.64281328208, -14950.037446277529, 1560.0], 0, 3, 1], "46": [[19617.710544589347, -13067.022880354472, 1634.3524184453636], [18651.13335900998, -12431.466299976895, 1560.0], 25, 3, 3], "47": [[15560.186971254936, -12622.087533968905, 1539.7688009086417], [14374.63829379727, -11785.176902788418, 1560.0], 20, 3, 3], "48": [[15182.059445438803, -12709.917647360096, 1535.6442582350878], [13711.837248126707, -11735.094300439148, 1560.0], 15, 3, 3], "49": [[12374.951049564213, -11249.875200974891, 1577.400543991298], [11731.726689549314, -10759.585364821534, 1560.0], 9, 3, 3], "5": [[-12224.146423953853, -9807.488391182404, 1560.0000831228242], [-11300.400541442245, -8928.034189868093, 1560.0], 8, 3, 2], "50": [[10018.780704805074, -13319.61507133418, 1451.6637239555514], [8286.251036767539, -11968.499973866932, 1560.0], 9, 2, 2], "51": [[12196.38015747821, -15323.285732573368, 1559.999978598979], [11059.927662003203, -13792.190297243738, 1560.0], 4, 3, 3], "52": [[8498.148781289281, -14885.913782405647, 1246.4602663274352], [5936.037258249387, -12832.696858171728, 1560.0], 7, 3, 3], "53": [[7877.186703721674, -17169.989688434318, 1327.2453104865217], [5132.516521063518, -14284.602095268056, 1560.0], 7, 3, 3], "54": [[-235.8945862332739, -17067.87125314821, 1593.5937774651254], [-876.1789791709693, -14296.053613808357, 1560.0], 64, 3, 3], "55": [[9131.712614495806, -26077.319136881346, 1559.99993751825], [5136.1049072870555, -18583.89699439082, 1560.0], 0, 2, 2], "56": [[11800.444346017084, -15261.637145718443, 1592.8969752479973], [10460.302813422055, -13788.811982102561, 1560.0], 17, 3, 3], "57": [[13309.71030494818, -11447.707902215221, 1344.668515957242], [11252.31007755883, -10551.74401478385, 1560.0], 21, 3, 3], "58": [[16820.545456781878, -15297.025724943136, 1559.9997615592024], [17127.026222562148, -12201.457795700815, 1560.0], 0, 3, 1], "59": [[-8359.22413505555, -17277.146100664846, 1560.0000653024547], [-3637.8984336422295, -14439.122447214211, 1560.0], 0, 1, 1], "6": [[-11606.538547583614, -10092.823382114804, 1572.8745143632907], [-10647.832285960252, -9225.28623054521, 1560.0], 10, 3, 2], "60": [[-8314.931358634418, -19830.772445840386, 1560.0001037185311], [-3821.1370628153313, -14403.346282030734, 1560.0], 0, 1, 1], "62": [[-10424.998826036715, 18067.800890505812, 1559.9999327271194], [-8068.352159665844, 16769.900421281025, 1560.0], 1, 2, 2], "63": [[-8938.099939625969, 17112.15745253429, 1559.9997497300044], [-6624.805698378809, 14135.579022131195, 1560.0], 23, 2, 2], "64": [[12733.721685645978, 7353.86655848512, 1579.9996441705966], [11959.438104112352, 6882.314280186843, 1580.0], 0, 2, 2],