{"0": [[-8400.994876421084, -17943.549761050996, 1849.999885977032], [-7676.587708184442, -13451.535439972102, 1850.0], 0, 1, 1], "1": [[-8439.178144596352, -17894.436869512123, 1606.593595622345], [-6984.918045481412, -13768.8693367539, 1560.0], 35, 2, 2], "10": [[-11924.780697655153, -7415.125401008768, 1433.1306829587345], [-11638.485426944726, -6998.17946622708, 1560.0], 25, 3, 2], "11": [[-12290.259907259559, -6680.077344491573, 1508.8684336589063], [-11965.281342038585, -6408.081016439687, 1560.0], 14, 3, 2], "12": [[-13584.7482926645, -6412.314248437221, 1333.372521485496], [-13311.239408908792, -6047.711339758007, 1560.0], 16, 3, 2], "13": [[-14128.626294138367, -6393.991701310733, 1439.0268836890018], [-13657.768155476486, -6071.463307851703, 1560.0], 11, 3, 2], "14": [[-13632.934910499114, 5969.0602918228515, 1151.5360570146975], [-12982.26542165339, 4568.047184424147, 1560.0], 78, 2, 2], "15": [[-12488.380586016063, 6254.404138687763, 1159.8532436338196], [-12093.559606669474, 4866.732589947663, 1560.0], 42, 2, 2], "16": [[-11889.366834349757, 6689.064761236495, 1462.7191617231022], [-11237.43964618125, 5478.577095474293, 1560.0], 84, 3, 3], "17": [[-11068.476078122445, 6882.133790159816, 1430.6178986298414], [-10656.714092205464, 5643.462408467268, 1560.0], 96, 3, 3], "18": [[-13614.747683746938, 7430.930125158761, 1391.5545873110466], [-12354.207708879836, 5783.283026439284, 1560.0], 44, 2, 2], "19": [[-10905.805737116088, 9775.77438907357, 1451.3303648336007], [-10096.01909309696, 7501.894780843535, 1560.0], 82, 3, 3], "2": [[-8346.526914447162, -17117.624633216623, 1559.9999003500106], [-7277.225188252298, -13295.007860763, 1560.0], 8, 2, 2], "20": [[-10278.913338444812, 9510.239798246113, 1554.1234580121663], [-9383.813372619872, 7638.15233101199, 1560.0], 42, 3, 3], "21": [[-10088.217898125693, 10370.7160831518, 1601.5008653648008], [-8791.328948336524, 8397.73371000863, 1560.0], 3, 3, 3], "22": [[-8710.478385811839, 11783.333824771029, 1251.5290839697823], [-8362.51398790496, 8727.2475286808, 1560.0], 5, 3, 2], "23": [[-9641.62402922376, 10143.13517017721, 1527.9705006366514], [-8666.680999281036, 8186.652613241642, 1560.0], 28, 3, 3], "24": [[-8353.735689660283, 11296.811103117703, 1388.9576788940956], [-8004.389708069567, 8663.810179424845, 1560.0], 9, 3, 2], "25": [[-7382.30607437854, 14003.134810438123, 1526.6968848768868], [-6690.229506294976, 10382.460056163829, 1560.0], 45, 3, 3], "26": [[-7896.6803125863635, 10206.891889270106, 1387.3756781219113], [-7616.241350920877, 8133.974342430337, 1560.0], 26, 3, 3], "27": [[5788.079189529837, 12300.15467481078, 1354.3349796771286], [3510.250770727278, 10108.7325390625, 1560.0], 9, 3, 3], "28": [[9566.120053866385, 10993.137387710207, 1729.999881546255], [8183.203106221635, 9588.798841466198, 1730.0], 26, 3, 3], "29": [[10284.10407831793, 10049.154993225056, 1785.9324426545431], [9143.789536204242, 9035.246198624345, 1680.0], 25, 3, 3], "3": [[-8616.9960593623, -16621.528550975505, 1559.9998403390307], [-7482.163433312461, -13086.416506378748, 1560.0], 2, 2, 2], "30": [[11522.513880446375, 9768.924543531897, 1669.9999666265157], [10586.768343595117, 8983.902769124385, 1670.0], 1, 2, 2], "31": [[10696.381629455589, 8792.98271238173, 1489.7057387394937], [8505.359516322444, 7952.12650748516, 1560.0], 85, 3, 3], "32": [[14710.244283876802, 4884.986070159732, 1559.9996985861073], [13575.959310956448, 4589.14989553793, 1560.0], 7, 2, 2], "33": [[19780.576444554383, 8351.15859229286, 1820.0000164635692], [18476.149572506354, 7653.575678826338, 1820.0], 1, 2, 2], "34": [[16273.555899287981, 9543.194301618758, 1829.999845571174], [15372.778770500137, 8888.766856319526, 1830.0], 2, 2, 2], "35": [[10592.058723665872, 8620.911506415137, 1543.7203717615453], [9324.981600591787, 7686.239590210009, 1560.0], 43, 3, 3], "36": [[10561.045881401194, 8068.419980124059, 1547.9622235306986], [8729.02278861583, 7109.305652157499, 1560.0], 30, 3, 3], "37": [[11286.528106929509, 7364.686606427744, 1559.999791051668], [9968.928082908902, 6607.807875266015, 1560.0], 29, 3, 3], "38": [[14005.942234949607, 7598.700379470763, 1619.9997250709441], [13495.522060548918, 7136.475590692051, 1620.0], 1, 2, 2], "39": [[16067.926793908024, -8205.487040912283, 1464.7432459236725], [14591.232480780585, -7941.566344746067, 1560.0], 17, 3, 3], "4": [[-10398.70066266643, -14529.64932454267, 1690.2057541068239], [-8850.758850435031, -12024.352858612963, 1610.0], 14, 2, 2], "40": [[14194.44180354701, -9587.904772931135, 1410.628924205479], [12566.27503257382, -9269.200529273652, 1560.0], 79, 3, 3], "41": [[12449.38796325569, -10819.054283698628, 1361.5387902285586], [10373.77028043881, -10062.450731272886, 1560.0], 17, 3, 3], "42": [[12026.35328614524, -11674.314235334685, 1183.4045475961552], [9565.827578332133, -10557.98525623617, 1560.0], 8, 3, 3], "43": [[16510.18984678931, -13894.889265787237, 1606.7785471618956], [15113.556222607196, -12829.471167182486, 1560.0], 15, 3, 3], "44": [[23882.44619181104, -11284.976315502126, 1749.9996722368057], [22253.594034704794, -9250.23519184773, 1750.0], 0, 1, 1], "45": [[26236.488158901186, -18237.282115400194, 1749.999908206393], [14402.101825722586, -6096.988779731907, 1750.0], 0, 1, 1], "46": [[20005.921092375378, -18823.103112736953, 1560.0000334752744], [22476.600550636434, -14839.872185670989, 1560.0], 0, 3, 1], "47": [[20634.222108952057, -16818.75673367085, 1617.5211050131916], [17521.654525396218, -14913.614188017284, 1560.0], 31, 3, 3], "48": [[20650.156733469637, -17216.11320162539, 1976.1106250694513], [19557.638446320892, -15735.489871787675, 1560.0], 13, 3, 3], "49": [[9953.335280549447, -13260.957363140671, 1476.5333570441394], [8286.251036767539, -11968.499973866932, 1560.0], 13, 2, 2], "5": [[-11080.847709231388, -14339.081790507937, 1720.2865519492152], [-9193.87910350093, -11972.594758118019, 1560.0], 38, 2, 2], "50": [[11878.18995995095, -16296.124731209795, 1525.003200269949], [10110.712896206285, -14306.473033908731, 1560.0], 24, 3, 3], "51": [[10916.937679420109, -16234.712270520839, 1446.4421460115286], [8601.266242768224, -14057.657945916755, 1560.0], 5, 3, 3], "52": [[11826.163010981792, -17171.62935778993, 1529.505178465621], [9717.021076317978, -14872.589933520338, 1560.0], 29, 3, 3], "53": [[9990.153480492547, -16824.165238253197, 1559.9566481663683], [7828.202491627108, -14449.413432613328, 1560.0], 7, 2, 2], "54": [[11404.348714165882, -21405.995013068485, 1498.5889979835138], [8115.353637717345, -16982.26730028761, 1560.0], 12, 3, 3], "55": [[11648.508583946035, -23339.955140314414, 1560.0000031425177], [8285.173289424964, -18082.30213099749, 1560.0], 5, 2, 2], "56": [[14343.182234497814, -23750.058006164192, 1559.9991071672152], [9039.637835325022, -17911.890350845486, 1560.0], 13, 2, 2], "57": [[-16677.882037579886, -5962.922239386353, 1559.9997298850863], [-15641.757540145836, -5616.947684885037, 1560.0], 0, 2, 1], "58": [[7083.561876459497, 19715.775805910114, 1749.9998198540763], [3946.803692041371, 18064.027130879997, 1750.0], 0, 1, 1], "6": [[-13624.864070155167, -9841.269910772597, 1609.8826337808557], [-12284.380693436142, -8899.87673885724, 1560.0], 12, 3, 2], "62": [[6424.806268515071, -21192.266254063907, 1591.5006847731106], [4377.80647198901, -16777.06497837633, 1560.0], 6, 3, 3], "63": [[5021.113566752384, -21212.337169181403, 1571.7980151457195], [3245.9639489097367, -16643.614902746234, 1560.0], 10, 3, 3], "64": [[5337.726613704821, -21107.193776080672, 1584.7603142417775], [3632.751721710228, -16658.196489891587, 1560.0], 9, 3, 3], "65": [[-7809.126916877832, 14143.823470993146, 1950.0000036695935], [-7024.615447546915, 10332.012752018702, 1950.0], 0, 3, 1], "66": [[-8435.771201882802, 18662.11559476238, 1749.999851984725], [-8257.109176177843, 18425.77491455631, 1750.0], 0, 1, 1], "67": [[-7783.573716471899, 15003.717115352334, 1559.999932457608], [-6780.106796495774, 10876.80509039221, 1560.0], 0, 2, 1],