{"0": [[-8452.98515816989, 12119.003629058741, 1464.189870203359], [-7551.78344405253, 9357.339404652841, 1560.0], 35, 3, 2], "1": [[-8853.199898900297, 11815.416242620757, 1366.5293567072692], [-8331.245040863249, 8859.20246673166, 1560.0], 21, 3, 3], "10": [[-13850.722808978893, 1818.524071630104, 1208.94862706609], [-13844.416467986006, 1339.9970308899592, 1560.0], 125, 2, 2], "11": [[-13174.94110994199, 1157.196961545076, 1560.0000986101215], [-12791.463748612416, 1066.9628543788874, 1560.0], 1, 3, 2], "12": [[-12930.446024066257, -424.33670940785606, 1450.0333063700343], [-12915.944045929786, -493.9967249363735, 1560.0], 7, 3, 2], "13": [[-14281.976246372677, -6268.942534966404, 1536.8235588733637], [-13707.141965933326, -5996.0031966705665, 1560.0], 11, 3, 2], "14": [[-10999.967132617976, -8510.516196453878, 1527.840913961291], [-10537.48100128904, -7977.709244282922, 1560.0], 16, 3, 2], "15": [[-12684.356831926934, -7877.741381643011, 1638.0066061559735], [-11847.125033716551, -7507.9574852471505, 1560.0], 19, 3, 2], "16": [[-13101.246926077785, -8073.60203323433, 1621.0400953512838], [-12163.22735140608, -7651.7040126488755, 1560.0], 47, 3, 2], "17": [[-15087.322366712768, -7193.232551952307, 1774.2965148833734], [-13891.225946553099, -6901.697483422705, 1560.0], 16, 3, 2], "18": [[-12978.577096493611, -8771.191322180239, 1560.0000743821379], [-12152.931466713037, -8099.820467248292, 1560.0], 3, 3, 2], "19": [[-15117.528526591495, -8495.217269807905, 1559.999923964228], [-13855.706036641664, -7745.379936818381, 1560.0], 48, 3, 2], "2": [[-9950.008521500422, 11128.418453255768, 1556.066598529097], [-8920.61271929696, 8556.528596130276, 1560.0], 38, 3, 3], "20": [[-659.0280595534273, -17017.907854330835, 1559.9997367636615], [-1089.971100079257, -14191.975313360053, 1560.0], 31, 2, 2], "21": [[9729.9830697848, -19156.362440726945, 1559.9999311181862], [9736.283231387852, -18592.348558470596, 1560.0], 26, 2, 2], "22": [[11839.63936901729, -20999.548501891946, 1560.000057897083], [11782.626726800941, -19910.29951398408, 1560.0], 1, 2, 2], "23": [[11508.576166361614, -15353.545883166156, 1559.9997016731675], [11512.100795794082, -14982.299787195489, 1560.0], 1, 2, 2], "24": [[17126.802035945217, -10028.556269316714, 1526.692303161897], [15748.435357391576, -9614.296694142766, 1560.0], 25, 3, 3], "25": [[15623.000631707782, -10982.376399002427, 1439.99062557696], [13933.879969220414, -10282.165532892222, 1560.0], 13, 3, 3], "26": [[16327.75059400705, -12829.754911032729, 1560.0000456804125], [16079.119906572087, -12085.079369695099, 1560.0], 11, 2, 2], "27": [[16013.19857410665, -12048.956645950284, 1484.4892828621319], [15589.03580065577, -11806.947506177301, 1560.0], 30, 2, 2], "28": [[14381.81093104949, -11546.984356835314, 1559.9997737005497], [14215.059714157853, -11236.127859074413, 1560.0], 8, 2, 2], "29": [[13639.75359392021, -12492.52822639464, 1409.294320442026], [13433.49199921297, -12532.742303057437, 1560.0], 13, 2, 2], "3": [[-9221.638386883953, 10434.65666260411, 1662.0222281964247], [-8450.941558838207, 8303.726245434136, 1660.0], 44, 3, 3], "30": [[12761.744183513927, -11385.708619428395, 1406.8609269862964], [12631.171767993272, -11560.07839955863, 1560.0], 17, 2, 2], "31": [[6110.839049567462, 10685.020384855774, 1559.9997337632542], [4977.565990352052, 9362.015190300323, 1560.0], 7, 3, 2], "32": [[10231.536496466399, 9616.849796556426, 1604.3851188409183], [9607.32848840706, 8801.47313544517, 1560.0], 26, 3, 3], "33": [[11929.832585888587, 7915.937770992143, 1560.0000351255926], [11115.866025305435, 7223.8157080399, 1560.0], 23, 3, 3], "34": [[12731.988515588551, 7712.824476012702, 1599.9999009312455], [12539.285821831503, 7361.329061497487, 1600.0], 2, 2, 2], "35": [[13399.310026814219, 7255.9133861867185, 1750.0001484522625], [13373.903899723504, 6968.60314254635, 1750.0], 11, 2, 2], "36": [[14993.346634712118, 9432.692579730343, 1870.0005524348053], [15217.676861758215, 9079.00402541808, 1870.0], 21, 2, 2], "37": [[13156.163462347848, 9736.00994375866, 1559.9993947416199], [11530.575027802503, 8757.812337499558, 1560.0], 16, 2, 2], "38": [[7063.705753636657, 15942.003651570161, 1727.011111874712], [4974.598946240161, 12828.217928451992, 1840.0], 58, 3, 3], "39": [[7709.401499030459, 15966.5662260005, 1693.9072955395138], [5629.983598658657, 12985.705517102748, 1860.0], 81, 3, 3], "4": [[-8960.383125934091, 8757.954363572178, 1508.9641958254826], [-8498.837308725795, 7263.786738465519, 1560.0], 29, 3, 3], "5": [[-10050.906109676056, 7203.584611880788, 1399.1077910477327], [-9739.686883360373, 5977.236738775129, 1560.0], 31, 3, 3], "6": [[-11203.991459505623, 6924.979674507945, 1337.9794673574436], [-10800.962630698272, 5631.742412567693, 1560.0], 30, 3, 3], "7": [[-12196.56963123048, 6501.082466912692, 1473.7818126713148], [-11448.213973522414, 5386.079478433195, 1560.0], 23, 3, 3], "8": [[-13702.436495552327, 5931.461319689129, 1462.022868657971], [-12678.717145979135, 4847.709296680162, 1560.0], 17, 2, 2], "9": [[-12529.394239788298, 2309.125925276328, 1477.1254013212942], [-12297.17797402377, 2036.2075645440168, 1560.0], 28, 3, 2]}