{"0": [[-7608.908010446028, 12380.134632778323, 1416.357327366532], [-7231.8657409638145, 9417.312569416126, 1560.0], 18, 3, 3], "1": [[-10506.578831972867, 9808.016671921629, 1456.0210469435206], [-9614.715059301312, 7661.126255010028, 1560.0], 73, 3, 3], "10": [[-13039.908194391815, -6692.414111406226, 1560.0001657895386], [-12472.948459680922, -6433.9132312127, 1560.0], 7, 3, 2], "11": [[-14083.921153283378, -7127.446282388202, 1560.0001886910459], [-13293.879784067029, -6785.583926068105, 1560.0], 29, 3, 2], "12": [[-14262.933446695948, -6636.277020807788, 1593.202756727679], [-13505.323251564072, -6358.532800464488, 1560.0], 10, 3, 2], "13": [[-15017.800652089645, -6340.400285813551, 1559.9999202576525], [-14279.07957957151, -6030.388062710086, 1560.0], 9, 3, 2], "14": [[-16141.741745787996, -6815.327752000332, 1571.2775718588875], [-15020.795013163055, -6371.114526256134, 1560.0], 15, 3, 2], "15": [[-13499.826533403688, -9077.275935283486, 1560.0000082029708], [-12432.16273992629, -8324.27142915465, 1560.0], 6, 3, 2], "16": [[-14437.045264334096, -9244.008559019168, 1560.0001647153206], [-13141.393521110258, -8349.712189028423, 1560.0], 7, 3, 2], "17": [[-15727.153160967518, -9150.724667747785, 1559.9999476558805], [-14097.817829062258, -8158.427373392106, 1560.0], 9, 3, 2], "18": [[-13077.558952139141, -11876.566004063341, 1631.9875983357379], [-11364.024013105613, -10266.776884026762, 1560.0], 11, 3, 2], "19": [[-9058.362030957102, -12393.420462063381, 1534.444614216261], [-8371.115592545453, -10841.083709176562, 1560.0], 16, 3, 2], "2": [[-9872.875536335761, 7272.533265970163, 1359.9649154095496], [-9654.570964297673, 5985.191524202119, 1560.0], 53, 3, 3], "20": [[-8176.28179541838, -14613.092921452608, 1560.0000419295825], [-7272.0396203233995, -12276.763862385988, 1560.0], 7, 3, 2], "21": [[-10854.426844860413, -14828.542301912177, 1703.8114977196394], [-9121.797000460656, -12110.330361773575, 1610.0], 11, 2, 2], "22": [[-10395.381024041468, -17654.233037059235, 1619.999951762399], [-8246.324907316435, -13048.310470323346, 1620.0], 0, 1, 1], "23": [[7581.849709599042, -18442.43743627223, 1460.9653164739466], [5411.200539287723, -15255.453268451456, 1560.0], 13, 3, 3], "24": [[8087.529622947274, -17411.85711124337, 1426.6425175450859], [5770.442907453985, -14679.581075590166, 1560.0], 18, 3, 3], "25": [[7985.9712003580835, -16015.563523231789, 1365.079669947685], [5876.114619432645, -13744.138712460071, 1560.0], 4, 3, 3], "26": [[8918.675361610962, -15754.172398616136, 1413.8515286957734], [6020.817691775905, -13487.687439327641, 1560.0], 15, 3, 3], "27": [[12148.140088612477, -12714.11241423185, 1559.9999263440327], [10610.532489559344, -11674.276075022399, 1560.0], 15, 3, 3], "28": [[13212.555928932532, -10406.781001748463, 1278.7881795020473], [10608.270981097125, -9616.172090335725, 1560.0], 18, 3, 3], "29": [[13408.732948698149, -12095.392005391066, 1479.1837999348948], [12671.013855701029, -11281.254614497513, 1560.0], 29, 3, 3], "3": [[-10876.324142713462, 6171.80712699392, 1381.360064466261], [-10617.66426907008, 5104.890613298812, 1560.0], 100, 3, 3], "30": [[14793.21509044119, -12054.271463101542, 1598.3331767063414], [12671.013855701029, -11281.254614497513, 1560.0], 40, 3, 3], "31": [[15984.876176209234, -9198.322157307282, 1393.7712575791768], [13580.468360584677, -8576.022978481162, 1560.0], 90, 3, 3], "32": [[16803.56960698624, -10260.108034946732, 1560.0000082293882], [16983.468528118305, -10067.559894506248, 1560.0], 56, 3, 3], "33": [[17077.789585577135, -6987.605709501477, 1559.99986224873], [15835.968698853238, -6931.745417412345, 1560.0], 23, 3, 3], "34": [[12818.172357856232, -6806.4030296049905, 1362.3198452023737], [11543.492508142392, -6563.982289764092, 1560.0], 6, 3, 3], "35": [[13004.23201779137, -2782.068626991178, 1559.9740689106009], [12480.866222285915, -3120.339894868358, 1560.0], 90, 3, 3], "36": [[12528.529032060007, 1026.5316103163027, 1560.0001051247407], [12878.934166810071, 883.9607744498269, 1560.0], 13, 3, 3], "37": [[12333.489959105358, 1805.8612401793694, 1559.998996119185], [12585.585489572255, 1661.5479713698921, 1560.0], 14, 3, 3], "38": [[13459.015550313985, 1404.0892560484062, 1573.3332220446443], [13617.288463836067, 1298.7307664508985, 1560.0], 17, 3, 3], "39": [[7981.1133278470215, 10425.194347877125, 1397.8783165793945], [5944.592220455555, 8920.510390137852, 1560.0], 4, 3, 3], "4": [[-11240.297464672312, 7087.6143835593975, 1310.967721903884], [-10941.560782871726, 5620.060838738282, 1560.0], 73, 3, 3], "40": [[8156.715236347116, 11223.55399250479, 1475.4512066991688], [6097.266035191043, 9612.128434130547, 1560.0], 7, 3, 3], "41": [[9984.29461081752, 8458.346137381832, 1561.346450258255], [7964.948157147238, 7492.495348102472, 1560.0], 118, 3, 3], "42": [[14464.786349454414, -18062.188846578087, 1707.4504915206319], [12250.863672334339, -15673.907165076396, 1560.0], 5, 3, 3], "43": [[18804.58761624618, -13922.46562824295, 1537.5601884083635], [17394.002437390147, -12955.620921318683, 1560.0], 24, 3, 3], "44": [[-8182.1849198095415, 18942.250023767723, 1750.0002671164507], [-8040.351863850849, 18704.493834673864, 1750.0], 0, 1, 1], "45": [[24653.882893356156, -11792.01321209169, 1749.9999366136726], [22660.86276191793, -9543.573860264343, 1750.0], 0, 1, 1], "46": [[21440.036069322316, -17181.124850975688, 1919.4741066323], [20731.8435627681, -13323.756787295535, 1560.0], 10, 2, 2], "48": [[-10279.556184566045, -16499.720870125195, 1559.9998481885395], [-5314.530013279488, -11837.030840888403, 1560.0], 0, 1, 1], "49": [[-12855.291727950858, -17267.96259869429, 1620.0000197352465], [-6244.567994424375, -11058.081390355388, 1620.0], 0, 1, 1], "5": [[-13032.443159260985, 5320.1671408666725, 1251.5150210573865], [-12610.858758545408, 4211.846346850726, 1560.0], 69, 2, 2], "50": [[-10147.69609988746, -19736.72248832284, 1590.0000938801782], [-4588.632255334067, -13583.359145521996, 1590.0], 0, 1, 1], "51": [[7287.966727485436, 14369.437914408101, 1748.7693704066824], [5822.277880091874, 12176.111682079534, 1770.0], 34, 3, 3], "52": [[6549.782250236492, 15642.97342533325, 1740.4287676312204], [4515.854955867832, 12592.638158367701, 1860.0], 38, 3, 3], "53": [[7451.366919572608, 16653.24933816554, 1739.005870395203], [5107.0491205723265, 13118.12452740559, 1910.0], 26, 3, 2], "54": [[7620.715082726991, 16929.936090254287, 1731.0309981163282], [5558.228230620049, 13432.417775826973, 1900.0], 41, 3, 2], "55": [[6770.758555740326, 17566.951890864613, 1738.379362282852], [4388.008897223602, 13521.66596891152, 1940.0], 25, 3, 2], "56": [[7483.249887105579, 21137.380075253128, 1560.000004799309], [4858.515457611776, 15635.846114833941, 1560.0], 0, 1, 1], "57": [[7203.282314810707, 21187.304410286284, 1559.999986973066], [4534.764724616445, 15588.864518872828, 1560.0], 0, 1, 1], "58": [[6795.7974128858805, 21466.08629755991, 1559.9999954738687], [4245.210220897906, 15700.7505444906, 1560.0], 0, 1, 1], "59": [[5950.652651317034, 21766.96271990384, 1559.9998157506363], [3337.8167775469774, 15555.930652451982, 1560.0], 0, 1, 1], "6": [[-12574.111694418765, 4455.472894366486, 1283.4862787112788], [-12335.860432546953, 3630.55078369092, 1560.0], 64, 3, 3], "60": [[7258.730849723158, -23188.558168178493, 1560.0001643249286], [4924.680998057168, -17774.287057973168, 1560.0], 12, 2, 2], "7": [[-13624.978619209734, -1079.423534419646, 1536.701608733357], [-13474.175723075796, -1104.782685383384, 1560.0], 17, 3, 2], "8": [[-11561.686395776072, -6971.971833615113, 1559.999848521237], [-11193.921688123728, -6698.438590626248, 1560.0], 13, 3, 2], "9": [[-12498.470952536414, -6957.390895773035, 1560.00063837624], [-11970.739010433472, -6676.340193052156, 1560.0], 9, 3, 2]}