{"0": [[-8047.062413462145, -18913.069873676908, 1560.000602772956], [-6897.49108716463, -13999.884090639107, 1560.0], 0, 1, 1], "1": [[-9286.78498118638, -16706.526982020852, 1560.0001376922924], [-7910.9082027696695, -13054.623306943617, 1560.0], 5, 2, 2], "10": [[-13925.113921986365, 5598.434304912946, 1364.8802463831107], [-13051.650888431011, 4466.4881023298885, 1560.0], 52, 2, 2], "11": [[-8516.022932938262, 8419.35821449529, 1344.3287995737655], [-8595.471124867967, 6788.566301108139, 1560.0], 40, 3, 3], "12": [[-6767.798284792666, 12100.514430493642, 1460.5236084809128], [-6710.979582335313, 9304.31414021151, 1560.0], 38, 3, 3], "13": [[-8265.932435652054, 11533.895081668123, 1336.2912647707128], [-8106.465425598251, 8634.933006520956, 1560.0], 28, 3, 3], "14": [[7714.362501019793, 15201.290444589631, 1450.6846011698885], [5218.569404937391, 12200.256544759068, 1560.0], 17, 3, 3], "15": [[6551.498441349122, 13351.141202645356, 1432.474338726025], [4308.892017330203, 10950.41793275771, 1560.0], 15, 3, 3], "16": [[7055.219481760697, 13388.907472426987, 1391.9486573505465], [4997.006044892375, 11089.314458226547, 1560.0], 6, 3, 3], "17": [[8035.780563483823, 12522.518248887844, 1630.0001165229255], [6438.099739677955, 10724.742912929887, 1630.0], 18, 3, 3], "18": [[7727.997359819573, 11257.870709572595, 1534.7010112855826], [6118.846000260941, 9710.90580873271, 1560.0], 8, 3, 3], "19": [[8545.564382300217, 10953.232873370229, 1554.6561617205261], [7233.734885092329, 9571.985814896789, 1560.0], 19, 3, 3], "2": [[-9874.91448193748, -16253.92391197044, 1560.0001747002957], [-8299.250798598212, -12832.798689406276, 1560.0], 10, 2, 2], "20": [[9541.634447559123, 10388.90897365108, 1499.8876171825584], [7069.206142825073, 8851.791783750185, 1560.0], 45, 3, 2], "21": [[6596.587959499955, 8811.367110405115, 1391.7626343750283], [4583.333183166473, 7557.5257906798115, 1560.0], 15, 3, 3], "22": [[10704.636026525202, 9272.204940347816, 1559.9996727133514], [10543.487636755726, 8780.757075082476, 1560.0], 50, 2, 2], "23": [[11071.001960481159, 9327.813496506273, 1559.9999684911097], [9968.401101437457, 8394.728031667775, 1560.0], 9, 3, 3], "24": [[11252.050849929203, 8387.92160199329, 1839.999613949065], [9933.238276280532, 7598.844409712902, 1840.0], 2, 2, 2], "25": [[12637.155041315702, 8439.308535635366, 1619.9999522288902], [11493.667479502037, 7750.874904155011, 1620.0], 1, 2, 2], "26": [[11132.60309803373, 8355.973710617305, 1581.0272083649502], [10244.23308153415, 7633.250780111848, 1560.0], 33, 3, 3], "27": [[10274.32188051771, 7880.944182970362, 1411.311915879724], [9152.39679807276, 7020.488010885895, 1560.0], 22, 3, 3], "28": [[8941.222422128141, -24378.549895321186, 1619.9995219434827], [5004.1852086296585, -17804.08857123479, 1620.0], 20, 2, 2], "29": [[11054.87234906993, -25643.717832520335, 1560.000142477748], [6673.923236769048, -18589.189794133206, 1560.0], 1, 2, 2], "3": [[-6714.16969452975, -14667.246545875634, 1368.9223483029882], [-7146.247450337911, -12247.674910216383, 1560.0], 37, 3, 2], "30": [[12355.807069382667, -26174.018216011988, 1559.9998142284924], [7503.285388652535, -18872.88726010482, 1560.0], 0, 2, 2], "31": [[10241.444780233074, -25092.554652233175, 1559.9997093949244], [5966.306549195516, -18235.566045829415, 1560.0], 12, 2, 2], "32": [[9167.181837548573, -23921.227406028676, 1559.9998033843153], [5738.556726275084, -17935.835782886457, 1560.0], 4, 2, 2], "33": [[10808.747299430881, -24176.953033950198, 1560.000095798828], [7055.932892798308, -18192.5867958791, 1560.0], 11, 2, 2], "34": [[9786.72488687682, -22748.87537032185, 1584.1969451077618], [6894.916992209121, -17781.083155316184, 1560.0], 26, 3, 3], "35": [[10768.361802251751, -21258.8918253154, 1560.0000336175654], [7623.5506559214455, -16916.797361068744, 1560.0], 3, 3, 3], "36": [[11831.002362892152, -20952.343854392875, 1565.5787241772766], [9148.467547269998, -17118.039148566306, 1560.0], 4, 3, 3], "37": [[12228.367823282808, -20234.261735973192, 1426.998274919094], [8620.698989242701, -16351.391891993519, 1560.0], 8, 3, 3], "38": [[8209.035985571965, -18667.339209930986, 1432.9630367938883], [5764.753953962763, -15402.244857794603, 1560.0], 11, 3, 3], "39": [[12561.672541812362, -18356.69647468244, 1564.1192687208495], [10304.413383764359, -15688.519780437086, 1560.0], 24, 3, 3], "4": [[-11690.40059982527, -12262.995508654118, 1560.0004009101385], [-10410.540492296224, -10539.491323641389, 1560.0], 1, 3, 2], "40": [[16605.44092986509, -17282.35362503589, 2252.1625549648684], [17905.096464489998, -16464.8356165754, 1560.0], 31, 3, 3], "41": [[22401.92578109147, -23257.236925642184, 1749.999712244831], [13282.795796486818, -10847.230608772934, 1750.0], 0, 1, 1], "42": [[21623.40251863071, -20241.13287730537, 1560.000332298044], [17424.985917300906, -16953.358255767707, 1560.0], 5, 2, 2], "43": [[9882.779972585637, -13539.434420707563, 1427.4083528948513], [7733.7116749913375, -12071.662123641652, 1560.0], 8, 2, 2], "44": [[14400.597683442336, -12526.734290520066, 1559.9999033315953], [12506.13885320096, -11550.573013237521, 1560.0], 10, 3, 3], "45": [[16932.229978202984, -11504.594707284117, 1504.6080223320828], [15055.62220898766, -10729.848712437808, 1560.0], 17, 3, 3], "46": [[15356.817074370869, -11977.538973591614, 1560.0000806636683], [13948.748263835065, -11364.68323649379, 1560.0], 18, 3, 3], "47": [[12513.492785595412, -11126.835060062334, 1558.798759817578], [11302.20675019742, -10462.45624297403, 1560.0], 21, 3, 3], "48": [[13076.769857712132, -10879.576051813556, 1556.581685260087], [11990.479303736993, -10305.743542094477, 1560.0], 19, 3, 3], "49": [[12112.359826098, -10758.471573230976, 1368.19317615558], [10373.77028043881, -10062.450731272886, 1560.0], 8, 3, 3], "5": [[-13658.907171853987, -7943.549762327169, 1633.3472191074263], [-12704.943400196475, -7497.357803162825, 1570.0], 10, 3, 2], "50": [[13670.56032091642, -10164.377668454312, 1419.2953822656198], [11805.118931159368, -9546.413263312148, 1560.0], 34, 3, 3], "51": [[16664.1581788847, -9962.390697426845, 1521.637805264261], [15094.635911452131, -9499.790031684885, 1560.0], 22, 3, 3], "52": [[22317.220654814988, -11727.675561765802, 1560.0001641745393], [20931.925246160004, -10117.905642975818, 1560.0], 31, 2, 2], "53": [[21293.49180545038, -10500.800369059052, 1780.5436913963754], [20685.827492238255, -8585.096372297947, 1560.0], 65, 2, 2], "54": [[18623.90905844637, -10592.050489035199, 1689.999918865564], [17719.594901739758, -10077.579134174975, 1690.0], 5, 2, 2], "55": [[21172.699740233653, -9939.392012832004, 1560.0000457192439], [20331.611155957835, -8642.084034923642, 1560.0], 1, 2, 2], "56": [[21189.25986893727, -9016.830937606122, 1560.000015606424], [20160.338822646117, -8226.28211028139, 1560.0], 11, 2, 2], "57": [[13643.187175303938, -8544.663824486157, 1560.0001191294718], [13043.628651467248, -8382.101161419958, 1560.0], 17, 3, 3], "58": [[12755.512868586855, -8327.42481773667, 1318.4977197236908], [11417.001417689075, -8024.091385039347, 1560.0], 30, 3, 3], "59": [[14948.51443902155, -8008.56458182179, 1387.1428355797811], [14024.27909612873, -7750.319568257704, 1560.0], 20, 3, 3], "6": [[-14876.647600518047, -6299.321648157573, 1559.9996709920895], [-14155.282040183354, -5997.705035788366, 1560.0], 4, 3, 2], "60": [[-11544.149717247481, -15483.094639950083, 1560.0000314319236], [-5969.455257090225, -11218.938371110686, 1560.0], 0, 1, 1], "62": [[-9141.655960848097, -19893.851042909726, 1570.0003554843659], [-4121.7730080614565, -14052.796362141817, 1570.0], 0, 1, 1], "63": [[-10084.492835591709, -19120.49770220797, 1559.999898119558], [-4340.918117119164, -13820.001064406579, 1560.0], 0, 1, 1], "64": [[-8714.498009201114, -20264.95425731711, 1560.000084171321], [-3575.271303002101, -14888.660702366791, 1560.0], 0, 1, 1], "65": [[-8011.001365092925, -21390.046117792783, 1560.000151463523], [-3138.229125660459, -15286.777382455968, 1560.0], 0, 1, 1],