{"0": [[-8021.637734744882, -19152.99592705823, 1560.0000028736983], [-6900.605942308697, -14022.186572141987, 1560.0], 0, 1, 1], "1": [[-7955.603706230259, -16260.093280310213, 1559.9999058469], [-7116.367249658527, -13882.676549795016, 1560.0], 0, 1, 1], "10": [[-14196.35455724211, -6398.270797249598, 1502.7130228628175], [-13657.013061440015, -6100.496992353567, 1560.0], 16, 3, 2], "11": [[-15351.824140596751, -6465.447882905792, 1560.0001210828068], [-14472.844559528421, -6134.722711184171, 1560.0], 11, 3, 2], "12": [[-15726.850226363073, -7559.749133283088, 1654.0181670713964], [-14429.543282031042, -7074.569026998413, 1560.0], 18, 3, 2], "13": [[-13563.04973732607, 5895.347846428867, 1253.100540000752], [-12823.662262139245, 4638.069730730772, 1560.0], 38, 2, 2], "14": [[-12455.271171670753, 7464.093891978585, 1415.2164421695954], [-11499.18584683875, 5975.523234115684, 1560.0], 36, 2, 2], "15": [[-11827.848131329481, 6898.957673329517, 1453.7124214202536], [-11137.392729761397, 5642.197315189476, 1560.0], 80, 3, 3], "16": [[-10954.53700543025, 6971.352509898863, 1497.9350007654016], [-10482.902147400164, 5781.38674930227, 1560.0], 63, 3, 3], "17": [[12781.460156768007, 7339.375347552386, 873.2128210820662], [13240.136154760541, 7200.494369559414, 1560.0], 58, 3, 2], "18": [[12052.971279724967, -21373.840172519744, 1599.2498243676046], [9488.732846777057, -17418.69508086484, 1560.0], 13, 3, 3], "19": [[10103.945856603232, -16988.33466508436, 1541.2440410832958], [7785.827791399928, -14515.046727305576, 1560.0], 7, 3, 2], "2": [[-9379.594765936161, -16714.330762302263, 1559.9999461373038], [-8020.352563987722, -13179.604551967273, 1560.0], 0, 1, 1], "20": [[15256.849217201128, -17380.997036844125, 1610.7036173346494], [12661.768583976687, -15156.504678384013, 1560.0], 9, 2, 2], "21": [[12376.90628327742, -17748.396764690562, 1477.3867423191493], [9571.013531188446, -15077.929874486119, 1560.0], 26, 3, 3], "22": [[17155.55926775952, -14480.439236910483, 1606.5158626145205], [15552.922408231274, -13268.614905205692, 1560.0], 10, 2, 2], "23": [[17189.206211546854, -14429.327680676764, 1259.6239545005997], [13242.813256888354, -12452.958116395466, 1560.0], 10, 2, 2], "24": [[23265.8762915085, -14362.558795523539, 1750.0002163409843], [21536.321688719134, -11748.627840681882, 1750.0], 0, 1, 1], "25": [[21864.80905281593, -12292.094903789224, 1749.999810104781], [20687.29224351667, -10485.630482640247, 1750.0], 0, 1, 1], "26": [[19485.756201501878, -11037.105104112068, 1560.0001931770435], [17627.27601026448, -10303.816242680123, 1560.0], 0, 2, 2], "27": [[14064.718287631726, -9756.30078049555, 1499.3623460791293], [13250.415126990692, -9176.5695748005, 1560.0], 21, 2, 2], "28": [[10965.358343078662, -12614.231844915037, 1560.0000368351361], [11502.521107130577, -10101.095634168734, 1560.0], 0, 2, 1], "29": [[10028.878686660733, -13155.446455515483, 1352.371922929779], [6766.631042181932, -11438.064133354537, 1810.0], 9, 3, 2], "3": [[-8129.2801346608, -15956.011390433754, 1234.4095806773762], [-7584.667228297866, -12995.86260104187, 1560.0], 27, 3, 2], "30": [[16076.250464230316, -8781.953617397137, 1462.7535883811458], [15054.16817814116, -8351.227767370192, 1560.0], 22, 2, 2], "31": [[8560.837860034835, -22528.730609274426, 1640.899124764575], [6404.892229507298, -17747.902317903117, 1560.0], 17, 3, 2], "32": [[-11171.7655582873, -18599.47962333334, 1810.0002046756256], [-5178.381435973757, -12480.771836755162, 1810.0], 0, 1, 1], "33": [[-10578.559446948946, -19257.721264196298, 1679.9998012029903], [-4924.848876136007, -12841.419212134124, 1680.0], 0, 1, 1], "35": [[-8222.730702339786, -20927.258765437775, 1739.9999001719493], [-3620.5775473108847, -14759.933592910997, 1740.0], 0, 1, 1], "36": [[-19180.350603281597, 10242.210221797923, 1750.0000704578179], [-12875.834030064156, 9227.352743705249, 1750.0], 0, 1, 1], "37": [[-16520.70797877484, 5723.3362794697505, 1750.0000091357435], [-11142.63812294241, 5544.203436516279, 1750.0], 0, 1, 1], "38": [[-17786.589225190655, 7139.748595998501, 1750.0000340959493], [-11845.194357843136, 6654.795412730614, 1750.0], 0, 1, 1], "39": [[-8415.35936702494, 14565.646928944036, 1559.9999977422528], [-6359.72842684897, 13265.50593279816, 1560.0], 16, 2, 2], "4": [[-12382.05822423571, -13088.834711789834, 1592.610103544159], [-10599.72329744864, -11019.949452236768, 1560.0], 39, 2, 2], "40": [[-9548.663930854449, 16185.414000028532, 1560.0000081774713], [-7647.634532030639, 15838.893359693428, 1560.0], 3, 2, 2], "41": [[12953.171611082465, -11957.014156416062, 1178.5697112401658], [9052.961364093173, -10531.859083778545, 1560.0], 19, 2, 2], "42": [[13803.30798205542, -17153.753897616545, 1558.7473411409467], [10542.401100196892, -14540.384400511462, 1560.0], 10, 2, 2], "48": [[-9930.61864706295, 17069.372000445102, 1750.000005457283], [-9569.828496925446, 16837.842435959683, 1750.0], 0, 1, 1], "49": [[-9257.966398437136, 17417.529241925888, 1749.9999500254733], [-8998.066078439302, 17193.67251627216, 1750.0], 0, 1, 1], "5": [[-12068.823075942924, -12565.645206866006, 1560.0000183960017], [-10621.074209141101, -10671.73824942783, 1560.0], 4, 3, 2], "50": [[-9614.288402241142, 18514.202410807964, 1750.0000801974816], [-9276.529660549219, 18143.813254913974, 1750.0], 0, 1, 1], "51": [[-9076.604945087325, 18725.14822829808, 1750.0003031939375], [-8806.392076667189, 18393.152145263753, 1750.0], 0, 1, 1], "52": [[-8176.455726388662, 18469.47074649571, 1749.9998532342959], [-8023.590711009151, 18270.90754393378, 1750.0], 0, 1, 1], "53": [[-8205.323469710242, 19182.470479157848, 1749.9998834233322], [-8032.000745221368, 18909.781431073556, 1750.0], 0, 1, 1], "54": [[-8544.157168849964, 19350.208427271613, 1750.0000562932232], [-8344.423903029357, 19037.04742131537, 1750.0], 0, 1, 1], "55": [[-9753.209200614308, 19302.26728961993, 1750.0004110335005], [-9346.43694198306, 18809.648457984087, 1750.0], 0, 1, 1], "56": [[-8945.755824503158, 20109.974790744258, 1749.999615388464], [-8654.280232866719, 19642.1079441223, 1750.0], 0, 1, 1], "57": [[-8094.17315609447, 20393.987321402616, 1749.99992416507], [-7897.2337056745555, 19999.870837223523, 1750.0], 0, 1, 1], "58": [[-9594.931293710188, 21702.605199938505, 1750.000097410338], [-9052.431583979336, 20830.766187649784, 1750.0], 0, 1, 1], "59": [[-9070.897546728846, 21306.509953077548, 1749.9999883483915], [-8673.41998936993, 20608.04070286099, 1750.0], 0, 1, 1], "6": [[-12467.768163214801, -11075.66978729292, 1764.5138528426517], [-10876.580313581058, -9975.577363720282, 1570.0], 31, 3, 2], "60": [[-8475.944457759277, 21464.80195465476, 1749.9999213418246], [-8166.80693716612, 20837.006052943, 1750.0], 0, 1, 1], "61": [[-9293.755007542017, 22656.54485852196, 1749.9999998370354], [-8735.043299014598, 21580.769372468803, 1750.0], 0, 1, 1], "63": [[8065.9414051012545, 14218.176930977304, 1621.6451162001892], [7391.521209609011, 12505.319444935127, 1580.0], 15, 2, 2], "64": [[6790.022650827473, 13672.656827410607, 1750.000087671134], [4762.2040885083625, 13588.059382943688, 1750.0], 0, 1, 1], "65": [[9133.905014301545, 11042.797903072154, 1749.999869340434], [6192.6331635660335, 11546.885727575993, 1750.0], 0, 1, 1], "7": [[-10810.573203438156, -11306.595398982756, 1481.2279701935313], [-10019.787164237323, -9980.776883355014, 1560.0], 11, 3, 2], "8": [[-12353.710891750803, -6584.973860158376, 1436.3907707944036], [-12094.515925391319, -6297.658729858869, 1560.0], 11, 3, 2], "9": [[-13598.555833315262, -6301.5289861751935, 1559.99922876353], [-13100.361460179627, -6059.375715301946, 1560.0], 11, 3, 2]}