{"0": [[-13786.74486388607, -5992.635470492136, 1385.5115513109063], [-13517.696256509926, -5707.43372255351, 1560.0], 10, 3, 2], "1": [[-13126.264088324997, -6038.5754537457615, 1516.7032915917155], [-12763.696505792997, -5820.064707226346, 1560.0], 12, 3, 2], "10": [[9372.23324276747, -17399.067147044687, 1423.515769799669], [7174.063880179823, -14686.904836469394, 1560.0], 37, 3, 3], "11": [[8634.544884205194, -15480.587540677427, 1394.1300292993474], [6900.1064505101685, -13556.966512179066, 1560.0], 9, 3, 3], "12": [[10099.872894534241, -14844.608240864123, 1485.1207770776443], [8170.28377736606, -13064.336186247245, 1560.0], 11, 3, 2], "13": [[12769.016805874688, -16675.011982692835, 1559.9998681544712], [10110.712896206285, -14306.473033908731, 1560.0], 5, 3, 2], "14": [[10072.947755414896, -13112.311211524291, 1463.0094325379528], [9787.402457802995, -12116.430450705473, 1560.0], 117, 2, 2], "15": [[11265.61997568802, -13717.67839585779, 1559.9994518628732], [9601.342189542807, -12432.777387296428, 1560.0], 1, 3, 2], "16": [[12394.816712987986, -12557.032374030528, 1476.6734381486376], [10757.476620802001, -11421.516570720705, 1560.0], 42, 3, 3], "17": [[15301.13474895491, -11692.310449205519, 1248.727924954895], [12947.560554941478, -10823.29700876394, 1560.0], 37, 3, 3], "18": [[15543.20689570572, -18984.981680387176, 1559.9999184659707], [12609.166004911838, -16078.76182606024, 1560.0], 0, 3, 3], "19": [[17075.461927270288, -18238.56514387313, 1562.3508519829259], [14306.439565275701, -15802.931003489823, 1560.0], 7, 3, 3], "2": [[-12029.59094221484, -6956.014609265098, 1606.954755532281], [-11418.923021121049, -6765.307741488691, 1560.0], 15, 3, 2], "20": [[16854.35430902056, -17670.162488231017, 2253.3549479412736], [18454.942701033062, -16862.432344640565, 1560.0], 30, 3, 3], "21": [[19700.15886161891, -16654.926708868486, 2143.091243320836], [20517.028609727575, -15780.281730556764, 1560.0], 7, 3, 3], "22": [[12747.935788580902, -20441.75821709289, 1663.157843606082], [10944.783282132392, -17212.670678748134, 1560.0], 26, 3, 3], "23": [[15506.256304285569, 6906.629170184393, 1559.9994899553358], [16186.18679558215, 6927.230976434806, 1560.0], 100, 2, 2], "24": [[15521.21710729868, 7301.922667827909, 1560.0000793500928], [16316.620027234118, 7331.452649332092, 1560.0], 103, 2, 2], "25": [[14725.976110286649, 7152.197064079767, 1559.9989998164046], [14948.852121810472, 7016.112173595454, 1560.0], 90, 2, 2], "26": [[10372.345725269526, 6998.5482967371345, 1559.999862876249], [10517.747813782029, 6853.393821740546, 1560.0], 44, 2, 2], "27": [[12045.819062914983, 7733.2005467486215, 1559.9998922183797], [12234.342742186665, 7515.416740204606, 1560.0], 63, 2, 2], "28": [[11119.666213972581, 7691.764595639591, 1559.9996667653816], [11180.5119584099, 7458.775745784222, 1560.0], 57, 2, 2], "29": [[12500.103390993207, 8843.189884316045, 1559.9998569011195], [12505.70800882392, 8488.271962886398, 1560.0], 73, 2, 2], "3": [[-11894.337256119643, -10517.440353563847, 1582.25176233885], [-10814.826292674163, -9501.496032589559, 1570.0], 14, 3, 2], "30": [[10490.065762134518, 9440.569992024659, 1560.0000395939132], [10083.616106989191, 8848.103925311445, 1560.0], 52, 2, 2], "31": [[10007.400877658612, 9385.62818296235, 2099.6102802375394], [9635.167189968553, 8913.301856433733, 1560.0], 127, 3, 2], "32": [[9362.345203529216, 10984.243736173768, 1494.950388508545], [7623.194382036513, 9522.521509394324, 1560.0], 9, 3, 3], "33": [[6638.398089826797, 11130.87655975136, 1464.8012840469848], [5018.078494376372, 9551.920285431326, 1560.0], 5, 3, 3], "34": [[7870.349963964361, 11893.55335032024, 1462.600153958443], [5806.049854115443, 9949.067725074825, 1560.0], 32, 3, 3], "35": [[6295.155470771613, 11793.517622309031, 1222.7854899228907], [3383.7930486165087, 9486.272693937055, 1560.0], 18, 3, 3], "36": [[5701.232583668593, 12459.101336776353, 1404.22321058227], [3886.852384760759, 10435.089393999506, 1560.0], 7, 3, 3], "37": [[-8059.770022769435, 12252.826976343453, 1339.977978054473], [-7690.578648256133, 9185.370099244381, 1560.0], 17, 3, 3], "38": [[-8621.819253235204, 13260.108247313561, 1463.2265766341704], [-7739.313092169332, 9783.394999153874, 1560.0], 17, 3, 3], "39": [[-9551.227957169653, 11946.119412756681, 1347.3898774603238], [-8768.449425401332, 8836.794628969283, 1560.0], 19, 3, 3], "4": [[-16385.35699182124, -8154.732015664067, 1733.849489217013], [-14674.004922110324, -7513.813150191432, 1560.0], 55, 3, 2], "40": [[-8518.170758210654, 8558.969704225947, 1445.0018909005598], [-8356.252320744003, 7010.338558104261, 1560.0], 46, 3, 3], "41": [[-9948.919989690123, 7352.156549541637, 1462.755721692251], [-9444.77455363798, 6183.362898164032, 1560.0], 22, 3, 3], "42": [[-10607.953344920308, 8387.495940233297, 1567.4460295858798], [-9603.530342809865, 7019.824158219945, 1560.0], 11, 3, 3], "43": [[-10950.591431234601, 6007.786688783666, 1471.7385417384914], [-10542.440096198812, 5107.01563678253, 1560.0], 72, 3, 3], "44": [[-12309.126943903937, 4822.454508231779, 1384.3495096272895], [-11898.723315994914, 4061.9991624165064, 1560.0], 16, 3, 3], "45": [[-11857.072253720662, 6514.061361385643, 1343.2359743349], [-11417.197122762584, 5234.211085613894, 1560.0], 100, 3, 3], "46": [[-12764.37371414069, 5876.307363851452, 1538.3303209508497], [-11904.25427182789, 4946.61706492585, 1560.0], 23, 2, 2], "47": [[-13688.48988550464, 5585.1265451811905, 1287.768539692462], [-12972.709133151282, 4397.875466678217, 1560.0], 42, 2, 2], "48": [[-13676.01806160562, 6437.18945099591, 1276.2451319240572], [-12793.627837254906, 4977.5009344125, 1560.0], 38, 2, 2], "49": [[10233.66927241841, -26621.111682583676, 1559.999735112636], [5539.137053435282, -18679.176308358226, 1560.0], 7, 2, 2], "5": [[-16498.673447232202, -8808.86465998729, 1560.000115847135], [-14738.772138816612, -7813.026172856451, 1560.0], 0, 3, 2], "50": [[7010.049246120401, -26542.372117556228, 1559.9996971309677], [3446.8794666869658, -18428.041658744507, 1560.0], 18, 2, 2], "51": [[10260.198213740228, -30664.68451542855, 1750.0002652436717], [7002.46690054485, -21379.149200514243, 1750.0], 0, 1, 1], "52": [[10954.440679032841, -31055.00619775648, 1749.999670740501], [7455.105213578954, -21417.449563785205, 1750.0], 0, 1, 1], "53": [[15095.29359749597, 1314.773303796908, 1680.0002324934314], [15513.874975084836, 1338.408295526989, 1680.0], 11, 2, 2], "55": [[-8832.541830472332, 22548.88653183637, 1749.9998022466173], [-8382.47267854055, 21597.791116452117, 1750.0], 0, 1, 1], "56": [[-7915.13263209571, 20996.550756370343, 1749.999791926371], [-7724.957442680398, 20546.111664872016, 1750.0], 0, 1, 1], "57": [[-8741.73073755305, 20707.59181970157, 1750.000267683944], [-8451.463261238334, 20178.848507265022, 1750.0], 0, 1, 1], "58": [[-9797.748110842718, 17283.77145656378, 1749.9997897207847], [-9446.620381724919, 17044.506894096907, 1750.0], 0, 1, 1], "59": [[-9480.497403044612, 16876.04376837249, 1749.9996340542782], [-9235.346420209624, 16638.687503228368, 1750.0], 0, 1, 1], "6": [[-612.5487254507034, -15217.396323065845, 1826.2959427502726], [-789.0577165692326, -13444.059933168957, 1560.0], 109, 3, 3], "60": [[7473.104841996889, 16142.32306184328, 1754.0271800903274], [5691.323366323024, 13101.907201825647, 1850.0], 20, 3, 2], "61": [[6347.630839674219, 18428.514855409892, 1727.656299866255], [4118.411946165126, 14052.461612178084, 1950.0], 40, 3, 2], "62": [[5889.837539477654, 18535.649929219988, 1729.1861570718959], [3461.103099532668, 13902.413631770512, 1950.0], 23, 3, 2], "63": [[7307.345477924582, 18386.77345181756, 1709.2020972655087], [5143.213361707559, 14159.005561166015, 1950.0], 78, 3, 2], "64": [[6123.2345327566145, 21754.77561821937, 1559.9999319648484], [3646.2297770689993, 15680.215774167433, 1560.0], 0, 1, 1], "65": [[6536.460396356474, 21561.491605408835, 1559.99986679033], [3935.7735523536076, 15652.058499909066, 1560.0], 0, 1, 1],