{"0": [[-8256.49659590135, 12389.727826936596, 1410.6507177149551], [-7878.49474026222, 9208.882878905733, 1560.0], 63, 3, 3], "1": [[-9498.273080679948, 11368.950155675797, 1560.0000830791755], [-8417.20874268711, 8872.39562786925, 1560.0], 24, 3, 3], "10": [[-11374.743038430292, 6372.336041180806, 1453.8780166839827], [-10868.075554769617, 5302.797410146329, 1560.0], 91, 3, 3], "11": [[-11155.709989364766, 5954.961591693733, 1294.0301611197913], [-11027.928093275304, 4846.495099976124, 1560.0], 62, 3, 3], "12": [[-11936.968003453967, 5693.986652954467, 1356.560799842617], [-11592.352681343315, 4682.873798288858, 1560.0], 55, 3, 3], "13": [[-12389.964499442787, 5382.954843137681, 1294.4112019541737], [-12085.476080634324, 4341.978698114513, 1560.0], 87, 3, 3], "14": [[-12158.87384938455, 7162.818591793685, 1512.1723407241443], [-11282.82368677007, 5856.008130962138, 1560.0], 59, 3, 3], "15": [[-12924.762663651181, 6634.092806115332, 1559.999725166193], [-11840.724618943694, 5502.243382057231, 1560.0], 19, 2, 2], "16": [[-12818.887355662664, 7388.498198381902, 1435.4526873345792], [-11746.7458495108, 5905.37678062256, 1560.0], 33, 2, 2], "17": [[-13871.084597093304, 7000.704074972134, 1391.6302354859108], [-12678.317631253403, 5447.44904693763, 1560.0], 71, 2, 2], "18": [[-13615.669358675965, 5996.008112657914, 1324.855750036615], [-12743.837936223861, 4776.916678313122, 1560.0], 22, 2, 2], "19": [[-12852.977837266955, 5490.35144143849, 998.3025185409934], [-12728.562933310981, 4144.736374813607, 1560.0], 63, 2, 2], "2": [[-7301.286347237113, 11514.588965063556, 1269.1442636701822], [-7502.240666017408, 8668.723301985085, 1560.0], 26, 3, 3], "20": [[-12474.34292102882, -1526.1272300197097, 1448.01331740744], [-12534.563354440124, -1568.2640918819595, 1560.0], 8, 3, 2], "21": [[-13424.580093640378, -3131.3973377521656, 1516.1459397325218], [-13295.541029733915, -3118.7572599499163, 1560.0], 8, 3, 2], "22": [[-14631.064290999175, -6038.450613851227, 1560.0000381363939], [-13987.814596728276, -5810.447904859574, 1560.0], 15, 3, 2], "23": [[-13798.80115080346, -6904.274442000764, 1560.0000239845688], [-13146.251614098368, -6585.153779969706, 1560.0], 8, 3, 2], "24": [[-11558.399499226927, -7429.578731768251, 1337.2415569515026], [-11496.444390200033, -6947.206356312064, 1560.0], 10, 3, 2], "25": [[-7829.5591093561015, -15984.512454391686, 1283.8240658483335], [-7262.123825325591, -13166.33062276585, 1560.0], 46, 3, 2], "26": [[-10681.501722062949, -15459.730452506474, 1559.9999872510077], [-9107.035797857534, -12292.967971536737, 1560.0], 4, 2, 2], "27": [[8955.707609591529, -18257.435274651725, 1559.9998895145566], [7160.2819391686835, -15453.77987510099, 1560.0], 8, 3, 3], "28": [[9175.124308072596, -17886.002815982076, 1559.9999541830862], [7283.869083172327, -15272.862729439452, 1560.0], 16, 3, 3], "29": [[9011.632273062336, -17139.546677342092, 1533.318931370586], [6743.186753937498, -14602.303195079587, 1560.0], 4, 3, 3], "3": [[-8227.320340188397, 10122.439700430908, 1210.3018049169864], [-8508.808203112594, 7665.7668647237, 1560.0], 52, 3, 3], "30": [[9719.456437543973, -17135.072856900235, 1521.801065368465], [8116.545323333815, -14797.983877812703, 1560.0], 16, 3, 3], "31": [[10111.060854256903, -17084.62936085319, 1490.0049042909905], [8203.897589334329, -14666.914408113284, 1560.0], 6, 3, 3], "32": [[10145.477986564798, -16775.8516846136, 1498.226678077759], [8291.597622965655, -14534.278082991104, 1560.0], 12, 3, 3], "33": [[8398.326820685299, -15008.220199215511, 1311.2994897000012], [5864.803015322933, -12966.086629587924, 1560.0], 6, 3, 3], "34": [[9314.475026150621, -14530.190963040372, 1482.077482498796], [7332.907363982052, -12799.05302219807, 1560.0], 33, 3, 3], "35": [[11487.176628799867, -15918.125659187404, 1559.9999589069282], [9228.336290715435, -13925.136356958563, 1560.0], 25, 3, 3], "36": [[10584.05276399787, -19117.060521301966, 1509.4482484179248], [7963.965621165046, -15774.010815188492, 1560.0], 11, 3, 3], "37": [[13103.898183396082, -15415.411110577998, 1560.0001743602663], [11572.583650221264, -13951.549931416821, 1560.0], 25, 3, 3], "38": [[15000.740929154532, -13554.738254277228, 1579.3458605610665], [13826.835238380183, -12604.24804627104, 1560.0], 26, 3, 3], "39": [[12545.175296693635, -11542.170121097222, 1560.023274027364], [12169.57878787498, -11062.545937055318, 1560.0], 26, 3, 3], "4": [[-9663.712680327077, 8668.443023335234, 1373.7658815161974], [-9384.541348273371, 6890.169845636675, 1560.0], 61, 3, 3], "40": [[13242.68412198612, -10490.441481684002, 1520.7922026261176], [11703.975166753251, -9732.993901583879, 1560.0], 41, 3, 3], "41": [[13817.31661355878, -11686.303428561274, 1514.784938287625], [13644.036562760339, -10762.009824803425, 1560.0], 103, 3, 3], "42": [[14301.290096015136, -10473.94275475375, 1515.7526673666007], [13563.382085049032, -9775.617867708826, 1560.0], 43, 3, 3], "43": [[15155.935381297055, -10930.496339130199, 1514.741749119036], [13338.299056580252, -10162.996919650937, 1560.0], 8, 3, 3], "44": [[16827.41359300713, -10842.153672541308, 1668.539979850263], [15898.860646513973, -10560.813018474519, 1560.0], 32, 3, 3], "45": [[16928.09066033356, -9612.817122282502, 1397.9713273544164], [14638.11894504428, -9082.472222127177, 1560.0], 18, 3, 3], "46": [[15926.57617308227, -9973.249396210813, 1438.3345303144927], [14460.961573176912, -9388.769729828407, 1560.0], 25, 3, 3], "47": [[12883.830242217402, 1443.506521987969, 1559.9998824115053], [12418.503225762157, 1187.5544296107914, 1560.0], 11, 3, 3], "48": [[13597.076125370331, 1505.5665713050723, 1559.9998476398532], [12965.443602426762, 1122.5673459442485, 1560.0], 51, 3, 3], "49": [[14590.95797952296, 1198.914386573043, 1700.0001825494157], [14674.734564053406, 1140.3969645730792, 1700.0], 2, 2, 2], "5": [[-10025.18623584698, 7186.549477731714, 1384.5145447726416], [-9841.35918855213, 5880.613613304446, 1560.0], 65, 3, 3], "50": [[5709.606850318967, 12373.349562439018, 1365.9968304121164], [4198.960914912718, 10405.661221729022, 1560.0], 12, 3, 3], "51": [[6576.729304392457, 10589.306051192003, 1452.8791546057412], [5293.274962800104, 9218.936523022241, 1560.0], 17, 3, 3], "52": [[7255.094326772751, 9732.980283834177, 1496.632453031992], [6280.532758810852, 8764.954345797381, 1560.0], 13, 3, 3], "53": [[8246.015513995111, 12100.261067528118, 1430.9245278396888], [7054.775458161422, 10532.870852944854, 1560.0], 24, 3, 2], "54": [[10409.63091226698, 8642.149019392988, 1559.999944364709], [9910.344923050998, 8168.405111674422, 1560.0], 16, 3, 3], "55": [[10383.209351209605, 9588.308080482555, 1351.2558282796695], [9551.426755686769, 8577.960423282757, 1560.0], 42, 3, 3], "56": [[10590.26015845517, 8304.74265316639, 1560.0000083223738], [9793.37828090115, 7716.5990715896805, 1560.0], 12, 3, 3], "57": [[11590.437572239403, 7906.243796733003, 1560.000064917204], [10122.523368764118, 7176.518882739647, 1560.0], 5, 2, 2], "58": [[16081.40127202984, 9811.213827899386, 1850.0005232237536], [14648.33703422587, 8922.9052101625, 1850.0], 4, 2, 2], "59": [[12229.285316204463, 7119.189781411886, 1325.2518987564315], [10887.434931674274, 6405.009690504548, 1560.0], 25, 3, 3], "6": [[-10749.552087661174, 10032.319098531561, 1577.7342418392195], [-9545.149942700671, 7949.692436709209, 1560.0], 24, 3, 3], "60": [[14046.231655320165, 6930.0938415757555, 1660.0001837367815], [13092.037551342251, 6455.67353781764, 1660.0], 0, 2, 2], "61": [[13337.672214752796, 9334.315590977052, 1629.9998071839402], [12174.924785376186, 8492.223781836894, 1630.0], 1, 2, 2], "62": [[13366.088154738763, 8930.033920412385, 1559.9999943177559], [11865.190336346535, 8084.8446088850105, 1560.0], 3, 2, 2], "63": [[12800.698012457698, 6839.45918158361, 1659.9998158620922], [11979.072527123026, 6426.061724263727, 1660.0], 0, 2, 2], "64": [[14972.734311442067, 8902.207116600226, 1559.9997829501822], [13495.002921089164, 8075.760458944483, 1560.0], 7, 2, 2],