{"0": [[-8559.554598536313, -17170.44262746304, 1352.5711342648904], [-7805.543660998722, -13044.614965352517, 1560.0], 13, 2, 2], "1": [[-12320.435116173261, -13710.870246970138, 1828.7402088265746], [-10221.437898795017, -11482.332096361148, 1600.0], 12, 2, 2], "10": [[-12477.952099623715, -6444.254184447104, 1320.7777834567669], [-12469.135411495568, -6076.286550698267, 1560.0], 37, 3, 2], "11": [[-13070.307357595684, -6577.387387374226, 1559.99995875086], [-12591.790820859957, -6296.170144443897, 1560.0], 34, 3, 2], "12": [[-14757.527911784078, -5953.612858012508, 1231.427626858704], [-14502.672503712225, -5546.615549875452, 1560.0], 38, 3, 2], "13": [[-14606.068210120984, -6705.732091598852, 1559.9999566897638], [-13877.383931906801, -6378.794979433724, 1560.0], 34, 3, 2], "14": [[-15589.188210622691, -6716.388003431144, 1560.0000072592163], [-14648.51487543672, -6308.696050656215, 1560.0], 8, 3, 2], "15": [[-13644.18747162812, 6757.782283872414, 1277.4155420387772], [-12688.566979520574, 5217.734251152775, 1560.0], 27, 2, 2], "16": [[-14203.482951329455, 5901.488653495724, 1010.5919196314552], [-13512.162117291477, 4369.400828343111, 1560.0], 28, 2, 2], "17": [[-13513.437768549467, 4847.586037725199, 1559.9998080441571], [-12558.332635955145, 4209.720525616364, 1560.0], 0, 3, 1], "18": [[-11036.268908796943, 6953.717621619637, 1130.169511685689], [-11052.505368673455, 5413.016915169185, 1560.0], 84, 3, 2], "19": [[-8117.197265201365, 10587.30966645013, 1201.999757236045], [-8239.610100734606, 8035.600866218191, 1560.0], 58, 3, 3], "2": [[-8156.226429086049, -15554.740067983474, 1253.1289049214015], [-7239.600840459456, -12979.346988060297, 1560.0], 24, 3, 2], "20": [[-8337.400909061025, 11239.415988150726, 1236.060233891182], [-8357.609858450476, 8352.863181129182, 1560.0], 67, 3, 3], "21": [[7616.448071509665, 9812.558334985788, 1318.7803004307941], [4366.174933564112, 8094.291863651634, 1560.0], 110, 3, 3], "22": [[9367.273258330772, 11514.647101760802, 1647.3174244750314], [6595.703479632341, 9356.938853345695, 1900.0], 74, 3, 3], "23": [[9187.3267871794, 10643.017579412413, 1560.0000410834316], [7163.6018400258545, 9263.274785190712, 1560.0], 59, 3, 3], "24": [[10265.697596348069, 9985.29762887268, 1560.8052836204818], [7823.2862665472585, 8625.529040134412, 1560.0], 97, 3, 3], "25": [[10383.141997412926, 9503.594613939935, 1546.6346927011557], [9607.32848840706, 8801.47313544517, 1560.0], 44, 2, 2], "26": [[9338.549507982132, 8293.637284767963, 1259.8398394085616], [5841.613886644694, 6868.003422319352, 1560.0], 60, 3, 3], "27": [[17584.76254240037, 9055.995124371779, 1640.0000368786773], [15497.257217977698, 8106.924402003945, 1640.0], 20, 2, 2], "28": [[17575.61032173332, 8519.877676732433, 1560.0000121244348], [15110.765937086971, 7538.708254678576, 1560.0], 22, 2, 2], "29": [[12732.584648774045, 6792.355719637326, 1349.2540168655837], [10262.531900700962, 5934.409421518003, 1560.0], 21, 2, 2], "3": [[-10835.081298963121, -10923.082409002749, 1531.7939707650494], [-10015.178680699033, -9764.348955961508, 1560.0], 20, 3, 2], "30": [[10772.793239007804, 2133.2862731697346, 1497.085036553425], [9568.675428393108, 1979.0387524022071, 1560.0], 86, 3, 3], "31": [[16547.758296699252, -9805.426997042698, 1122.3481795767145], [13305.24923839445, -9077.593802653197, 1560.0], 67, 3, 3], "32": [[13232.052984272023, -9944.835503993105, 1256.212290262603], [10289.550784209769, -9155.78270228924, 1560.0], 74, 3, 3], "33": [[14478.511909523286, -10753.215818445346, 1211.339394057111], [11703.975166753251, -9732.993901583879, 1560.0], 70, 3, 3], "34": [[15032.143858505497, -10630.33472594038, 1481.7751179587851], [13992.109235864065, -10184.785394848535, 1560.0], 64, 3, 3], "35": [[22300.71435143697, -10700.094589673414, 1429.8231213967429], [19587.37572375672, -9907.4024981942, 1560.0], 59, 3, 3], "36": [[16363.971868190978, -14430.90742599283, 1279.5105734577992], [13126.57969339566, -12627.66447846468, 1560.0], 85, 3, 3], "37": [[9848.771766633212, -13106.661204843362, 1240.771201368627], [7936.659517196936, -11694.186477973275, 1560.0], 42, 2, 2], "38": [[8755.386286437168, -17155.166621807148, 1312.8205067915644], [4888.621613493424, -13973.260453896326, 1560.0], 33, 3, 3], "39": [[8702.513019699198, -18240.074564163646, 939.0018154231784], [4261.6434441981555, -14365.73684858888, 1560.0], 7, 3, 3], "4": [[-9777.416406025763, -9487.129553986584, 1398.362358240764], [-9703.012798462736, -8646.65286504295, 1560.0], 42, 3, 2], "40": [[7222.112316651227, -18521.432514716093, 1103.1261416024106], [3056.1218777774975, -14470.96588499998, 1560.0], 26, 3, 3], "41": [[11757.348260512592, -20982.115608457585, 1184.936153494195], [7529.899696554396, -16359.210654674314, 1560.0], 37, 3, 3], "42": [[11931.690586986899, -22314.466916739642, 1156.263152898956], [6726.375927086247, -16737.97926616023, 1560.0], 9, 3, 3], "43": [[-8046.597880470002, 12719.00204649669, 1076.3279132737084], [-8427.659731012653, 8828.954087621034, 1560.0], 116, 3, 3], "44": [[-15396.029615332815, 6601.618283985907, 1749.9998184675044], [-10645.42759035785, 6294.099280077954, 1750.0], 0, 1, 1], "45": [[-16628.97721503439, 5527.34025813445, 1750.000144666565], [-11210.239295250072, 5528.790762063842, 1750.0], 0, 1, 1], "46": [[-11353.050092343852, -18585.40895681098, 1809.99964021961], [-5280.0880159834305, -12469.343201358033, 1810.0], 0, 1, 1], "47": [[-10797.866924294036, -18520.77916591498, 1679.9999829448325], [-5098.804195983869, -12763.714856453304, 1680.0], 0, 1, 1], "48": [[-10391.364561266339, -18853.31370433806, 1559.999766767077], [-4765.422065173698, -13128.33856057538, 1560.0], 0, 1, 1], "49": [[-8131.360954968855, -19136.056882879504, 1560.0001485248993], [-3436.694642763366, -14818.514822375751, 1560.0], 0, 1, 1], "5": [[-12849.288528950303, -7689.267096953015, 1493.0256851205068], [-12351.069716641334, -7205.467051868085, 1560.0], 11, 3, 2], "50": [[-8133.214246515594, -18434.17562682112, 1559.9997689917816], [-7331.51501482424, -13790.223961924079, 1560.0], 0, 1, 1], "51": [[14598.103871736292, 1100.7852669289066, 1701.3541533367813], [14060.298493422517, 863.9530857416968, 1560.0], 28, 3, 3], "52": [[13671.66135919625, 1105.1841851731056, 1419.669411197895], [11764.953209427667, 902.7235169233355, 1560.0], 66, 3, 3], "53": [[20420.5402548833, 8023.840696754405, 1719.9999453023672], [19786.975704365344, 7562.537564584855, 1720.0], 6, 2, 2], "6": [[-14499.042380290508, -7872.463668526348, 1559.999833802136], [-13552.409273004336, -7318.585975976843, 1560.0], 12, 3, 2], "7": [[-15440.31320065568, -8625.497535611215, 1560.0000213803353], [-14081.68013154399, -7796.425745940688, 1560.0], 42, 3, 2], "8": [[-10858.443696704744, -7650.144493369028, 1404.8213519111337], [-10825.166124099911, -7150.862318720005, 1560.0], 61, 3, 2], "9": [[-11683.444351636388, -6807.583400942105, 1404.5162953253446], [-11553.24452079627, -6473.640076867293, 1560.0], 12, 3, 2]}