{"0": [[-7887.392137648343, -14845.107449249956, 1560.0002435556712], [-7121.675353366778, -13926.707516498289, 1560.0], 0, 1, 1], "1": [[-8522.928314014536, -15500.213397588976, 1309.8210882562994], [-7579.578149240981, -12943.914109289208, 1560.0], 54, 3, 2], "10": [[-14979.419018389488, 6863.11645799271, 1165.0443273918781], [-13660.04767503461, 5002.120344032129, 1560.0], 84, 2, 2], "11": [[-14469.315110813235, 4862.453293407742, 1276.8114421501796], [-13676.155069702152, 3825.7263574585804, 1560.0], 31, 2, 2], "12": [[-13298.847248803162, 5377.853826626557, 1237.2721160272536], [-12757.482032090515, 4253.170690501519, 1560.0], 30, 2, 2], "13": [[-12765.542331453837, 5526.408167640354, 1218.8396568428204], [-12360.17844733234, 4386.877300257267, 1560.0], 31, 2, 2], "14": [[-11256.457328906667, 6271.144364605058, 1499.3054398998431], [-10650.649682795887, 5313.623961594019, 1560.0], 40, 3, 3], "15": [[-12048.420665098858, 6451.435520582497, 1387.9337780135206], [-11481.0695710411, 5230.726736327679, 1560.0], 67, 3, 3], "16": [[-10859.968770664827, 8297.841512038185, 1432.7803235156844], [-10228.894793910757, 6625.237547854465, 1560.0], 42, 3, 3], "17": [[-10833.676677220867, 9089.83222308402, 1428.623423428003], [-10039.703009667188, 7133.988986487574, 1560.0], 29, 3, 3], "18": [[-8546.59684036526, 8397.35903384531, 1355.4750113320229], [-8595.471124867967, 6788.566301108139, 1560.0], 39, 3, 3], "19": [[-7801.5363929743735, 10400.314649167902, 1261.2934126674954], [-7725.740325584979, 8109.177696568482, 1560.0], 5, 3, 3], "2": [[-9410.83706878814, -15676.539165041395, 1560.0000591948196], [-8088.478564998579, -12631.414316703753, 1560.0], 17, 3, 2], "20": [[-8595.41350006515, 11341.060388544938, 1338.890693161164], [-8207.062234823929, 8606.354334095588, 1560.0], 22, 3, 3], "21": [[-7804.85403774746, 13305.318286000835, 1363.3136317416022], [-7476.798406565971, 9676.312809453919, 1560.0], 34, 3, 3], "22": [[6955.537209235765, 13410.30891359766, 1529.3392382744091], [4267.338020820476, 10744.591017501189, 1650.0], 28, 3, 3], "23": [[6413.062279566781, 11655.82272034833, 1559.9999552828328], [5499.040135425706, 10180.4772476477, 1560.0], 51, 3, 3], "24": [[6609.230341603139, 10879.854781733402, 1484.9226994986016], [5355.580854063649, 9507.592293826643, 1560.0], 12, 3, 3], "25": [[8095.865975930935, 16824.07561002612, 1530.4013580178566], [5163.862555278897, 13064.87561095209, 1620.0], 7, 3, 3], "26": [[9041.629195555353, 9670.060253425609, 1617.4089045573082], [8257.645578081861, 8865.031135503385, 1570.0], 11, 3, 3], "27": [[9959.600822522838, 9583.811348062598, 1550.0786159009358], [8665.544349608896, 8602.849110348121, 1560.0], 5, 3, 3], "28": [[10784.103504061168, 9264.633448620018, 1559.999782300973], [9007.053818559496, 8205.537785793955, 1560.0], 9, 2, 2], "29": [[11472.410290877207, 8885.647726125455, 1750.0001238621333], [10508.942966630362, 8202.832057214126, 1750.0], 0, 1, 1], "3": [[-7701.7985007300385, -14569.664693140254, 1164.088455852055], [-7405.499107109206, -12394.219368988526, 1560.0], 33, 3, 2], "30": [[17138.517835690447, 8503.320234870302, 1750.0000864582723], [16866.314481951664, 8057.185132862834, 1750.0], 13, 2, 2], "31": [[14152.376684731797, 7186.31926708953, 1749.9995624023645], [13297.61846701222, 6718.9997723925935, 1750.0], 0, 1, 1], "32": [[12071.766841321463, 6889.911944063322, 1731.258828501691], [10973.686971290552, 6265.838361565791, 1860.0], 16, 2, 2], "33": [[16016.74240536815, 1173.1628047080067, 1870.0004113575767], [16426.15613746743, 1148.6569269346815, 1870.0], 22, 2, 2], "34": [[14413.019171342852, 1269.9264357450668, 1668.6888113030739], [15463.964537216058, 1223.5291169501495, 1560.0], 20, 3, 3], "35": [[7280.824307198464, -19553.03324243223, 869.6140622903512], [3154.026080796094, -14962.079840877304, 1560.0], 22, 2, 2], "36": [[7322.186322300083, -18940.96587204729, 1488.330877444877], [4528.287824943735, -15296.623968887003, 1560.0], 10, 2, 2], "37": [[9588.832082656148, -19367.514304014552, 1525.8609622979275], [6915.413189506086, -15805.458602666711, 1560.0], 8, 2, 2], "38": [[8374.722505147973, -18030.946851272387, 1560.0001197244949], [6355.320149796934, -15206.925747900632, 1560.0], 0, 2, 2], "39": [[7460.698238574687, -24366.838879831896, 1560.0003679347296], [4330.62878205465, -17936.663561347967, 1560.0], 0, 1, 1], "4": [[-11628.835011822192, -7924.582778724102, 1495.6371173508048], [-11219.84680977834, -7463.296264161423, 1560.0], 10, 3, 2], "40": [[8270.404719967233, -16029.06795678145, 1750.0002663100988], [8290.348209513571, -15782.701393655048, 1750.0], 0, 1, 1], "41": [[19242.651749507964, -10192.516340108114, 1749.9999236785457], [18700.80222407237, -9227.249258087833, 1750.0], 0, 1, 1], "42": [[18915.129732658836, -11687.57992526344, 1750.00006971132], [18453.715512012423, -10487.391997900326, 1750.0], 0, 1, 1], "43": [[17721.91040582738, -13540.882987883537, 1560.0003325616703], [17266.54571793597, -12403.72982895571, 1560.0], 15, 2, 2], "44": [[14479.239132755169, -16167.05669080984, 1750.000011231388], [14337.159078473613, -15270.008182478683, 1750.0], 0, 1, 1], "45": [[12704.670438380641, -15888.75625121953, 1750.0003054905076], [12680.25659484008, -15319.468797875732, 1750.0], 0, 1, 1], "46": [[15069.287934383663, -13180.393118979484, 1749.9999341156004], [14924.7976574896, -12544.533342324612, 1750.0], 0, 1, 1], "47": [[15037.690319108902, -10737.666572997212, 1749.9997716110518], [14897.366368183633, -10328.79231024166, 1750.0], 0, 1, 1], "48": [[14258.4067761426, -10622.964047755868, 1749.999988976784], [14195.95806335631, -10188.801594557297, 1750.0], 0, 1, 1], "49": [[13525.659313458349, -10895.352304815682, 1749.9999382544975], [13503.299827634964, -10463.003475756293, 1750.0], 0, 1, 1], "5": [[-13068.468324166062, -7081.598937750982, 1559.999837402624], [-12473.65298147779, -6752.27783871315, 1560.0], 10, 3, 2], "50": [[12765.859296173941, -11164.37851989864, 1750.0002853361125], [12774.752301726094, -10933.252941604178, 1750.0], 0, 1, 1], "51": [[12280.434737676103, -11774.204772297546, 1749.9998204608996], [12297.680060873501, -11553.56501783146, 1750.0], 0, 1, 1], "52": [[11782.170156790877, -11827.472143330087, 1750.0001263746071], [11770.146380938646, -11592.815804258522, 1750.0], 0, 1, 1], "53": [[11617.759648340101, -10917.87618629352, 1749.9997210683493], [11630.602522458512, -10613.922308908572, 1750.0], 0, 1, 1], "54": [[12734.948627484204, -13030.482140864924, 1750.000010506522], [12733.549015445762, -12588.621330918872, 1750.0], 0, 1, 1], "55": [[14008.186685397306, -13492.414680703816, 1749.9999396843832], [13941.478631066948, -12971.316499692943, 1750.0], 0, 1, 1], "56": [[9765.71841625965, -14478.214371757576, 1750.0000168457082], [9823.072865611182, -14175.573872754436, 1750.0], 0, 1, 1], "59": [[-9658.04254185167, 17568.554050210496, 1560.0001707004383], [-7718.945398013439, 16881.34255928493, 1560.0], 3, 2, 2], "6": [[-14722.290927416463, -6208.875070884077, 1512.3546617414095], [-14116.299308880956, -5903.143704906274, 1560.0], 10, 3, 2], "60": [[-9971.160751625128, -14802.617269043945, 1560.0002232390746], [-4486.47592800125, -13067.15337664343, 1560.0], 0, 1, 1], "61": [[-10104.631644217596, -18124.23139573966, 1569.9996764131192], [-5061.769110634904, -12390.445954739385, 1570.0], 0, 1, 1], "62": [[-9788.159156256685, -18662.785296302434, 1600.0000905880295], [-6042.9635567633295, -14968.933004807379, 1600.0], 0, 1, 1], "63": [[-7906.472167270712, -18238.68702328513, 1560.0001485960631], [-3320.5379258061103, -15031.23816541988, 1560.0], 0, 1, 1], "64": [[-8337.058181122698, -18175.14538504369, 1559.9999434248198], [-3429.360144265169, -15049.087552544408, 1560.0], 0, 1, 1], "65": [[6990.678350980496, 19960.094408069657, 1577.6507169800814], [5147.160798840995, 15432.243702712633, 1560.0], 15, 2, 2], "66": [[6954.822121001829, 21330.634807410446, 1559.999729356721], [4218.488266404737, 15542.287817291144, 1560.0], 0, 1, 1],