{"0": [[-8389.812076940429, 13484.590092792618, 1456.1359992958828], [-7624.5513252457, 9865.959676386978, 1560.0], 32, 3, 3], "1": [[-8205.66410383527, 12472.019932020208, 1310.2388106664437], [-7991.341111670341, 9130.924599894835, 1560.0], 44, 3, 3], "10": [[-10845.167386450552, 8501.939290227647, 1559.999946639672], [-10009.11059574774, 6943.303967106377, 1560.0], 89, 3, 3], "11": [[-10902.54114357071, 7633.404174593348, 1639.1602693328773], [-9956.645259923293, 6491.754728775104, 1610.0], 20, 3, 2], "12": [[-9563.181680849575, 8799.238846896658, 1405.330831376612], [-9277.663715178596, 6994.152151817527, 1560.0], 82, 3, 3], "13": [[-9984.845334491085, 7173.357530333646, 1495.6523411443084], [-9654.570964297673, 5985.191524202119, 1560.0], 92, 3, 3], "14": [[-11084.012955144117, 5844.637051629244, 1286.7847975959578], [-11043.784610456245, 4763.823571046171, 1560.0], 104, 3, 3], "15": [[-11003.216978573982, 6363.44622363192, 1405.0931119746247], [-10658.960000244731, 5271.508422269314, 1560.0], 54, 3, 3], "16": [[-11525.862410574833, 7372.214762437321, 1445.953854009396], [-10785.408422814575, 6030.82629390719, 1560.0], 73, 3, 3], "17": [[-11723.065158895619, 6598.290034570275, 1254.7035938340443], [-11344.338841913268, 5277.08276683353, 1560.0], 27, 2, 2], "18": [[-12045.98191820829, 5942.079162274671, 1326.6045214624903], [-11694.219608223124, 4799.232828933055, 1560.0], 87, 3, 3], "19": [[-12502.95811703804, 5368.499905814629, 1320.4716248593404], [-12143.25937719214, 4343.736643433862, 1560.0], 62, 3, 3], "2": [[-9279.520556365806, 11413.86951191221, 1560.000031968914], [-8427.659731012653, 8828.954087621034, 1560.0], 59, 3, 3], "20": [[-12982.82463357997, 5448.061172759566, 1218.0255579508735], [-12536.36155129344, 4318.1936753886575, 1560.0], 18, 2, 2], "21": [[-12246.929398895118, 6728.2252065286875, 1213.3719745418064], [-11780.6736780194, 5250.725934879819, 1560.0], 63, 2, 2], "22": [[-12687.540316550276, 7335.051918467395, 1489.8286174499015], [-11628.825627806114, 5921.717842460501, 1560.0], 21, 2, 2], "23": [[-13625.665435795863, 7484.4393229565285, 1348.8873919455164], [-12404.717788029713, 5775.606140399178, 1560.0], 31, 2, 2], "24": [[-13708.56012538941, 5750.322078050695, 1306.1563043638084], [-12942.64780077044, 4534.42280694918, 1560.0], 71, 2, 2], "25": [[-11401.721903363023, -7449.9872717974295, 1438.787929454471], [-11132.940076886498, -7077.4081885988, 1560.0], 14, 3, 2], "26": [[-12462.376960152023, -6912.853999785527, 1507.2982377863382], [-12035.42420465075, -6620.157287374709, 1560.0], 16, 3, 2], "27": [[-13622.369383214735, -6766.087342109365, 1382.1730020557955], [-13254.642183207437, -6366.593569049878, 1560.0], 18, 3, 2], "28": [[-14751.58232361125, -6085.27939092621, 1532.426064657179], [-14119.316966812205, -5819.309919062171, 1560.0], 10, 3, 2], "29": [[-7877.143097156053, -16118.0628701176, 1355.8640985836992], [-7149.47407623004, -13207.027165770118, 1560.0], 32, 3, 2], "3": [[-7221.148476864882, 11960.581819515206, 1319.4259945398574], [-7077.891295560957, 9151.145369554508, 1560.0], 22, 3, 3], "30": [[-12975.558073013715, -11255.015118517262, 1560.001883870549], [-11520.25287446215, -9837.55057803461, 1560.0], 14, 3, 2], "31": [[-13387.964601207275, -11536.402632841142, 1560.0000771584798], [-11804.145959360761, -9927.310385969802, 1560.0], 8, 3, 2], "32": [[9453.61625875307, -20615.84347729526, 1749.9998040876224], [9468.111874157097, -19943.05694408102, 1750.0], 0, 1, 1], "33": [[10614.908611903604, -19870.925793014256, 1750.0000761299636], [10634.508693447293, -19171.54573095269, 1750.0], 0, 1, 1], "34": [[8928.51552154277, -18510.23567314125, 1749.9998391075912], [8981.203750984101, -18076.336377365933, 1750.0], 0, 1, 1], "35": [[9125.342977354763, -18229.007683869477, 1749.9996317827859], [9141.513516501025, -17812.839724245012, 1750.0], 0, 1, 1], "36": [[8785.76274458055, -17657.650778680687, 1749.9998213610543], [8830.548519694034, -17265.32799396117, 1750.0], 0, 1, 1], "37": [[8554.671992491905, -17238.699576140683, 1749.9998885158639], [8577.748123334555, -16873.723097287417, 1750.0], 0, 1, 1], "38": [[8263.84485512404, -16182.750000572138, 1750.0000025239685], [8285.536534407938, -15899.72014240484, 1750.0], 0, 1, 1], "39": [[9004.324016524733, -15600.85280498854, 1749.999642436208], [9049.150556159773, -15279.404230514696, 1750.0], 0, 1, 1], "4": [[-8298.194547687799, 10242.807928054126, 1270.6992897542116], [-8380.144185421716, 7826.447430890019, 1560.0], 46, 3, 3], "40": [[9665.29348424566, -16289.13645026956, 1749.999927555364], [9697.868937185514, -15979.859841865622, 1750.0], 0, 1, 1], "41": [[10007.187075664713, -16850.979431369262, 1750.000162007316], [10017.915225171255, -16520.75073434139, 1750.0], 0, 1, 1], "42": [[9967.814620131641, -17589.044047388197, 1749.9998467854382], [10014.21931018565, -17133.52153480044, 1750.0], 0, 1, 1], "43": [[9711.900023902326, -17790.94240768353, 1750.0002608985908], [9749.076021267538, -17336.48355691551, 1750.0], 0, 1, 1], "44": [[11207.970143681892, -16644.79057396909, 1749.9999272830792], [11208.054798175668, -16241.414376723646, 1750.0], 0, 1, 1], "45": [[13082.74349739342, -15396.41306477321, 1559.9998054943953], [13089.111336561884, -14731.853159376344, 1560.0], 3, 2, 2], "46": [[12768.408356346521, -10610.806500101005, 1382.4841300059254], [12523.39082157147, -11195.310873132541, 1560.0], 20, 2, 2], "47": [[12644.675667373464, -11824.860710675035, 1431.3616710148149], [12432.049553627152, -12110.118883857423, 1560.0], 27, 2, 2], "48": [[13593.488897609343, -12329.176771238366, 1528.6374260419414], [13358.34801071251, -12373.933616277254, 1560.0], 53, 2, 2], "49": [[14817.434702158796, -15898.416237977635, 1499.791849911622], [14482.818661916288, -15309.525574142668, 1560.0], 22, 2, 2], "5": [[-10970.801137296898, 10777.569184945087, 1555.7385752732287], [-9782.974225114142, 8175.837517232793, 1560.0], 111, 3, 3], "50": [[13654.761172400122, -10038.332409508623, 1555.6610845745097], [13472.017730286503, -10118.633538600918, 1560.0], 42, 2, 2], "51": [[14858.501975408519, -9918.808603138597, 1501.0759454375168], [14535.573831970321, -10019.993403976467, 1560.0], 22, 2, 2], "52": [[15363.019214670034, -10363.611269815798, 1474.042043976326], [15027.648784494559, -10380.63274120797, 1560.0], 21, 2, 2], "53": [[15855.618565223747, -11360.438440579162, 1559.9999256709407], [15561.05676782559, -10908.292907619012, 1560.0], 21, 2, 2], "54": [[16552.6027954197, -9427.740280476002, 1349.1060608009975], [12777.769478532306, -8879.270568291242, 1560.0], 60, 3, 3], "55": [[16900.28327010257, -10573.63602876406, 1559.999770610526], [16574.3456082081, -10005.293691227158, 1560.0], 7, 2, 2], "56": [[16032.975945572674, -9912.340364534488, 1468.0048820875052], [15671.055940726315, -9902.345139921705, 1560.0], 14, 2, 2], "57": [[12926.481237667345, 1372.697196371133, 1554.8154126682364], [11805.481461242483, 1018.4526011470886, 1560.0], 27, 3, 3], "58": [[13581.351675074497, 1499.3988462625614, 1575.9490971437222], [14199.05221401598, 1233.2543841887568, 1560.0], 61, 3, 3], "59": [[14613.663071425906, 1316.0528278561187, 1649.9999301334362], [15005.45448921549, 1296.0111574265072, 1650.0], 24, 2, 2], "6": [[-11235.084154051841, 9830.462400947143, 1559.999907789395], [-10056.661786298182, 7660.161380787036, 1560.0], 84, 3, 3], "60": [[6446.488898234611, 10458.249072140308, 1470.7127698648726], [4916.418297738681, 9077.052648282282, 1560.0], 13, 3, 3], "61": [[7298.772067230578, 9689.746978877514, 1424.5931834621276], [5464.419110804506, 8389.320594077832, 1560.0], 8, 3, 3], "62": [[5632.187539731309, 12195.969070220091, 1502.6538009039743], [4198.960914912718, 10405.661221729022, 1560.0], 4, 3, 3], "63": [[9423.231693103333, 9648.154100699008, 1560.0000574196094], [7823.2862665472585, 8625.529040134412, 1560.0], 23, 3, 3], "64": [[19263.831290684484, -16419.33989771644, 1989.8091893534447], [19643.935144300984, -15644.458303605548, 1560.0], 77, 3, 3],