{"0": [[-7946.335280188898, 12577.543447192069, 1536.5461756454], [-7053.735410736931, 9737.491872391814, 1560.0], 31, 2, 2], "1": [[-8744.59275348168, 11929.612117046136, 1303.829198518965], [-8331.245040863249, 8859.20246673166, 1560.0], 14, 2, 2], "10": [[-12174.529694439922, -3031.8908232582426, 1560.0000162616516], [-11994.436118998308, -3023.4941025886396, 1560.0], 32, 3, 2], "11": [[-13445.697445879487, -3608.9280131894293, 1466.694232633562], [-13371.69116646656, -3555.572920024127, 1560.0], 16, 3, 2], "12": [[-14029.91736497956, -4574.906483888787, 1542.123123021412], [-13661.538393171377, -4492.14723640857, 1560.0], 21, 3, 2], "13": [[-12484.896561280199, -4991.669388801723, 1519.3375539436624], [-12243.8265639864, -4895.667787138466, 1560.0], 52, 3, 2], "14": [[-14721.494000368933, -5723.393589813034, 1781.5085881314983], [-13855.613529669161, -5626.6669212857405, 1560.0], 16, 3, 2], "15": [[-13345.99289801518, -7960.662588952134, 1560.0001902587842], [-12521.956915380793, -7492.917525632042, 1560.0], 8, 3, 2], "16": [[-12713.256299447932, -7939.621962384716, 1559.9998262422998], [-11976.718133158072, -7516.7916736564375, 1560.0], 12, 3, 2], "17": [[-11061.500751043583, -8528.966200059282, 1559.9994994907074], [-10538.87068611959, -8012.451184881648, 1560.0], 13, 3, 2], "18": [[-12801.998406460001, -8811.52328879708, 1559.9999497420997], [-11904.926509743455, -8188.733318917703, 1560.0], 2, 3, 2], "19": [[-15326.794791508059, -8426.966210160586, 1775.6573111908292], [-13760.502052983116, -7866.229273015068, 1560.0], 13, 3, 2], "2": [[-9225.70887194881, 10483.290977209017, 1658.3763458982162], [-8116.8209170410355, 8589.311915081964, 1560.0], 11, 2, 2], "20": [[4173.172498852186, -17306.080943377223, 1559.9998096524719], [2039.7178844031894, -15653.523310672388, 1560.0], 11, 3, 2], "21": [[8939.888167654668, -16407.969973995638, 1541.515992668269], [7019.311078714007, -14157.3440515654, 1560.0], 3, 3, 3], "22": [[8877.43134778169, -18993.93943905941, 1512.6412180497762], [6535.536197434864, -15648.80064908669, 1560.0], 10, 3, 3], "23": [[11231.736535232623, -25167.964716841743, 1559.9996533797855], [7213.911752689441, -18599.22528951602, 1560.0], 0, 2, 2], "24": [[11221.3155267316, -26050.61447311159, 1560.0003934055528], [7324.014933612937, -19042.371807547563, 1560.0], 9, 2, 2], "25": [[21140.929645833574, -18961.060273713945, 1927.9705376870957], [19103.59300004497, -16608.77204193754, 1750.0], 29, 2, 2], "26": [[19237.108574313577, -16684.160486717854, 2199.0259295451524], [20337.023612542314, -15964.867999974438, 1560.0], 40, 3, 3], "27": [[12845.457622675473, -11646.527638957887, 1559.999802969775], [11103.064489646857, -10817.084085565213, 1560.0], 10, 3, 3], "28": [[14368.486124230427, -11687.370217908048, 1559.99986643359], [12836.681716696032, -11007.846034800607, 1560.0], 26, 3, 3], "29": [[15564.64393250681, -10876.931042968408, 1504.2858865928233], [13933.879969220414, -10282.165532892222, 1560.0], 28, 3, 3], "3": [[-8923.715341265031, 8752.761840538797, 1499.177267922165], [-8508.594802597509, 7216.50630714643, 1560.0], 8, 2, 2], "30": [[15766.218645668374, -12203.564112022701, 1491.6766647054342], [14559.139320173814, -11503.301489042942, 1560.0], 33, 3, 3], "31": [[16684.956598538945, -11454.608412479172, 1503.0536207217478], [14993.212572568573, -10828.268446531898, 1560.0], 39, 3, 3], "32": [[17100.072587180857, -10342.163719841183, 1559.9999501051473], [16225.91170894481, -10046.956244364897, 1560.0], 32, 3, 3], "33": [[13856.408331191578, -12620.023024492355, 1559.9996980997187], [12396.669261214585, -11727.85094818128, 1560.0], 19, 3, 3], "34": [[9285.844065121233, 9650.979522394615, 1750.0002164838459], [9369.033624232436, 10058.20707747136, 1750.0], 0, 1, 1], "35": [[12497.361482244512, 7456.662126047027, 1559.999646910628], [12096.71186562925, 7031.657197100189, 1560.0], 3, 2, 2], "36": [[11733.560445961743, 7816.754512372031, 1680.0000696484008], [10548.39422610702, 7161.329737893657, 1680.0], 8, 2, 2], "37": [[13864.683056846354, 8629.384315604013, 1649.9997994888906], [13049.442497643939, 8054.896755802828, 1650.0], 1, 2, 2], "38": [[15325.231965400684, 9673.6451165233, 1780.0001811012983], [14418.02127875785, 8989.4611842947, 1780.0], 3, 2, 2], "39": [[16382.80885997082, 8312.592860574183, 1939.9998078244514], [15723.646527098046, 7743.363986409664, 1940.0], 5, 2, 2], "4": [[-10030.287884853129, 7052.3876010770955, 1399.2733306949028], [-9672.359732462888, 5895.200649556002, 1560.0], 6, 2, 2], "40": [[15017.496858063148, 7824.427351601811, 1560.0002977957852], [14454.632044202323, 7379.569099235955, 1560.0], 4, 2, 2], "41": [[13472.135302882283, 7159.755079050916, 1570.0000834346574], [13076.732853307767, 6813.1494074841385, 1570.0], 2, 2, 2], "42": [[17110.85557778662, 7629.512610275365, 1790.0000132042567], [15642.007302356753, 7014.2547032334305, 1790.0], 8, 2, 2], "43": [[-9746.488913641715, 16597.434146015523, 1749.9998777158441], [-9432.857155186613, 16417.133877431814, 1750.0], 0, 1, 1], "44": [[-8335.705499633093, 23021.265087747266, 1750.0002666580822], [-7937.558924972323, 22046.833891689937, 1750.0], 0, 1, 1], "45": [[-1014.1893891109399, 9723.705175546891, 1697.0196484863854], [-2083.584341270046, 8055.90036007704, 1920.0], 55, 3, 3], "46": [[-1318.782081690354, 11782.617626386362, 1817.7280120253256], [-2301.727830563666, 9499.727637308817, 1950.0], 26, 3, 3], "47": [[7733.213787666304, 15678.860457267718, 1623.6783822231946], [8264.818972238752, 16319.80431559276, 1900.0], 84, 2, 2], "48": [[8066.303432983054, 15895.004088099167, 1557.3215743724427], [8724.193160526735, 16557.747950317014, 1880.0], 106, 2, 2], "5": [[-11304.60686860816, 6860.185062176719, 1351.3644117218175], [-10880.185708890707, 5585.182560470288, 1560.0], 21, 2, 2], "6": [[-12329.534703843508, 6373.064714233944, 1500.0265331241199], [-11527.796969284898, 5304.470531398973, 1560.0], 45, 3, 3], "7": [[-12056.308228682861, 7097.885328596406, 1559.9995156195816], [-11068.635177396713, 5957.458118377106, 1560.0], 39, 2, 2], "8": [[-11955.482622816131, 7689.2704205982345, 1559.9999341758626], [-10844.45460444819, 6369.3161006094315, 1560.0], 20, 2, 2], "9": [[-13822.7325803329, 5931.759118902895, 1385.3993309445718], [-12841.043059948339, 4773.797529353909, 1560.0], 34, 2, 2]}