{"0": [[-7639.504221827964, 11314.301172993128, 1317.3144922912645], [-7502.240666017408, 8668.723301985085, 1560.0], 60, 3, 3], "1": [[-10875.035531101692, 8427.865659338571, 1394.557768948395], [-10286.249649595735, 6694.605655824944, 1560.0], 79, 3, 2], "10": [[-15042.590528777831, -1476.7099097231985, 1560.0000070732858], [-14668.84760170334, -1485.0429168938533, 1560.0], 0, 2, 1], "11": [[-11198.060277275692, -2233.03086915791, 1155.298525749572], [-11866.546141504563, -2322.378537972244, 1560.0], 46, 3, 2], "12": [[-14352.487153175907, -2295.0550843027495, 1390.0652891520556], [-14290.949443507307, -2283.725748376893, 1560.0], 13, 3, 2], "13": [[-13685.32203837224, -2398.6775343532427, 1137.2255640967892], [-14023.587810735027, -2447.030052631324, 1560.0], 77, 3, 3], "14": [[-13473.430399289839, -3245.871195511888, 1560.0000403414472], [-13246.305930010825, -3226.322088732825, 1560.0], 0, 3, 1], "15": [[-14695.855576076881, -3575.885502260687, 1530.6055293107552], [-14386.895286156834, -3526.2274292460856, 1560.0], 11, 3, 2], "16": [[-11840.941295889854, -5288.514111166134, 1502.4916039280363], [-11710.322745390102, -5159.076984905305, 1560.0], 12, 3, 2], "17": [[-13351.125368356357, -5310.060176347388, 1431.6435563361915], [-13148.917414744614, -5126.190591744669, 1560.0], 10, 3, 2], "18": [[-14224.059895952278, -5477.940931500696, 1419.5928040134645], [-13906.966742774379, -5258.593338807548, 1560.0], 11, 3, 2], "19": [[-11966.37418803389, -8328.071238204146, 1560.0004914396493], [-11300.325089120586, -7833.909786724879, 1560.0], 7, 3, 2], "2": [[-10042.898762542793, 6919.754679400912, 1485.736205276456], [-9586.141457937338, 5902.539322738238, 1560.0], 8, 3, 2], "20": [[-12796.343417625021, -8953.855854811844, 1531.9368719385604], [-11965.906270658721, -8247.643247328131, 1560.0], 11, 3, 2], "21": [[-12845.88229708315, -11080.861461545424, 1626.1306470378242], [-11398.516333802661, -9808.653350147131, 1560.0], 15, 3, 2], "22": [[-8561.005730180888, -14409.348932266821, 1376.33710533903], [-8027.578473529275, -11850.188500430817, 1560.0], 17, 3, 2], "23": [[-8093.9869263883575, -15205.655014529751, 1285.9082634830793], [-7444.813785430752, -12738.720735127954, 1560.0], 19, 3, 2], "24": [[-5628.600603354448, -17779.70134634302, 1340.931858930206], [-5695.839341039033, -13966.157458246165, 1560.0], 29, 3, 2], "25": [[8905.097260040353, -18120.716896842587, 1559.9996654329996], [6772.533907815907, -15299.182651602696, 1560.0], 6, 3, 3], "26": [[9078.340878670684, -17900.102916172378, 1559.9997446176505], [6892.138963681533, -15119.39549409557, 1560.0], 14, 3, 3], "27": [[8857.362921183401, -17013.085810481203, 1462.692172588538], [6782.401767543162, -14539.837070636477, 1560.0], 3, 3, 3], "28": [[9776.526769510383, -17124.9804877409, 1560.000208338534], [8073.00000809829, -14862.932237431734, 1560.0], 8, 3, 3], "29": [[10140.556459802589, -16931.3569454329, 1518.042479100367], [8247.704218251183, -14600.792339900567, 1560.0], 9, 3, 3], "3": [[-11117.351415116333, 6143.887119722487, 1367.4484540125816], [-10845.779510200498, 5056.64493230297, 1560.0], 72, 3, 3], "30": [[10087.54925039983, -16539.938102772165, 1511.8490658480832], [7955.82447323812, -14250.208424429546, 1560.0], 10, 3, 3], "31": [[12735.814866444, -18981.277542863063, 1409.4214034368754], [9186.048289634375, -15607.128122259335, 1560.0], 17, 3, 3], "32": [[12762.482130408644, -10987.676081437234, 1442.1039666440251], [11402.21939629768, -10282.618120411327, 1560.0], 21, 3, 3], "33": [[13329.65552328243, -11284.952662011516, 1506.1234088020606], [11834.99722515506, -10579.345080127014, 1560.0], 25, 3, 3], "34": [[14622.719793438657, -9991.114934448806, 1545.1871343096357], [13619.851666162029, -9677.627443206837, 1560.0], 41, 3, 3], "35": [[14280.177830287292, -11527.305617834621, 1559.9999240892569], [14806.5774051807, -11120.544560987724, 1560.0], 53, 3, 3], "36": [[15889.401889261031, -10975.461279560202, 1559.9996168250457], [14487.423425928151, -10503.096921133298, 1560.0], 24, 3, 3], "37": [[16505.60065053511, -11740.159886369764, 1450.3441030748947], [12544.311307785245, -10422.690795938732, 1560.0], 38, 3, 3], "38": [[16785.38466693539, -11908.651769243632, 1366.9510560216788], [14427.195442522447, -10600.760481279802, 1560.0], 67, 3, 3], "39": [[16446.69883344609, -13849.369884329699, 1507.4466685289312], [15113.556222607196, -12829.471167182486, 1560.0], 24, 3, 3], "4": [[-11872.514303178856, 6106.090647157339, 1519.2597104521733], [-11169.916730990433, 5167.515871586222, 1560.0], 91, 3, 3], "40": [[10916.755934407009, -2232.5451852088618, 1560.000007297703], [10585.063375380476, -2332.0667081600086, 1560.0], 3, 3, 3], "41": [[14352.03735445092, -448.29472292530505, 1554.780240389105], [14029.77518290046, -798.5245324556946, 1560.0], 45, 3, 3], "42": [[13086.333484653816, 1512.4630829650098, 1509.5070098604012], [13008.663069844157, 1242.291211232557, 1560.0], 21, 3, 3], "43": [[13608.22981384812, 1646.7941123550133, 1559.999973101577], [14245.251049124397, 1356.9534517842033, 1560.0], 84, 3, 3], "44": [[15723.396103053103, 995.9936827274739, 1820.0000883578625], [15945.66911364546, 989.4443749999593, 1820.0], 7, 2, 2], "45": [[13912.53401590396, 4784.459368728043, 1560.0000769199246], [13575.959310956448, 4589.14989553793, 1560.0], 0, 2, 2], "46": [[7875.07771605365, 12048.584287885926, 1477.8985828981383], [5868.501554750436, 10241.16197112007, 1560.0], 9, 3, 3], "47": [[10378.2749218188, 9315.663818717065, 1629.9995251206744], [8733.602410318124, 8309.36409902354, 1630.0], 7, 2, 2], "48": [[13583.305886446436, 8259.556028336878, 1580.0001675275478], [12714.4401831197, 7636.926772466192, 1580.0], 0, 2, 2], "49": [[16267.519967304976, 10086.430639724667, 1940.0000106327996], [14884.623529808629, 9209.984173006658, 1940.0], 2, 2, 2], "5": [[-13328.437315646188, 5707.142153700987, 1399.6138847780776], [-12521.299099771011, 4641.725646913344, 1560.0], 35, 2, 2], "50": [[12345.121401772707, 6980.620938923919, 1559.9994451288233], [10887.434931674274, 6405.009690504548, 1560.0], 17, 2, 2], "51": [[12790.704663684957, 6934.992503696225, 1560.0001361860877], [11923.01040710103, 6429.8214369622465, 1560.0], 0, 2, 2], "52": [[14084.704278561287, 7282.973404813073, 1629.9999432650893], [13366.396023947678, 6871.476680882797, 1630.0], 0, 2, 2], "53": [[15413.184231313486, 6997.261210424018, 1649.9998190941706], [15669.204100785888, 6797.81107835861, 1650.0], 8, 2, 2], "54": [[9619.998334404858, -19811.676671893685, 1533.097422759745], [6379.185118787105, -15874.542802531925, 1560.0], 10, 3, 2], "55": [[9363.634427235038, -18898.357748452454, 1423.0359439042543], [6278.687729679045, -15323.498575172804, 1560.0], 12, 3, 3], "56": [[18898.170260701085, -14035.922896114513, 1464.327458820571], [17320.433960858514, -13052.131466224519, 1560.0], 52, 3, 3], "57": [[-8294.727749288037, 22336.623783576597, 1750.000232464695], [-7959.631273661082, 21562.374112373764, 1750.0], 0, 1, 1], "58": [[-8634.945719334659, 20354.799774687406, 1750.000211159144], [-8371.792838355059, 19875.85379833867, 1750.0], 0, 1, 1], "59": [[-9669.114321204028, 20526.680912452095, 1749.999491662878], [-9218.169664857973, 19858.645821213468, 1750.0], 0, 1, 1], "6": [[-14354.692591106477, 1695.6185265105114, 1184.18850797088], [-14259.592770914986, 1221.252169826942, 1560.0], 103, 2, 2], "60": [[-8487.17254449367, 18985.37847503044, 1749.9998990097267], [-8297.747122723293, 18689.373599140756, 1750.0], 0, 1, 1], "61": [[6687.806098710444, 17095.15752663897, 1708.4160139108214], [3953.1752683227724, 13133.83532096423, 1950.0], 79, 3, 3], "62": [[8592.96146522224, 17828.868052293183, 1715.0293937199897], [6179.427061324039, 13902.31116566854, 1950.0], 56, 3, 2], "63": [[7984.963119266903, 20807.37000287808, 1559.999965558658], [5147.160798840995, 15432.243702712633, 1560.0], 0, 1, 1], "64": [[7203.282314810707, 21187.304410286284, 1559.999986973066], [4534.764724616445, 15588.864518872828, 1560.0], 0, 1, 1],