{"0": [[-8345.906233495109, 12338.895441066152, 1327.7551687879125], [-7889.082630437505, 9163.972926680986, 1560.0], 4, 3, 2], "1": [[-7415.874145975287, 11332.347422916653, 1246.4265912758983], [-7390.754833298486, 8698.297340736168, 1560.0], 29, 3, 3], "10": [[-12634.611743087715, 5839.0020750800395, 1324.8176836037162], [-12059.810092240416, 4756.331623651181, 1560.0], 42, 3, 2], "11": [[-13540.827813680304, 5869.399946484539, 1445.4731880957463], [-12593.618489215942, 4781.331012278948, 1560.0], 45, 2, 2], "12": [[-13173.944039009895, 5242.758840437026, 1279.100409528465], [-12670.029996011968, 4178.125815897842, 1560.0], 74, 2, 2], "13": [[-12587.196643925967, 4388.68425900094, 1341.7081792629544], [-12272.006724920906, 3662.584469739889, 1560.0], 51, 3, 3], "14": [[-13811.582559750104, -6777.046007312254, 1494.3594243345392], [-13304.970484771417, -6406.41138472738, 1560.0], 11, 3, 2], "15": [[-14765.792755897397, -6011.740675135128, 1560.0001021675935], [-14121.198698120135, -5763.176636343738, 1560.0], 5, 3, 2], "16": [[-9620.73016915721, -11165.916650481728, 1559.9993022349304], [-8928.764757944256, -10039.843123571893, 1560.0], 8, 3, 2], "17": [[-12195.640497450717, -10762.840362873065, 1559.9999532109398], [-11079.624009854833, -9588.971385060528, 1560.0], 3, 3, 2], "18": [[-11429.162450800415, -11638.14623725528, 1559.9995562860204], [-10340.855040848686, -10193.110595393566, 1560.0], 4, 3, 2], "19": [[-7882.830322038039, -15917.786167261165, 1239.791753118411], [-7471.258068500357, -12982.291188727331, 1560.0], 51, 3, 2], "2": [[-8243.594144700128, 10173.369522910025, 1309.2566594310952], [-8279.922508775875, 7848.644768408011, 1560.0], 69, 3, 3], "20": [[8258.270013782922, -14848.505165659933, 1272.3502461183793], [5900.388303894875, -12899.562440923874, 1560.0], 18, 3, 3], "21": [[9118.298793378004, -14339.53921396223, 1378.1847905950972], [6929.457818932673, -12671.161368736048, 1560.0], 20, 3, 3], "22": [[8818.888553808305, -17194.282818658237, 1412.554288366225], [6324.0438911703795, -14519.854945993839, 1560.0], 60, 3, 3], "23": [[9099.19421380475, -17821.84146491948, 1509.146369310056], [6548.276747151214, -14909.159025510302, 1560.0], 4, 3, 3], "24": [[8917.69764616991, -18172.13918660316, 1559.9994772750895], [6393.754482925921, -15148.097166723535, 1560.0], 7, 3, 3], "25": [[9611.473005023288, -16273.693075874753, 1560.0000443957501], [7913.20100412291, -14316.994708694838, 1560.0], 9, 3, 3], "26": [[10066.880745611323, -16923.53357006084, 1533.6647049962146], [7336.9394865465, -14431.56066629231, 1560.0], 17, 3, 3], "27": [[9789.666202314913, -17210.500672808972, 1509.8385522924436], [7659.203889648093, -14709.647546225537, 1560.0], 6, 3, 3], "28": [[11442.784306602096, -15997.137437256533, 1559.9998126426642], [9640.293840053439, -14149.54610860209, 1560.0], 22, 3, 3], "29": [[13050.824493389673, -15628.387743888667, 1559.9999959122058], [11518.511851899852, -14029.050192213572, 1560.0], 16, 3, 3], "3": [[-10938.142489580956, 8770.100660484917, 1560.0013070906632], [-9882.757353093519, 7167.088147722005, 1560.0], 64, 3, 3], "30": [[15849.330288126466, -17809.081171267488, 1899.7752661832003], [15527.888019305437, -16211.99509151589, 1560.0], 19, 3, 3], "31": [[13914.849968554116, -15523.155588840458, 1593.981386421526], [13319.857974048056, -14295.961313561475, 1560.0], 40, 3, 3], "32": [[12659.094579172997, -11121.99061109391, 1546.8003044498448], [11938.575795069595, -10397.376448666579, 1560.0], 20, 3, 3], "33": [[13197.729163222319, -10521.416832258765, 1474.8814846236162], [12303.465622056448, -9746.85611986723, 1560.0], 77, 3, 3], "34": [[14302.847753225162, -10478.894176253025, 1535.3682778238494], [13619.851666162029, -9677.627443206837, 1560.0], 87, 3, 3], "35": [[15578.861336454544, -9866.822669347312, 1405.313428800442], [13415.129255881771, -8878.303879288811, 1560.0], 83, 3, 3], "36": [[17023.70424049008, -9673.59477568655, 1376.250691002482], [15278.48409874435, -9189.31984248408, 1560.0], 19, 3, 3], "37": [[16031.611891493498, -9915.107907346497, 1353.2294103926695], [14578.987810706847, -9185.04406928278, 1560.0], 36, 3, 3], "38": [[15080.428062446139, -10556.989021449319, 1501.9653179703303], [14911.549837066783, -9805.881234279153, 1560.0], 112, 3, 3], "39": [[14444.76408704265, -11467.518808226918, 1560.0001781509493], [14868.689530376829, -11023.61595817398, 1560.0], 61, 3, 3], "4": [[-9587.886114241777, 8862.743413749606, 1371.239732190758], [-9268.153621742911, 7038.712052971987, 1560.0], 66, 3, 3], "40": [[13803.032352493134, -11979.56573368872, 1559.9666660240432], [12781.371850269144, -11099.437245302632, 1560.0], 19, 3, 3], "41": [[17708.004760785694, -11385.132902401023, 1559.9995970842838], [16507.75428067146, -10796.71614909408, 1560.0], 36, 3, 3], "42": [[12917.08526293024, 1460.9181235482924, 1464.688285352577], [11845.98887719898, 1134.44482057703, 1560.0], 27, 3, 3], "43": [[13481.798476477303, 1399.1444861265093, 1560.0001625010098], [12965.443602426762, 1122.5673459442485, 1560.0], 25, 3, 3], "44": [[7255.456208338566, 9626.187926733099, 1339.2630212985894], [5442.63026580014, 8291.864458204573, 1560.0], 12, 3, 3], "45": [[6681.231375472856, 11106.376733187779, 1420.6946811948153], [4628.594552704014, 9313.667189659976, 1560.0], 31, 3, 3], "46": [[7743.051212693618, 11689.962013190434, 1560.000140183632], [6204.5586215923495, 10105.853206289217, 1560.0], 40, 3, 3], "47": [[7874.870318667021, 11250.797093749257, 1560.0001522916123], [6525.9206743790955, 9866.352949861212, 1560.0], 21, 3, 3], "48": [[8647.917223690598, 10620.992938791996, 1559.9999112127423], [7140.096038839007, 9160.384815245669, 1560.0], 88, 3, 3], "49": [[9387.033843058816, 9240.386187257605, 1563.9242234754158], [8148.503408348285, 8239.866354205416, 1560.0], 46, 3, 3], "5": [[-8986.374501675304, 9117.654815904943, 1356.110008283274], [-8780.404409255236, 7257.756479759017, 1560.0], 34, 3, 3], "50": [[10984.552851682813, 9982.309003676175, 1509.0304205974544], [9170.7209659052, 8866.162639058804, 1560.0], 22, 2, 2], "51": [[12255.479657586333, 6955.609252251584, 1466.1520967272415], [10358.687003183595, 6278.117864709625, 1560.0], 19, 2, 2], "52": [[12995.166567623142, 7093.625368520446, 1559.99944942358], [11398.041693923962, 6417.301585820262, 1560.0], 17, 2, 2], "53": [[12312.64159978074, 8263.456104613646, 1560.000063810272], [11212.725737205192, 7576.411542088228, 1560.0], 2, 2, 2], "54": [[13468.39035743564, 9382.117924875423, 1559.9998660701006], [11963.305858621397, 8444.851268522436, 1560.0], 2, 2, 2], "55": [[13927.19274052695, 7126.353453033304, 1720.0004484006276], [12844.747482360966, 6618.266591600963, 1720.0], 6, 2, 2], "56": [[14805.60493801325, 7294.01215894688, 1569.9999551487972], [13613.165913150391, 6706.339065368054, 1570.0], 2, 2, 2], "57": [[16451.185309002572, 10112.018927741316, 1860.000428222162], [15315.862987030814, 9228.91214899652, 1860.0], 1, 2, 2], "58": [[15947.128954376254, 6750.233061211776, 1559.9997645275716], [14059.686555182116, 6100.363154568752, 1560.0], 9, 2, 2], "59": [[15434.136097482371, 7126.613544665668, 1560.000225488032], [14867.356142239078, 6755.8039450866545, 1560.0], 2, 2, 2], "6": [[-10000.719246012779, 7111.017759712552, 1400.7545794300922], [-9757.425798145221, 5887.892330551458, 1560.0], 60, 3, 3], "60": [[9326.156029645017, -20317.31248070647, 1516.2060955237598], [5788.3042059143945, -16046.195117652545, 1560.0], 18, 3, 3], "61": [[12754.143597881799, -21636.73076061841, 1559.9998494787164], [9050.746275336034, -17231.77554625775, 1560.0], 15, 3, 3], "62": [[22413.4770345326, -14986.85362003307, 2012.968411812734], [21759.447785035656, -11251.920804320407, 1560.0], 16, 2, 2], "63": [[18842.44756681317, -13976.691997017475, 1511.7520656612853], [16628.82692330374, -12880.571257778784, 1560.0], 60, 3, 3], "64": [[20611.389385477374, -16200.020122135658, 2013.333372341469], [19304.132177518466, -14963.757958515394, 1560.0], 23, 3, 3],