{"0": [[-8241.311981680536, -18417.719133147286, 1560.0001442846258], [-6903.686320258689, -14044.313139870237, 1560.0], 0, 1, 1], "1": [[-8513.805479847082, -20046.440625607796, 1559.9999586978806], [-6887.940209359532, -13931.92395943509, 1560.0], 0, 1, 1], "10": [[-13317.31446858425, -7576.016418515854, 1589.0126851373468], [-12528.447155654396, -7192.787702753349, 1560.0], 11, 3, 2], "11": [[-14925.613016623556, -7066.5102332298775, 1560.0002440654634], [-13991.77026308846, -6675.64408088256, 1560.0], 22, 3, 2], "12": [[-15160.114280183147, -6487.067048598959, 1560.0000250214516], [-14353.281848094211, -6158.190667281077, 1560.0], 8, 3, 2], "13": [[-14108.651266262328, -6337.799178267626, 1522.4583586162842], [-13561.89256410341, -6048.15035617455, 1560.0], 10, 3, 2], "14": [[-13531.443562196726, -6354.881189262521, 1403.89270955287], [-13259.828595439452, -6004.955249420185, 1560.0], 20, 3, 2], "15": [[-12472.736115762951, -6544.621916076842, 1465.9469225068149], [-12158.882752068275, -6276.639168884186, 1560.0], 12, 3, 2], "16": [[-11237.886620561594, -7212.893809644461, 1394.1202357395618], [-11047.602008945, -6855.950799830522, 1560.0], 36, 3, 2], "17": [[-10664.901989859627, -7572.739026960343, 1559.9999844246154], [-10248.422469447883, -7278.0895418360715, 1560.0], 8, 3, 2], "18": [[-15571.934156812957, 6392.1299066799165, 1371.74911922995], [-13909.378486541545, 4863.4309717372835, 1560.0], 18, 2, 2], "19": [[-15455.329757622883, 6527.24962649947, 1544.3691256246468], [-13617.797903769151, 5150.215970976143, 1560.0], 12, 2, 2], "2": [[-8664.30086386533, -17352.738137272176, 1334.0778998310723], [-7910.9082027696695, -13054.623306943617, 1560.0], 29, 2, 2], "20": [[-14062.95273398077, 6960.385772661792, 971.77063041251], [-13229.720635935495, 5011.661803157118, 1560.0], 34, 2, 2], "21": [[-14282.747417388524, 6255.943080116683, 1106.923772687302], [-13401.77769861012, 4656.920153477758, 1560.0], 14, 2, 2], "22": [[-13434.964606425725, 7292.407031502804, 1193.5387077054381], [-12523.553939193142, 5498.5088330377675, 1560.0], 37, 2, 2], "23": [[-12827.142134661664, 6852.23401371881, 1378.7344772191955], [-11964.119826622766, 5454.801839391539, 1560.0], 26, 2, 2], "24": [[-13104.722314326102, 5735.585167395043, 1108.4511962800875], [-12727.995362686059, 4394.259639706617, 1560.0], 80, 2, 2], "25": [[-12404.244365229284, 5765.394497275014, 1316.915503995162], [-11966.585385360744, 4644.273997979757, 1560.0], 48, 3, 3], "26": [[-12004.728360174026, 6720.500775998195, 1484.7822131482246], [-11367.694976661613, 5468.550564170185, 1560.0], 123, 3, 3], "27": [[-10870.457643904667, 6966.104788596878, 1545.8849117940053], [-10235.958517211497, 5887.4643848637415, 1560.0], 46, 3, 3], "28": [[-10274.187752380984, 7728.740078646804, 1402.353721733804], [-10015.680794905378, 6205.280804278855, 1560.0], 71, 3, 3], "29": [[-10442.517204489228, 9064.451363602973, 1500.5309031594288], [-9711.940864558745, 7242.88722919267, 1560.0], 60, 3, 3], "3": [[-8209.825688424158, -15951.59170496027, 1108.6592910899099], [-7690.890687708079, -12957.51238138491, 1560.0], 45, 3, 2], "30": [[-9253.90215748097, 10353.161658683655, 1559.9999099848062], [-8475.630523291595, 8236.779610529371, 1560.0], 18, 3, 3], "31": [[-7540.823357155131, 11627.016364538184, 1285.2034557523082], [-7470.812041430017, 8812.896561979653, 1560.0], 11, 3, 3], "32": [[-7861.576877327386, 10159.422969404006, 1313.9901320098843], [-7626.50608442225, 8084.916022174365, 1560.0], 24, 3, 3], "33": [[4305.721221868631, 11089.963233687278, 1335.9152889145998], [2139.737339934556, 9129.733910016665, 1560.0], 39, 3, 3], "34": [[5738.453255181529, 12341.92672365975, 1339.3638905975142], [3510.250770727278, 10108.7325390625, 1560.0], 15, 3, 3], "35": [[8490.95059006486, 10703.568927186758, 1559.9999699515924], [7187.044149205286, 9366.173324615347, 1560.0], 25, 3, 3], "36": [[10180.721048434445, 10276.97588272489, 1620.0002074696715], [9458.288872890113, 9253.14038284631, 1620.0], 25, 3, 3], "37": [[10843.782309800581, 9835.764291091671, 1630.4029780735102], [9889.975374639955, 8779.211730495037, 1600.0], 85, 3, 3], "38": [[10783.806383535068, 9373.293593902186, 1600.5964212788297], [9997.31864879457, 8507.984917655476, 1560.0], 45, 3, 3], "39": [[12178.627867269215, 8659.094188361905, 1559.9997419504657], [11897.979708266243, 8204.75623517292, 1560.0], 63, 2, 2], "4": [[-15521.787749780413, -9569.722825608578, 1604.794516645594], [-13787.725677993194, -8488.71025291889, 1560.0], 23, 3, 2], "40": [[14937.561657844504, 9234.84608669362, 1559.9997297476832], [14916.536276084371, 8934.047835262474, 1560.0], 88, 2, 2], "41": [[15740.635551961495, 8597.670388921511, 1789.999842072325], [14680.478485803953, 7991.552210960096, 1790.0], 0, 2, 2], "42": [[16037.454339829397, 8075.660278753546, 1660.0004140323083], [15220.032556456963, 7547.782127349626, 1660.0], 2, 2, 2], "43": [[14150.296019899191, 7182.361499192835, 1630.0003692743653], [13954.085669474125, 6892.747301023078, 1630.0], 8, 2, 2], "44": [[12785.593337454784, 7652.495528189557, 1759.9997978746208], [11667.209522513358, 7000.308972493382, 1760.0], 0, 2, 2], "45": [[12343.748452776425, 6791.656878997225, 1749.9997097102726], [12088.252965810256, 6436.376523553288, 1750.0], 1, 2, 2], "46": [[11160.16542603592, 7294.906793048023, 1451.2032091695335], [9466.338558486226, 6481.13853636354, 1560.0], 7, 3, 3], "47": [[11041.739342178604, 7607.1948838840835, 1557.3217130183066], [9556.26428631325, 6816.94014008144, 1560.0], 55, 3, 3], "48": [[11620.81327762294, 7774.979976618214, 1559.9999730490397], [10612.417685600343, 7199.905293347386, 1560.0], 1, 3, 2], "49": [[9701.278725399761, 1455.9934818046768, 1536.6792909214653], [9326.587631868415, 1215.0765348509947, 1560.0], 22, 3, 3], "5": [[-15275.779655530434, -9581.260337438336, 1560.0003701295357], [-13675.972278712397, -8477.607394072718, 1560.0], 4, 3, 2], "50": [[14203.006868406914, 1274.5093745495576, 1669.9993609188898], [14235.635493411786, 1224.8383668405893, 1670.0], 6, 2, 2], "51": [[14919.171547395808, 929.7869865241612, 1679.999893218633], [14690.133479774084, 902.5033906227814, 1680.0], 1, 2, 2], "52": [[14845.494728054256, -10366.136658170159, 1430.2642019404832], [12922.934948263337, -9761.058471421225, 1560.0], 25, 3, 3], "53": [[15609.576634720324, -10195.489011380667, 1411.8599039568521], [13733.024872026444, -9480.270752550918, 1560.0], 9, 3, 3], "54": [[16584.313784841925, -10015.166483534063, 1443.6225120499826], [15094.635911452131, -9499.790031684885, 1560.0], 26, 3, 3], "55": [[17262.03392561359, -10056.51587181485, 1560.0003319127595], [15748.435357391576, -9614.296694142766, 1560.0], 28, 3, 3], "56": [[21411.93179948028, -11523.789946038112, 1559.9999819289965], [20341.585625240332, -10042.623185030416, 1560.0], 11, 2, 2], "57": [[11979.393572497429, -11566.231832722704, 1159.8799307226877], [9096.177749123428, -10448.446103378557, 1560.0], 19, 3, 3], "58": [[12990.048030154314, -14824.000993839263, 1534.3074097888393], [11375.2504680386, -13322.169201889019, 1560.0], 19, 3, 3], "59": [[10084.799976270633, -13312.03117072515, 1364.9388941350633], [7855.280216856073, -11846.28166262304, 1560.0], 9, 2, 2], "6": [[-14494.924911665057, -9275.74942202666, 1560.0001462963028], [-13184.995888068313, -8372.313559729395, 1560.0], 5, 3, 2], "60": [[8565.589450139083, -14247.514704013942, 1198.9705136395112], [5775.843920384708, -12305.172052062895, 1560.0], 6, 3, 3], "61": [[8867.506007955439, -15447.719563713516, 1343.9894988611543], [6939.094799723315, -13489.884237068789, 1560.0], 17, 3, 3], "62": [[10696.488614265765, -15933.6396250408, 1321.506684998772], [7791.412674345187, -13698.34611546447, 1560.0], 8, 3, 3], "63": [[11115.827373095966, -16476.590987352793, 1401.7242283272553], [8127.142241015103, -13979.207336073205, 1560.0], 8, 3, 3], "64": [[11197.297405921026, -17906.495772106857, 1448.5493630205865], [8497.094478392486, -15019.96817373156, 1560.0], 11, 3, 3],