{"0": [[-11189.34734216181, 4807.85811879241, 1183.6979897064073], [-11423.180784241322, 3824.529450690926, 1560.0], 113, 3, 3], "1": [[-12768.85769847648, 3956.622665370508, 1232.4319433750163], [-12703.57646711906, 3143.5283352917636, 1560.0], 83, 3, 3], "10": [[-10424.039728039425, 489.80668914328527, 1435.1436353650454], [-10740.10575033486, 283.3175753320484, 1560.0], 77, 3, 3], "11": [[-12807.662489551742, 120.65333230495995, 1448.8756543941709], [-12807.731099501543, -34.25594768772292, 1560.0], 53, 3, 3], "12": [[-8837.25741386433, -689.6880541452144, 1333.973140330384], [-9424.252694366098, -854.0737329267533, 1560.0], 76, 3, 3], "13": [[-8281.606444711493, 1580.9511131538682, 1559.9722943225402], [-8238.205410223474, 1465.8485049247668, 1560.0], 34, 3, 3], "14": [[-10978.340927714531, -931.1464516319288, 1412.292151642521], [-11133.224301170736, -975.0274146242808, 1560.0], 11, 3, 2], "15": [[-12435.777706785155, -1086.0517908135475, 1514.4148663016183], [-12434.80123014891, -1180.9363179840752, 1560.0], 54, 3, 3], "16": [[-13011.695922894798, -1128.9079881852683, 1535.1890941953197], [-12929.08030014085, -1227.3127955613757, 1560.0], 92, 3, 3], "17": [[-10494.99102134298, -2852.300757875368, 1358.5656684350122], [-10839.58967277318, -2836.2349884057685, 1560.0], 9, 3, 2], "18": [[-11771.276259534685, -2191.9383668533924, 1486.113316693653], [-11784.649053903955, -2202.93506184689, 1560.0], 7, 3, 2], "19": [[-12032.811597029393, -2370.0934933549324, 1560.0001959245699], [-11870.012985781384, -2361.9327912992285, 1560.0], 3, 3, 2], "2": [[-14380.092249715202, 3238.9484890865865, 1559.9999908781945], [-13558.449445319973, 2856.939845987058, 1560.0], 0, 2, 1], "20": [[-11892.07683540647, -4108.226305278279, 1522.3428359979116], [-11857.048135660314, -4037.9710604204747, 1560.0], 16, 3, 2], "21": [[-12498.943754606255, -4259.035232617006, 1511.2948524374822], [-12403.264540888547, -4180.371062750413, 1560.0], 8, 3, 2], "22": [[-12863.362691454236, -4323.47640011928, 1451.02887988602], [-12777.074560586303, -4226.266658151408, 1560.0], 9, 3, 2], "23": [[-11511.693537948091, -5361.3926381110505, 1434.7893188250036], [-11495.047224036058, -5207.430735362352, 1560.0], 19, 3, 2], "24": [[-12710.475404109355, -6036.27300074416, 1456.8965586396441], [-12464.380969626816, -5811.449602631422, 1560.0], 9, 3, 2], "25": [[-13757.586710916672, -5555.496357691248, 1367.3091765107388], [-13569.356195073193, -5296.2999958592, 1560.0], 10, 3, 2], "26": [[-14462.795622141835, -5469.024237134885, 1560.0000405996698], [-13952.70747411593, -5303.943698752591, 1560.0], 9, 3, 2], "27": [[-8858.01916332501, 8655.5207164095, 1367.0474872100913], [-8857.349926835144, 6887.170228930732, 1560.0], 80, 3, 3], "28": [[-10073.527664802716, 7366.429323012651, 1390.8865552499033], [-9712.891408303854, 6110.9593053648205, 1560.0], 5, 3, 3], "29": [[-9777.624845742092, 9262.77146084966, 1497.6359893034544], [-9181.501947104309, 7437.11096821934, 1560.0], 61, 3, 3], "3": [[-10446.409812820719, 3371.195787578374, 1343.128956454008], [-10614.858175188256, 2893.6575284989576, 1560.0], 41, 3, 3], "30": [[-10901.852889896008, 8449.691989276158, 1517.758222691421], [-10105.740288237474, 6845.66373865933, 1560.0], 46, 3, 3], "31": [[-10438.431127200043, -11108.966691814152, 1559.9998718425395], [-9588.456347788915, -9981.826320508371, 1560.0], 7, 3, 2], "32": [[-12415.192342764354, -10895.50736551636, 1559.999816239237], [-11212.566944261755, -9652.645321968086, 1560.0], 0, 3, 2], "33": [[-7784.529930674236, -13833.064831074682, 1488.5247756885285], [-7256.410019065115, -12152.888363360486, 1560.0], 34, 3, 2], "34": [[-5195.724375791406, -16342.499410203873, 1259.1764174561547], [-5151.4624240700405, -13608.36962441126, 1560.0], 20, 3, 2], "35": [[-1058.633358186476, -18252.347583374758, 1647.9311121164064], [-1395.1609354120421, -14907.922130135874, 1560.0], 40, 3, 3], "36": [[-1130.0350852177016, -16659.91564097651, 1463.0412104480622], [-2327.3718440549087, -13683.743964037934, 1560.0], 115, 3, 3], "37": [[-1283.6472092961772, -15352.676728858774, 1474.4667805510292], [-2123.0320649495166, -13095.832193080014, 1560.0], 75, 3, 3], "38": [[1256.806085124027, -18097.848522956807, 1522.534478000718], [17.670912425248062, -14730.587620873675, 1560.0], 21, 3, 3], "39": [[1416.7874924693945, -16922.832476444946, 1427.3968074633524], [47.04203199238343, -14043.138105285827, 1560.0], 14, 3, 3], "4": [[-11046.899713814313, 2196.949746524162, 1214.9963713209536], [-11472.750203782425, 1734.8509915252953, 1560.0], 79, 3, 3], "40": [[-24.8682009417706, -15249.638800216802, 1493.8463364364338], [-1138.0731160025882, -13017.276299559684, 1560.0], 54, 3, 3], "41": [[1091.6714042860963, -14229.481684388535, 1388.6327880984306], [-126.63714022082324, -12415.64106004703, 1560.0], 13, 3, 3], "42": [[3834.1078283186366, -13662.745507908156, 956.9481563661168], [1023.7936132539746, -11657.534924707325, 1560.0], 26, 3, 3], "43": [[2705.514507680779, -16104.6062335546, 1347.5980196607593], [602.2786010300559, -13429.835276072878, 1560.0], 21, 3, 3], "44": [[5988.591651342304, -16585.78235896138, 1179.8081926300245], [3095.0034180758507, -13695.302573588478, 1560.0], 4, 3, 3], "45": [[5888.183301471553, -17236.766260356922, 1142.9086378770817], [3563.4780257742577, -14219.661912586918, 1560.0], 27, 3, 3], "46": [[5613.991254438759, -17860.87161730683, 1276.38941159217], [3328.066897207621, -14651.316816974653, 1560.0], 12, 3, 3], "47": [[12177.06569654917, -7273.03296548678, 1334.113187971531], [10180.537157532657, -7124.856993925015, 1560.0], 45, 3, 3], "48": [[12665.218274278144, -6765.673800579467, 1416.9346143503758], [12046.040705307225, -6728.953689313432, 1560.0], 33, 3, 3], "49": [[13652.225622112648, -7081.209209014587, 1466.3570014090258], [12511.271426253366, -7001.213707800695, 1560.0], 42, 3, 3], "5": [[-13178.798070533361, 2344.257933749152, 1483.8820134225402], [-12882.871607427487, 2033.2706591531417, 1560.0], 75, 3, 3], "50": [[15041.898608608411, -8146.741467422037, 1182.9066673015598], [12160.174535782266, -7710.859887890962, 1560.0], 30, 3, 3], "51": [[15557.538402723261, -8271.330974431863, 1234.482389381618], [12727.067385493401, -7791.2813301988135, 1560.0], 20, 3, 3], "52": [[15958.352379427544, -7591.552650386223, 1356.4239852792857], [13796.127484085602, -6932.452361323362, 1560.0], 30, 3, 3], "53": [[16628.990898164884, -7527.196420028052, 1415.3162021901196], [15113.40258103307, -6968.793569253955, 1560.0], 43, 3, 3], "54": [[14746.49349719599, -5597.327759276294, 1408.0971732701455], [13772.599395828054, -5681.600480110205, 1560.0], 31, 3, 3], "55": [[11936.273313955735, -3895.6390367326767, 1474.4042349014178], [11553.097901404866, -3976.2181293195863, 1560.0], 9, 3, 3], "56": [[9816.176072759792, -5798.413001268389, 1484.4642722828924], [8776.992803737445, -5655.841381602577, 1560.0], 14, 3, 3], "57": [[9192.908009458899, -2496.122112220844, 1559.9998993281956], [9529.420941131375, -2436.381124579982, 1560.0], 3, 3, 3], "58": [[15502.709084419259, -3600.103494395519, 1328.7070607929618], [14780.69458886266, -3524.5037597156706, 1560.0], 47, 3, 3], "59": [[15594.809612912795, -5162.40148655567, 1511.2418951093878], [15434.347376091713, -4987.049449723977, 1560.0], 15, 3, 3], "6": [[-14099.821891368292, 2068.92093669185, 1300.8311350810336], [-13892.908410738319, 1641.4410725970215, 1560.0], 37, 2, 2], "60": [[12369.393633264313, -404.8081751761424, 1559.9998313653175], [13503.529075197821, -585.4738204523773, 1560.0], 40, 3, 3], "61": [[13518.340593418008, -1034.5845420058592, 1559.9999130375056], [13271.054950298705, -1175.826284984612, 1560.0], 18, 3, 3], "62": [[14729.632988568637, -1004.9317014787367, 1560.0000399470998], [15122.122941474554, -1241.755737154888, 1560.0], 27, 3, 3], "63": [[15604.947579885114, -1671.9958019143608, 1559.9999397326403], [16159.827371837004, -1959.0308605996947, 1560.0], 32, 3, 3],