{
  "0": [
    [
      -7805.190037416405,
      -17578.139367892643,
      1559.9997027875058
    ],
    [
      -6997.302468706726,
      -13861.839701624016,
      1560
    ],
    0,
    1,
    1
  ],
  "1": [
    [
      -6446.977318175585,
      -17822.08163370518,
      1074.2697101724532
    ],
    [
      -6705.595148654821,
      -13535.523261306822,
      1560
    ],
    51,
    3,
    2
  ],
  "2": [
    [
      -9192.574583628568,
      -17404.26510704312,
      1315.4450304463476
    ],
    [
      -8209.55779053873,
      -13010.388461956734,
      1560
    ],
    13,
    2,
    2
  ],
  "3": [
    [
      -8524.827899443468,
      -17285.13837170789,
      1265.9314282647242
    ],
    [
      -7905.775449033303,
      -12981.64205856886,
      1560
    ],
    16,
    2,
    2
  ],
  "4": [
    [
      -12972.238100972289,
      -12351.860475077392,
      1540.2134003796675
    ],
    [
      -11413.505349275294,
      -10372.62843338828,
      1560
    ],
    35,
    2,
    2
  ],
  "5": [
    [
      -14639.432688724699,
      -6256.91427764717,
      1180.7085992681061
    ],
    [
      -14413.450142431366,
      -5766.210663696991,
      1560
    ],
    112,
    3,
    2
  ],
  "6": [
    [
      -12235.412775174547,
      -7090.200688805329,
      1235.3018801261276
    ],
    [
      -12289.877973839473,
      -6563.323828445806,
      1560
    ],
    21,
    3,
    2
  ],
  "7": [
    [
      -10829.361177168506,
      -7956.178835724273,
      981.0059037722343
    ],
    [
      -11430.030819404137,
      -7143.448125920118,
      1560
    ],
    99,
    3,
    2
  ],
  "8": [
    [
      -4054.489060757518,
      -13096.65066070735,
      1141.3710537164995
    ],
    [
      -5093.324905885734,
      -11174.006491298109,
      1560
    ],
    54,
    3,
    3
  ],
  "9": [
    [
      4462.305498179614,
      -13414.050269627343,
      1160.647405902133
    ],
    [
      1989.020603057803,
      -11586.472993983269,
      1560
    ],
    3,
    3,
    3
  ],
  "10": [
    [
      6945.755508604098,
      -16715.776203394795,
      1097.6716818684333
    ],
    [
      3832.8489633212585,
      -13710.30350855993,
      1560
    ],
    9,
    3,
    3
  ],
  "11": [
    [
      13639.893776805739,
      -18889.630135304822,
      1395.7007783635863
    ],
    [
      12489.465857319286,
      -16220.53843753817,
      1560
    ],
    75,
    3,
    2
  ],
  "12": [
    [
      4883.927482493067,
      -16807.731223509007,
      1559.999931039491
    ],
    [
      5131.642118246735,
      -16947.92509102732,
      1560
    ],
    0,
    3,
    1
  ],
  "13": [
    [
      5753.361613876743,
      -17573.71346621493,
      1559.999966048251
    ],
    [
      6284.143721776457,
      -17885.314914826005,
      1560
    ],
    0,
    3,
    1
  ],
  "14": [
    [
      3963.166858373834,
      -17199.352385103364,
      1560.0000127223875
    ],
    [
      4357.75100050392,
      -17371.351293837946,
      1560
    ],
    0,
    3,
    1
  ],
  "15": [
    [
      3480.530012864727,
      -17114.104919856523,
      1560.00007464872
    ],
    [
      3682.1248844512993,
      -17149.156461577382,
      1560
    ],
    0,
    3,
    1
  ],
  "16": [
    [
      -2189.741501291597,
      -8482.774236493347,
      1240.56902771848
    ],
    [
      -3076.2930935265917,
      -7949.838700733953,
      1560
    ],
    30,
    3,
    3
  ],
  "17": [
    [
      13820.097560341726,
      -10298.203483996673,
      1088.0185624094743
    ],
    [
      11269.950613262205,
      -9443.592485756291,
      1560
    ],
    56,
    3,
    3
  ],
  "18": [
    [
      21201.500807309156,
      -13543.61244827082,
      1415.5838920474928
    ],
    [
      18651.13335900998,
      -12431.466299976895,
      1560
    ],
    45,
    3,
    3
  ],
  "19": [
    [
      18005.948798148813,
      -14734.368578325206,
      1337.8320433819085
    ],
    [
      15620.255640155385,
      -13177.558098835221,
      1560
    ],
    82,
    3,
    3
  ],
  "20": [
    [
      16560.508374704135,
      -15626.283555276299,
      1494.484726619272
    ],
    [
      14340.63490305942,
      -13888.52687885933,
      1560
    ],
    44,
    3,
    3
  ],
  "21": [
    [
      13786.66403152457,
      -7480.485607764037,
      1110.5290773968195
    ],
    [
      11308.58290314842,
      -7065.202580621055,
      1560
    ],
    35,
    3,
    3
  ],
  "22": [
    [
      15634.219787659355,
      -6821.9908622085495,
      1411.7701347867614
    ],
    [
      14528.219899400336,
      -6787.357262678165,
      1560
    ],
    85,
    3,
    3
  ],
  "23": [
    [
      14724.363725112247,
      -6085.801023162678,
      1559.9998691024082
    ],
    [
      13561.989564640433,
      -6116.870976853832,
      1560
    ],
    43,
    3,
    3
  ],
  "24": [
    [
      13817.827988005165,
      -1723.508281548687,
      1476.1592286250761
    ],
    [
      13038.50432485649,
      -1757.925005289203,
      1560
    ],
    39,
    3,
    3
  ],
  "25": [
    [
      9097.469619221634,
      -1803.1029981799416,
      1087.803573693451
    ],
    [
      5760.641739055253,
      -1867.1996051219758,
      1560
    ],
    129,
    3,
    3
  ],
  "26": [
    [
      11513.069200814336,
      4133.534199275741,
      1340.721349847216
    ],
    [
      9543.798674667665,
      3453.739770528108,
      1560
    ],
    77,
    3,
    3
  ],
  "27": [
    [
      13391.477195880232,
      5722.362267722428,
      1358.6651348984058
    ],
    [
      10987.291956411333,
      5008.437546295807,
      1560
    ],
    40,
    3,
    3
  ],
  "28": [
    [
      15757.769277825026,
      6878.440022131411,
      1559.9999922231912
    ],
    [
      14099.543304127574,
      6227.525705353102,
      1560
    ],
    5,
    2,
    2
  ],
  "29": [
    [
      12736.788070029374,
      6718.779254313216,
      1559.9997150175668
    ],
    [
      13055.604072516224,
      6579.365205085424,
      1560
    ],
    67,
    2,
    2
  ],
  "30": [
    [
      12172.544091613296,
      7139.061509358699,
      1190.4300369553653
    ],
    [
      9876.044212688665,
      6267.878844985483,
      1560
    ],
    39,
    2,
    2
  ],
  "31": [
    [
      12848.69521939708,
      7834.269185640027,
      1559.999503679717
    ],
    [
      12200.05095792834,
      7394.297090412096,
      1560
    ],
    18,
    2,
    2
  ],
  "32": [
    [
      12662.071346396548,
      8755.396985449832,
      1559.9995145593532
    ],
    [
      11340.825228674848,
      8047.92854539125,
      1560
    ],
    12,
    2,
    2
  ],
  "33": [
    [
      17063.491408530575,
      8534.564928531823,
      1620.0001767172519
    ],
    [
      16184.27541456976,
      7912.799401753024,
      1620
    ],
    0,
    2,
    2
  ],
  "34": [
    [
      22752.549800838184,
      10064.764184257461,
      1559.9999932401138
    ],
    [
      21345.912113152594,
      9328.670166966162,
      1560
    ],
    0,
    2,
    1
  ],
  "35": [
    [
      25526.956181240144,
      10543.83695265364,
      1559.9999126211515
    ],
    [
      23070.00778897824,
      9466.620699374083,
      1560
    ],
    0,
    2,
    1
  ],
  "36": [
    [
      23852.017470109302,
      8808.72427842112,
      1559.9999957449713
    ],
    [
      22612.31892610974,
      8205.717188956674,
      1560
    ],
    0,
    2,
    1
  ],
  "37": [
    [
      10730.23601074348,
      9638.233768099302,
      1560.000063359219
    ],
    [
      10631.742184268516,
      9126.283312891972,
      1560
    ],
    57,
    2,
    2
  ],
  "38": [
    [
      6786.107206751209,
      8795.080908081241,
      1378.9920483602034
    ],
    [
      4562.1631921579565,
      7462.694256042488,
      1560
    ],
    76,
    3,
    3
  ],