{"0": [[-10480.577299018547, 9769.986296890867, 1471.8219656885533], [-9705.817909240932, 7599.586683031351, 1560.0], 65, 3, 3], "1": [[-11153.704991847024, 8303.297892128901, 1343.8908660606364], [-10616.245291510946, 6482.7403174809615, 1560.0], 116, 3, 3], "10": [[-12533.67944407176, -6865.191315894639, 1560.000061935185], [-12034.864915897278, -6586.956069399625, 1560.0], 2, 3, 2], "11": [[-13141.28289201238, -6719.783848255831, 1560.0000110765525], [-12592.383976482895, -6455.657958617909, 1560.0], 4, 3, 2], "12": [[-13552.016873298107, -7532.637960722793, 1560.000230881165], [-12812.424755084458, -7103.074785441864, 1560.0], 0, 3, 1], "13": [[-14922.5384228495, -6403.416232859873, 1560.0004504906274], [-14150.363659524552, -6107.5473583076055, 1560.0], 24, 3, 2], "14": [[-11690.842212288977, -8200.50417023987, 1559.999826554269], [-11152.387203779123, -7728.2709248169685, 1560.0], 4, 3, 2], "15": [[-13779.583892069031, -9113.563339436183, 1559.999862327445], [-12703.675748608588, -8289.183851635818, 1560.0], 6, 3, 2], "16": [[-9849.14832842511, -15148.41156459907, 1560.000013406699], [-8564.828198242614, -12258.56227992657, 1560.0], 13, 3, 2], "17": [[-9605.358715199347, -16476.029834496614, 1560.0000028735703], [-8216.275747592346, -13189.75498055798, 1560.0], 0, 1, 1], "18": [[7529.513257050929, -18340.592407488, 1421.3437919630055], [5065.448546599453, -15111.83706838451, 1560.0], 6, 3, 3], "19": [[8344.309066831944, -17660.89009049282, 1505.770224875085], [6098.2907303356415, -14882.404634916147, 1560.0], 11, 3, 3], "2": [[-11701.743411999587, 6653.389715682248, 1491.428175985243], [-11018.979076954267, 5574.06514196393, 1560.0], 42, 3, 2], "20": [[11816.026251291358, -15473.703537873425, 1606.9840805133658], [9881.107136098031, -13785.077572448216, 1560.0], 15, 3, 3], "21": [[12869.821186073757, -13878.43411772981, 1610.303475642577], [12837.824223008698, -13056.148813595402, 1560.0], 54, 3, 3], "22": [[14173.888333090283, -13213.624397892438, 1560.768436598486], [12731.83965419869, -12218.879639805682, 1560.0], 34, 3, 3], "23": [[12534.767075591286, -11270.253660226503, 1341.441181191363], [10784.216967398605, -10348.772691938973, 1560.0], 6, 3, 3], "24": [[13301.386587374478, -11857.109240568627, 1518.549473396215], [12726.149057264693, -11190.57333144248, 1560.0], 32, 3, 3], "25": [[15722.414268597251, -9390.942441906916, 1431.0509901768683], [13415.129255881771, -8878.303879288811, 1560.0], 42, 3, 3], "26": [[16787.52219457645, -10307.01604335108, 1406.057692631119], [13733.024872026444, -9480.270752550918, 1560.0], 6, 3, 3], "27": [[12455.127488837152, 1051.33944465168, 1559.9999452696347], [11764.953209427667, 902.7235169233355, 1560.0], 8, 3, 3], "28": [[12489.856112417841, 1353.1332897367054, 1559.999596878802], [12292.941139966511, 834.8829322260575, 1560.0], 94, 3, 3], "29": [[13497.64019076349, 934.3199963090917, 1559.9999951079667], [12792.338468570126, 646.4873810152708, 1560.0], 17, 3, 3], "3": [[-10072.692954168077, 6999.148092696072, 1436.1889975025892], [-9672.359732462888, 5895.200649556002, 1560.0], 6, 3, 2], "30": [[14017.382585749265, 1090.2384649803178, 1559.9998667660775], [14749.994339551724, 1040.6137067347463, 1560.0], 17, 3, 3], "31": [[14487.301370758258, 1378.229157178357, 1560.000207913123], [16254.741564818481, 1543.2034269205033, 1560.0], 41, 3, 3], "32": [[15060.762507491645, 4559.306507590661, 1639.9998438690445], [14937.35060413586, 4453.567424817911, 1640.0], 2, 2, 2], "33": [[8565.789130142784, 10575.986324574113, 1359.2621206670137], [5922.5602210723, 8821.711769440291, 1560.0], 10, 3, 3], "34": [[8857.6282837818, 10185.817049597377, 1535.5716138373864], [7092.897347540277, 8954.640784458357, 1560.0], 24, 3, 3], "35": [[17442.942520643643, -17545.030099116255, 2212.502998941244], [17985.81232276865, -16381.35126645416, 1560.0], 10, 3, 3], "36": [[19020.078182601537, -13910.685158687606, 1559.9999597796914], [16026.972541570743, -12620.084367848702, 1560.0], 25, 3, 3], "37": [[15187.148896350847, 1288.9473071409247, 1640.0001373387938], [15012.975981123114, 1176.0250298775347, 1640.0], 2, 2, 2], "38": [[15763.87929911446, 1811.0992277301277, 1839.9998398299], [15430.7945913459, 1682.1670043689796, 1840.0], 0, 2, 2], "39": [[13003.630409136476, 9981.505296549354, 1405.6236035485372], [9997.31864879457, 8507.984917655476, 1560.0], 24, 2, 2], "4": [[-11184.30204692742, 5776.225464670285, 1559.9998472123293], [-10634.022544417896, 5019.759043008885, 1560.0], 24, 3, 2], "40": [[14389.78206924139, 8966.516713296585, 1560.0001849666326], [13567.01739542377, 8326.928893995911, 1560.0], 0, 2, 2], "41": [[16112.369481067373, 9950.098419854336, 1839.9999616092568], [14744.375241176587, 9070.55256858658, 1840.0], 2, 2, 2], "42": [[16692.558664827495, 7754.3556109520105, 1560.0002819640265], [14297.649523540727, 6865.923680461284, 1560.0], 42, 2, 2], "43": [[11535.18409518492, 10175.334315368138, 1560.0000872024991], [10690.159835997976, 9356.888919321727, 1560.0], 5, 2, 2], "44": [[-8849.281173676409, 21298.77495156192, 1749.999828516833], [-8496.45732338814, 20631.851411478172, 1750.0], 0, 1, 1], "45": [[-9691.204920787066, 21384.75514548888, 1750.0002971310978], [-9152.714210698605, 20568.04919206033, 1750.0], 0, 1, 1], "46": [[-7887.886748073999, 19558.240657133647, 1749.9997662327403], [-7746.246022176658, 19268.647548143526, 1750.0], 0, 1, 1], "47": [[-9461.02252073118, 18762.981220349953, 1749.9997276927256], [-9152.156453915024, 18369.376492156767, 1750.0], 0, 1, 1], "48": [[-8258.498244439716, 15548.090623276232, 1750.0004026179656], [-8147.697423883284, 15469.72137101223, 1750.0], 0, 1, 1], "49": [[-8652.857564866106, 14316.839395073875, 1750.000215071402], [-8546.672172957811, 14270.196169634728, 1750.0], 0, 1, 1], "5": [[-12637.401745432777, 4452.000131912317, 1516.7342757046274], [-11988.02996073053, 3910.5981989559996, 1560.0], 5, 3, 2], "50": [[7747.913894450749, -23088.405536592592, 1560.0003906500497], [5067.9933102960595, -17604.160029537852, 1560.0], 14, 2, 2], "51": [[7208.089719260294, -24359.919952045002, 1650.0001879258216], [3938.1656883653727, -17773.26084045084, 1650.0], 5, 2, 2], "52": [[7838.366079930359, -26089.77552986917, 1789.9996790756686], [3642.2554615053045, -18130.808950489685, 1790.0], 8, 2, 2], "53": [[9833.879241362023, 3149.560825283729, 1950.0001847972815], [2657.518638175663, -18484.647076225057, 1950.0], 0, 3, 1], "54": [[9808.105191710354, -2636.0882240712313, 1749.9997589296124], [6716.378513683339, -24106.93260312737, 1750.0], 0, 2, 1], "57": [[9970.027447152701, 9887.881027236168, 1921.900572832884], [8770.988594576145, 9037.543251790084, 1560.0], 121, 3, 2], "58": [[6019.350089885921, 15970.801283179224, 1751.7305766159066], [3630.3280071615277, 12515.833334178162, 1920.0], 34, 3, 3], "59": [[7054.8991940456135, 19244.34249658457, 1719.0444330098248], [4510.396412508269, 14422.112655106612, 1950.0], 36, 3, 2], "6": [[-13758.111577094967, 5253.768828408867, 1559.9998532849388], [-12654.856996901217, 4499.53451210919, 1560.0], 0, 2, 1], "60": [[7736.401575148882, 20992.980972957834, 1559.999767268134], [5189.982213446306, 15683.24873893882, 1560.0], 0, 1, 1], "61": [[7399.173248846925, 21185.259577991583, 1560.0000931477878], [4872.361740509413, 15717.766921210909, 1560.0], 0, 1, 1], "62": [[7035.926190974887, 21281.74478808215, 1559.9999717225653], [4548.383328460144, 15669.48098799101, 1560.0], 0, 1, 1], "63": [[6534.484512005811, 21524.09160631837, 1559.9999147640658], [3935.7735523536076, 15652.058499909066, 1560.0], 0, 1, 1], "64": [[5560.718246103016, 22007.467731414756, 1560.0001904339636], [3073.8209572144215, 15656.322085887938, 1560.0], 0, 1, 1], "65": [[5793.116759201168, 21862.42976854138, 1559.9996369376454], [3363.0872158305106, 15706.151347715038, 1560.0], 0, 1, 1], "66": [[5884.842144885665, 21825.52279407821, 1559.9998715363993], [0, 0, 1560], 0, 1, 1], "67": [[9817.400191480014, -13402.716403568542, 1530.886883119535], [0, 0, 1560], 16, 2, 2],