{"0": [[-7951.54389130613, 12649.369806099696, 1456.3495700714984], [-7290.141692307398, 9614.464684889133, 1560.0], 11, 3, 3], "1": [[-8639.676893187981, 12135.612910945238, 1236.8880272294778], [-8533.114258983827, 8755.834318528885, 1560.0], 83, 3, 3], "10": [[-13773.238390778013, 5847.290445089269, 1352.9817518956206], [-12864.306623311833, 4671.482810957937, 1560.0], 31, 2, 2], "11": [[-14118.757682973695, 6541.781718978769, 1402.9428992725839], [-12940.48718121516, 5130.682728511993, 1560.0], 82, 2, 2], "12": [[-14561.594123252975, -5822.663192188388, 1560.0001185469225], [-13947.457314761756, -5625.137036964624, 1560.0], 2, 3, 2], "13": [[-13723.72378110175, -6402.826674035044, 1570.2005390897243], [-13099.521868000063, -6182.459635471759, 1560.0], 10, 3, 2], "14": [[-12931.182021459843, -6495.177616325578, 1559.999661645776], [-12471.261146086583, -6239.793115841407, 1560.0], 2, 3, 2], "15": [[-11331.318249706199, -7058.552933644011, 1489.5667868557414], [-11118.83203380399, -6723.256453782096, 1560.0], 9, 3, 2], "16": [[-14987.733453301573, -6892.493637276434, 1462.6011694741476], [-14256.067692285375, -6431.019355838522, 1560.0], 18, 3, 2], "17": [[-13327.732310427073, -7574.494383027837, 1559.999926329746], [-12586.573396643504, -7168.466751849806, 1560.0], 1, 3, 2], "18": [[-12793.261983548648, -7491.961241327834, 1560.0001719972292], [-12167.430052025884, -7123.635313575546, 1560.0], 1, 3, 2], "19": [[-12219.680519387168, -7125.380313124648, 1541.8982731696788], [-11839.479185858945, -6790.142784851255, 1560.0], 13, 3, 2], "2": [[-9103.838366991493, 10376.826446257213, 1751.7467115550837], [-7911.202733703429, 8646.606529004368, 1560.0], 73, 3, 3], "20": [[-11485.620991730597, -7469.621482912889, 1560.0000237367249], [-11059.056932230307, -7139.435614858753, 1560.0], 0, 3, 2], "21": [[-11013.128814325175, -8433.167894859898, 1560.0000551387723], [-10455.024941435162, -7975.41677124137, 1560.0], 0, 3, 2], "22": [[-14733.785466576139, -8556.948733590512, 1559.9999817404064], [-13555.077020688592, -7814.235573854955, 1560.0], 3, 3, 2], "23": [[-12459.834845351006, -11013.31170217753, 1743.0261241179207], [-11000.332780471592, -9876.324145474502, 1600.0], 11, 3, 2], "24": [[-10717.492657840161, -13052.164701896936, 1584.4678340723783], [-9359.533530475142, -11206.18886979808, 1560.0], 46, 3, 2], "25": [[-11245.482866783586, -13270.397407196191, 1560.000127792844], [-9779.796738253224, -11230.10540893606, 1560.0], 44, 3, 2], "26": [[-10900.858368454526, -14261.343793846254, 1767.3553578689437], [-9019.464299185021, -12004.939176814336, 1560.0], 18, 3, 2], "27": [[-11723.603454326014, -14552.650076491296, 1679.328354337398], [-9950.994707936012, -11738.150075892745, 1660.0], 12, 2, 2], "28": [[-7857.374240161732, -18036.07786919506, 1559.999954619783], [-6744.821298813217, -13789.294756346098, 1560.0], 9, 2, 2], "29": [[-8709.347869537894, -18352.481408599713, 1559.9999954070745], [-4216.2307203947685, -13559.028564122898, 1560.0], 0, 1, 1], "3": [[-10145.062878589544, 11194.427637799896, 1583.2438020177428], [-8978.014632456947, 8653.665632389338, 1560.0], 40, 3, 3], "30": [[-11402.684240008632, -14112.991686881227, 1559.999947915717], [-6127.974419870034, -10586.57340915508, 1560.0], 0, 1, 1], "31": [[-12101.028665780803, -16280.858683501254, 1560.000124883369], [-6243.476372887149, -10719.948099382838, 1560.0], 0, 1, 1], "32": [[-10977.455243302798, -15932.798613936513, 1559.9999147405197], [-5305.321001189725, -12287.363918118763, 1560.0], 0, 1, 1], "33": [[-2895.356900571971, -16790.543381014097, 1564.9636440177717], [-3238.5523102528914, -13855.82936238826, 1560.0], 110, 3, 3], "34": [[-620.2312192908333, -17134.864399420167, 1559.999944218646], [-1333.633577057944, -14172.69452720372, 1560.0], 4, 3, 3], "35": [[6978.870836074428, -18022.087010721894, 1318.3292341063927], [4428.716579274706, -14778.661420735556, 1560.0], 8, 2, 2], "36": [[7377.589318901565, -18831.146439584212, 1325.6724283973047], [4594.333454906187, -15189.509190680457, 1560.0], 9, 2, 2], "37": [[8538.58890098409, -17683.78339641705, 1559.9999564692898], [6892.138963681533, -15119.39549409557, 1560.0], 2, 2, 2], "38": [[9667.536577914032, -18964.55097012538, 1475.4300449756818], [7078.316765896741, -15572.50745130113, 1560.0], 14, 2, 2], "39": [[9961.614667315553, -18669.25776025572, 1560.0000297846132], [8425.990145338279, -15878.874191589197, 1560.0], 19, 2, 2], "4": [[-9906.2792451166, 10612.027194839984, 1399.9744920020003], [-9294.346967371986, 8018.5270984215485, 1560.0], 54, 3, 3], "40": [[12444.780999662671, -21316.096726782198, 1301.010553900367], [8812.790557680133, -16821.248032808657, 1560.0], 36, 2, 2], "41": [[12914.188459651836, -21775.491529672814, 1329.0844193976816], [9148.467547269998, -17118.039148566306, 1560.0], 28, 2, 2], "42": [[13254.582402560298, -24042.949859354914, 1560.0001779410911], [8745.54531218082, -18221.896285941748, 1560.0], 0, 1, 1], "43": [[17392.319128877803, -9348.242906365584, 1368.96024085332], [16434.185039875367, -10021.978194474093, 1560.0], 124, 2, 2], "44": [[16624.73138710129, -9350.46057552894, 1439.4766625327918], [15883.842527592182, -9878.836049969479, 1560.0], 90, 2, 2], "45": [[15889.037597764542, -9632.660034890874, 1275.4219346495447], [15094.197304576672, -10572.668169084422, 1560.0], 74, 2, 2], "46": [[15151.24949536703, -10181.590121574856, 1336.1761188653418], [14613.557395006244, -10817.210571901414, 1560.0], 53, 2, 2], "47": [[12953.590611065569, -13294.127868655514, 1749.9999884407796], [12950.664146677613, -12901.485649908536, 1750.0], 0, 1, 1], "48": [[12441.449271460717, -12850.556210826808, 1750.000001946012], [12464.282933288912, -12440.185461313613, 1750.0], 0, 1, 1], "49": [[16249.060747611136, -12019.90250355055, 1534.7112428533599], [15856.570835023042, -11602.13674865426, 1560.0], 13, 2, 2], "5": [[-8863.226769227143, 8731.197737160419, 1462.26928097338], [-8518.331509042575, 7169.169815318515, 1560.0], 18, 3, 3], "50": [[17457.931666976594, -11856.153692433008, 1576.7913033515122], [17403.992041484013, -10492.963925352846, 1560.0], 43, 2, 2], "51": [[18717.668555632103, -13897.901645281545, 1560.0000495110066], [18055.156439849787, -12582.796329338102, 1560.0], 3, 2, 2], "52": [[14765.305481078414, -12943.315618533132, 1749.9999655463623], [14614.586459167407, -12411.949649304155, 1750.0], 0, 1, 1], "53": [[16942.369294660082, -17447.503341130305, 1750.0002051817996], [16468.27272998072, -15837.250573519947, 1750.0], 0, 1, 1], "54": [[5693.973926598357, 12079.227061366264, 1427.6701085905759], [4161.894006279734, 10223.654422394186, 1560.0], 7, 3, 3], "55": [[7921.957006336735, 8408.494862171123, 1460.1283711905912], [6364.329334945938, 7491.198378460888, 1560.0], 21, 3, 3], "56": [[8241.657314515745, 9659.09333767965, 1482.1687694273212], [7069.206142825073, 8851.791783750185, 1560.0], 79, 3, 3], "57": [[9034.526464484215, 9676.97396581227, 1527.7988620373876], [7898.32590940657, 8942.554518078903, 1560.0], 58, 3, 3], "58": [[9823.45741339806, 9627.69398704453, 1552.7963105736285], [9224.703716284022, 9086.724805900734, 1560.0], 74, 3, 3], "59": [[9080.787485075516, 10830.935535465194, 1563.177183802156], [7647.072699117554, 9626.867580499307, 1560.0], 24, 3, 3], "6": [[-9981.916270520993, 7406.272237588488, 1424.9916996241275], [-9721.84816488293, 6066.4253053534785, 1560.0], 70, 3, 3], "60": [[6199.763166619928, 10912.073231196318, 1523.2460675325078], [5396.849655155353, 9699.9573279264, 1560.0], 20, 3, 3], "61": [[13348.083738670011, 9960.973551498982, 1560.0001694512014], [11015.191990446774, 8711.183800736448, 1560.0], 15, 2, 2], "62": [[14239.181252860537, 8463.59039892126, 1439.4178065215851], [11115.866025305435, 7223.8157080399, 1560.0], 28, 2, 2], "63": [[14973.76984562907, 7764.936118073784, 1487.6125128490025], [12606.431213930216, 6931.090023334683, 1560.0], 23, 2, 2],