{"0": [[-8085.981506752493, -18211.62707542844, 1559.9999145484342], [-7003.289794869761, -13907.28706969033, 1560.0], 0, 1, 1], "1": [[-8031.786737974101, -18416.686898335705, 1559.9998974775617], [-6766.734086704409, -13933.217733630188, 1560.0], 8, 2, 2], "10": [[-14355.372067979984, -8405.62160385437, 1836.409409208399], [-12878.96010550971, -7990.096016281898, 1560.0], 81, 3, 2], "11": [[-14880.05939991156, -7743.064686671606, 1651.2647217993754], [-13733.206450921667, -7281.461737224068, 1560.0], 15, 3, 2], "12": [[-10661.709875388862, -7487.637785923242, 1505.590421377544], [-10412.969856367334, -7145.642080822759, 1560.0], 9, 3, 2], "13": [[-11423.066083593287, -7035.534870328706, 1391.1024203861189], [-11341.53671845107, -6649.584505883649, 1560.0], 10, 3, 2], "14": [[-12348.927805853804, -6612.706940220221, 1506.092469810875], [-12030.212851603701, -6352.633617878839, 1560.0], 9, 3, 2], "15": [[-13634.315132362583, -6412.159863089441, 1391.652470830933], [-13310.861178699144, -6077.913916484755, 1560.0], 10, 3, 2], "16": [[-14185.24332455308, -6291.453711869475, 1554.0958516503215], [-13610.785451457992, -6030.617626003034, 1560.0], 10, 3, 2], "17": [[-15279.817698593828, -6471.833899252961, 1515.5462691421628], [-14514.133974835842, -6092.173330802223, 1560.0], 13, 3, 2], "18": [[-13315.00768307272, -7591.5203467674455, 1604.8297601906056], [-12527.920539786855, -7223.112507299385, 1560.0], 11, 3, 2], "19": [[-14638.045846866049, -6975.852695461555, 1559.9999876294532], [-13776.585808419943, -6610.289877180292, 1560.0], 19, 3, 2], "2": [[-8322.549226251496, -17604.86330845515, 1370.5207069779583], [-7605.938711181677, -13221.757574381638, 1560.0], 14, 2, 2], "20": [[-15592.326929169854, 6365.962405319816, 1357.6646662488588], [-13909.378486541545, 4863.4309717372835, 1560.0], 10, 2, 2], "21": [[-14954.869373943178, 7206.704499195605, 1201.25279176101], [-13516.801155907462, 5249.087809139087, 1560.0], 63, 2, 2], "22": [[-14349.637849997558, 6215.965246118928, 1125.3931651429923], [-13451.01912050369, 4623.811029818139, 1560.0], 58, 2, 2], "23": [[-13381.328172048068, 6795.2125780627575, 1100.820215603933], [-12721.21352886413, 5082.296241421706, 1560.0], 77, 2, 2], "24": [[-12733.282441969983, 6781.945895193396, 1487.2857140601502], [-11773.74353081885, 5544.855133240619, 1560.0], 21, 2, 2], "25": [[-12247.088849465434, 7787.289475483073, 1491.9049288543342], [-11186.015940737785, 6277.064437068564, 1560.0], 20, 2, 2], "26": [[-13174.332048549804, 5834.108618242535, 1092.5438487202014], [-12763.160550390103, 4465.055640319337, 1560.0], 36, 2, 2], "27": [[-12777.544212187711, 5571.904324192066, 1375.6159333887647], [-12211.752358861404, 4569.782109616646, 1560.0], 62, 3, 2], "28": [[-11898.950992551565, 6783.749117580863, 1464.8598381393663], [-11220.67414111994, 5557.431200202377, 1560.0], 56, 3, 3], "29": [[-10834.264819066104, 7139.9205933438225, 1559.999926634105], [-10122.136582539519, 6067.019241443803, 1560.0], 30, 3, 3], "3": [[-8196.903828741453, -15955.374209678583, 1196.3386355499601], [-7584.667228297866, -12995.86260104187, 1560.0], 27, 3, 2], "30": [[-10263.979828939931, 7834.293569019688, 1514.401837896973], [-9724.564882910723, 6454.233825766132, 1560.0], 78, 3, 3], "31": [[-9237.823887161965, 10286.798208985023, 1560.000065594502], [-8475.630523291595, 8236.779610529371, 1560.0], 18, 3, 3], "32": [[-8055.665807074707, 9995.941988968792, 1499.254646485782], [-7735.972031552291, 8060.524281851401, 1560.0], 31, 3, 3], "33": [[-7496.259868008137, 11533.374086875312, 1253.7505595662403], [-7601.637052661864, 8687.208170776172, 1560.0], 18, 3, 3], "34": [[-894.8871105829094, 12052.772715217745, 1538.0612758372122], [-1517.0704430119554, 10011.937162625398, 1560.0], 11, 3, 3], "35": [[5621.126618721694, 12237.097556276818, 1339.1176272521236], [3850.5684539463036, 10255.482800229807, 1560.0], 4, 3, 3], "36": [[7395.481090688627, 13285.256083933582, 1559.999985066879], [5334.200693990804, 11066.749929421836, 1560.0], 30, 3, 3], "37": [[8039.614819837166, 10380.383927821367, 1644.2523687498995], [7623.194382036513, 9522.521509394324, 1560.0], 20, 3, 3], "38": [[10122.655511200182, 10208.993656745855, 1650.4769454426114], [9305.112746757874, 9417.824278752723, 1560.0], 17, 3, 3], "39": [[11317.029773670733, 9825.935246682206, 1475.7841921584304], [8122.460644701001, 8132.940238352737, 1560.0], 88, 3, 3], "4": [[-9602.936502332252, -14062.247576849357, 1559.9997951262837], [-8846.777387066595, -12644.022206450018, 1560.0], 0, 1, 1], "40": [[12317.521218399772, 10006.611095670834, 1559.9997855689548], [11106.242401490228, 9061.761323307535, 1560.0], 4, 2, 2], "41": [[10864.087702362498, -25096.89432357905, 1559.9998954272573], [6397.7409469585455, -18325.056687147076, 1560.0], 14, 2, 2], "42": [[7887.320417418502, -22814.29732084565, 1534.7126906214612], [4848.177898024898, -17312.40694781111, 1560.0], 6, 3, 3], "43": [[8434.641277173565, -22879.64075625549, 1485.2316523166712], [4918.558994807644, -17223.358787163732, 1560.0], 3, 3, 3], "44": [[9500.164269818262, -22888.695472142528, 1411.9020834681207], [5775.722194694719, -17317.519230275822, 1560.0], 13, 3, 3], "45": [[12868.304265047078, -19060.453487133665, 1462.8799454301677], [10099.152674832929, -15953.399775029617, 1560.0], 12, 3, 3], "46": [[11010.99350296703, -17408.764004783305, 1560.0000261893188], [8632.441841661806, -14822.524378436763, 1560.0], 5, 3, 3], "47": [[11081.599973594368, -16626.897658312817, 1501.618680361969], [8905.58575212646, -14416.817114001573, 1560.0], 9, 3, 3], "48": [[10651.478327480914, -15977.606983471844, 1360.7846328971139], [8213.29281148347, -13841.387461978118, 1560.0], 10, 3, 3], "49": [[8829.121403856634, -17953.83223120444, 1459.193753454062], [6470.858855463031, -15029.35365650026, 1560.0], 9, 3, 3], "5": [[-9921.595257090808, -17282.728941383, 1599.999617733756], [-7632.845644066486, -13677.665592996436, 1600.0], 0, 1, 1], "50": [[8661.29975077034, -16694.13897216238, 1398.218196473835], [6099.952391026246, -14131.455729458743, 1560.0], 8, 3, 3], "51": [[8920.309848942143, -15443.933666503892, 1420.7743086045666], [6939.094799723315, -13489.884237068789, 1560.0], 5, 3, 3], "52": [[8527.83141575984, -14263.27900023274, 1255.0567447361325], [6115.2303502820005, -12493.24169525174, 1560.0], 7, 3, 3], "53": [[10059.280237736035, -13338.20144673921, 1390.596767456976], [7855.280216856073, -11846.28166262304, 1560.0], 8, 2, 2], "54": [[12022.441433639418, -11722.131749024593, 1226.1119593712926], [9521.13556323309, -10642.313089778676, 1560.0], 7, 3, 3], "55": [[14974.76790310692, -10526.500681285286, 1493.8883743787937], [13506.99139381293, -9873.149864757534, 1560.0], 6, 3, 3], "56": [[15898.909295192838, -10220.436387804775, 1402.7049756270765], [13676.399483073556, -9579.178448080578, 1560.0], 27, 3, 3], "57": [[16552.541775038597, -10026.619279211993, 1448.9195928714348], [15094.635911452131, -9499.790031684885, 1560.0], 14, 3, 3], "58": [[17029.63453845879, -9856.576667714833, 1560.0004373314111], [15811.97292330091, -9509.880694425527, 1560.0], 18, 3, 3], "59": [[22090.152482137793, -11450.31094822774, 1560.0001734639845], [20925.264536127404, -9751.45558224129, 1560.0], 1, 2, 2], "6": [[-15544.182357888545, -9489.78357400403, 1559.9998833634013], [-13878.03044626963, -8393.0024212666, 1560.0], 5, 3, 2], "60": [[22967.024912071876, -15156.477364309765, 1878.0090275065859], [22082.84660974566, -14105.006337939421, 1560.0], 18, 3, 3], "61": [[27252.860585735383, -20429.457495179446, 1750.000180381126], [14718.846920637536, -7063.958620339253, 1750.0], 0, 1, 1], "62": [[9578.2820315062, 1400.9894797878421, 1446.8353867631981], [8842.136430857021, 1165.7157494392336, 1560.0], 20, 3, 3], "63": [[14257.173769466212, 1215.9151720955183, 1560.000373990857], [14152.826314709682, 1109.853406925878, 1560.0], 2, 3, 2], "64": [[15424.943278659804, 970.1103174220397, 1679.3478729021267], [15265.643317819637, 716.2529322921641, 1560.0], 102, 3, 3],