{"0": [[-7954.209550466693, -14836.021569594646, 1559.9999903612254], [-6909.743421758693, -14088.037404338605, 1560.0], 0, 1, 1], "1": [[-8473.029548479686, -15506.039653148775, 1358.3391372006336], [-7784.596942140913, -12790.712367917204, 1560.0], 23, 3, 2], "10": [[-14902.329428006786, 7538.346235304353, 1425.9629637899325], [-13106.988481615219, 5745.694301635052, 1560.0], 13, 2, 2], "11": [[-15035.635610657248, 6858.714125466306, 1342.0779655225017], [-13448.314004541007, 5229.477412142679, 1560.0], 17, 2, 2], "12": [[-14938.336722809008, 4427.561225410047, 1560.0001647594324], [-13723.842112336933, 3796.8218779485587, 1560.0], 0, 2, 1], "13": [[-13384.907967174922, 5384.05383833416, 1395.2021247737337], [-12618.550708204626, 4428.059282944154, 1560.0], 13, 2, 2], "14": [[-12756.590172642085, 5711.709518822835, 1192.3511384395517], [-12337.73205173103, 4496.933788668376, 1560.0], 29, 2, 2], "15": [[-11276.202732839893, 6380.32057490816, 1555.2951422612891], [-10542.713867978331, 5486.491066367877, 1560.0], 51, 3, 3], "16": [[-8519.682197674763, 8328.565683615858, 1452.3796802413185], [-8169.121037329361, 6943.654139485928, 1560.0], 54, 3, 3], "17": [[-7862.3772110912105, 10481.592265068355, 1389.6904239701082], [-7813.177676896012, 8180.933685736368, 1560.0], 49, 3, 3], "18": [[-10224.045590473645, 10064.467981932023, 1338.9113217253391], [-9705.817909240932, 7599.586683031351, 1560.0], 60, 3, 3], "19": [[-8561.071076025391, 11271.293553761338, 1386.9209942777488], [-8217.399313994682, 8561.108404257047, 1560.0], 19, 3, 3], "2": [[-9074.416132208986, -15004.89945888263, 1404.6479738255005], [-8088.478564998579, -12631.414316703753, 1560.0], 10, 3, 2], "20": [[-7795.620137969162, 13380.514927309267, 1353.4104149764496], [-7466.026093218355, 9721.459016980843, 1560.0], 34, 3, 3], "21": [[-9511.839194759452, 12861.97429645161, 1560.0003294557737], [-7554.873097166483, 12947.514312413623, 1560.0], 5, 2, 2], "22": [[-10581.383628523236, 12887.67388775954, 1560.0002437767291], [-7902.384425967501, 11966.941271871026, 1560.0], 25, 2, 2], "23": [[-9870.92094593563, -14811.97811022365, 1559.99994925697], [-4509.062730734665, -12982.425323051239, 1560.0], 0, 1, 1], "24": [[-10049.240849979908, -17515.902564613574, 1559.9997775246036], [-4969.986297325592, -12501.344241236551, 1560.0], 0, 1, 1], "25": [[-9614.555497058775, -18770.606494860098, 1659.9995821144469], [-4575.651862034936, -13288.657772127015, 1660.0], 0, 1, 1], "26": [[-8039.168918542004, -17990.922325265008, 1560.0005600925272], [-3221.6882624364866, -15184.932436057405, 1560.0], 0, 1, 1], "27": [[-8277.170959815227, -17731.346697092453, 1559.9997803114054], [-3191.2291883362504, -15375.14111530075, 1560.0], 0, 1, 1], "28": [[5339.5388346026275, -22963.362055155067, 1931.430185872792], [4296.772016038593, -17975.56580508583, 1560.0], 7, 3, 2], "29": [[7174.920652047989, -19349.89559537311, 899.8413341871646], [2859.083854208132, -14832.652851347915, 1560.0], 4, 3, 3], "3": [[-7734.037977996968, -14648.294430058595, 1241.6466412109448], [-7405.499107109206, -12394.219368988526, 1560.0], 18, 3, 2], "30": [[7388.802280762251, -18883.542062358978, 1399.6756900264816], [4894.125788145677, -15385.281497234942, 1560.0], 12, 3, 3], "31": [[9657.891122733105, -19148.47065792174, 1556.7329962743215], [7789.218996200593, -16012.764200782414, 1560.0], 12, 3, 3], "32": [[8351.22049171147, -18014.56094732608, 1450.7563936255026], [5986.429747635618, -15058.872747098108, 1560.0], 12, 3, 3], "33": [[8876.458497072821, -15538.076868859682, 1359.0436809879448], [6510.506678854069, -13422.788741695442, 1560.0], 17, 3, 3], "34": [[8878.261568312226, -15302.881979559454, 1134.7653147727322], [5463.97274476386, -12908.101677942763, 1560.0], 8, 3, 3], "35": [[9909.377861369754, -13314.134791016933, 1376.5021459663449], [7395.75545089361, -11801.837375009198, 1560.0], 9, 2, 2], "36": [[11308.997845345912, -13872.458432435431, 1165.0348158881943], [6949.142579146403, -11758.518907966329, 1560.0], 29, 2, 2], "37": [[11968.02441750601, -10949.852389511672, 1560.0000873752995], [11834.99722515506, -10579.345080127014, 1560.0], 39, 3, 3], "38": [[12508.253502758671, -11186.021577874424, 1560.0000114613827], [11834.99722515506, -10579.345080127014, 1560.0], 8, 3, 3], "39": [[13002.863253024745, -10667.80102852712, 1543.7849949917936], [11552.779082607807, -10009.70244757713, 1560.0], 9, 3, 3], "4": [[-10884.049401395881, -6947.464824927597, 1559.999935232737], [-10557.124923275873, -6718.044872683043, 1560.0], 7, 3, 2], "40": [[14396.452761870092, -12465.111864658635, 1559.99989084471], [13127.977148772223, -11596.188674621131, 1560.0], 27, 3, 3], "41": [[11992.319137399709, -9197.770356585044, 1271.3282536274917], [10518.875155828035, -8697.148704795822, 1560.0], 20, 3, 3], "42": [[13972.33543265422, -9697.873436988317, 1414.2232437410157], [12619.046610695194, -9172.368578998095, 1560.0], 14, 3, 3], "43": [[14634.114979530086, -9724.221947183723, 1428.5648217190471], [12619.046610695194, -9172.368578998095, 1560.0], 7, 3, 3], "44": [[15427.722942216396, -9666.678308724062, 1497.331129922422], [14460.961573176912, -9388.769729828407, 1560.0], 26, 3, 3], "45": [[16695.186281449904, -7975.052027138748, 1560.0000384640728], [15958.76630996504, -8013.411606430113, 1560.0], 43, 3, 3], "46": [[15888.503244153939, -9382.877003140044, 1559.999890709225], [14578.987810706847, -9185.04406928278, 1560.0], 42, 3, 3], "47": [[15393.3168800356, -12021.379274988665, 1560.0000452922968], [14067.788797959125, -11176.59500648392, 1560.0], 9, 3, 3], "48": [[15723.177559215277, -11912.431528858377, 1318.8856528391277], [12947.560554941478, -10823.29700876394, 1560.0], 17, 3, 3], "49": [[16428.09114544245, -11072.146209993398, 1418.0369058289104], [14547.743119966577, -10404.94927668709, 1560.0], 34, 3, 3], "5": [[-12451.456205339025, -6647.321708902823, 1550.8353047411993], [-12030.956231330882, -6386.311923290258, 1560.0], 10, 3, 2], "50": [[23003.77801397345, -11460.114654131148, 1565.4839952568063], [21712.754902423643, -9414.673667730083, 1560.0], 18, 2, 2], "51": [[21493.246604268727, -10272.861318065357, 1560.0010059766992], [20553.984749592048, -8819.7455019824, 1560.0], 25, 2, 2], "52": [[15286.201834735984, 1959.0776896229534, 1559.9998472816144], [15084.362432298778, 1923.2273422869098, 1560.0], 2, 2, 2], "53": [[14446.709197197983, 4306.380831129773, 1599.9997118992733], [14414.200507290943, 4131.296666489687, 1600.0], 1, 2, 2], "54": [[14265.846932694383, 1308.7730986860893, 1709.0429722150523], [15463.964537216058, 1223.5291169501495, 1560.0], 17, 3, 3], "55": [[15690.97382891144, 8496.300177847625, 1560.0002232881025], [14610.173814196134, 7895.606916959081, 1560.0], 1, 2, 2], "56": [[12042.390129909298, 7042.069535802528, 1668.417539154438], [11582.817485928503, 6558.158721282088, 1640.0], 12, 3, 3], "57": [[13856.157478584755, 9130.71359120318, 1689.9999098799738], [12975.90368995994, 8483.362086668414, 1690.0], 1, 2, 2], "58": [[11877.35988319607, 8607.528621192107, 1750.0003177866943], [10927.16330897086, 7895.610316332437, 1750.0], 0, 2, 2], "59": [[10963.585322036712, 9019.518963773055, 1516.9671372723456], [9881.208445381033, 8055.344564968766, 1560.0], 25, 3, 3], "6": [[-13731.189111544352, -5755.619560052404, 1560.0002115739965], [-13261.140165645671, -5572.895104594429, 1560.0], 1, 3, 2], "60": [[10258.037463131872, 9015.954410619186, 1559.9998831196967], [9467.029045668993, 8243.094488588053, 1560.0], 9, 3, 3], "61": [[8092.439748349139, 10619.57522829322, 1560.0002025400925], [7233.734885092329, 9571.985814896789, 1560.0], 6, 3, 3], "62": [[6583.447127100392, 10851.033285967584, 1443.1862856319572], [4977.565990352052, 9362.015190300323, 1560.0], 21, 3, 3], "63": [[7136.725157490625, 13547.92640509203, 1600.0000295738143], [5608.88656533258, 11435.921773730179, 1600.0], 11, 3, 3], "64": [[7619.6721536222085, 15183.764439585957, 1483.5341670128137], [5218.569404937391, 12200.256544759068, 1560.0], 16, 3, 3],