{"0": [[-7965.70168717898, -16469.3642350754, 1559.999901651402], [-7014.85246152496, -13996.095006369518, 1560.0], 0, 1, 1], "1": [[-6913.703125248628, -17135.64118069094, 1250.9079421205522], [-6580.688401031812, -13553.690037875705, 1560.0], 22, 3, 2], "10": [[-12511.16314544214, -7347.096088564488, 1559.999948157752], [-11909.82769037802, -7030.20470224969, 1560.0], 8, 3, 2], "11": [[-13981.022440367142, -6392.931011628949, 1559.999688476058], [-13360.914705188563, -6149.735776597188, 1560.0], 0, 2, 1], "12": [[-14955.217886863265, -5890.631289535269, 1559.9998890529973], [-14295.216537110986, -5646.531077364138, 1560.0], 0, 2, 1], "13": [[-12979.935517049118, 5093.380848529832, 1261.5505719596895], [-12587.19671072776, 4064.7554571406213, 1560.0], 71, 2, 2], "14": [[-11510.266282057284, 5033.5938209985225, 1466.0224271669158], [-11129.009772886868, 4307.440396425913, 1560.0], 35, 3, 3], "15": [[-11021.566415887733, 6244.397866024568, 1484.0564104643067], [-10584.623506298163, 5274.804884314987, 1560.0], 43, 3, 3], "16": [[-8667.218017396232, 8364.130941072262, 1467.0758326216535], [-8365.951929134771, 6961.9850368440475, 1560.0], 18, 3, 3], "17": [[-7683.323195447051, 10403.072208375661, 1399.7374979816113], [-7605.959849416071, 8182.961995584913, 1560.0], 16, 3, 3], "18": [[-8484.444299510229, 12575.997002964847, 1497.4766378131583], [-7835.971600513869, 9387.532319440992, 1560.0], 61, 3, 3], "19": [[5516.351177838325, 13091.064267763537, 1326.9017352051173], [3651.9983656294903, 10817.246379226672, 1560.0], 15, 3, 3], "2": [[-6508.253260798825, -16106.503312785242, 1193.281787366432], [-6520.993685308913, -13192.929819474766, 1560.0], 30, 3, 2], "20": [[6604.698711369368, 12744.873154622195, 1437.9437564088719], [4555.71394986784, 10559.389062146574, 1560.0], 64, 3, 3], "21": [[9528.503188992914, 11261.427874857636, 1599.9997476697426], [8867.294238928287, 10157.912342675949, 1600.0], 6, 3, 3], "22": [[8771.305103234048, 10619.318941103378, 1559.9999623978458], [7599.2478921932325, 9418.181505610402, 1560.0], 28, 3, 3], "23": [[7530.464131042843, 10066.246667594598, 1478.9649105313379], [6325.672960820242, 8965.185665134042, 1560.0], 8, 3, 3], "24": [[10256.310615934592, 9874.578304864363, 1502.821139087378], [8252.042972871119, 8668.00788117533, 1560.0], 20, 2, 2], "25": [[11122.895081409297, 9853.65095102973, 1660.0002269420866], [10139.5276078749, 8949.935527524816, 1660.0], 0, 2, 2], "26": [[13212.494118880995, 8668.05661239984, 1710.0005322078719], [12798.598250282017, 8203.11290322721, 1710.0], 4, 2, 2], "27": [[15104.047948657653, 7876.316758139173, 1630.00012223336], [14719.810304322004, 7431.713054846388, 1630.0], 7, 2, 2], "28": [[15717.920770492898, 7063.41589029669, 1870.0002092663894], [15087.12135116803, 6632.460074315049, 1870.0], 1, 2, 2], "29": [[14495.881666818099, 6991.966341208325, 1720.000327970435], [14019.333140207616, 6656.772609629023, 1720.0], 0, 2, 2], "3": [[-6997.550346118121, -15763.41273072355, 1139.6235191049245], [-7204.660956716443, -12698.551120764814, 1560.0], 28, 3, 2], "30": [[13523.879990983542, 7172.141262337544, 1559.9999155543378], [13129.651435190273, 6827.3816103612735, 1560.0], 1, 2, 2], "31": [[12731.603936379042, 7342.8598920487975, 1629.9996727295209], [12276.738052501469, 6951.596012842043, 1630.0], 0, 2, 2], "32": [[13758.441621574259, 1417.060655690668, 1616.9293576041134], [14893.478174898619, 1417.044759132645, 1560.0], 13, 3, 3], "33": [[14046.70824573198, -8502.508592187198, 1444.8659546241497], [12520.47107696195, -8193.110116011643, 1560.0], 19, 3, 3], "34": [[22092.37124588898, -8259.826753719639, 1749.9999746962567], [21152.518074434418, -6977.976089088004, 1750.0], 0, 1, 1], "35": [[16543.131423460443, -9527.4312813267, 1520.2501785060872], [14638.11894504428, -9082.472222127177, 1560.0], 18, 3, 3], "36": [[19568.214042215026, -11850.546523215387, 1567.7406657047247], [18514.454203798254, -11439.616373617317, 1560.0], 37, 3, 3], "37": [[19623.49287416889, -12220.365945079102, 1560.000059531768], [18363.267398925615, -11649.20730700582, 1560.0], 16, 3, 3], "38": [[20073.12981852244, -12948.255674852426, 1682.868047852952], [19449.161028870705, -11083.676858748424, 1560.0], 14, 3, 3], "39": [[23518.099440673814, -15061.566393725618, 1914.4048148486768], [22369.124652078983, -11245.433671173932, 1560.0], 17, 2, 2], "4": [[-10318.459044432338, -15573.957803424584, 1559.999915664922], [-8491.140161995776, -12943.033758551423, 1560.0], 0, 1, 1], "40": [[15233.365693262018, -10717.686001164575, 1527.615010532763], [13992.109235864065, -10184.785394848535, 1560.0], 19, 3, 3], "41": [[14808.969457631154, -12635.770970969323, 1513.4889987143472], [13770.917377989064, -11643.211115141163, 1560.0], 20, 3, 3], "42": [[13037.490135634273, -12037.726873371894, 1560.0001949013943], [13071.100180708765, -11686.539467080513, 1560.0], 85, 3, 3], "43": [[15735.693028462285, -12080.673878531508, 1278.6527951113983], [10736.019441900713, -10437.034468843698, 1560.0], 59, 3, 3], "44": [[10066.894877128654, -13259.278497735302, 1441.8293883973322], [8328.272673297042, -11891.900271265375, 1560.0], 17, 2, 2], "45": [[12114.647553163482, -14985.522789194223, 1637.3335630885624], [11112.23367676213, -13714.957938850446, 1560.0], 10, 3, 3], "46": [[8512.019159247357, -14953.518457934608, 1216.5666873902255], [5532.849818045201, -12776.459683785673, 1560.0], 3, 3, 3], "47": [[7808.622761964971, -17174.97827960696, 1245.7572695483782], [4755.920219638871, -14209.959863722755, 1560.0], 13, 3, 3], "48": [[3030.9676566275793, -15796.917624221614, 1560.0000583639803], [2037.2356731089517, -13724.50348632544, 1560.0], 25, 3, 3], "49": [[10028.004136614674, -22798.5993518857, 1498.1231822074003], [5890.230039818762, -17175.31545286009, 1560.0], 5, 3, 3], "5": [[-12699.7569181695, -12462.120676608869, 1645.5389988766653], [-10958.741871059081, -10633.48035288821, 1560.0], 14, 3, 2], "51": [[6532.268902554091, 12183.424538909176, 1560.0002788827314], [6012.0246559258585, 10921.524028633632, 1560.0], 6, 3, 3], "52": [[-10047.753750480906, 13618.036878542624, 1560.0000476051368], [-7224.251819331955, 11287.524796645526, 1560.0], 15, 2, 2], "53": [[-10637.520692325163, 12697.81808458445, 1559.999967987843], [-7730.984159798675, 11161.411981740648, 1560.0], 18, 2, 2], "54": [[-11321.0494611693, -15908.398116192295, 1559.9996108581486], [-5931.911547458425, -10882.190249132822, 1560.0], 0, 1, 1], "55": [[-11837.23830929548, -15877.13203349773, 1559.9999596040045], [-6243.476372887149, -10719.948099382838, 1560.0], 0, 1, 1], "56": [[-7745.9063550116325, -18725.540923208482, 1559.9998371378626], [-3708.6311480400677, -14531.574075402119, 1560.0], 0, 1, 1], "57": [[-8411.898139200319, 20293.91502430664, 1749.9999626876747], [-8183.402591413651, 19852.793410944116, 1750.0], 0, 1, 1], "58": [[-8224.20727024107, 19638.944595617653, 1750.0000683396906], [-8046.118471883657, 19295.566848990795, 1750.0], 0, 1, 1], "59": [[-8649.582863602818, 19050.545511202283, 1749.999895742186], [-8444.878985290941, 18731.53073996037, 1750.0], 0, 1, 1], "6": [[-12352.714205210437, -9771.972785441121, 1559.9999136461358], [-11436.206200892335, -8888.464524929246, 1560.0], 0, 3, 2], "60": [[5912.443447920136, 18686.200150566514, 1600.000057966137], [6119.252471952534, 17989.03372959169, 1600.0], 5, 2, 2], "61": [[7454.394117206183, 21043.919091911353, 1560.0001801241267], [4858.515457611776, 15635.846114833941, 1560.0], 0, 1, 1], "62": [[7465.307862923559, 21087.91745946435, 1560.0000389158602], [4858.515457611776, 15635.846114833941, 1560.0], 0, 1, 1], "63": [[6779.611994478182, 21417.438166336924, 1560.000278375161], [4245.210220897906, 15700.7505444906, 1560.0], 0, 1, 1], "64": [[-9102.860398684203, 14011.572462313447, 1560.0000508010455], [0, 0, 1560], 10, 2, 2], "7": [[-12912.979553039117, -9613.224524076091, 1559.9999415292666], [-11887.607398100912, -8741.706614085215, 1560.0], 0, 3, 2],