{"0": [[-7204.17807039029, 11900.359608711804, 1303.6093936191028], [-7214.249024304337, 9020.729794569044, 1560.0], 19, 3, 3], "1": [[-8279.543501541333, 11387.60440034915, 1288.743476988003], [-8127.157716498085, 8543.606860313797, 1560.0], 34, 3, 3], "10": [[-9786.200762348471, 2167.1068595381075, 1308.022648058493], [-10286.517156274233, 1750.9403648182094, 1560.0], 100, 3, 3], "100": [[6306.3712769138565, 21678.33615787379, 1560.0000159194813], [0, 0, 1560], 0, 1, 1], "101": [[5898.54616976527, 21872.859529227007, 1559.9998880468206], [0, 0, 1560], 0, 1, 1], "11": [[-10451.758738203138, 1688.5789207560445, 1155.0965364862998], [-11089.78528821385, 1271.137177916454, 1560.0], 47, 3, 3], "12": [[-13493.725683766226, 3155.298163131374, 1530.8418981685236], [-12923.431871257442, 2804.729788710958, 1560.0], 10, 3, 2], "13": [[-11208.008166859792, -5257.513771675767, 1348.1819965113857], [-11338.138545668262, -5088.993218229416, 1560.0], 12, 3, 2], "14": [[-11886.317680361564, -8229.905394050613, 1559.9997597994964], [-11298.738901983686, -7735.281818514952, 1560.0], 1, 3, 2], "15": [[-14172.018915803685, -7667.662467746009, 1560.0000617203484], [-13275.430124964423, -7210.410140282877, 1560.0], 1, 3, 2], "16": [[4499.677562292987, -14929.6893802132, 1280.2482628528928], [2448.8972418041994, -12840.671724253547, 1560.0], 9, 3, 3], "17": [[4153.481553524284, -17575.74222275024, 1284.1694664481358], [2339.516173420538, -14480.608856398932, 1560.0], 11, 3, 3], "18": [[5916.296909684575, -15665.613986224682, 1204.3248281863628], [3664.185859677826, -13296.41650985274, 1560.0], 13, 3, 3], "19": [[8065.351435459377, -17192.581589173784, 1518.8664100172612], [5843.163654832447, -14560.227645189703, 1560.0], 3, 3, 3], "2": [[-8197.36936144758, 12904.057936165838, 1271.9091760231142], [-8060.367763136648, 9230.406065834293, 1560.0], 74, 3, 3], "20": [[7806.960243843326, -18299.35748743278, 1469.8627846881016], [5099.925739766295, -15056.13146387212, 1560.0], 9, 3, 3], "21": [[8863.703787334158, -18112.850106398328, 1559.9997739219814], [6772.533907815907, -15299.182651602696, 1560.0], 11, 3, 3], "22": [[11325.468890350134, -17150.610223806412, 1580.28329618197], [9619.583480188458, -15009.902683543269, 1560.0], 13, 3, 3], "23": [[11937.713897840038, -20480.141496423807, 1431.7459396066927], [8110.167195316079, -16297.74427936166, 1560.0], 3, 3, 3], "24": [[12071.426633671406, -12114.445849185726, 1369.9113379840958], [9863.727333388566, -11009.110833370141, 1560.0], 18, 3, 3], "25": [[12764.50573019919, -11903.783373488153, 1316.4127685927635], [10543.936694607066, -10785.984501020115, 1560.0], 17, 3, 3], "26": [[12166.090428114698, -13901.398381855543, 1489.801137868586], [10617.14449732846, -12628.73247875618, 1560.0], 6, 3, 3], "27": [[14451.631133077732, -7366.279328627848, 1433.3288372918723], [12410.704091610742, -7206.007799968538, 1560.0], 30, 3, 3], "28": [[14626.57655239134, -9841.193816510206, 1419.528539500887], [12566.27503257382, -9269.200529273652, 1560.0], 8, 3, 3], "29": [[15722.134438071409, -9381.976675491454, 1523.4895216065422], [14638.11894504428, -9082.472222127177, 1560.0], 29, 3, 3], "3": [[-10694.11991084796, 10133.169062115943, 1436.0737590925635], [-9903.702838656978, 7701.169409070734, 1560.0], 111, 3, 3], "30": [[13044.419738950566, -5870.878334506968, 1526.5898134392733], [13016.899005762307, -5952.902381225624, 1560.0], 29, 3, 3], "31": [[16900.068429389557, -9927.339818330105, 1444.3387034834773], [15094.635911452131, -9499.790031684885, 1560.0], 40, 3, 3], "32": [[18053.779224063725, -11604.308346551748, 1560.0002752889015], [17063.50379700786, -11142.016167429896, 1560.0], 61, 3, 3], "33": [[10499.87159068533, -2377.40411896962, 1499.1506789349], [10503.675382985037, -2546.057334503171, 1560.0], 46, 3, 3], "34": [[3708.445213194136, 2265.1501695870006, 1560.0002074499077], [3629.881832218412, 2124.9836554390727, 1560.0], 8, 3, 3], "35": [[-1885.451276757557, 10242.008127526138, 1391.8361594628016], [-2553.3380133101264, 8677.184459355261, 1560.0], 10, 3, 3], "36": [[3660.045929470085, 11440.889187996256, 1315.1510088721739], [1348.7680225739498, 9250.227384061058, 1560.0], 27, 3, 3], "37": [[6456.027559470865, 10877.915678869236, 1464.7540720092068], [4608.68038360827, 9219.906004193781, 1560.0], 20, 3, 3], "38": [[6870.5447119311675, 9836.476533340972, 1401.9804314965832], [4407.022117383483, 8281.875246033853, 1560.0], 24, 3, 3], "39": [[8811.052609109061, 7273.549736521998, 1358.5962866928594], [6853.435051182037, 6303.308926998701, 1560.0], 26, 3, 3], "4": [[-11778.78760848367, 7476.347973956962, 1559.999952698712], [-10661.35300389476, 6281.978410166584, 1560.0], 2, 3, 2], "40": [[7934.2873633029685, 10002.915353696004, 1559.9998968307714], [7092.897347540277, 8954.640784458357, 1560.0], 38, 3, 3], "41": [[8484.107906619976, 10538.905954022486, 1559.999917438957], [7623.194382036513, 9522.521509394324, 1560.0], 11, 3, 3], "42": [[9307.759866959863, 10103.828878847184, 1560.0000178347414], [8849.321133985495, 9363.903917686564, 1560.0], 2, 3, 3], "43": [[9099.278947650108, 9479.443603450107, 1560.0000496532175], [8226.254648724593, 8560.912067211291, 1560.0], 13, 3, 3], "44": [[10149.683649428174, 9225.486564438277, 1560.0003019982512], [9551.426755686769, 8577.960423282757, 1560.0], 3, 3, 3], "45": [[9171.952790008156, -22001.522079353414, 1559.999815276724], [5967.004695500262, -17078.710723521093, 1560.0], 5, 3, 3], "46": [[8260.495119433494, -21598.237280284702, 1559.9999180481725], [5239.274022872419, -16805.523662269337, 1560.0], 1, 3, 3], "47": [[18651.15351614168, -14274.68977562949, 1553.6496915213881], [15755.312328336551, -12993.857341610814, 1560.0], 41, 3, 3], "48": [[19981.642051646733, -13798.716356219933, 1704.743331724848], [19820.55365290215, -12079.787325356456, 1560.0], 102, 2, 2], "49": [[13272.803645495656, 5579.320775471244, 1560.0001793799652], [13280.828183325497, 5469.286856621754, 1560.0], 11, 2, 2], "5": [[-11203.275031529838, 6720.281175371919, 1465.9973325874082], [-10583.184674635226, 5649.337828341143, 1560.0], 16, 3, 2], "50": [[12331.604011546504, 7660.4903174074825, 1559.9999678240072], [11600.010295103131, 7129.196444003162, 1560.0], 2, 2, 2], "51": [[13191.441194630106, 7741.5455885203455, 1649.9999036556949], [12242.534590130539, 7164.540158519176, 1650.0], 0, 2, 2], "52": [[14070.757782122275, 8102.972665139233, 1779.9999002961342], [13397.756354314299, 7547.714981489338, 1780.0], 0, 2, 2], "53": [[16263.801721087792, 9728.91181708096, 1949.9997531872868], [15407.206655540114, 8996.206925864755, 1950.0], 1, 2, 2], "54": [[16479.291148387747, 9392.389254255422, 1750.000034284853], [16476.449596613704, 8958.84253523155, 1750.0], 18, 2, 2], "55": [[14975.110215658542, 7696.179997147563, 1559.9996128623998], [13781.211530241957, 7098.931187838038, 1560.0], 1, 2, 2], "56": [[16721.26348721883, 8022.337900793554, 1560.0004642171973], [15705.224291160888, 7436.80355174281, 1560.0], 1, 2, 2], "57": [[15505.569006222282, 8081.279252553158, 1640.0002252901354], [15374.773092631729, 7710.631524742262, 1640.0], 8, 2, 2], "59": [[-9192.819615722, 22040.914453391335, 1749.9998986908124], [-8716.089574258416, 21146.99136449487, 1750.0], 0, 1, 1], "6": [[-11735.009831689797, 5912.076100078975, 1476.9770262604136], [-11210.270003838206, 4965.771515726343, 1560.0], 89, 3, 3], "60": [[-8600.306999479011, 21207.280449127193, 1750.0002644200492], [-8301.259175758109, 20622.94104057275, 1750.0], 0, 1, 1], "61": [[-8026.842357938389, 20551.639637247816, 1750.0002194833824], [-7842.690191301043, 20123.80130238204, 1750.0], 0, 1, 1], "62": [[-8509.183033419304, 19971.64911162956, 1750.0004206753674], [-8273.941828961635, 19591.957710650164, 1750.0], 0, 1, 1], "63": [[-9113.806366230028, 19883.727205870593, 1749.9997316755025], [-8801.421766841344, 19413.360900511434, 1750.0], 0, 1, 1],