{
  "0": [
    [
      -14759.910470751167,
      -5849.485972297239,
      1257.6819625389387
    ],
    [
      -14505.766032121875,
      -5464.7057220974075,
      1560
    ],
    62,
    3,
    2
  ],
  "1": [
    [
      -13354.79423921795,
      -6610.49367880668,
      1559.9999594643496
    ],
    [
      -12823.314086194849,
      -6341.924684576269,
      1560
    ],
    0,
    2,
    1
  ],
  "2": [
    [
      -12311.492884392119,
      -6585.664417172381,
      1580.0001560343273
    ],
    [
      -11996.034960454857,
      -6363.624833468782,
      1580
    ],
    86,
    2,
    2
  ],
  "3": [
    [
      -10113.913739283405,
      -7797.117710666626,
      1043.022991192544
    ],
    [
      -10744.585319545842,
      -7142.6926353599,
      1560
    ],
    70,
    2,
    2
  ],
  "4": [
    [
      -10954.192830159307,
      -8280.91741549465,
      1560.0002785051493
    ],
    [
      -10448.735994722765,
      -7834.49565127019,
      1560
    ],
    0,
    2,
    1
  ],
  "5": [
    [
      -14523.7002842104,
      -7863.529086372292,
      1507.646334467237
    ],
    [
      -13647.68736764052,
      -7247.013173184436,
      1560
    ],
    26,
    3,
    2
  ],
  "6": [
    [
      -11879.479291926878,
      -10118.049169356203,
      11.122104476414902
    ],
    [
      -12875.356824483444,
      -8044.254693886594,
      1560
    ],
    39,
    3,
    2
  ],
  "7": [
    [
      -16227.713183678265,
      -8541.502008916059,
      1560.0001331974427
    ],
    [
      -14651.277513795023,
      -7644.594228815649,
      1560
    ],
    2,
    3,
    2
  ],
  "8": [
    [
      -13372.20425688559,
      -11190.656034443602,
      1545.9776499238585
    ],
    [
      -11999.103651643522,
      -9647.916067461234,
      1560
    ],
    46,
    3,
    2
  ],
  "9": [
    [
      -10522.514682625177,
      -15556.461696462407,
      1559.999871344387
    ],
    [
      -9187.341807238858,
      -12443.754768943589,
      1560
    ],
    0,
    1,
    1
  ],
  "10": [
    [
      -9543.009824703064,
      -13204.309942079919,
      1393.3003491869197
    ],
    [
      -8990.680274952423,
      -11091.984745277823,
      1560
    ],
    19,
    2,
    2
  ],
  "11": [
    [
      11307.39549134937,
      -22589.29992537698,
      1559.6947425441094
    ],
    [
      6854.919473799523,
      -17215.40384981622,
      1560
    ],
    37,
    2,
    2
  ],
  "12": [
    [
      10570.1313652731,
      -22752.812801692016,
      1294.7537355824384
    ],
    [
      5654.674467057813,
      -16867.6339549075,
      1560
    ],
    21,
    3,
    3
  ],
  "13": [
    [
      7618.110340490029,
      -18827.284024078843,
      1291.669051256057
    ],
    [
      3947.754590044296,
      -14914.823079611022,
      1560
    ],
    23,
    3,
    3
  ],
  "14": [
    [
      12056.570837613996,
      -20224.59763695287,
      934.8697732798013
    ],
    [
      6240.489849512992,
      -15381.24363293057,
      1560
    ],
    8,
    3,
    3
  ],
  "15": [
    [
      12279.884443251563,
      -19483.520393231738,
      1406.905067553372
    ],
    [
      8051.896794302934,
      -15652.283809099912,
      1560
    ],
    47,
    3,
    3
  ],
  "16": [
    [
      12852.609853277234,
      -17795.220696239976,
      1321.3237636090878
    ],
    [
      8335.577632117356,
      -14467.371166904595,
      1560
    ],
    20,
    3,
    3
  ],
  "17": [
    [
      11827.929532160948,
      -16856.18530163899,
      1441.2440082735186
    ],
    [
      8041.318948744959,
      -14115.479901200506,
      1560
    ],
    35,
    2,
    2
  ],
  "18": [
    [
      13932.38867725319,
      -15745.003820355767,
      1411.6677429413965
    ],
    [
      11059.927662003203,
      -13792.190297243738,
      1560
    ],
    41,
    3,
    3
  ],
  "19": [
    [
      14454.151168992448,
      -15774.0038815076,
      1533.617897512729
    ],
    [
      12268.317656388766,
      -13877.878834823012,
      1560
    ],
    15,
    3,
    3
  ],
  "20": [
    [
      16328.87765764663,
      -14264.644670881149,
      1560.000027518485
    ],
    [
      14853.927687989775,
      -13190.677811626176,
      1560
    ],
    36,
    3,
    3
  ],
  "21": [
    [
      9980.45805076499,
      -13415.160873539502,
      1175.9686574629193
    ],
    [
      6987.1067545846445,
      -11684.795950748712,
      1560
    ],
    12,
    2,
    2
  ],
  "22": [
    [
      16301.713142218934,
      -10730.552276816743,
      1108.448212114411
    ],
    [
      12922.934948263337,
      -9761.058471421225,
      1560
    ],
    60,
    3,
    3
  ],
  "23": [
    [
      16429.824115304702,
      -9732.614616882354,
      1381.9373981668132
    ],
    [
      13305.24923839445,
      -9077.593802653197,
      1560
    ],
    55,
    3,
    3
  ],
  "24": [
    [
      12477.252547454087,
      3838.4802689497305,
      1333.582737031393
    ],
    [
      11031.957874509519,
      3479.3681979448393,
      1560
    ],
    30,
    2,
    2
  ],
  "25": [
    [
      15293.307879083944,
      5957.526664560762,
      1378.1678535923993
    ],
    [
      12062.74498057703,
      5111.808385382774,
      1560
    ],
    28,
    2,
    2
  ],
  "26": [
    [
      19328.222645313148,
      8416.032983919453,
      1640.0004246737165
    ],
    [
      18061.26615050941,
      7719.869869942499,
      1640
    ],
    1,
    2,
    2
  ],
  "27": [
    [
      9188.89437310704,
      7056.844492940034,
      1385.386906523507
    ],
    [
      6802.12051300305,
      6097.543302325183,
      1560
    ],
    40,
    3,
    3
  ],
  "28": [
    [
      8778.293865655645,
      8670.046849810404,
      1252.113093017841
    ],
    [
      5155.342135552712,
      7027.295360398381,
      1560
    ],
    58,
    3,
    3
  ],
  "29": [
    [
      7719.358136864631,
      9902.790158161624,
      1393.6446908461685
    ],
    [
      5060.975035574446,
      8160.378099953856,
      1560
    ],
    90,
    3,
    3
  ],
  "30": [
    [
      9419.471026335232,
      10543.009035007559,
      1559.9999181813812
    ],
    [
      7551.153944374824,
      9209.530251307417,
      1560
    ],
    20,
    3,
    2
  ],
  "31": [
    [
      10301.693964521786,
      9913.948139853956,
      1669.9995341962679
    ],
    [
      8156.119908657281,
      8417.388559031864,
      1670
    ],
    45,
    3,
    3
  ],
  "32": [
    [
      -9342.318054167876,
      9242.133446508939,
      1350.049802010573
    ],
    [
      -9239.481574681637,
      7172.049928255211,
      1560
    ],
    123,
    3,
    3
  ],
  "33": [
    [
      -8390.64972046,
      10346.416448429585,
      1048.2831711923184
    ],
    [
      -8889.916890398636,
      7584.210224538727,
      1560
    ],
    160,
    3,
    2
  ],
  "34": [
    [
      -8263.953311303501,
      11592.68354511754,
      1559.9996804018554
    ],
    [
      -8646.36361556566,
      8275.12836028004,
      1560
    ],
    54,
    3,
    2
  ],
  "35": [
    [
      -8047.189153329662,
      12925.355861752663,
      1101.8519701183645
    ],
    [
      -8289.278822009737,
      9033.850027361994,
      1560
    ],
    119,
    3,
    3
  ],
  "36": [
    [
      -10651.754733121828,
      10101.082397149044,
      1354.7332509256391
    ],
    [
      -10000.438535854442,
      7600.996343263091,
      1560
    ],
    90,
    3,
    3
  ],
  "37": [
    [
      -13271.662998878866,
      7068.337422651309,
      1225.4913264177887
    ],
    [
      -12397.076105300976,
      5412.594035550459,
      1560
    ],
    19,
    2,
    2
  ],
  "38": [
    [
      -12281.410266513918,
      5703.106357485773,
      1096.9144846231204
    ],
    [
      -12249.342476673828,
      4384.247039185572,
      1560
    ],
    146,
    3,
    3
  ],