{"0": [[-13074.222132299174, -8032.593975606686, 1560.0000801539984], [-12346.018437071218, -7541.109979990681, 1560.0], 1, 3, 2], "1": [[-11867.272896673003, -8109.75314577517, 1559.9996774375422], [-11368.343741457742, -7606.947919470864, 1560.0], 23, 3, 2], "10": [[6698.150910572105, -14959.849679958412, 1374.7494507849294], [4597.422158787006, -12986.277329654291, 1560.0], 5, 3, 3], "11": [[11988.797311882163, -20141.167927771457, 1559.999988729417], [9051.940076863284, -16526.911339399296, 1560.0], 7, 3, 3], "12": [[10766.586508711687, -18329.24372570556, 1167.924010620405], [7052.752714656053, -14874.49032805679, 1560.0], 19, 2, 2], "13": [[10055.19011763122, -13009.355427374094, 1414.4176688310622], [8412.523129849118, -11737.569128153293, 1560.0], 20, 2, 2], "14": [[12959.211766044134, -16532.406977230876, 1495.1571004576633], [10110.712896206285, -14306.473033908731, 1560.0], 9, 3, 3], "15": [[13795.461212619184, -15243.909050540087, 1559.99999825393], [11789.91768902116, -13637.02980074553, 1560.0], 8, 3, 3], "16": [[14818.056876024948, -12914.008662546023, 1560.000158346265], [14130.102508810318, -12154.113455167108, 1560.0], 17, 3, 3], "17": [[14934.981814066217, -11497.63448232169, 1579.0462847789488], [14187.213335857672, -10986.580517169521, 1560.0], 16, 3, 3], "18": [[15909.255802185407, -6974.873213056763, 1215.4512558759077], [13247.401248792628, -6757.314739214417, 1560.0], 58, 3, 3], "19": [[12916.363905023927, -9996.86199629687, 1358.6332928610234], [11318.888625023128, -9350.816862508002, 1560.0], 7, 3, 3], "2": [[-8602.227846450898, -16949.553142694887, 1352.9185695811855], [-7799.604539403264, -12970.083241546974, 1560.0], 13, 2, 2], "20": [[13119.713619456537, -7220.212014263567, 1491.8769823683751], [11900.149073122095, -7033.776012756527, 1560.0], 16, 3, 3], "21": [[23032.32036695593, -15400.360213544693, 1979.8048120322158], [22768.32274215529, -14530.504282206726, 1560.0], 17, 3, 3], "22": [[24323.56268043789, -19906.918458459404, 1750.0000787873478], [13859.046875011742, -7821.240000872535, 1750.0], 0, 1, 1], "24": [[24736.459417850318, -16793.009443085495, 1749.999814531945], [13933.849426669189, -5711.519106312192, 1750.0], 0, 1, 1], "26": [[23299.705351354714, -15611.64148611577, 1750.000251972163], [13389.006776301643, -5346.768877122903, 1750.0], 0, 1, 1], "27": [[22272.857561757144, -6189.268709195339, 1749.9981220825225], [20865.41713342146, -5882.069088466489, 1750.0], 15, 2, 2], "28": [[19335.66004077687, -10702.201514094351, 1559.999914204875], [17840.54844880919, -9980.45997327077, 1560.0], 4, 2, 2], "29": [[19405.019878490653, -10981.486477324954, 1580.0004655604519], [18241.97290458438, -10416.012474173536, 1580.0], 4, 2, 2], "3": [[-9703.733678258432, -13876.391968694625, 1658.4549740557134], [-8344.010897122309, -11853.067254432575, 1560.0], 19, 3, 2], "30": [[19695.255701375503, -11562.299662462941, 1740.0001196129977], [18546.079053859212, -10834.186031449126, 1740.0], 2, 2, 2], "31": [[21351.263671042925, -9290.99106293323, 1780.0001749808223], [19701.391869499053, -8778.254875888639, 1780.0], 1, 2, 2], "32": [[21782.64910494049, -9778.49026469404, 1570.0003302274615], [19991.460916364384, -9206.085402546612, 1570.0], 0, 2, 2], "33": [[20545.17864070559, -10679.671003763442, 1749.9993442491523], [19718.514911679176, -9499.369046792715, 1750.0], 0, 1, 1], "34": [[15154.330028245817, 1501.782896310101, 1709.9997656165815], [15391.581734309157, 1447.0360744348168, 1710.0], 11, 2, 2], "35": [[14949.61007214135, 7940.135158903976, 1589.9995671244692], [13695.031334619911, 7306.994392925595, 1590.0], 2, 2, 2], "36": [[14542.449397458984, 8413.854812991, 1516.5129527015229], [12234.342742186665, 7515.416740204606, 1560.0], 21, 2, 2], "37": [[14459.202254465497, 9018.028547173077, 1710.0006898604372], [13376.280840301406, 8247.022950988854, 1710.0], 1, 2, 2], "38": [[13475.834003881124, 7032.762223481512, 1760.0000555153847], [13242.912866807064, 6704.520811673385, 1760.0], 3, 2, 2], "39": [[10433.430363196594, 7830.895090295057, 1447.4896976864225], [10675.193032976473, 7431.430420496662, 1560.0], 102, 3, 2], "4": [[-9854.225562669304, -12061.287253499684, 1588.8187063813941], [-8871.63743158596, -10680.451799380757, 1560.0], 14, 3, 2], "40": [[9945.873147364475, 9464.466737191335, 1557.132677352007], [9986.79574081457, 8813.657827903236, 1580.0], 51, 3, 2], "41": [[10604.995134563735, 9554.929730860347, 1760.5269329738967], [10112.226556266953, 8961.58365975943, 1560.0], 24, 3, 2], "42": [[10157.16658368077, 10723.235377331113, 1609.999906288949], [8667.870292113452, 9490.055128051086, 1610.0], 1, 2, 2], "43": [[10132.842039458073, 9902.256320448405, 1299.6583585752976], [8692.009712051748, 8711.46596106049, 1560.0], 42, 3, 2], "44": [[8513.959520700988, 10334.753544633339, 1493.8043801593628], [6716.203121720742, 9010.838944151934, 1560.0], 11, 3, 3], "45": [[7191.61876647269, 10534.701581399306, 1580.065068054225], [4863.215219501169, 8755.827872140959, 1740.0], 45, 3, 3], "46": [[7641.73554752128, 11614.854279810539, 1544.3565725183114], [5417.401370080524, 9796.111034098918, 1560.0], 27, 3, 2], "47": [[8935.550519335538, 12051.053643581867, 1470.5774773896212], [6591.554798134882, 10166.57806319294, 1560.0], 16, 3, 2], "48": [[6264.844602916972, 11840.548763382245, 1234.6470037680535], [3383.7930486165087, 9486.272693937055, 1560.0], 37, 3, 3], "49": [[5759.827952546443, 12477.435372923655, 1391.7834438401517], [2966.8680605341056, 9898.213287657984, 1790.0], 73, 3, 3], "5": [[-8562.197138625057, -15968.942514667235, 1559.9997779060866], [-4143.04382905648, -13665.744077553447, 1560.0], 0, 1, 1], "50": [[-12804.168290371408, 7660.234647479361, 1284.734514591538], [-11918.204482948533, 5881.0547780523575, 1560.0], 24, 2, 2], "51": [[-12642.742952696606, 7332.186292693754, 1429.7655572419187], [-11637.52481948507, 5884.809184107134, 1560.0], 17, 2, 2], "52": [[-12147.48202449598, 6920.768282857005, 1456.4326139083016], [-11398.039340166017, 5617.985693072073, 1560.0], 90, 3, 3], "53": [[-11046.008943623012, 6040.6927562805895, 1452.1231952621065], [-10700.102999814331, 5060.471213869484, 1560.0], 65, 3, 3], "54": [[-10818.196675807028, 6969.594646840891, 1559.999958424644], [-9888.785005518652, 6049.351519790713, 1560.0], 47, 3, 2], "55": [[-8449.695469239256, 8528.971924603522, 1342.016532150128], [-8476.686894584447, 6898.739266330728, 1560.0], 44, 3, 3], "56": [[-10458.796382276663, 8383.282919434821, 1590.0000392496136], [-9586.689533385781, 6948.548537199334, 1590.0], 4, 3, 2], "57": [[-9609.253754558073, 9083.236755733658, 1504.7078167275843], [-9130.933933911701, 7278.179437854176, 1560.0], 50, 3, 3], "58": [[-7384.442043668095, 11068.770177723736, 1382.8146921774426], [-7173.218036051675, 8708.969546385806, 1560.0], 8, 3, 3], "59": [[-8252.326901480463, 11752.752265061601, 1334.232379218442], [-8075.287478203662, 8771.282141617405, 1560.0], 52, 3, 3], "6": [[-9303.508118017728, -18047.912642390125, 1560.0001556570921], [-4134.799756003453, -14106.882539813789, 1560.0], 0, 1, 1], "60": [[-10748.60056496395, 9035.962586716718, 1497.2275701343162], [-9683.039826649368, 7369.058160270592, 1560.0], 28, 3, 3], "61": [[-9694.53876124146, 12185.547549791732, 1486.8012663052314], [-8715.826302267342, 9044.629666197803, 1560.0], 26, 3, 3], "62": [[-12543.43710196566, 6029.713318359308, 1226.7699675050346], [-12052.04184424378, 4793.671848699336, 1560.0], 11, 2, 2], "63": [[-14699.95999495403, 6700.941509174317, 1132.4762731760882], [-13531.971808013841, 4925.915076681386, 1560.0], 56, 2, 2], "64": [[8448.79215531549, -20920.05305194272, 1560.0004673068813], [6160.466436245023, -16830.861280392473, 1560.0], 5, 2, 2], "65": [[11244.854551227685, -25657.654542650027, 1560.0002983153358], [6673.923236769048, -18589.189794133206, 1560.0], 1, 2, 2], "66": [[11583.687895933794, -27953.761073006368, 1559.999797707668], [6840.199714619164, -19476.640605839286, 1560.0], 1, 2, 2],