{"0": [[-7438.3251325499505, -16525.261248106188, 1393.5914621509814], [-7265.21013462544, -13192.392944025769, 1560.0], 91, 3, 2], "1": [[-7322.00954385554, -14940.747451431149, 1503.1393299390716], [-7072.344690506695, -12617.55521362326, 1560.0], 93, 3, 2], "10": [[-12789.646631091728, -7472.163514374622, 1560.0000157422887], [-12167.433849122735, -7091.923853063236, 1560.0], 1, 3, 2], "11": [[-13925.59545757143, -6223.213129817942, 1559.9999547217697], [-13363.485216753916, -5969.481282519055, 1560.0], 9, 3, 2], "12": [[-14700.543565320693, -5716.534441791637, 1391.7220990632204], [-14302.157706056401, -5423.0537957413835, 1560.0], 14, 3, 2], "13": [[-13647.906328124016, -7105.048832769343, 1489.386717987068], [-13091.257603930648, -6695.054916200011, 1560.0], 10, 3, 2], "14": [[-15534.532648494145, -6683.3049384782, 1548.2425728672954], [-14650.527287347115, -6283.432069297006, 1560.0], 18, 3, 2], "15": [[-15507.79743307132, -7438.680414887547, 1641.081813308069], [-14330.031892692297, -6962.660602773087, 1560.0], 12, 3, 2], "16": [[-10954.221288656074, 5124.037627318529, 1292.4176011124146], [-10923.193349426723, 4256.115328938033, 1560.0], 40, 3, 3], "17": [[-12304.852957154495, 5389.672440234467, 1374.766483983132], [-11877.87650725602, 4490.469226153587, 1560.0], 99, 3, 2], "18": [[-13408.617100217267, 6594.230757270605, 1197.2136691706376], [-12631.00516111048, 5054.729679045665, 1560.0], 25, 2, 2], "19": [[-14527.242286102372, 5671.32395177612, 1147.5889932183484], [-13656.369956138577, 4275.406671068647, 1560.0], 93, 2, 2], "2": [[-9769.007357620423, -15253.57911018358, 1559.999919761551], [-8471.95087906332, -12342.156099159258, 1560.0], 2, 3, 2], "20": [[-9033.430302835364, 9587.622327123421, 1513.6627539809715], [-8488.913443895643, 7758.298935628077, 1560.0], 48, 3, 3], "21": [[-8035.4855613755, 10500.151340040355, 1385.7134645904212], [-7792.654011428391, 8276.936632478932, 1560.0], 6, 3, 3], "22": [[-7772.479336797019, 11488.910858020165, 1203.2756187658388], [-7709.86871095809, 8657.872422814322, 1560.0], 7, 3, 3], "23": [[-7602.810172715835, 12917.202900032436, 1185.8041661948673], [-7669.35824727484, 9276.829159820023, 1560.0], 21, 3, 3], "24": [[6449.198935972557, 13105.635887663653, 1423.046424294634], [4630.388381181925, 10927.29491709712, 1560.0], 18, 3, 3], "25": [[5951.33779030867, 11666.830092996313, 1310.1930483868916], [4805.565312283997, 10156.495058505467, 1560.0], 25, 3, 3], "26": [[6793.77259891972, 10723.022207414393, 1353.4011260998236], [4936.850474836502, 9172.051066431373, 1560.0], 21, 3, 3], "27": [[7516.205715101843, 9852.306908295615, 1530.841668647798], [5856.148578467071, 8525.374338536769, 1560.0], 35, 3, 3], "28": [[9812.687419711892, 10746.573129792514, 1559.9998283202656], [8022.064553120565, 9471.390922383835, 1560.0], 9, 3, 3], "29": [[10561.51839488801, 9779.211805245803, 1559.9999858035135], [8692.009712051748, 8711.46596106049, 1560.0], 17, 3, 3], "3": [[-10451.277127405965, -15798.1241301127, 1713.629522466227], [-8486.61676754025, -12737.382790700554, 1560.0], 31, 2, 2], "30": [[12265.622994863967, 7021.888912267105, 1560.000032853057], [10358.687003183595, 6278.117864709625, 1560.0], 34, 3, 3], "31": [[14165.935484198342, 7009.433943696045, 1560.0000150945855], [11853.044663255545, 6190.048015662939, 1560.0], 35, 2, 2], "32": [[15769.265851863887, 7118.688146896325, 1560.00017226451], [14826.478923748085, 6625.907987990951, 1560.0], 6, 2, 2], "33": [[15481.630695865342, 8017.9373347579285, 1559.9993434596681], [13240.136154760541, 7200.494369559414, 1560.0], 16, 2, 2], "34": [[18253.37460598025, 8895.015132593058, 1829.9997782142798], [17177.06499647998, 8246.125660025851, 1830.0], 1, 2, 2], "35": [[11214.490031852918, 1134.38987854334, 1559.9999502281003], [10153.04946818689, 762.8186980750468, 1560.0], 35, 3, 3], "36": [[16926.33882591772, 1320.5011296610885, 1457.4703198324944], [16863.703022967933, 1344.8479877770828, 1560.0], 70, 2, 2], "37": [[15619.248635694796, 348.2068820126424, 1699.9997041155714], [15680.387210284332, 362.8774337175827, 1700.0], 3, 2, 2], "38": [[12976.959957547695, -10037.719728415474, 1512.7520854772426], [11269.950613262205, -9443.592485756291, 1560.0], 16, 3, 3], "39": [[12137.001903147038, -11988.91052674479, 1388.625571666528], [6776.462808283677, -10255.36697939202, 1560.0], 60, 3, 2], "4": [[-10843.157763840023, -15546.304370306827, 1677.8017994672887], [-9015.352593483087, -12416.239378743976, 1600.0], 18, 2, 2], "40": [[9570.460087891508, -16079.944478920914, 2355.546259786503], [10802.484560951078, -15038.968305172279, 1950.0], 39, 2, 2], "41": [[8193.670015921105, -19995.65003554588, 3188.059095298984], [10896.702270377227, -18660.74258322434, 1560.0], 75, 3, 2], "42": [[13051.039891130305, -11894.687972386708, 1560.000104842067], [7758.993267233273, -10136.325953113017, 1560.0], 12, 3, 2], "43": [[13462.553178913473, -11753.3115967151, 1481.523137325065], [8233.721486057546, -10155.72267102113, 1560.0], 41, 3, 2], "44": [[17399.94647069831, -13779.969561390755, 1559.999984015039], [15244.103175217873, -12645.775805969404, 1560.0], 15, 3, 3], "45": [[11126.344817950521, -15216.928981039946, 1539.694161573843], [9508.42713960158, -13487.84322533617, 1560.0], 59, 3, 3], "46": [[8354.975660813423, -18477.037884590012, 1256.5030041463083], [3547.797019473232, -16197.799554272036, 1560.0], 33, 3, 2], "47": [[7625.971123409289, -17633.201362870255, 1559.999666159683], [3488.948037108271, -15678.512757611228, 1560.0], 22, 3, 2], "48": [[12328.794498121975, -17797.85948196177, 1560.000072817758], [10035.104444210574, -15245.134230120375, 1560.0], 1, 3, 3], "49": [[12459.460969240066, -19190.835203540395, 1888.8250577124688], [9845.068484514659, -16274.788391600698, 1560.0], 36, 3, 2], "5": [[-14128.488327417983, -8126.176873699912, 1560.0002492016554], [-13157.293714434658, -7561.669163759106, 1560.0], 6, 3, 2], "50": [[12819.324595298816, -18893.50723318034, 1283.5287330508022], [9835.096223324326, -15515.012778285836, 1560.0], 73, 3, 3], "51": [[16481.750011370466, -9646.592423917054, 1423.8083453951326], [13960.288530034799, -9080.050850668878, 1560.0], 36, 3, 3], "52": [[7933.639590198721, -20248.854765639328, 1559.9997446052025], [2534.589991822626, -16007.11623287573, 1560.0], 21, 3, 2], "53": [[14656.694945148609, -10246.650449252382, 1560.0001730929712], [13563.382085049032, -9775.617867708826, 1560.0], 14, 3, 3], "54": [[15089.7182243462, -10622.60834133679, 1549.0918288166672], [12198.842381201954, -9934.88424865303, 1560.0], 72, 3, 3], "55": [[19674.303737294125, 7583.681808805578, 1870.0006657789304], [18719.840855602164, 7040.646907249633, 1870.0], 0, 2, 2], "56": [[7054.083857068335, 17373.642664250747, 1374.7754476980917], [4468.75862792896, 13440.328998714283, 1560.0], 4, 3, 3], "57": [[9305.465556638235, 11615.280715334286, 1559.9999122291906], [7765.410372208288, 10148.595319940487, 1560.0], 9, 3, 3], "58": [[-10277.117085137663, 15068.151678625283, 1560.00007027], [-8021.975704021776, 14711.844128947601, 1560.0], 27, 2, 2], "59": [[-8693.049610513608, 13809.487347049453, 1689.9999910828217], [-7079.247365164664, 14053.534062954903, 1690.0], 3, 2, 2], "6": [[-11455.605522316893, -8263.450528687774, 1525.9511316363987], [-11002.980325141372, -7754.826521418883, 1560.0], 12, 3, 2], "60": [[-11955.503263779372, -6397.5339953137445, 1535.4953086145172], [-11684.908680390427, -6184.2703693576495, 1560.0], 9, 3, 2], "65": [[-8114.955636760242, 21248.24708903121, 1749.9996647827493], [-7872.843758213287, 20705.33015698398, 1750.0], 0, 1, 1], "66": [[-9151.695958564955, 17793.26287131977, 1750.000109451793], [-8921.783400383196, 17517.202793889875, 1750.0], 0, 1, 1], "7": [[-11992.943601199726, -7507.518230765994, 1620.1433971649699], [-11409.43837463853, -7184.521411352386, 1590.0], 9, 3, 2], "8": [[-11659.460199112307, -6850.241033221662, 1506.4543597710683], [-11338.82493802743, -6578.901748544342, 1560.0], 11, 3, 2],