{"0": [[-8374.548838382752, 13460.188018381214, 1375.6061408712528], [-7750.118691923507, 9739.845359072313, 1560.0], 10, 3, 3], "1": [[-8044.3497814877155, 12548.998396150073, 1339.2068923766221], [-7774.701682221912, 9242.67133393901, 1560.0], 59, 3, 3], "10": [[-11588.754470193024, 9331.778772979067, 1430.938152485357], [-10499.76428478138, 7254.356304626327, 1560.0], 12, 2, 2], "11": [[-11204.96163223158, 8303.9237659903, 1510.4220575017991], [-10267.718108475961, 6776.425571376578, 1560.0], 10, 2, 2], "12": [[-10802.678857653362, 8153.725424326896, 1610.0531108806963], [-9906.512736683075, 6790.105481851028, 1570.0], 75, 3, 3], "13": [[-9642.190509062579, 8764.020030949701, 1411.025656165209], [-9375.09959812285, 6934.504691289921, 1560.0], 97, 3, 3], "14": [[-11876.605770061724, 7065.00319486725, 1736.7645846342205], [-10377.270956706116, 6282.330744041311, 1560.0], 127, 3, 2], "15": [[-10018.352020045775, 7029.953055565509, 1400.8353766525925], [-9766.257801080139, 5843.163514944308, 1560.0], 61, 3, 3], "16": [[-11537.188017723143, 6915.964913671076, 1552.719538255848], [-10686.384866858642, 5843.375318479443, 1560.0], 5, 3, 2], "17": [[-11908.95979002328, 7796.713225799846, 1341.1760886281083], [-11156.831337366188, 6134.060771828562, 1560.0], 13, 2, 2], "18": [[-12164.04444052682, 6952.255883578439, 1215.174293376149], [-11687.737121332419, 5405.754067242024, 1560.0], 52, 2, 2], "19": [[-11355.39121141553, 6155.315405991968, 1473.039226091014], [-10813.053597782162, 5223.28507757655, 1560.0], 8, 3, 2], "2": [[-9285.58524140228, 11488.370685753378, 1584.5207191782044], [-8320.782750178483, 8903.00491227494, 1560.0], 59, 3, 3], "20": [[-11289.614488024807, 5758.1254134800465, 1252.3887791969514], [-11205.546285314082, 4640.926305193502, 1560.0], 73, 3, 3], "21": [[-11968.332479269839, 5677.011875968839, 1356.6387774628543], [-11600.082042265329, 4643.523596188211, 1560.0], 92, 3, 3], "22": [[-12435.950179683934, 5406.741662640642, 1242.5118541500765], [-12150.664822964429, 4306.073128295733, 1560.0], 92, 3, 3], "23": [[-13798.12358912434, 5766.229390011273, 1401.595523300776], [-12815.977899327869, 4672.444544108106, 1560.0], 16, 2, 2], "24": [[-13193.490361475508, 4752.381479063759, 1128.8185529662733], [-12970.10469504189, 3694.819093673348, 1560.0], 64, 2, 2], "25": [[-11408.61770337836, -7374.253255316794, 1394.7557094290548], [-11278.500884309005, -6954.999698945696, 1560.0], 12, 3, 2], "26": [[-13818.547922915564, -6819.158476868012, 1438.178842982919], [-13355.288723903688, -6416.326346133663, 1560.0], 10, 3, 2], "27": [[-14725.34354566745, -6141.82259345731, 1559.99998578336], [-14074.384280115724, -5863.278960910253, 1560.0], 3, 3, 2], "28": [[-11546.219140123141, -9947.781816544495, 1560.0001643261307], [-10646.688350712962, -9100.650344309648, 1560.0], 15, 3, 2], "29": [[-10043.31191859661, -14327.223531814543, 1560.0000632041153], [-8741.358155345846, -11907.207293432682, 1560.0], 33, 3, 2], "3": [[-7330.692930330801, 11719.698486535619, 1273.856607241179], [-7470.812041430017, 8812.896561979653, 1560.0], 59, 3, 3], "30": [[-10258.821521490856, -14656.550772776998, 1559.9999878657688], [-8839.179681148507, -12037.531024751868, 1560.0], 17, 3, 2], "31": [[-7961.484693421589, -16167.153702259204, 1202.9078064420253], [-7042.0813389551695, -13301.069819667297, 1560.0], 27, 3, 2], "32": [[8894.79185743816, -18132.68125237181, 1559.999961132746], [6432.267421829544, -15088.906603025047, 1560.0], 8, 3, 3], "33": [[8998.292651684576, -17685.441442242656, 1570.6520439393837], [6548.276747151214, -14909.159025510302, 1560.0], 13, 3, 3], "34": [[8926.704942338265, -17287.916360201554, 1532.2153867327447], [6704.049231932374, -14664.403824494384, 1560.0], 2, 3, 3], "35": [[9820.922214259479, -17269.905745981763, 1451.0946954898145], [7659.203889648093, -14709.647546225537, 1560.0], 16, 3, 3], "36": [[10121.582352049469, -17117.91084928578, 1525.9476204206046], [7743.536350589426, -14580.296553085063, 1560.0], 7, 3, 3], "37": [[10225.656631857726, -16534.666304662474, 1440.2905632568647], [7955.82447323812, -14250.208424429546, 1560.0], 6, 3, 3], "38": [[8621.797335797379, -16063.128652192489, 1312.5278849867573], [5912.188810443678, -13680.545561929868, 1560.0], 5, 3, 3], "39": [[8443.094936517464, -15039.831883289222, 1287.022946464321], [5864.803015322933, -12966.086629587924, 1560.0], 10, 3, 3], "4": [[-8281.32769684796, 10095.467581136203, 1332.7122319615576], [-8279.922508775875, 7848.644768408011, 1560.0], 59, 3, 3], "40": [[8985.687975944758, -14750.248073048773, 1451.13623047521], [6814.379995846595, -12880.430486226101, 1560.0], 9, 3, 3], "41": [[9474.325517973675, -20088.713990113934, 1452.797687815633], [6673.635798814729, -16143.683704639814, 1560.0], 11, 3, 3], "42": [[10332.72871920435, -19152.80039621955, 1559.99991650688], [7876.40608397937, -15894.169445971142, 1560.0], 5, 3, 3], "43": [[11525.156530702576, -15951.495685511936, 1559.9998091978796], [9688.271897037299, -14077.485453415311, 1560.0], 6, 3, 3], "44": [[13213.333259308849, -14099.779229350212, 1575.744033956198], [13347.300135232543, -13299.132131963892, 1560.0], 68, 3, 3], "45": [[13615.110181923037, -17712.90361299867, 1471.9638529729598], [10772.678210356518, -15067.032582956488, 1560.0], 10, 3, 3], "46": [[17022.274313465754, -13433.566813489335, 1593.6138959743564], [16699.595579410554, -12785.20664438072, 1560.0], 25, 3, 3], "47": [[12705.264460041617, -10976.637252313061, 1473.6482872436484], [11352.17668806884, -10372.747660394036, 1560.0], 29, 3, 3], "48": [[12543.58671169743, -11920.592413307766, 1560.0001298212312], [12615.96675512463, -11371.481426168186, 1560.0], 38, 3, 3], "49": [[13523.429825713865, -10424.350097121436, 1435.5412138966065], [12251.117663079795, -9841.086822011079, 1560.0], 24, 3, 3], "5": [[-11049.99886614808, 10592.999200831271, 1597.8759243745774], [-9615.50941905908, 8264.528295201831, 1560.0], 29, 3, 3], "50": [[14779.601857248612, -9996.532359616162, 1471.988544882699], [13140.962073115095, -9373.182903488398, 1560.0], 32, 3, 3], "51": [[13654.237125455355, -11915.290271841552, 1491.1775929254009], [12836.681716696032, -11007.846034800607, 1560.0], 38, 3, 3], "52": [[13706.511448414365, -11474.733883544837, 1559.9997064000875], [12383.224237266486, -10699.57680512164, 1560.0], 1, 3, 2], "53": [[16498.95885525259, -9882.936396187773, 1551.533578857714], [15684.987697403552, -9718.211425357926, 1560.0], 81, 3, 3], "54": [[16604.467195943555, -9608.292383628004, 1483.0791820614897], [15401.462664782783, -8979.9048515581, 1560.0], 21, 3, 2], "55": [[15013.20008733692, -10716.769513351917, 1559.9999613681036], [14668.6550129239, -10207.200509785216, 1560.0], 24, 3, 2], "56": [[15792.778291875378, -10167.253240318789, 1524.6636156064244], [14225.873663509708, -9790.552359360561, 1560.0], 45, 3, 3], "57": [[5625.850417561849, 12280.770611780787, 1418.320177080442], [4198.960914912718, 10405.661221729022, 1560.0], 26, 3, 3], "58": [[6629.27055196032, 11540.998723767334, 1471.3963323553635], [4727.426528340787, 9782.178554651218, 1560.0], 7, 3, 3], "59": [[6581.599869931755, 10417.35963957433, 1435.580025418998], [4895.937414490354, 8982.046381758806, 1560.0], 13, 3, 3], "6": [[-11142.07730571947, 10260.510992871665, 1507.179729506431], [-9939.632189153612, 7901.687217627037, 1570.0], 14, 3, 2], "60": [[8356.254851281508, 11529.498111750177, 1478.9751947236537], [6525.9206743790955, 9866.352949861212, 1560.0], 5, 3, 3], "61": [[7315.722131122559, 9717.16966517218, 1487.5857712631246], [5878.337655804096, 8624.1413940843, 1560.0], 35, 3, 3], "62": [[9640.48600669221, 10228.433824837559, 1563.1449333688258], [9305.112746757874, 9417.824278752723, 1560.0], 29, 3, 3], "63": [[17831.84313197464, -17959.817470470214, 1982.5493030103544], [17791.134542151845, -15103.696241392296, 1560.0], 35, 2, 2], "64": [[18911.469566188814, -13956.650975263705, 1560.0002033956894], [16699.595579410554, -12785.20664438072, 1560.0], 7, 3, 3],