{"0": [[-8527.892518488059, 12829.509271468296, 1254.378925304753], [-8149.097308307709, 9240.436691535308, 1560.0], 40, 3, 3], "1": [[-8257.606843415257, 12760.211253144973, 960.2191568063804], [-8512.25341056465, 8842.095877434202, 1560.0], 41, 3, 3], "10": [[-10574.657465697599, -9050.966154583228, 1560.0000447820435], [-10051.836183674402, -8463.03158663162, 1560.0], 0, 3, 2], "11": [[-12668.504308998932, -9782.245750887925, 1560.000135336962], [-11631.624537528385, -8902.53120514622, 1560.0], 11, 3, 2], "12": [[-12942.547863543758, -12991.009234863912, 1687.7205468552138], [-11034.786579438083, -10870.29567724502, 1620.0], 12, 2, 2], "13": [[-8600.442705456308, -13912.286445247142, 1559.9999520060244], [-7800.228485263705, -11784.998456897356, 1560.0], 6, 3, 2], "14": [[-10087.421776006284, -18737.28501421815, 1619.9998637115652], [-4861.505705523116, -12731.296026651293, 1620.0], 0, 1, 1], "15": [[-10567.271865739107, -17689.22063405622, 1560.0001608556522], [-5230.61928034562, -12338.088517820586, 1560.0], 0, 1, 1], "16": [[7633.636023986666, -17015.475174791252, 1333.4672231555594], [4788.998691512574, -14151.280192108168, 1560.0], 7, 3, 3], "17": [[9096.174357495927, -16569.378843493294, 1431.0814632513166], [6979.634181124341, -14222.010947582603, 1560.0], 6, 3, 3], "18": [[12194.633517927614, -15256.107596585996, 1560.0001993659134], [10026.69589504857, -13561.384110801197, 1560.0], 4, 3, 3], "19": [[12640.465781414488, -18337.623918111225, 1428.48192127309], [8978.435857044282, -15115.010095930216, 1560.0], 9, 3, 3], "2": [[-9960.07909900828, 10472.024615764667, 1297.4290291037598], [-9399.138007039388, 7912.023524926026, 1560.0], 21, 3, 3], "20": [[9931.822354259626, -13244.04724308703, 1256.236357000352], [7895.9366959417985, -11770.41833941071, 1560.0], 26, 2, 2], "21": [[15925.082003947515, -15205.617552316346, 1602.3881203079054], [14404.356125387882, -13803.076673707232, 1560.0], 29, 3, 3], "22": [[15885.510546277923, -12443.694531576832, 1559.999719290919], [14436.034863499684, -11691.711960441155, 1560.0], 34, 3, 3], "23": [[12818.448288154877, -11440.063328140517, 1489.5931732653808], [11783.323199147273, -10669.681168337249, 1560.0], 30, 3, 3], "24": [[15443.059771573386, -10872.998662131273, 1535.090754138633], [13933.879969220414, -10282.165532892222, 1560.0], 31, 3, 3], "25": [[17073.42828550339, -10126.668490148868, 1441.6184664796363], [15033.521534688618, -9602.306746653612, 1560.0], 35, 3, 3], "26": [[19181.256627846546, -11655.523974085068, 1559.9998519718774], [17922.84504220788, -11079.330261249788, 1560.0], 44, 3, 3], "27": [[22484.92291922815, -17753.106078225912, 1919.631568238855], [19704.51556572588, -15526.162636430503, 1810.0], 34, 2, 2], "28": [[5943.090939911057, 12463.469153680398, 1425.2089422916542], [3868.7352195608573, 10345.311361913566, 1560.0], 7, 3, 3], "29": [[9140.36621112024, 11534.647797752083, 1616.8882017436956], [8125.047476288338, 10279.189189171162, 1580.0], 37, 3, 3], "3": [[-11917.565522949895, 7403.566315777077, 1505.3295386037555], [-11126.369082821713, 5988.217267961593, 1560.0], 73, 3, 3], "30": [[9970.443707724773, 10034.73556694576, 1532.2012257452147], [8744.73280855558, 8928.815714921653, 1560.0], 34, 3, 3], "31": [[9537.572431842656, 10881.2334765508, 1559.999975553769], [8978.366494512125, 9908.265922157281, 1560.0], 40, 3, 3], "32": [[11491.084174708274, 8195.277536124031, 1559.9999254581119], [10183.512854510753, 7404.701056442745, 1560.0], 14, 3, 3], "33": [[11507.28451005136, 9077.545164806841, 1559.9999124279313], [10394.798274346556, 8206.092842008231, 1560.0], 5, 3, 2], "34": [[14022.450199096578, 10119.9608153921, 1438.303581329805], [11561.904386979339, 8876.393186067482, 1560.0], 22, 2, 2], "35": [[14588.486928068876, 8779.470642893848, 1437.5988844626738], [12302.686722136521, 7757.998442912746, 1560.0], 24, 2, 2], "36": [[17985.030251224412, 10512.818725568746, 1417.6889896017792], [14992.069075051988, 9194.830073121717, 1560.0], 29, 2, 2], "37": [[17000.111326080154, 8482.096345250411, 1417.6295880696146], [14493.656399991287, 7508.361996498193, 1560.0], 31, 2, 2], "38": [[21106.907441546406, 8777.699076764962, 1368.1963851243554], [18548.781093853562, 7845.786115129339, 1560.0], 42, 2, 2], "39": [[22167.912115725278, 9803.641720373664, 1348.115602889805], [18786.623790555375, 8561.708135397626, 1560.0], 44, 2, 2], "4": [[-12922.85423656776, 7524.567385457011, 1108.153332068211], [-12250.593023518102, 5598.041452474865, 1560.0], 35, 2, 2], "40": [[24358.421688468025, 10202.663823420093, 1319.6193335516884], [21241.007148532, 9023.95023338263, 1560.0], 49, 2, 2], "41": [[-8860.455977970165, 14367.094192240684, 2002.3055684402843], [-7704.319814280679, 16079.741686424743, 1950.0], 31, 2, 2], "42": [[-8647.116183487895, 16169.04047307245, 2028.3594414164663], [-7775.935888372961, 18416.521983634015, 1950.0], 31, 2, 2], "43": [[-9744.524127606406, 15498.959093632453, 2039.5307123361463], [-8716.596399797956, 18054.933864678875, 1950.0], 34, 2, 2], "44": [[-10031.868842847922, 17018.31115583178, 1750.0000491093233], [-9657.729816194791, 16766.123081684007, 1750.0], 0, 1, 1], "45": [[-9797.092928191738, 19049.6300451945, 1749.9999748980515], [-9379.223260165933, 18609.748385999686, 1750.0], 0, 1, 1], "46": [[-9437.808350016538, 20885.13442916274, 1750.0004173095674], [-8995.458852707074, 20221.245424323602, 1750.0], 0, 1, 1], "47": [[-9686.803950434463, 21235.992737443194, 1750.0002409561391], [-9155.908840677344, 20437.841227719327, 1750.0], 0, 1, 1], "48": [[-8452.73705249187, 21910.68241875186, 1749.9997379407814], [-8132.738432745917, 21207.520370404924, 1750.0], 0, 1, 1], "49": [[7844.8362321448, 15880.775557923742, 1693.6957272045981], [5612.343052722043, 12893.955607682123, 1860.0], 87, 3, 3], "5": [[-8527.79694859507, 8488.183380172813, 1374.4499614420831], [-8476.686894584447, 6898.739266330728, 1560.0], 16, 3, 3], "50": [[6954.822121001829, 21330.634807410446, 1559.999729356721], [4218.488266404737, 15542.287817291144, 1560.0], 0, 1, 1], "51": [[7610.177639610933, 20902.766971446734, 1559.9998279979134], [4830.551773116491, 15471.375729979583, 1560.0], 0, 1, 1], "52": [[6707.848590059838, 21473.087872136, 1559.999977150737], [4245.210220897906, 15700.7505444906, 1560.0], 0, 1, 1], "6": [[-9951.462207854129, 7266.581724925064, 1377.1221095895166], [-9739.686883360373, 5977.236738775129, 1560.0], 34, 3, 3], "7": [[-12558.952280593714, 5616.227585152705, 1469.6859140057604], [-11899.655033589823, 4682.4045022000055, 1560.0], 91, 3, 3], "8": [[-13628.996357657785, 4918.519778088843, 1235.0869877027903], [-13128.167451363597, 3885.519428678914, 1560.0], 86, 2, 2], "9": [[-14072.040548829396, 7228.971774818075, 844.9021406147376], [-13346.933663844044, 5032.406315282841, 1560.0], 87, 2, 2]}