{"0": [[-7128.803198118574, -15702.119129521137, 1245.4514704673588], [-7204.660956716443, -12698.551120764814, 1560.0], 42, 3, 2], "1": [[-10960.417538946574, -15582.649099921233, 1566.7141420735159], [-9189.713383048263, -12353.94727544552, 1560.0], 16, 2, 2], "10": [[7063.787459389412, 13132.610293381107, 1376.3920189795404], [4611.8049719313085, 10835.40314517144, 1560.0], 28, 3, 3], "11": [[6135.048073018584, 11565.482978024249, 1319.0240932951258], [4384.530263014386, 9728.859635770503, 1560.0], 17, 3, 3], "12": [[7746.698883550657, 9810.918219943982, 1448.4271027648747], [5420.794320701218, 8194.425463887592, 1560.0], 49, 3, 3], "13": [[9715.461059577285, 9070.788945024431, 1445.7189850866607], [7257.33023793914, 7959.507802414347, 1560.0], 76, 3, 3], "14": [[9712.074259586901, 9238.177333928808, 1311.5551417144297], [8148.503408348285, 8239.866354205416, 1560.0], 78, 2, 2], "15": [[10416.59505063857, 9387.819824168639, 1560.0000851868767], [10083.616106989191, 8848.103925311445, 1560.0], 49, 2, 2], "16": [[9355.341193286711, 11387.83262432359, 1559.9999788655798], [7256.981600602877, 9674.89457717102, 1560.0], 57, 3, 3], "17": [[15468.849291336845, 8525.903012570294, 1750.0001634832713], [14909.117587345618, 8057.622484938765, 1750.0], 1, 2, 2], "18": [[15719.131437378848, 7223.255572084392, 1619.9997580874708], [15884.718697445656, 6974.312649134435, 1620.0], 15, 2, 2], "19": [[13591.91876132525, 1300.9090553070434, 1590.0000826589708], [13456.367481785594, 1280.5828187358316, 1590.0], 2, 2, 2], "2": [[-11607.540046295773, -10082.733662939823, 1598.3231024102015], [-10571.148793911112, -9263.511200428511, 1560.0], 24, 3, 2], "20": [[17429.077497864775, 8460.856592402259, 1720.000038566936], [16270.194445602505, 7791.857713753389, 1720.0], 2, 2, 2], "21": [[15381.219196009497, -9381.652991044735, 1348.6227651861961], [13415.129255881771, -8878.303879288811, 1560.0], 13, 3, 3], "22": [[9051.891355074249, -10783.413661019442, 1127.2917714470555], [6127.498201181737, -9754.97652698727, 1560.0], 17, 3, 3], "23": [[9985.435598237063, -13379.514669484544, 1281.1782296036868], [7395.75545089361, -11801.837375009198, 1560.0], 8, 2, 2], "24": [[9301.525992413177, -13174.472891293259, 1720.0002222236642], [9781.432611108245, -12473.851291580217, 1720.0], 57, 2, 2], "25": [[16920.111827003973, -11292.059250715278, 944.093533045731], [12094.512120993291, -10121.179720515262, 1560.0], 42, 3, 3], "26": [[17107.72847075019, -10989.424706102143, 1462.1131453470155], [15306.232742512355, -10331.187558889327, 1560.0], 30, 3, 3], "27": [[19256.59847423509, -11066.908476346518, 1470.598863315391], [17698.256713261562, -10196.57963570806, 1560.0], 18, 3, 3], "28": [[18458.652967840575, -10095.395685860512, 1559.9998038842355], [17188.914729411554, -9747.093091305811, 1560.0], 89, 3, 3], "29": [[23145.10050085618, -11347.292077961534, 1750.000115440341], [21658.787247117554, -9560.286152381601, 1750.0], 0, 1, 1], "3": [[-13995.738571281016, -6481.046317666293, 1559.9999761595045], [-13410.610375418677, -6190.82954776786, 1560.0], 1, 3, 2], "30": [[23320.423241407887, -15153.421913561175, 2044.2908151862973], [23500.790842337017, -14580.806000389737, 1600.0], 52, 3, 3], "31": [[21531.314493049576, -15081.904850450093, 1958.2705805121984], [20873.886692053205, -14303.229703345402, 1560.0], 32, 3, 3], "32": [[16967.16302135809, -13242.771682230356, 1356.3921659832163], [14252.15923271516, -11970.628761001373, 1560.0], 20, 3, 3], "33": [[9555.659741895013, -25334.541861925314, 1560.000113344044], [5434.433895131125, -18271.241556836543, 1560.0], 6, 2, 2], "34": [[9798.46068156606, -23061.184983566498, 1517.9085567256152], [6126.876880561653, -17484.16109738933, 1560.0], 2, 3, 3], "35": [[11819.878042671437, -24327.73685696785, 1560.0003394907199], [7567.761767396808, -18235.562964665565, 1560.0], 0, 2, 2], "36": [[10746.985658753272, -23183.498850860255, 1559.9999137013929], [6979.15971441322, -17685.145957386278, 1560.0], 3, 3, 3], "37": [[11732.933444106728, -22897.98315544633, 1583.7372348695853], [7148.828719331925, -17488.70464596836, 1560.0], 102, 3, 3], "38": [[11944.07429228316, -22519.462852446537, 1560.0001685788766], [8203.547855186911, -17538.704358119623, 1560.0], 1, 2, 2], "39": [[15227.395568668404, -22542.962291551397, 1656.779721033717], [11529.622836409719, -18039.565985123085, 1560.0], 4, 3, 3], "4": [[-12762.66025158757, 5160.135254880207, 1340.65226741104], [-12278.868375463395, 4235.363102218903, 1560.0], 27, 2, 2], "40": [[14554.316884339922, -21769.08917670851, 1537.4430092860773], [10779.454310907986, -17395.543647489383, 1560.0], 11, 3, 3], "41": [[9605.390898386846, -18340.438147922396, 1479.893080649231], [6852.188960157136, -15179.69446822729, 1560.0], 3, 3, 3], "42": [[10428.580207378136, -19081.721527441605, 1163.174586240116], [5986.429747635618, -15058.872747098108, 1560.0], 70, 3, 3], "43": [[7846.53156977722, -17208.214365389966, 1313.8942121023103], [4788.998691512574, -14151.280192108168, 1560.0], 8, 3, 3], "44": [[11189.613132530369, -17393.657203608163, 1470.662443078443], [8632.441841661806, -14822.524378436763, 1560.0], 15, 3, 3], "45": [[13976.291525232802, -17608.10427934325, 1594.6507052195936], [11271.012286282905, -15240.414453531055, 1560.0], 11, 3, 3], "46": [[19263.476810405413, -17860.889259250063, 1992.8608584055642], [16100.82151629678, -15568.219078829943, 1560.0], 27, 3, 3], "47": [[20353.092383422336, -18150.386530354506, 1940.175033932689], [19044.26803417254, -16268.565321415008, 1560.0], 10, 3, 3], "48": [[20502.250094534385, -17354.86230120367, 2040.5146985057852], [20157.91468269792, -16146.871542481607, 1560.0], 19, 3, 3], "49": [[15414.518024333087, -12290.830907978838, 1353.2270652432135], [10543.936694607066, -10785.984501020115, 1560.0], 98, 3, 3], "5": [[-14112.515241853072, 7268.444528450428, 965.6286533516922], [-13180.11442298329, 5201.638498677701, 1560.0], 30, 2, 2], "50": [[14936.522421893125, -12532.617056545754, 1365.7114929113704], [10448.32604480643, -10958.00331583558, 1560.0], 48, 3, 3], "51": [[14035.569412924327, -8762.03270288853, 1374.54488518824], [12468.968301735473, -8292.514925210051, 1560.0], 9, 3, 3], "52": [[14416.93476394175, -12518.944411421166, 610.4187812979727], [10048.240388848832, -10670.458204173072, 1560.0], 65, 3, 2], "53": [[20951.8177110134, -8597.253050366098, 1586.4463276349563], [19709.51212417521, -8394.078043625053, 1560.0], 12, 3, 3], "54": [[22580.33025585247, -10422.658027787342, 1749.9998339743863], [21352.14387795378, -8809.988099037664, 1750.0], 0, 1, 1], "55": [[24361.488485467664, -8862.793414972833, 1749.9997579474334], [22760.27640032929, -7209.846347461225, 1750.0], 0, 1, 1], "57": [[14354.36000394124, -22449.701723698625, 1504.204476783259], [9050.746275336034, -17231.77554625775, 1560.0], 35, 2, 2], "58": [[-12508.083903610874, -9957.578490330294, 1559.9999159492186], [-11499.288493588618, -8999.600137951926, 1560.0], 3, 3, 2], "59": [[-12229.350937198366, -15708.94249152865, 1620.0002250196167], [-6475.8310456677, -10121.631007575, 1620.0], 0, 1, 1], "6": [[-14835.52365540777, 7390.695637078052, 1562.0291146927277], [-13029.185342173423, 5749.91259436373, 1600.0], 22, 2, 2], "60": [[-10856.656073413043, -16725.990075761623, 1569.9998014229047], [-5671.026985826883, -11492.064081415938, 1570.0], 0, 1, 1], "61": [[-11239.130267219365, -17599.828367044087, 1709.9996774077993], [-5539.900452847347, -11806.851319926958, 1710.0], 0, 1, 1], "62": [[-11737.611327056406, -16461.663413843056, 1779.9998225499003], [-7140.360934861903, -14167.591397225404, 1780.0], 0, 1, 1], "63": [[-8382.133104074257, -17055.00651359941, 1559.9997711756603], [-3750.6751244295583, -14456.677534050777, 1560.0], 0, 1, 1], "64": [[-8216.46076118181, -19361.68018953082, 1560.0002980911997], [-3657.3823111244074, -14756.390471603416, 1560.0], 0, 1, 1], "65": [[-16931.8739983653, 5042.276869886871, 1560.0001042773874], [-14905.492697084494, 4005.1044696148533, 1560.0], 0, 2, 1],