{"0": [[-14868.397222437237, -5590.683446185766, 1470.7997568963121], [-14387.859603331126, -5339.590133441782, 1560.0], 10, 3, 2], "1": [[-14124.459155558536, -5904.787164895197, 1559.9999221651087], [-13567.488793519467, -5691.303365190795, 1560.0], 0, 3, 2], "10": [[7938.132298919725, -17785.696427962725, 1268.739174813425], [4962.470725013644, -14576.58392466163, 1560.0], 37, 3, 3], "11": [[9650.011315261701, -17694.999178453105, 1075.9299079101709], [5589.9808412844195, -14240.449371843612, 1560.0], 8, 3, 2], "12": [[7632.789342129381, -16266.552921959055, 1471.6233837429], [4171.670548240886, -13386.398529942178, 1850.0], 7, 3, 2], "13": [[9412.357618293316, -17170.026608649063, 1560.0001214046308], [7575.2063546700265, -14837.469941497522, 1560.0], 7, 3, 3], "14": [[9084.73692976128, -15485.094898358135, 1282.0749864729275], [6548.249813643592, -13356.239426725087, 1560.0], 3, 3, 3], "15": [[8080.237259843394, -14514.28695091109, 1368.4194983419552], [5971.749691247059, -12765.48969594243, 1560.0], 6, 3, 3], "16": [[14477.917845625409, -18321.029408209357, 1670.693543833255], [12729.403503415546, -15935.062290111959, 1560.0], 15, 3, 3], "17": [[11243.874050827011, -14339.152789432763, 1559.9999821980755], [9791.645340760875, -13035.813743011568, 1560.0], 2, 2, 2], "18": [[10030.029679819214, -13034.932266122049, 1400.7156188349893], [9362.201445580942, -11907.571952328235, 1560.0], 78, 2, 2], "19": [[13407.42513312525, -14080.631789598123, 1559.9999415765449], [12229.545043578788, -12986.171777590267, 1560.0], 54, 3, 3], "2": [[-13026.02056472698, -5872.862093208964, 1584.089602320025], [-12523.91587536487, -5726.841720167838, 1560.0], 9, 3, 2], "20": [[15411.648997561802, -10873.734419750883, 1560.0001279549033], [14547.743119966577, -10404.94927668709, 1560.0], 10, 3, 3], "21": [[13564.104800408468, -10921.264940917245, 1621.8316558777387], [13170.339362002856, -10448.724526220714, 1560.0], 5, 3, 3], "22": [[15108.098103377715, 1374.2274687972938, 1640.000021656462], [15061.901340243725, 1302.1380632828304, 1640.0], 3, 2, 2], "23": [[14231.963522257856, 1438.84025069754, 1560.000243301364], [13617.288463836067, 1298.7307664508985, 1560.0], 0, 2, 2], "24": [[15624.676897349731, 2905.7230769185494, 1820.0004038603597], [15298.182210467, 2773.624078258011, 1820.0], 0, 2, 2], "25": [[15360.504660902585, 5749.315833343776, 1560.0002022773642], [15111.640351379529, 5592.994087358599, 1560.0], 12, 2, 2], "26": [[14617.198243500736, 6057.534416342714, 1559.9999459606834], [13939.671659930746, 5719.960501373818, 1560.0], 0, 2, 2], "27": [[14262.725658857957, 8017.0122168130865, 1650.0000702585512], [13445.51412265146, 7467.219800091391, 1650.0], 0, 2, 2], "28": [[13880.294930490934, 8327.201877601232, 1660.000147737674], [13502.254939068114, 7827.684292164593, 1660.0], 4, 2, 2], "29": [[13576.15352799252, 5354.680149569374, 1720.000000801059], [12916.60105280745, 5025.849766963233, 1720.0], 0, 2, 2], "3": [[-11340.411622705962, -7173.521927999571, 1559.999868721114], [-10893.458105936637, -6908.039666746605, 1560.0], 0, 2, 1], "30": [[13183.523126914813, 2560.531291110183, 1800.0000686104781], [12801.90562650997, 2462.3333304842804, 1800.0], 0, 2, 2], "31": [[12966.826543191863, 6357.329087565985, 1559.9997354685615], [12318.317629516234, 5956.419336939785, 1560.0], 1, 2, 2], "32": [[12385.865577028146, 7835.273466026398, 1679.9999864407573], [11057.724794798722, 7187.082273341925, 1680.0], 2, 2, 2], "33": [[12599.324418222785, 7532.272267255243, 1477.0234083999062], [11018.368788249565, 6872.195276951528, 1560.0], 25, 2, 2], "34": [[11893.825106588976, 7004.672812335928, 1600.0000977270545], [11822.296546110867, 6733.813928178767, 1600.0], 2, 2, 2], "35": [[11430.211800432677, 9909.821475239196, 1559.999995341782], [10112.226556266953, 8961.58365975943, 1560.0], 2, 2, 2], "36": [[10995.192583038033, 9852.91513218927, 1589.999476704203], [9491.927871607806, 8861.343214393988, 1590.0], 2, 2, 2], "37": [[9715.198661766972, 9137.025829953029, 1559.9999949322007], [8096.356565837671, 8026.0629116141645, 1560.0], 28, 3, 3], "38": [[10677.29977307139, 9573.633842829262, 1559.9997901793608], [9579.41465969538, 8689.691733157679, 1560.0], 9, 2, 2], "39": [[7305.447427036668, 9627.521766392116, 1524.4014366390938], [5833.908625339732, 8426.622479368265, 1560.0], 5, 3, 3], "4": [[-13030.355284317246, -7447.556785054, 1591.5412166756023], [-12229.618258020353, -7130.380105916071, 1560.0], 52, 3, 2], "40": [[9305.898676819723, 11051.696351616045, 1842.4837794955372], [7694.621245148962, 9835.567274086123, 1560.0], 143, 3, 2], "41": [[7656.269810351453, 10872.649806321653, 1463.2182706573303], [6032.174157606252, 9315.738919671923, 1560.0], 18, 3, 3], "42": [[6862.046365905617, 11012.624724854206, 1536.5062988538366], [5355.580854063649, 9507.592293826643, 1560.0], 5, 3, 3], "43": [[6432.695816681831, 12019.94320047192, 1286.780311322686], [4442.058685138987, 10006.053320527517, 1560.0], 19, 3, 3], "44": [[5998.115310001111, 12335.084824049442, 1351.3122519334852], [4180.453157376065, 10314.681399402223, 1560.0], 4, 3, 3], "45": [[-9433.713689235728, 11833.89892570161, 1347.6023269771813], [-8789.346500099839, 8752.992765262463, 1560.0], 35, 3, 3], "46": [[-8115.628654285104, 12426.491910892233, 1435.1469889488546], [-7541.1170765557845, 9403.215052013007, 1560.0], 17, 3, 3], "47": [[-7802.213640808788, 11789.184410018934, 1473.8358147856718], [-7636.548634690069, 8986.841642129359, 1560.0], 130, 3, 3], "48": [[-8076.219688656995, 10180.005991899377, 1526.059308590824], [-7705.225248242578, 8206.271363104233, 1560.0], 45, 3, 3], "49": [[-8502.296984636298, 8472.696511923697, 1440.0670805059046], [-8365.951929134771, 6961.9850368440475, 1560.0], 39, 3, 3], "5": [[-13912.215891572427, -7504.7716543885235, 1559.9999856703078], [-13078.663852354513, -7103.949089987662, 1560.0], 16, 3, 2], "50": [[-9979.150315729912, 7149.637643710775, 1463.0453861357348], [-9663.477698755843, 5940.215063724873, 1560.0], 98, 3, 3], "51": [[-10876.796022649167, 6040.644442347567, 1418.8902973625147], [-10542.440096198812, 5107.01563678253, 1560.0], 34, 3, 3], "52": [[-10674.564896281841, 6907.797850004564, 1457.6338259825754], [-10183.559167358848, 5765.407900954281, 1560.0], 56, 3, 3], "53": [[-11256.939732575805, 6499.327487272385, 1611.6938558309357], [-10441.801388834576, 5618.700449194441, 1560.0], 52, 3, 3], "54": [[-12273.520082712643, 4830.241573224608, 1432.9350657174596], [-11830.138903429339, 4097.432028103291, 1560.0], 65, 3, 3], "55": [[-12519.066395510572, 5437.09437080992, 1359.8318270222135], [-11997.02889693052, 4492.42008729154, 1560.0], 28, 3, 3], "56": [[-11990.77602205412, 6447.847466595588, 1341.9372365667653], [-11481.0695710411, 5230.726736327679, 1560.0], 79, 3, 3], "57": [[-12609.574221740435, 6016.5519888893905, 1300.9574377740755], [-12044.243086922339, 4830.9817097112955, 1560.0], 12, 2, 2], "58": [[-13572.042657022588, 5335.638265086377, 1261.573898761703], [-12906.063326451618, 4257.970683839157, 1560.0], 10, 2, 2], "59": [[-13777.449641026267, 6042.493676830915, 1411.1087214382835], [-12777.067499741934, 4843.827569356612, 1560.0], 37, 2, 2], "6": [[-15252.201989173658, -9717.711507914391, 1485.1685576878344], [-13711.25439135633, -8496.390390253671, 1560.0], 12, 3, 2], "60": [[-13247.682489235853, 6640.135779784577, 1442.6247007299296], [-12202.520228194431, 5362.5690137055635, 1560.0], 37, 2, 2], "61": [[-12772.187096262362, 6675.5917616847355, 1538.2206724313082], [-11714.419393416483, 5550.6058634057035, 1560.0], 17, 2, 2], "62": [[20006.560342682315, -12513.238075836785, 1749.9999480442088], [19255.788207564117, -11093.437714212932, 1750.0], 0, 1, 1], "63": [[25143.650601057394, -8673.976698262952, 1750.0000877058278], [23362.033078324122, -6859.886213331342, 1750.0], 0, 1, 1], "64": [[16736.9968488263, 7074.300223488048, 1659.9999730401253], [13556.00223704622, 6094.0820688130925, 1660.0], 88, 2, 2],