{"0": [[-7578.606013552014, 12530.825399904259, 1464.3432458374316], [-7096.8315434049655, 9548.532368325092, 1560.0], 6, 3, 3], "1": [[-8009.344342737871, 11478.016244528273, 1404.945664646041], [-7785.252714028366, 8769.174805843371, 1560.0], 41, 3, 3], "10": [[-12917.123908146705, 4512.2365625018165, 1406.925509266404], [-12482.207331704152, 3759.244237400968, 1560.0], 76, 3, 3], "11": [[-12020.536459899173, 6322.261394255248, 1330.8389297102628], [-11489.209489506307, 5191.800502194046, 1560.0], 92, 3, 3], "12": [[-13238.281697906215, 6179.919204479782, 1238.3240451987417], [-12585.819981979936, 4816.4137560983545, 1560.0], 61, 2, 2], "13": [[-13555.846447583126, 4665.554368203744, 1229.6933943955514], [-13115.34619848224, 3708.8589005681615, 1560.0], 55, 2, 2], "14": [[-14164.224036647616, 6609.025126741093, 1383.152041752363], [-12924.014184458092, 5196.277629647926, 1560.0], 56, 2, 2], "15": [[-14979.871175886152, 6535.626138635695, 1451.7460266983999], [-13403.106065787075, 5117.19395414441, 1560.0], 27, 2, 2], "16": [[-7631.588010017727, 4925.643583765204, 1333.5983986904744], [-8136.167472322392, 4209.7115358997735, 1560.0], 93, 3, 3], "17": [[-11675.817235704102, 2306.089721189869, 1430.7265835393862], [-11719.89925655962, 1971.8938588362362, 1560.0], 60, 3, 3], "18": [[-11347.532775646345, -5688.026928712741, 1426.9803307308443], [-11287.764869997987, -5521.403639433556, 1560.0], 13, 3, 2], "19": [[-12934.942909740248, -5172.592344021649, 1559.9998874242547], [-12627.809509019175, -5054.540679186499, 1560.0], 9, 3, 2], "2": [[-7350.613619633328, 10261.986558288114, 1225.1955697650274], [-7535.951057920183, 8010.421756677646, 1560.0], 26, 3, 3], "20": [[-13286.831838416638, -5036.987039690074, 1359.5800541217993], [-13198.319473747213, -4853.232310454242, 1560.0], 9, 3, 2], "21": [[-14622.287240662157, -5116.476325162547, 1511.8109967562982], [-14181.138547840366, -4945.458507587827, 1560.0], 10, 3, 2], "22": [[-13924.078523143518, -5593.526064481809, 1560.0000198099492], [-13417.370595947888, -5432.964606803745, 1560.0], 2, 3, 2], "23": [[-12147.648598143092, -6296.4247380097995, 1454.4468918185764], [-11955.03751055251, -6032.116887513948, 1560.0], 9, 3, 2], "24": [[-11090.320675327881, -6674.184915595052, 1559.9998879449333], [-10789.789006457828, -6455.783215453053, 1560.0], 1, 3, 2], "25": [[-11178.072891144653, -8256.330564036669, 1560.0000329450343], [-10613.413706965435, -7841.09504395711, 1560.0], 8, 3, 2], "26": [[-11906.427813864482, -7995.53863835834, 1560.0000170138194], [-11295.551289051975, -7569.262378117205, 1560.0], 1, 3, 2], "27": [[-12615.431124132612, -7314.775569407312, 1560.0006312686858], [-11975.180419456718, -7005.3684778436755, 1560.0], 32, 3, 2], "28": [[-13170.820586305572, -7201.6864407056755, 1560.0005783033357], [-12532.461057341025, -6854.731463858481, 1560.0], 9, 3, 2], "29": [[-13854.924371588115, -6522.229085018083, 1487.0992435705296], [-13359.2761866502, -6239.109594821825, 1560.0], 37, 3, 3], "3": [[-8782.981581657943, 8734.659441330974, 1524.4797068603013], [-8418.510844520019, 7186.123749304298, 1560.0], 78, 3, 3], "30": [[-15471.285168012544, -6699.447013363787, 1560.0002333656307], [-14535.450025679085, -6334.190022384393, 1560.0], 0, 3, 2], "31": [[-11432.200717661339, -9821.315152129127, 1559.9999497542372], [-10568.251290953654, -9043.430363869416, 1560.0], 16, 3, 2], "32": [[-12295.90964702786, -9614.887860037747, 1559.9999813703198], [-11301.746620435672, -8838.453226459895, 1560.0], 37, 3, 2], "33": [[-13916.18894731111, -8744.079017478723, 1629.458771582084], [-12714.39182262455, -8126.551496863732, 1560.0], 23, 3, 2], "34": [[-14809.872462956477, -8436.150487829487, 1559.9999760559213], [-13605.87069111031, -7739.31636922759, 1560.0], 11, 3, 2], "35": [[-11691.519007255558, -11285.87799863652, 1559.9998449481093], [-10494.836447505533, -10022.29655737275, 1560.0], 15, 3, 2], "36": [[-11891.583735717833, -14777.52386977554, 1598.450183430183], [-9906.442097999627, -11908.006162975475, 1560.0], 14, 2, 2], "37": [[-9078.855609223434, -15015.518827718712, 1560.0000847903957], [-7859.142021663962, -12404.073724609634, 1560.0], 12, 3, 2], "38": [[-7039.786911211303, -14399.463168939801, 1403.6892926647815], [-6861.76105074166, -12021.739129663043, 1560.0], 14, 3, 2], "39": [[-6622.039850443026, -15522.28124572394, 1155.9456442358824], [-6593.0219840440905, -12826.55644323695, 1560.0], 73, 3, 2], "4": [[-9932.283023009419, 8899.666584301578, 1413.4018556724811], [-9414.376024482171, 7138.764651324565, 1560.0], 24, 3, 3], "40": [[-5921.74791852928, -16517.91948355121, 1196.9709057347613], [-5750.915808556564, -13543.982451041325, 1560.0], 59, 3, 2], "41": [[-6413.598669800881, -17647.08342950704, 1188.4237355852438], [-6119.686048423401, -13952.264812965901, 1560.0], 23, 3, 2], "42": [[-7764.751420863631, -18610.93629890778, 1434.456521292786], [-6984.918045481412, -13768.8693367539, 1560.0], 17, 2, 2], "43": [[0.5250091664450789, -15706.343533244828, 1613.457442978522], [-807.0954328715675, -13489.981691330575, 1560.0], 103, 3, 3], "44": [[5558.043935617605, -17312.295801822787, 1227.4986815904642], [2552.2945002821693, -14065.844206406111, 1560.0], 13, 3, 3], "45": [[8723.296335857627, -17596.794042388512, 1497.626341681409], [5806.767142647497, -14620.079092143218, 1560.0], 6, 3, 3], "46": [[7572.542061049252, -16364.520012635061, 1216.469214390551], [5022.351723487509, -13731.270605376742, 1560.0], 11, 3, 3], "47": [[7572.778060812158, -15550.829469442395, 1207.035008761361], [4199.346876261855, -12991.845922016966, 1560.0], 10, 3, 3], "48": [[8219.957891166643, -14175.150915361919, 973.6640871846123], [4668.939978469219, -12030.264367847443, 1560.0], 9, 3, 3], "49": [[12518.280762846509, -17565.764032961197, 1422.18386282625], [10186.206494186881, -15038.233360869262, 1560.0], 29, 3, 3], "5": [[-10442.769388803157, 9763.272087788308, 1347.8263151082374], [-9634.363228312624, 7578.02254208977, 1560.0], 29, 3, 3], "50": [[11884.272698795894, -19002.582723603187, 1604.3312774876088], [9440.12657097409, -16034.39693021047, 1560.0], 6, 3, 3], "51": [[21172.50231653261, -17361.596021695474, 1973.3761501706474], [20337.023612542314, -15964.867999974438, 1560.0], 16, 3, 3], "52": [[16842.516039273283, -9267.251643263, 1560.0000482246776], [15463.073487728885, -8874.466530567815, 1560.0], 8, 3, 3], "53": [[15588.131404663567, -9503.437881638805, 1532.817958660759], [14638.11894504428, -9082.472222127177, 1560.0], 26, 3, 3], "54": [[14961.968939453622, -9376.903356154, 1315.5166056361434], [13415.129255881771, -8878.303879288811, 1560.0], 12, 3, 3], "55": [[14260.254699822173, -11048.854316606414, 1436.219540035869], [12598.166617175459, -10329.506785583615, 1560.0], 13, 3, 3], "56": [[15110.940912578204, -10964.156457674078, 1559.999840760996], [13875.736733830927, -10379.074890137117, 1560.0], 22, 3, 3], "57": [[16013.402136396016, -10956.41926142552, 1448.6691057145947], [14668.6550129239, -10207.200509785216, 1560.0], 11, 3, 3], "58": [[12003.927213733534, -9504.190107310027, 1465.497425929127], [11466.085442178131, -9070.026586335904, 1560.0], 28, 3, 3], "59": [[12789.040996826185, -11150.711328733818, 1559.8191893573485], [11834.99722515506, -10579.345080127014, 1560.0], 16, 3, 3], "6": [[-10152.18645489813, 6951.225668666243, 1284.4935974367506], [-10049.460796336176, 5646.865371084846, 1560.0], 25, 3, 3], "60": [[12613.45931841926, -11864.965212879004, 1559.999942848828], [12615.96675512463, -11371.481426168186, 1560.0], 40, 3, 3], "61": [[13459.716996336847, -11853.19041103523, 1449.6885153721294], [11628.76820447593, -10938.098924971564, 1560.0], 21, 3, 3], "62": [[14596.399997504375, -11540.271173569123, 1330.6249044795645], [13817.680159909569, -10475.513722901105, 1560.0], 115, 3, 3], "63": [[15374.78422979166, -13610.510903080494, 1495.1748613658538], [13887.272492443439, -12515.199069715354, 1560.0], 40, 3, 3],