{"10": [[8463.791938456654, -14276.649784693816, 1256.0764834778831], [6115.2303502820005, -12493.24169525174, 1560.0], 8, 3, 3], "11": [[10685.543274257449, -16095.50554022105, 1397.5467607884145], [9089.480244047432, -14138.287041316848, 1560.0], 33, 3, 3], "12": [[11108.951009115468, -16613.334811982997, 1513.539477715901], [9401.799409632586, -14503.627325838665, 1560.0], 19, 3, 3], "13": [[8840.101042731301, -15342.383960651146, 1361.6596817489367], [6548.249813643592, -13356.239426725087, 1560.0], 6, 3, 3], "14": [[9300.683135979001, -17023.060973579075, 1370.6962928992873], [6063.053516872745, -14193.76231843239, 1560.0], 5, 3, 3], "15": [[8956.267764197175, -17666.39403394508, 1468.6465408926226], [6587.10296742912, -14848.516552408622, 1560.0], 5, 3, 3], "16": [[9310.921754544244, -20478.404289995637, 1441.761010659453], [6514.176944256663, -16361.745390419308, 1560.0], 6, 3, 3], "17": [[12387.05651549141, -21547.028534448476, 1474.353139727658], [8206.312635571494, -16871.175392295674, 1560.0], 8, 3, 3], "18": [[9262.812047372838, -25528.461923460512, 1559.9999154877185], [4996.153982047499, -18223.232712459405, 1560.0], 8, 2, 2], "19": [[10534.740410575183, -27394.91022761792, 1560.000197277982], [6055.659141066952, -19182.712930497564, 1560.0], 2, 2, 2], "2": [[21657.086412780474, -11934.667369450674, 1749.9999494283866], [20493.869584631913, -10340.631643122137, 1750.0], 0, 1, 1], "20": [[7260.7473036817755, -26895.320432749162, 1639.9998820944402], [3677.2132676566944, -18589.873374920404, 1640.0], 0, 2, 2], "21": [[-8048.44530566294, -16037.55785275001, 1560.000217963315], [-6900.605942308697, -14022.186572141987, 1560.0], 0, 1, 1], "22": [[-7894.578650602229, -18576.695763011707, 1513.0003688644347], [-6881.401575169424, -13885.742734743364, 1560.0], 20, 2, 2], "23": [[-8513.291644490408, -17232.11490077068, 1275.9926323912443], [-7905.775449033303, -12981.64205856886, 1560.0], 13, 2, 2], "24": [[-8467.149470433778, -16733.561397001846, 1367.0454354669703], [-7688.572962558707, -12931.831211369627, 1560.0], 67, 2, 2], "25": [[-9916.440579978322, -14223.691404613084, 1560.0001726986927], [-4692.131745379253, -12655.96562330255, 1560.0], 0, 1, 1], "26": [[-10095.484756600386, -17239.815854153538, 1640.0000031298616], [-5252.363069242778, -12011.511731540617, 1640.0], 0, 1, 1], "27": [[-8029.434435167558, -20120.82077333634, 1560.0001898024282], [-3572.740846726905, -14675.94819838348, 1560.0], 0, 1, 1], "28": [[-8053.071956749603, -17540.84139266276, 1560.000131886964], [-3836.01456471661, -14302.999827184463, 1560.0], 0, 1, 1], "29": [[-15579.855223777646, -9549.790191744158, 1560.000118206875], [-13870.24522439104, -8437.120284685341, 1560.0], 10, 3, 2], "3": [[17270.794889590536, -10120.830524987683, 1559.9997785530893], [16357.423549778994, -9837.806134027493, 1560.0], 41, 3, 3], "30": [[-15164.280496637355, -9568.170703857946, 1560.0001322156447], [-13596.49293138982, -8484.90037208075, 1560.0], 0, 3, 2], "31": [[-13093.159248176973, -10251.356230673266, 1313.8079583706653], [-12226.717402515338, -8931.837028005806, 1560.0], 12, 3, 2], "32": [[-13682.200085628025, -8732.243042813632, 1559.999784138571], [-12720.9621954182, -8016.660347199977, 1560.0], 11, 3, 2], "33": [[-14073.988501199377, -8706.751855590015, 1560.0001602632753], [-12978.116736801481, -8017.341049846147, 1560.0], 25, 3, 2], "34": [[-14751.694555729093, -7905.188319816007, 1560.0000530333352], [-13728.989873754164, -7333.567063144457, 1560.0], 8, 3, 2], "35": [[-13238.590246253207, -7634.86194997247, 1593.8149284869987], [-12469.236704011542, -7247.79422887694, 1560.0], 11, 3, 2], "36": [[-14828.199670802409, -6968.2394128674305, 1559.9999084653132], [-13954.300044461053, -6587.5048621672295, 1560.0], 4, 3, 2], "37": [[-15211.913312498882, -6384.929372840824, 1559.9998500379183], [-14439.11392923194, -6045.607023038039, 1560.0], 7, 3, 2], "38": [[-14119.767408759326, -6357.097015073552, 1508.2303663773484], [-13610.115985716218, -6059.882652577515, 1560.0], 14, 3, 2], "39": [[-13670.71371242463, -6336.56976432474, 1559.9953487734977], [-13153.847195327917, -6071.791233767527, 1560.0], 9, 3, 2], "4": [[16537.005795219862, -10051.666896968183, 1468.7929902634119], [15033.521534688618, -9602.306746653612, 1560.0], 16, 3, 3], "40": [[-12396.428102388023, -6564.108384622395, 1541.1332748058387], [-12029.443268233917, -6318.887954030854, 1560.0], 9, 3, 2], "41": [[-11498.73881065177, -7135.454482345003, 1466.3338950397078], [-11272.23119384078, -6779.87445543087, 1560.0], 13, 3, 2], "42": [[-10643.545247123839, -7524.3082868297915, 1559.9998835273182], [-10160.12462036477, -7270.268159417593, 1560.0], 4, 3, 2], "43": [[-15611.251425837108, 6224.989441986715, 1321.067300990083], [-14019.327996717242, 4713.608487524337, 1560.0], 25, 2, 2], "44": [[-14843.59810425885, 7275.478355174062, 1158.5637595320773], [-13469.887434009868, 5284.234191731894, 1560.0], 63, 2, 2], "45": [[-13828.09630353071, 7178.105242496905, 859.8229301621585], [-13178.731601932988, 5047.060422792097, 1560.0], 67, 2, 2], "46": [[-13394.09999240047, 7179.702800084888, 1260.8918138868096], [-12423.027450290107, 5510.386547574421, 1560.0], 16, 2, 2], "47": [[-14251.544760982702, 6113.529106962574, 1256.2530415146855], [-13207.577164067112, 4759.947013944018, 1560.0], 12, 2, 2], "48": [[-13210.244899643165, 5690.236967590674, 1328.2992402765406], [-12536.538659570419, 4570.357774215201, 1560.0], 32, 2, 2], "49": [[-12735.912031810747, 5573.041620734713, 1464.1933979547482], [-12017.429602871904, 4681.888610018758, 1560.0], 25, 3, 2], "5": [[15773.212479749422, -10185.88848279796, 1392.2526630196337], [14284.523284869087, -9690.814926420406, 1560.0], 39, 3, 3], "50": [[-12621.583201528725, 6995.576850694916, 1376.8241081175793], [-11765.32479865871, 5581.918977377578, 1560.0], 34, 2, 2], "51": [[-11933.104572456754, 6704.419867317953, 1526.4544698404409], [-11078.62015898048, 5608.414515810731, 1560.0], 60, 3, 3], "52": [[-10914.953545338625, 6921.045713579834, 1504.2909736707657], [-10416.036948197116, 5745.852696506668, 1560.0], 82, 3, 3], "53": [[-11364.61647592764, 8137.185646831725, 1504.8158053014547], [-10607.138885807159, 6522.737979261032, 1560.0], 109, 3, 3], "54": [[-10382.420858607367, 7792.300701684394, 1529.4310055450142], [-9807.660358664154, 6442.856918977971, 1560.0], 75, 3, 3], "55": [[-9281.484124653096, 10329.919330118786, 1559.999943637384], [-8465.448205792016, 8281.776463995884, 1560.0], 17, 3, 3], "56": [[-7864.642151061579, 10301.09969121387, 1307.5879870755855], [-7843.8312135195965, 8036.385901183319, 1560.0], 10, 3, 3], "57": [[-7495.45357375867, 11644.075795473209, 1235.7831971875173], [-7709.86871095809, 8657.872422814322, 1560.0], 49, 3, 3], "58": [[1070.3642437870096, 11679.079570035421, 1464.8626875320895], [-24.202210029179057, 9841.038077992045, 1560.0], 31, 3, 3], "59": [[5575.077782480601, 12290.436365253812, 1220.7848441703204], [3510.250770727278, 10108.7325390625, 1560.0], 8, 3, 3], "6": [[13369.473871254435, -13726.977818273583, 1499.0931954898845], [11908.58851378712, -12503.241923738537, 1560.0], 17, 3, 3], "60": [[15030.31846818129, 815.2515113772611, 1699.9994155368274], [15197.892021122168, 819.3094482867996, 1700.0], 9, 2, 2], "61": [[14261.138612468705, 1193.6777090885253, 1709.999552306299], [13967.035138457077, 1077.993458133568, 1710.0], 0, 2, 2], "62": [[9605.51931616093, 1366.1583793659331, 1550.9420029964], [9824.790236393063, 1265.8281847566698, 1560.0], 21, 3, 3], "63": [[16979.17665379664, 8048.717840843727, 1650.000061357988], [15883.210657308722, 7463.426104593973, 1650.0], 2, 2, 2], "64": [[16099.861550095267, 8441.31953041527, 1699.9994872879083], [15114.305469864199, 7877.95055984944, 1700.0], 0, 2, 2], "65": [[15388.378600067716, 7726.092643415317, 1670.0001881142794], [15122.231455852374, 7401.210395484193, 1670.0], 2, 2, 2],