{"0": [[-8525.353533776008, 11496.641959722843, 1259.7312940368683], [-8414.232196599773, 8505.559155787329, 1560.0], 57, 3, 3], "1": [[-10229.841583687592, 10066.164151410194, 1269.5414203827834], [-9795.779296397879, 7538.769336891444, 1560.0], 98, 3, 3], "10": [[-15178.717381514012, -7689.680371334638, 1560.0003559096267], [-14079.932884492453, -7134.774761754879, 1560.0], 1, 3, 2], "11": [[-11833.057426453688, -11792.4479000611, 1559.9997466967245], [-10564.211360608835, -10289.560694864516, 1560.0], 26, 3, 2], "12": [[-12081.387370028751, -11899.128146784977, 1607.4253457488549], [-10633.50388869862, -10382.91201934081, 1560.0], 37, 3, 2], "13": [[-11356.408495935713, -12658.492108411929, 1560.0000595733354], [-10023.016742507587, -10846.614942315931, 1560.0], 19, 3, 2], "14": [[-11261.266107128711, -13994.35797520378, 1560.000013516992], [-9694.130568239952, -11562.114274539663, 1560.0], 3, 2, 2], "15": [[-12672.641928556612, -12746.309482855822, 1676.046893425546], [-10812.649299392231, -10840.162892347433, 1560.0], 15, 3, 2], "16": [[-6855.424322641096, -15276.96314577975, 1283.5239133118441], [-6849.392097247075, -12810.24997907544, 1560.0], 38, 3, 2], "17": [[7134.114393316165, -18285.129086926947, 1392.101282976646], [4364.062533832326, -14888.466634628829, 1560.0], 8, 3, 3], "18": [[8777.74446090214, -18245.851309001886, 1560.0001499786804], [6772.533907815907, -15299.182651602696, 1560.0], 10, 3, 3], "19": [[9011.605204666632, -17466.344630860018, 1559.9998992084543], [7052.752714656053, -14874.49032805679, 1560.0], 4, 3, 3], "2": [[-10165.533544116377, 8310.202744681215, 1441.7351827321274], [-9669.22800909584, 6716.376386609677, 1560.0], 35, 3, 3], "20": [[8771.532544144493, -16851.445636526532, 1482.753285804736], [6437.929346233404, -14333.754228067251, 1560.0], 4, 3, 3], "21": [[9575.285982149822, -15425.013266415928, 1384.077396533149], [7460.763691524724, -13421.639833288787, 1560.0], 8, 3, 3], "22": [[10000.631168222331, -16433.653429274, 1439.4618177770283], [7998.530515381888, -14183.036961351172, 1560.0], 12, 3, 3], "23": [[10024.296854561746, -16922.239581845275, 1411.54802871933], [7418.857761281202, -14301.639761361974, 1560.0], 7, 3, 3], "24": [[9721.693705171445, -17323.31353145168, 1462.8363727304793], [7214.6622806451605, -14623.629990954583, 1560.0], 4, 3, 3], "25": [[12503.34101231184, -9011.49033657509, 1345.5624477197655], [11129.646163972719, -8599.180244136645, 1560.0], 11, 3, 3], "26": [[12678.071761597812, -10794.106615880497, 1337.2855281812333], [10977.700334689282, -9991.624934994648, 1560.0], 13, 3, 3], "27": [[14680.272449632519, -10085.587327591029, 1538.1247682643123], [13031.800300809955, -9568.012322356622, 1560.0], 39, 3, 3], "28": [[14498.096341070788, -11917.575410196076, 1559.99994484817], [13356.419814627174, -11230.12031833393, 1560.0], 20, 3, 3], "29": [[16282.442958597125, -7038.666477296968, 1422.5464704217475], [13796.127484085602, -6932.452361323362, 1560.0], 34, 3, 3], "3": [[-10042.977687627365, 7321.663270732823, 1376.313666296852], [-9814.784326503406, 6013.612804600734, 1560.0], 77, 3, 3], "30": [[15909.376707239855, -10800.77714103689, 1559.9998718153454], [14668.6550129239, -10207.200509785216, 1560.0], 0, 3, 2], "31": [[18738.344312913407, -13880.687392434682, 1560.0001048012502], [16628.82692330374, -12880.571257778784, 1560.0], 26, 3, 3], "32": [[8396.084471756349, 9974.420939856376, 1311.3179278736873], [6235.17312294044, 8564.775510835623, 1560.0], 8, 3, 3], "33": [[7739.794185962195, 9693.946243034841, 1235.0361627010634], [5039.578031446162, 8064.201685204059, 1560.0], 17, 3, 3], "34": [[16204.193539501679, 9957.432709968007, 1889.9996729844074], [15139.572110608371, 9173.072696140767, 1890.0], 0, 2, 2], "35": [[15007.908743678354, 7533.650125147325, 1559.9996497398656], [13743.182656337893, 6972.606722124772, 1560.0], 1, 2, 2], "36": [[15955.04376858067, 7471.308837542248, 1709.999972540966], [16154.897596332114, 7268.757050065058, 1710.0], 11, 2, 2], "37": [[12181.093358133796, 10039.601895474974, 1447.6353367758513], [9579.41465969538, 8689.691733157679, 1560.0], 21, 2, 2], "38": [[13845.2252468132, 10325.855002032338, 1447.3195941816364], [11075.977216858342, 8944.840724855232, 1560.0], 22, 2, 2], "39": [[13157.546064446844, 9205.422855490016, 1444.6733039971339], [10861.79769755526, 8128.253325300699, 1560.0], 22, 2, 2], "4": [[-12071.42057886393, 6020.327457783588, 1395.7243889073654], [-11608.388433370481, 4916.9040966293505, 1560.0], 121, 3, 3], "40": [[14216.9471450208, 9163.81722380795, 1440.4138073330553], [11865.190336346535, 8084.8446088850105, 1560.0], 23, 2, 2], "41": [[13357.915441805244, 7993.483165408089, 1443.6441914779703], [11633.424741109684, 7248.271543483432, 1560.0], 23, 2, 2], "42": [[11540.25200032913, -23937.39645317557, 1437.3667172898283], [6894.916992209121, -17781.083155316184, 1560.0], 28, 2, 2], "43": [[10086.978605146147, -21632.395614568297, 1560.000038765951], [6564.514891051986, -16945.10309409089, 1560.0], 57, 3, 3], "44": [[9695.492320545598, -19999.06790505255, 1745.1855295825658], [6971.8801385412635, -16416.0757384652, 1560.0], 25, 3, 3], "45": [[8470.183060054584, -19314.85264170425, 1544.299492651573], [5975.322405468688, -15775.392119565968, 1560.0], 8, 3, 2], "46": [[12661.490518845705, -18232.405083027694, 1482.7455813689514], [10356.00431033491, -15621.214576145723, 1560.0], 42, 3, 3], "47": [[11402.138120659054, -21638.38744618724, 1559.9999334262507], [6648.943009995398, -17463.0568109339, 1560.0], 38, 3, 2], "48": [[18088.28592396968, -18423.695544729275, 2050.2832299494303], [17664.143489103477, -16711.740952302323, 1560.0], 7, 3, 3], "5": [[-13626.174420138826, 5473.136207563873, 1429.4049767310394], [-12755.644255150062, 4499.995497137741, 1560.0], 30, 2, 2], "50": [[-8421.560013517168, 19662.023170713106, 1750.0000722655222], [-8218.260451247083, 19329.104804238505, 1750.0], 0, 1, 1], "51": [[-9594.177017220296, 19021.29545747506, 1750.0002631030197], [-9229.484566760688, 18622.472673455006, 1750.0], 0, 1, 1], "52": [[-9230.77691728732, 15360.259535219475, 1749.9997287583951], [-9054.057520724406, 15215.973567004525, 1750.0], 0, 1, 1], "53": [[7013.562420879654, 13932.585739387718, 1754.9074647504367], [5286.034153223259, 11668.539280988743, 1790.0], 26, 3, 3], "54": [[6642.799691643871, 16250.065837333428, 1727.5330516530732], [4345.693606028396, 12884.33819255776, 1920.0], 52, 3, 3], "55": [[7635.083628801917, 16437.71157935475, 1746.6002007374425], [5314.469160087985, 12971.111915339625, 1940.0], 27, 3, 2], "56": [[7640.456012648411, 20996.909832672376, 1560.000031827464], [4830.551773116491, 15471.375729979583, 1560.0], 0, 1, 1], "57": [[7617.9229481856755, 20944.18918851483, 1559.99978892882], [4830.551773116491, 15471.375729979583, 1560.0], 0, 1, 1], "58": [[6713.515949804586, 21513.41808276855, 1559.9997440563084], [4258.442505682405, 15779.657079809183, 1560.0], 0, 1, 1], "59": [[7119.892684637505, 21234.87046917445, 1560.000020672304], [4548.383328460144, 15669.48098799101, 1560.0], 0, 1, 1], "6": [[-13727.33078848175, 7029.825844112211, 1308.6015768866741], [-12638.590707976904, 5419.668625252942, 1560.0], 57, 2, 2], "60": [[6291.627440644202, 21666.34322146667, 1560.0000227748485], [3633.38042181802, 15603.790559430989, 1560.0], 0, 1, 1], "61": [[5870.502014347837, 21813.64556516258, 1560.0000555036768], [3350.491148828402, 15631.15177468464, 1560.0], 0, 1, 1], "7": [[-11960.33077734001, -7169.953897646392, 1439.553040041384], [-11703.398726105597, -6804.746221689027, 1560.0], 9, 3, 2], "8": [[-12372.229023834294, -7371.812882902549, 1536.3634379022756], [-11909.445153514138, -6997.4693266266995, 1560.0], 12, 3, 2], "9": [[-14097.390608256132, -5950.425495534155, 1559.9999594618855], [-13567.165039606478, -5721.3300166379895, 1560.0], 1, 3, 2]}