{"0": [[-10867.082884861054, 4670.713857230544, 1368.4469000600222], [-10664.090354316013, 4024.0324611133256, 1560.0], 54, 3, 3], "1": [[-8972.508528155886, 7187.732912810329, 1559.999798467789], [-8499.588354594072, 6280.148537544992, 1560.0], 45, 3, 3], "10": [[-8734.97249570067, -16853.257963512682, 1016.7049125197441], [-8479.398475461701, -12519.678911269217, 1560.0], 27, 2, 2], "11": [[-7461.039782229868, -14763.654058679085, 1366.513030844199], [-7830.006571148012, -12087.898200428095, 1560.0], 105, 3, 2], "12": [[12985.621359054086, -19769.46286625742, 1355.473967800453], [8901.548525135855, -15986.636147778232, 1560.0], 20, 3, 3], "13": [[7823.743046493861, -16345.656377090645, 1315.8405013558654], [5732.4991735188, -13995.053715936028, 1560.0], 26, 3, 3], "14": [[7917.118876793024, -16814.916593706268, 1203.2943447923649], [5269.7598563541915, -14044.963262814603, 1560.0], 6, 3, 3], "15": [[8755.485374113307, -19580.005109592417, 1350.7428643540468], [5975.322405468688, -15775.392119565968, 1560.0], 35, 3, 3], "16": [[7985.971048364122, -19531.84435184806, 1249.572078500267], [4826.094406238971, -15492.292947363749, 1560.0], 10, 3, 3], "17": [[8298.514016988713, -19805.97692886301, 1503.7679777223093], [6930.73707963743, -16470.6652256942, 1560.0], 61, 3, 3], "18": [[9688.553993157608, -20608.859941083, 1506.8420951778826], [6889.684224317872, -16524.878429617685, 1560.0], 30, 3, 3], "19": [[10028.32681737163, -16209.112692771441, 1429.8575265255517], [7666.518763891809, -13902.843955863533, 1560.0], 6, 3, 3], "2": [[-6221.773524503945, 14775.169263858115, 1283.0641485781243], [-6326.787942573675, 10519.464283610463, 1560.0], 7, 3, 3], "20": [[9330.428414841548, -16674.960722455402, 1362.3669072764153], [6211.0757373840415, -13942.422935987624, 1560.0], 83, 3, 3], "21": [[13582.429096257109, -15024.677777172581, 1560.0000248253361], [11844.511394528405, -13557.266908744114, 1560.0], 20, 3, 3], "22": [[9186.945668363025, -14456.440799669146, 1292.936672182536], [6535.687438352311, -12546.286882139198, 1560.0], 10, 2, 2], "23": [[10124.410507273333, -13304.681436355633, 1093.6032474953277], [6625.194546802385, -11497.166484327625, 1560.0], 9, 2, 2], "24": [[8418.514143181423, -15719.038018798034, 1403.494154409401], [6020.817691775905, -13487.687439327641, 1560.0], 3, 3, 3], "25": [[15188.463582335373, -10588.507481816632, 1364.3591499024826], [12868.614995143973, -9856.913076844037, 1560.0], 22, 3, 3], "26": [[15694.155644379913, -6314.227745751375, 1254.6079231677572], [13509.444029284634, -6224.651998520872, 1560.0], 66, 3, 3], "27": [[12919.77444939898, -11118.667130423282, 1388.7759123826931], [10420.540955271674, -9973.994505988447, 1560.0], 57, 3, 3], "28": [[12716.055058731477, -13252.658909674949, 1531.4282776852428], [12016.400783270446, -12334.08603106994, 1560.0], 29, 3, 3], "29": [[14463.25809772481, 3108.6095489697113, 1201.816864182466], [13439.280630844174, 2454.513249496894, 1560.0], 80, 3, 3], "3": [[-8592.140972372654, 12518.71347280344, 1314.6415604470826], [-8170.291983277909, 9153.350374080823, 1560.0], 21, 3, 3], "30": [[14975.57899217596, 9309.645640601026, 1880.0000022362815], [14437.137487689857, 8739.944533658916, 1880.0], 3, 2, 2], "31": [[7181.106705719536, 10091.894983987046, 1240.3201310380814], [4427.384140929884, 8375.679516694066, 1560.0], 30, 3, 3], "32": [[6532.414870117343, 11434.905562530503, 1345.4119438459331], [4707.7608696362095, 9688.523231545621, 1560.0], 23, 3, 3], "33": [[6088.001380375735, 12262.353751562023, 1293.0753448267658], [3492.318790952665, 10019.933021681005, 1560.0], 35, 3, 3], "34": [[6488.094368860235, 13058.276623790203, 1286.272816503883], [3563.768018329098, 10374.84001883708, 1560.0], 28, 3, 3], "35": [[9222.551182027113, 10418.447578195613, 1413.6156748056626], [6669.995582829069, 8807.900073936562, 1560.0], 70, 3, 3], "36": [[13956.824633261911, 7525.75276887803, 1619.9999458829343], [13495.522060548918, 7136.475590692051, 1620.0], 0, 2, 2], "37": [[11389.307909032288, 7890.5488071406035, 1559.9999119755755], [11180.5119584099, 7458.775745784222, 1560.0], 2, 2, 2], "38": [[8830.660901746516, 11113.328262511053, 1560.0001115520959], [8630.42766808888, 10277.263650096917, 1560.0], 25, 2, 2], "39": [[9346.47376595985, 10797.659960758037, 1560.0000284471914], [8071.074103072119, 9683.02500705137, 1560.0], 10, 2, 2], "4": [[-8313.971319614127, 13863.253810931361, 1523.767059841527], [-7346.57851256214, 10210.62457245596, 1560.0], 23, 3, 3], "40": [[14262.498635742131, -9535.388155185095, 1493.1693001116305], [12671.886638251059, -9075.102938530252, 1560.0], 15, 3, 3], "41": [[16029.020065373028, -8951.567662440437, 1288.2011671441628], [13635.716973367778, -8474.370490197203, 1560.0], 50, 3, 3], "42": [[17165.779081378056, -9720.404007251953, 1511.2277482204436], [15939.314583421212, -9299.544015413594, 1560.0], 21, 3, 3], "43": [[15455.809154888666, -9588.206337860658, 1399.8088353181615], [13960.288530034799, -9080.050850668878, 1560.0], 19, 3, 3], "44": [[16915.218420647765, -10688.050776293323, 1331.8415909490327], [15495.191916622065, -10026.950464123485, 1560.0], 98, 3, 3], "45": [[12534.282394545951, -11927.776581745442, 1366.5396281228632], [12116.373960471907, -11152.180576556377, 1560.0], 73, 3, 3], "46": [[14787.605376293388, -12212.807451952127, 1276.0987450822229], [13471.194676160225, -11044.28161783627, 1560.0], 108, 3, 3], "47": [[-10475.298055297017, -7975.977910308532, 1559.9999593886603], [-10092.031863743912, -7599.514792681846, 1560.0], 5, 3, 2], "48": [[-11306.495053302291, -6833.416686734351, 1522.3128423997236], [-11034.453572913866, -6567.432824229747, 1560.0], 11, 3, 2], "49": [[-11918.642061058204, -6895.249195938525, 1531.8320681698117], [-11557.864211598288, -6612.903366076218, 1560.0], 9, 3, 2], "5": [[-7453.891989243216, 11298.83406789285, 1295.8234048453903], [-7512.685302629048, 8620.499642773339, 1560.0], 42, 3, 3], "50": [[-12639.108159085139, -6082.566943071934, 1248.6461403173764], [-12704.075549497766, -5740.052714107089, 1560.0], 11, 3, 2], "51": [[-13031.37469205525, -8066.731156529101, 1560.0000142783542], [-12285.878920880155, -7567.563559156381, 1560.0], 10, 3, 2], "52": [[-12725.899972522531, -7776.708528078053, 1506.491491858645], [-12166.841900688321, -7312.406037715112, 1560.0], 10, 3, 2], "53": [[-13769.447932294195, -8328.046742555614, 1599.831422146751], [-12732.74105503121, -7793.410233853512, 1560.0], 24, 3, 2], "54": [[-14261.379846029222, -5540.6377545339465, 1462.2751995995975], [-13859.64942658535, -5331.907581197639, 1560.0], 10, 3, 2], "55": [[-14996.504603360681, -6086.823887660811, 1560.0000533176608], [-14288.925853822679, -5812.185738867643, 1560.0], 2, 3, 2], "56": [[15397.24960322587, -11808.662772484236, 1454.633057892943], [14247.06814201159, -10890.849943749421, 1560.0], 29, 3, 2], "57": [[-13559.903469351082, -11458.728752977875, 1559.9997784583227], [-11978.10686421297, -9842.602125898984, 1560.0], 14, 3, 2], "58": [[-14675.415580582136, -8861.005060750336, 1594.5547049465388], [-13350.274065276946, -8091.894883751382, 1560.0], 12, 3, 2], "59": [[-15814.71221925077, -7439.602349148032, 1575.9464940797689], [-14589.330727389499, -6924.250095218874, 1560.0], 25, 3, 2], "6": [[-7726.8294657835, 10715.700846400492, 1120.1198466903727], [-7813.177676896012, 8180.933685736368, 1560.0], 13, 3, 3], "60": [[-15147.695331030169, -8000.606020562791, 1560.0001149608204], [-14018.32832005625, -7356.873725884389, 1560.0], 0, 3, 2], "61": [[-13300.072134289729, -7376.143440871564, 1470.8049021471863], [-12760.55583022357, -6946.832194930677, 1560.0], 12, 3, 2], "62": [[13349.19923394469, 8207.860445561622, 1719.999989358472], [12604.36392736021, 7696.04041188088, 1720.0], 0, 2, 2], "63": [[12810.921937912219, 7490.926911041132, 1590.0002016787182], [11381.29883414387, 6848.419687434409, 1590.0], 11, 2, 2],