{"0": [[-8288.809991509977, -17286.291833392334, 1559.9999301665398], [-6773.765440282416, -13979.789573553842, 1560.0], 0, 1, 1], "1": [[-8967.397038592866, -16336.972174929446, 1559.9998520377565], [-7626.409469766001, -13457.459659519001, 1560.0], 0, 1, 1], "10": [[-14395.852738675669, -7893.636769419402, 1560.0000526379913], [-13410.792444151295, -7360.6833601216285, 1560.0], 3, 3, 2], "11": [[-14982.228990781086, -7545.83455722408, 1560.000185840289], [-13965.209614445572, -7043.85809593753, 1560.0], 28, 3, 2], "12": [[-11471.27980315456, -8428.27181314981, 1538.9806972635522], [-10931.252184310952, -7920.826530679549, 1560.0], 13, 3, 2], "13": [[-11952.674114062815, -7515.2306503198215, 1665.8337035432335], [-11214.057310089256, -7258.49404065259, 1560.0], 11, 3, 2], "14": [[-11323.312509672918, -7377.914796326266, 1453.3990803789275], [-11128.98606796904, -6971.985842228004, 1560.0], 9, 3, 2], "15": [[-11613.618569414404, -6734.815893448533, 1559.9998857646103], [-11186.240278773534, -6519.369683131297, 1560.0], 0, 3, 2], "16": [[-11868.705026959291, -6571.7364478535355, 1560.0001729592477], [-11476.818582601247, -6355.546526003504, 1560.0], 2, 3, 2], "17": [[-12789.826825043214, -6275.921960034866, 1560.0000170563899], [-12345.591409690309, -6082.377114499155, 1560.0], 17, 3, 2], "18": [[-12944.548971159411, -7192.515372909665, 1559.9998697008741], [-12352.85178226663, -6861.34750048425, 1560.0], 4, 3, 2], "19": [[-13874.410032158563, -6201.899600427207, 1559.9997817889582], [-13363.822367069826, -5939.245604402472, 1560.0], 6, 3, 2], "2": [[-8562.366168072926, -16907.883014549214, 1560.00011933811], [-7277.225188252298, -13295.007860763, 1560.0], 14, 2, 2], "20": [[-13715.487528223231, -6909.923052431557, 1276.9167183178033], [-13454.12075917103, -6435.746100679733, 1560.0], 45, 3, 3], "21": [[-14678.405704148989, -5826.316434993595, 1532.0829276920115], [-14126.222249160246, -5593.619581331994, 1560.0], 10, 3, 2], "22": [[-15449.240920461309, -6754.6211951184305, 1559.988279236918], [-14533.504949524697, -6359.743566338499, 1560.0], 12, 3, 2], "23": [[-10761.605144075826, -4101.463002789789, 1323.4530861079509], [-11106.6923030571, -4019.8636324056474, 1560.0], 8, 3, 2], "24": [[-15254.936530943869, 7047.237215000037, 1100.0420561760982], [-13780.174444374967, 5073.376140267959, 1560.0], 10, 2, 2], "25": [[-15919.06148146599, 5591.764763032853, 1560.000163698718], [-14101.569028421532, 4538.983542252247, 1560.0], 0, 2, 1], "26": [[-14291.096365719877, 5966.237180126495, 1223.9122633539655], [-13332.902463688835, 4595.271512618226, 1560.0], 26, 2, 2], "27": [[-13450.182912431648, 6579.5907749530625, 1313.5288397387817], [-12564.813289397365, 5127.031184729655, 1560.0], 62, 2, 2], "28": [[-13013.012757021435, 7340.218981498484, 1525.7772118626365], [-11908.063402255464, 5843.01701720618, 1630.0], 35, 2, 2], "29": [[-12659.925403847496, 5921.709831463278, 1161.9663430655555], [-12315.008874524661, 4606.74552355043, 1560.0], 56, 2, 2], "3": [[-7546.391493143396, -15183.468384779759, 1482.5129361400739], [-6758.481939091875, -13053.467058359574, 1560.0], 29, 3, 2], "30": [[-11336.008470752153, 6287.744468264212, 1523.7231141361513], [-10715.733156840068, 5351.827419505037, 1560.0], 30, 3, 3], "31": [[-8796.793927314902, 9356.815163707055, 1560.0000499781759], [-8208.354108761641, 7728.986976201093, 1560.0], 10, 3, 3], "32": [[-7878.642427592816, 10654.849545479992, 1387.2009373761414], [-7792.654011428391, 8276.936632478932, 1560.0], 37, 3, 3], "33": [[-7805.029343114938, 11425.653149420998, 1350.6109575129747], [-7699.444140349442, 8705.12613598125, 1560.0], 46, 3, 3], "34": [[-7547.633711492822, 12681.745688062489, 1205.8046320338124], [-7583.689147505465, 9219.119167532825, 1560.0], 30, 3, 3], "35": [[-8331.332032286353, 12047.557880260372, 1418.3724079006877], [-7806.458867010706, 9106.50232578943, 1560.0], 24, 3, 3], "36": [[-9368.289058814908, 12642.78809066396, 1618.364839206825], [-8268.56720796659, 9456.988875424144, 1610.0], 52, 3, 3], "37": [[6487.569711888573, 13031.695660101605, 1488.819563949112], [4630.388381181925, 10927.29491709712, 1560.0], 7, 3, 3], "38": [[4082.624026129603, 11507.85483807566, 1331.3876872700964], [1920.6432180108272, 9422.525245895258, 1560.0], 17, 3, 3], "39": [[7862.7096672323705, 12277.998702825944, 1483.638365783503], [5889.1962693564665, 10338.468836558095, 1560.0], 28, 3, 3], "4": [[-7353.2049250056425, -14175.39326528618, 1376.4166844596602], [-6922.506752513765, -12439.78831993168, 1560.0], 18, 3, 2], "40": [[6925.604192939462, 10683.448920876946, 1443.8263190210419], [5679.560239550411, 9364.321944832202, 1560.0], 19, 3, 3], "41": [[7621.502135259515, 9982.641758364758, 1559.9994809399652], [6716.203121720742, 9010.838944151934, 1560.0], 6, 3, 3], "42": [[5920.986546390452, 9373.475269221013, 1305.9954695361962], [4030.647078170665, 8062.208665600414, 1560.0], 6, 3, 3], "43": [[9785.415395645992, 10825.045239722545, 1610.946170028475], [8952.712970412624, 9799.363844164414, 1560.0], 46, 3, 3], "44": [[9921.01834478943, 9832.407146883283, 1749.9998274804295], [8808.703961854226, 8910.530874020587, 1750.0], 0, 2, 2], "45": [[10650.040638886157, 9827.984825361606, 1609.9998206304208], [10443.620231622433, 9267.008444267669, 1610.0], 8, 2, 2], "46": [[12532.775047987763, 9414.039103571917, 1629.9999902579489], [11701.289928039458, 8685.507177062009, 1630.0], 0, 2, 2], "47": [[9683.448772879683, 8589.753076434305, 1486.0904986396226], [8924.302944557689, 7875.955205334683, 1560.0], 9, 3, 3], "48": [[16097.803290978485, 8356.916959224038, 1699.9997838359282], [15762.513736017336, 7918.082635582112, 1700.0], 3, 2, 2], "49": [[20201.354554112084, 9262.640532413272, 1950.0002142150372], [19605.661706742307, 8693.152398600754, 1950.0], 12, 2, 2], "5": [[-9948.198363490366, -14615.252135045688, 1559.999891676403], [-8744.426012019341, -11987.754248833502, 1560.0], 0, 3, 2], "50": [[21318.795529240717, 9100.23113829969, 1880.0002150165478], [20797.693284117533, 8584.540230861827, 1880.0], 10, 2, 2], "51": [[20660.138784996987, 8288.933746576515, 1910.0000620039098], [20378.293071017382, 7933.705417625714, 1910.0], 11, 2, 2], "52": [[19732.058691695733, 7661.512421383907, 1900.0000377078463], [18578.61359965932, 7137.379372321375, 1900.0], 3, 2, 2], "53": [[15386.058676345368, 7007.107305590865, 1599.9999766210294], [15269.50229310678, 6717.502102134233, 1600.0], 6, 2, 2], "54": [[14717.405543913252, 7604.442599127316, 1559.9996258503654], [14415.517651085158, 7250.925762873484, 1560.0], 0, 2, 2], "55": [[14068.00373038737, 7055.017171940528, 1579.9999174555887], [13559.452186520919, 6692.265185474367, 1580.0], 0, 2, 2], "56": [[12324.086301646068, 302.38367218294326, 1559.9997800957408], [12041.30240617849, 137.0010198833532, 1560.0], 12, 3, 3], "57": [[15953.525740698095, 1075.6610367840221, 1569.9996871006915], [15992.319453022166, 1018.8492776104996, 1570.0], 5, 2, 2], "58": [[15721.438665204916, -9061.280734072738, 1533.3308013354358], [14131.516788073268, -8775.065275625038, 1560.0], 68, 3, 3], "59": [[16608.643200930757, -9471.721403966843, 1472.1186722876532], [15339.932598756042, -9084.855920154356, 1560.0], 37, 3, 3], "6": [[-10302.09552164931, -15591.022593438704, 1703.8820354448608], [-8587.586578153834, -12545.16783693987, 1610.0], 13, 2, 2], "60": [[15112.439068291971, -10471.222632156694, 1559.999822582031], [14108.823292623936, -9988.61181512327, 1560.0], 22, 3, 3], "61": [[14514.11029875104, -10566.276804281191, 1559.999815072986], [13992.109235864065, -10184.785394848535, 1560.0], 22, 3, 3], "62": [[13073.035361475473, -9915.367388369872, 1423.5228055832135], [11318.888625023128, -9350.816862508002, 1560.0], 13, 3, 3], "63": [[13418.00435506476, -11158.683242109162, 1412.6648108050235], [12490.535442935785, -10515.430328480657, 1560.0], 54, 3, 3], "64": [[12897.318973076886, -11422.406461053652, 1513.8400782856922], [11731.726689549314, -10759.585364821534, 1560.0], 15, 3, 3],