{"0": [[-8190.0038814521295, 12422.867087337907, 1350.0721144993179], [-7774.701682221912, 9242.67133393901, 1560.0], 79, 3, 3], "1": [[-9800.143696606814, 11158.966426200457, 1590.8947488674323], [-8512.25341056465, 8842.095877434202, 1560.0], 43, 3, 3], "10": [[-12594.918633760653, 5100.683515429082, 1365.9852032293438], [-12100.26801584213, 4266.167897700014, 1560.0], 13, 3, 2], "11": [[-11261.453175025672, 8502.061855382472, 888.6378953144317], [-11221.639209062136, 6124.628736961087, 1560.0], 61, 2, 2], "12": [[-13124.950167127077, 6658.979367587822, 1560.00001195743], [-11881.79413055514, 5569.9511030779395, 1560.0], 0, 2, 1], "13": [[-13253.821581321612, 7789.005567111679, 1269.7702947917169], [-12163.765092009142, 5944.372952193223, 1560.0], 26, 2, 2], "14": [[-13464.024732563563, 7062.462324204633, 1271.4760357630746], [-12490.480693105885, 5436.202510571543, 1560.0], 43, 2, 2], "15": [[-13684.875789195801, 5946.769007622861, 1282.1022589322602], [-12864.306623311833, 4671.482810957937, 1560.0], 30, 2, 2], "16": [[-13006.205696533072, 5578.816246213747, 941.960971701293], [-12878.911464120429, 4151.579824632249, 1560.0], 55, 2, 2], "17": [[-14532.515577719814, 6943.874422397246, 1224.245491341815], [-13264.080566959427, 5192.411727508821, 1560.0], 63, 2, 2], "18": [[-15402.158197613526, 6603.212533503316, 1518.446067117473], [-13571.830127921108, 5184.6258168992745, 1560.0], 29, 2, 2], "19": [[-13374.65068158563, 936.2587363447007, 1559.9999655111878], [-13046.25619426098, 849.8193038328078, 1560.0], 3, 3, 2], "2": [[-10672.07460990804, 9920.98485297794, 1365.2713088599564], [-9943.093667524434, 7540.499411745842, 1560.0], 79, 3, 3], "20": [[-13833.15856666602, -6694.5461500963675, 1429.2696302638951], [-13408.017418002044, -6308.919363313596, 1560.0], 15, 3, 2], "21": [[-14651.970213408993, -6147.640051121028, 1518.7256058115884], [-14030.010238322871, -5879.387030826703, 1560.0], 27, 3, 2], "22": [[-10880.461225964302, -9200.868654707332, 1469.6028357863577], [-10392.838898569811, -8492.28984264978, 1560.0], 28, 3, 2], "23": [[-11970.970032959061, -9506.588889936687, 1560.0001078843288], [-11091.413077523246, -8759.52444014945, 1560.0], 3, 3, 2], "24": [[-11473.51156990595, -12029.800438448177, 1648.6191568640506], [-10024.906490243455, -10597.586044028436, 1560.0], 36, 3, 2], "25": [[-7959.766955506253, -15823.873635868576, 892.7308081179946], [-7364.221691126834, -13047.625054241818, 1560.0], 22, 3, 2], "26": [[8962.339791342474, -15925.530785850748, 1794.4207803199774], [7955.82447323812, -14250.208424429546, 1560.0], 8, 3, 3], "27": [[8423.271723508711, -16798.541949335853, 1832.8849563736676], [7093.108957464494, -14812.33459028688, 1560.0], 56, 3, 3], "28": [[9254.65431766179, -16957.556141229987, 1811.8957024930332], [7986.171787106949, -14991.658625952643, 1560.0], 27, 3, 3], "29": [[8670.570548808784, -18375.752096992102, 1960.432977333362], [7346.215971731844, -15907.748774101128, 1560.0], 38, 3, 3], "3": [[-7270.508972293017, 11564.709246489989, 1256.952548301327], [-7380.265919698382, 8746.848928192141, 1560.0], 30, 3, 3], "30": [[8767.61264783955, -19144.554248605524, 1960.061962458283], [7054.436625539395, -16305.765751794326, 1560.0], 96, 3, 3], "31": [[9048.447966434076, -18583.525043692167, 1916.2607456631965], [7745.765359057052, -16071.47653931704, 1560.0], 58, 3, 3], "32": [[9489.512932551654, -18279.978297324218, 1863.9036735791613], [7920.139345854795, -15834.285897043288, 1560.0], 53, 3, 3], "33": [[9978.494524229025, -18085.541956391793, 1800.2929467904987], [8517.09987138569, -15755.599138562544, 1560.0], 72, 3, 3], "34": [[10118.424711312367, -17058.878353145654, 1752.7921003414167], [8931.870392242266, -15180.894748140134, 1560.0], 43, 3, 3], "35": [[9470.204183512553, -20110.882372210937, 1548.9921939968717], [6224.158379620035, -16094.44953958663, 1560.0], 6, 3, 3], "36": [[11492.744413045026, -15906.955486617517, 1524.624461214415], [8780.100171755863, -13776.604939256085, 1560.0], 4, 3, 3], "37": [[12912.629685145137, -15486.494837072907, 1560.0001338585496], [11572.583650221264, -13951.549931416821, 1560.0], 28, 3, 3], "38": [[12747.500810192083, -10922.220669891076, 1378.4522546492556], [10880.820961630103, -10171.019146467983, 1560.0], 27, 3, 3], "39": [[12614.314713958867, -11427.17480877311, 1492.8861242644607], [11783.323199147273, -10669.681168337249, 1560.0], 22, 3, 3], "4": [[-8144.936754960391, 10220.878130750014, 1199.5580035387209], [-8289.951521181581, 7801.7332657470215, 1560.0], 22, 3, 2], "40": [[13751.33321968425, -10478.786728497276, 1275.7227235758442], [11703.975166753251, -9732.993901583879, 1560.0], 19, 3, 3], "41": [[14613.469568944216, -10089.361568208631, 1546.434354778076], [13619.851666162029, -9677.627443206837, 1560.0], 21, 3, 3], "42": [[16786.378850988473, -9337.742264772942, 1296.8879535807494], [14074.367809251977, -8877.186340891334, 1560.0], 38, 3, 3], "43": [[16036.130031901794, -10278.347926369577, 1368.1408492163544], [14972.492596387277, -9704.337081301897, 1560.0], 21, 3, 3], "44": [[15387.99616567391, -10712.33385209297, 1559.9999188828308], [13394.44924935175, -10066.83921495945, 1560.0], 34, 3, 3], "45": [[14331.938124231108, -11544.137365417628, 1536.9275754810621], [12436.839572331213, -10607.725591659018, 1560.0], 9, 3, 3], "46": [[13791.959248491414, -11828.901546460473, 1406.2218314734096], [11783.323199147273, -10669.681168337249, 1560.0], 35, 3, 3], "47": [[14961.407168526783, -11293.232682523754, 1559.99998556318], [14367.059813485788, -10697.94027958334, 1560.0], 29, 3, 3], "48": [[14831.590412302245, 1436.6515881724065, 1560.0001946559787], [14893.478174898619, 1417.044759132645, 1560.0], 33, 3, 3], "49": [[13584.096387123565, 1239.430215410434, 1487.0632544274415], [12922.200245610358, 1003.123279321023, 1560.0], 11, 3, 3], "5": [[-9675.882077396947, 8736.230003859613, 1414.71490130474], [-9169.385953100424, 7099.386322228969, 1560.0], 4, 3, 3], "50": [[13042.8886698845, 1277.1170549353624, 1415.715119579856], [11251.10591736448, 968.6803389413193, 1560.0], 11, 3, 3], "51": [[6511.620370941703, 10507.879081428335, 1479.1032810473132], [4936.850474836502, 9172.051066431373, 1560.0], 17, 2, 2], "52": [[8217.19194226697, 10799.161908221375, 1559.999277841002], [6392.958223078856, 9265.588767339834, 1560.0], 24, 3, 3], "53": [[8684.65617133804, 9238.695030195886, 1394.8441167274473], [6459.31015058391, 7895.737773811886, 1560.0], 18, 3, 3], "54": [[9516.409413006795, 10672.140903129755, 1314.8321523302827], [6693.128477149418, 8909.36281451927, 1560.0], 16, 3, 2], "55": [[9708.699741116794, 9851.77059344993, 1560.0000625356179], [8277.765373205066, 8775.13966597553, 1560.0], 8, 3, 2], "56": [[9451.966931999534, 9368.823726687982, 1490.233274937628], [8200.401330170509, 8453.854823379997, 1560.0], 30, 3, 3], "57": [[10594.607641249433, 9951.24499311609, 1546.1057773090886], [9197.74933203668, 8976.424787395288, 1560.0], 29, 2, 2], "58": [[12174.684386800665, 8003.9940361815125, 1559.9994129340942], [10091.930354091552, 7062.572174860763, 1560.0], 20, 2, 2], "59": [[12907.616581758852, 7274.712596306987, 1559.9988170457586], [10920.265403056415, 6521.622353461006, 1560.0], 23, 2, 2], "6": [[-9945.861437812635, 7282.413354982047, 1376.567548035489], [-9739.686883360373, 5977.236738775129, 1560.0], 45, 3, 3], "60": [[13944.298913069877, 7381.229958557972, 1629.9998587661873], [13404.03089542704, 6996.492347762946, 1630.0], 1, 2, 2], "61": [[14591.539024369838, 7005.736750641829, 1670.0000535163622], [13618.814134735741, 6457.042947692356, 1670.0], 2, 2, 2], "62": [[16065.286745215964, 9825.316924980374, 1949.999848933692], [14748.057095501606, 8931.728202780901, 1950.0], 3, 2, 2], "63": [[15624.774509722301, 7196.514792282989, 1620.0001919560368], [15198.48100330814, 6820.207456361409, 1620.0], 0, 2, 2], "64": [[16099.293302945931, 7283.107250588087, 1630.0001311031515], [15827.211682481531, 6959.733505011017, 1630.0], 0, 2, 2],