{"0": [[-8289.911604115172, -19350.755553848718, 1560.0001073142191], [-7009.13994204742, -13952.039591054776, 1560.0], 0, 1, 1], "1": [[-8121.130981251365, -18396.43574121954, 1560.0000294013203], [-6881.401575169424, -13885.742734743364, 1560.0], 22, 2, 2], "10": [[-15746.1853348025, -7597.1439136076115, 1648.1463871777298], [-14465.188648195779, -7078.759549740601, 1560.0], 13, 3, 2], "11": [[-16196.623654045485, -7133.952404610187, 1582.437257466242], [-14957.388613375379, -6647.172410470737, 1560.0], 13, 3, 2], "12": [[-13153.639210694728, -7878.449677951547, 1559.9999841361177], [-12347.722942289074, -7450.426648391063, 1560.0], 12, 3, 2], "13": [[-11876.35926930269, -7396.454983664641, 1402.2462529438387], [-11637.751891713455, -6964.52173537324, 1560.0], 11, 3, 2], "14": [[-12384.051350523478, -6623.851820584686, 1551.5772966873717], [-11964.480819329336, -6374.23953643119, 1560.0], 21, 3, 2], "15": [[-13562.415326015436, -6363.460079373541, 1379.1106616960863], [-13259.540316877037, -6035.403393271666, 1560.0], 11, 3, 2], "16": [[-14141.214281460747, -6313.748863334422, 1540.8245634910281], [-13561.89256410341, -6048.15035617455, 1560.0], 12, 3, 2], "17": [[-14200.342823271541, 6414.158994578532, 1151.8293396952342], [-13227.219324908974, 4854.734778750602, 1560.0], 20, 2, 2], "18": [[-13457.09426932204, 7516.318859653119, 1364.118652002762], [-12303.072598355939, 5790.976511063151, 1560.0], 34, 2, 2], "19": [[-13519.601128243427, 5905.244405395438, 1308.4685902242206], [-12709.874538129096, 4709.0053374227655, 1560.0], 18, 2, 2], "2": [[-8262.753640856896, -17351.384589421556, 1337.6466030698011], [-7599.145778118625, -13147.897213869514, 1560.0], 19, 2, 2], "20": [[-12389.725449521635, 6062.410423129887, 1209.8699148830256], [-11994.204833786087, 4794.697725711706, 1560.0], 46, 3, 2], "21": [[-12144.695864101837, 6506.074810722704, 1451.1550963977331], [-11448.213973522414, 5386.079478433195, 1560.0], 37, 3, 2], "22": [[-10942.247874410825, 7090.338213227926, 1550.9449864305166], [-10295.994039116462, 5964.980914083883, 1560.0], 78, 3, 3], "23": [[-8678.111353256534, 9136.90496762483, 1469.5415891992923], [-8258.149319224753, 7490.907921088844, 1560.0], 84, 3, 3], "24": [[-9261.501504397283, 10292.149383794585, 1560.0001067665082], [-8475.630523291595, 8236.779610529371, 1560.0], 27, 3, 3], "25": [[-8234.00136031099, 11952.646158122776, 1297.8867565433327], [-7941.760787455823, 8937.99237837732, 1560.0], 15, 3, 3], "26": [[5702.5536060438335, 12340.523030800094, 1292.0552902795862], [3510.250770727278, 10108.7325390625, 1560.0], 7, 3, 3], "27": [[8598.231176732826, 11518.658874506173, 1560.0000855758176], [6943.566349158095, 10025.785491693416, 1560.0], 15, 3, 3], "28": [[10642.261590452363, 10189.167691345292, 1612.582259761026], [9251.583097548613, 9197.05992373599, 1560.0], 30, 3, 2], "29": [[11473.686606523503, 9815.962389552727, 1639.9995415615172], [10208.982283095087, 8871.340168676506, 1640.0], 0, 2, 2], "3": [[-8590.945335830502, -16741.498754879955, 1559.9999091859502], [-7484.8076659016915, -13112.047861463494, 1560.0], 12, 2, 2], "30": [[10711.222884662635, 9172.27469798008, 1581.6103663510896], [10484.245969944586, 8550.695115522552, 1560.0], 23, 3, 3], "31": [[11868.01601488979, -25086.4062435883, 1559.9999541111047], [7345.800949181029, -18465.761593116047, 1560.0], 6, 2, 2], "32": [[11156.954636708175, -23244.134094721292, 1559.9991004486258], [7402.486257487785, -17814.07299928728, 1560.0], 14, 2, 2], "33": [[9147.282127770024, -17730.618069251028, 1442.4092042346044], [6587.10296742912, -14848.516552408622, 1560.0], 4, 3, 3], "34": [[11351.723048132317, -16599.957031280836, 1371.687872706961], [8951.4251560453, -14347.790731456284, 1560.0], 20, 3, 3], "35": [[10694.579683500151, -16028.241082737788, 1336.862479093601], [7791.412674345187, -13698.34611546447, 1560.0], 2, 3, 3], "36": [[9789.580034491104, -15281.616396970961, 1559.9999037267635], [7501.34613084542, -13352.53361718678, 1560.0], 11, 2, 2], "37": [[8043.093948203402, -14670.045747233316, 1314.9909388181104], [5567.380545858578, -12710.137214172, 1560.0], 14, 3, 3], "38": [[10028.71419235127, -13446.44058778212, 1456.031541959264], [7814.690366461455, -11921.776616554165, 1560.0], 8, 2, 2], "39": [[14678.117538708, -11355.61421308013, 1490.6999927621496], [11938.575795069595, -10397.376448666579, 1560.0], 20, 3, 3], "4": [[-15148.123735911979, -10237.310974824557, 1559.999944181916], [-13363.703364077819, -8933.126221009756, 1560.0], 6, 2, 2], "40": [[11926.725749468842, -11731.715663013143, 1245.1360908462414], [8555.25359748631, -10506.389527477379, 1560.0], 21, 3, 3], "41": [[17153.837742630752, -10390.998271161987, 1504.2290728530718], [15558.365212535726, -9924.53804953699, 1560.0], 25, 3, 3], "42": [[17022.891247457155, -9815.923013673018, 1516.1280962254398], [15811.97292330091, -9509.880694425527, 1560.0], 49, 3, 3], "43": [[7837.575834272098, -5959.968874255643, 1371.8413118716594], [6867.634997465854, -5845.558536875763, 1560.0], 13, 3, 3], "44": [[14869.418325821249, 1124.5420814460015, 1559.9999710368152], [14106.574646179806, 986.7523672026932, 1560.0], 3, 2, 2], "45": [[13507.2280365024, 5748.974819395809, 1559.9998546892816], [12718.833978278008, 5471.11510401798, 1560.0], 20, 3, 3], "46": [[15381.052594272049, 7170.941161315592, 1559.9999277302336], [14867.356142239078, 6755.8039450866545, 1560.0], 4, 2, 2], "47": [[20114.04597930778, 9498.489971360585, 1809.9998801140182], [19769.220537925306, 9027.320510687481, 1810.0], 14, 2, 2], "48": [[16620.24498776131, 9756.327655168507, 1790.0008290214373], [15607.09711133291, 8960.77750557609, 1790.0], 0, 2, 2], "49": [[14291.99912879886, 7609.498120550886, 1589.999798897886], [14289.993036867707, 7334.420633214869, 1590.0], 9, 2, 2], "5": [[-14834.46915164894, -9865.097168231921, 1560.0000325058645], [-13273.424935302844, -8722.824653495552, 1560.0], 0, 3, 2], "50": [[12312.474804666068, 6689.544948978167, 1700.0002833106041], [12352.572166286733, 6506.619272103455, 1700.0], 5, 2, 2], "51": [[11333.600281030218, 7362.455356113718, 1533.3096188841014], [9436.249259624192, 6369.414900248107, 1560.0], 36, 3, 3], "52": [[10668.799295546085, 7572.459714384891, 1416.9018318017427], [8587.799664913711, 6564.109955125932, 1560.0], 20, 3, 3], "53": [[11952.795879389434, 7876.546979733761, 1560.000718100409], [10643.839896572455, 7315.6178741561935, 1560.0], 34, 3, 2], "54": [[11216.4443783971, -25457.2555023424, 1559.9983248886194], [6356.949663829153, -18367.959216199444, 1560.0], 22, 2, 2], "55": [[9895.790992818514, -25102.529889467904, 1559.9999533336834], [5887.791486944243, -18319.476424569777, 1560.0], 0, 2, 2], "56": [[6911.453993226306, 12587.103784107623, 1410.0082116302217], [4882.833288640277, 10530.209841743404, 1560.0], 6, 3, 3], "6": [[-12237.004765467607, -9585.123098820548, 1560.045023177141], [-11302.500967036282, -8778.28406753857, 1560.0], 12, 3, 2], "60": [[-9273.44011468804, 22934.14197925893, 1750.0000953772378], [-8694.36480924167, 21772.044397988, 1750.0], 0, 1, 1], "61": [[-8829.80043756237, 23002.345488387877, 1750.000255528118], [-8340.540606433411, 21930.93564050622, 1750.0], 0, 1, 1], "7": [[-12676.959656684932, -9532.684669150176, 1678.4921347671252], [-11503.980477300664, -8825.027520854548, 1560.0], 10, 3, 2], "8": [[-13707.923859909517, -8692.928763278824, 1560.0001185129317], [-12720.9621954182, -8016.660347199977, 1560.0], 1, 3, 2], "9": [[-14073.579878505809, -8671.113024104021, 1560.0000611855226], [-13031.621882926998, -7964.085609414544, 1560.0], 4, 3, 2]}