{"0": [[-8594.649537988775, 13608.995347211796, 1305.7445398343182], [-8150.7711626631235, 9590.471817744481, 1560.0], 37, 3, 3], "1": [[-9629.2331077614, 11955.25464534071, 1527.879254249043], [-8542.914769514136, 9066.513782045147, 1560.0], 58, 3, 3], "10": [[-13383.41289009382, 4928.703305196169, 1231.856178862208], [-12928.668400221826, 3906.085460980825, 1560.0], 59, 2, 2], "11": [[-12738.495195222367, -8124.321823723339, 1471.1150307953278], [-12164.54063032485, -7560.049788287313, 1560.0], 19, 3, 2], "12": [[-11151.156393429617, -10590.20875286003, 1559.9999596076352], [-10258.556610464182, -9577.344081981904, 1560.0], 7, 3, 2], "13": [[-4907.914691524027, -15800.00799134814, 1429.2572479298785], [-5302.694216805396, -12890.729815925595, 1560.0], 62, 3, 2], "14": [[7688.966947469524, -17059.692474193547, 1498.613055046653], [5483.817346036153, -14420.884672717433, 1560.0], 6, 3, 3], "15": [[11324.404708020762, -19776.115545628425, 1560.0001640629707], [9543.840630010807, -16646.3349733433, 1560.0], 19, 3, 3], "16": [[10914.762937731157, -20513.02874194924, 1559.99971851086], [8297.681942616036, -16758.484090445916, 1560.0], 20, 3, 3], "17": [[9092.102899318075, -21524.946935273674, 1560.0000031886216], [6082.820422790066, -16931.090065120006, 1560.0], 5, 3, 3], "18": [[10176.235385195383, -13430.589308936986, 1384.586572567532], [7814.690366461455, -11921.776616554165, 1560.0], 9, 2, 2], "19": [[10364.361639726903, -14689.796130212657, 1534.767239210449], [8736.974090697842, -12981.80051970634, 1560.0], 70, 3, 3], "2": [[-7977.435630509471, 11906.324599820378, 1559.999920109801], [-7253.2385050688745, 9322.648432540314, 1560.0], 55, 3, 3], "20": [[21856.78184534806, -22278.08012361876, 1680.796849140678], [17828.40413410158, -18358.560765835668, 1560.0], 31, 2, 2], "21": [[15253.54175815741, -14447.536080818714, 1520.8036721942478], [13466.517366884898, -13128.320182656716, 1560.0], 19, 3, 3], "22": [[14766.114876665059, -13767.93107262699, 1555.9883364858163], [13766.507030508905, -12692.809241573834, 1560.0], 16, 3, 3], "23": [[13201.792923297071, -14154.40873776166, 1538.5259504018852], [11694.099681496535, -12836.171581093238, 1560.0], 25, 3, 3], "24": [[13430.569590952411, -12502.441327501632, 1511.522409528094], [11321.803384788262, -11463.29791126761, 1560.0], 11, 3, 3], "25": [[12684.272425095003, -12803.56331226942, 1530.458024738668], [11118.788622241525, -11804.833838881596, 1560.0], 22, 3, 3], "26": [[12373.250572461999, -11630.384371007298, 1349.867353630134], [10591.850366496861, -10699.36127660026, 1560.0], 9, 3, 3], "27": [[15977.800387849327, -9819.667716544976, 1516.177456000605], [13903.359686761769, -9180.794370799673, 1560.0], 20, 3, 3], "28": [[17248.421724012434, -10329.007416293529, 1560.0002661718281], [16983.468528118305, -10067.559894506248, 1560.0], 16, 3, 3], "29": [[6248.455643274763, 10127.001366075636, 1265.2731686700527], [4150.153754011291, 8618.025592540178, 1560.0], 9, 3, 3], "3": [[-10674.577904545737, 10530.337851786495, 1560.0001155839284], [-9484.539997834432, 8194.017954256984, 1560.0], 51, 3, 3], "30": [[7641.5506394011, 10508.44462178559, 1475.7861817008284], [6392.958223078856, 9265.588767339834, 1560.0], 17, 3, 3], "31": [[8784.535541004732, 9843.095229239394, 1439.803630993704], [6997.77513550267, 8543.366863076375, 1560.0], 6, 3, 3], "32": [[9769.701047415872, 9588.80901442625, 1703.97517677516], [8226.254648724593, 8560.912067211291, 1560.0], 79, 3, 3], "33": [[9564.857141552291, 9981.712077519269, 1605.5729991171775], [9656.588575733153, 9530.16841012298, 1590.0], 21, 3, 3], "34": [[11244.89443598372, 9133.230626734548, 1559.9997550610892], [8478.438839100418, 7843.860006164554, 1560.0], 57, 3, 2], "35": [[10880.426773410294, 8435.116677185542, 1366.5140169629628], [9793.37828090115, 7716.5990715896805, 1560.0], 42, 3, 3], "36": [[11720.952575088615, 9835.562472360862, 1370.2530740555576], [9579.41465969538, 8689.691733157679, 1560.0], 17, 3, 3], "37": [[14911.058432215912, 9582.37006149389, 1879.9998556364458], [14513.57631049607, 8997.307964103902, 1880.0], 12, 2, 2], "38": [[16154.43427352891, 8177.6726672221985, 1699.9999835909452], [15720.640552540488, 7784.954341093914, 1700.0], 1, 2, 2], "39": [[22152.551431166023, -12090.405264790379, 1538.1345488754405], [20628.632844289343, -10699.368177323164, 1560.0], 30, 2, 2], "4": [[-11359.420776942257, 8942.711120838163, 1535.0562696147451], [-10322.227538823357, 7148.714162897075, 1560.0], 45, 3, 2], "40": [[27026.97176579334, -19356.100500723034, 1749.9996287382519], [14638.377855066328, -6552.546705414025, 1750.0], 0, 1, 1], "41": [[20840.186134089185, -10898.426305122295, 1560.0000451829026], [19992.144411959805, -10610.356935598169, 1560.0], 22, 3, 3], "42": [[-16658.61755885637, -9626.125631440214, 1769.1175055427739], [-14341.878727035779, -8519.230626496112, 1560.0], 16, 2, 2], "43": [[-9435.298907908274, 16218.134193583513, 1749.999907406329], [-9190.151854566577, 16043.130019052678, 1750.0], 0, 1, 1], "44": [[-9677.033198283052, 16474.308667506026, 1750.000324574034], [-9396.73378916739, 16269.5805354551, 1750.0], 0, 1, 1], "45": [[-9400.24753108219, 17477.918930489584, 1750.000223694748], [-9120.939956607743, 17254.26285033785, 1750.0], 0, 1, 1], "46": [[-8795.436035759492, 17553.4103638601, 1749.999813215515], [-8617.73357203603, 17337.889760197388, 1750.0], 0, 1, 1], "47": [[-8301.659058729148, 16767.289592472018, 1749.9999271739196], [-8198.248201064727, 16659.58631199498, 1750.0], 0, 1, 1], "48": [[-8230.632795049443, 19652.190747878583, 1750.0000037172651], [-8036.316870571482, 19342.567860761137, 1750.0], 0, 1, 1], "49": [[-8712.384158531358, 21552.556818701927, 1750.000103540839], [-8374.371114498006, 20873.684110132872, 1750.0], 0, 1, 1], "5": [[-10174.376720800017, 8807.885852020549, 1460.3101721763937], [-9594.045190992905, 7062.949208846317, 1560.0], 83, 3, 3], "50": [[-9113.680836537264, 22080.13872694506, 1749.9997789651297], [-8648.45312584445, 21213.66115571397, 1750.0], 0, 1, 1], "51": [[-9063.159894814567, 22614.89951593181, 1749.999724245606], [-8561.848730733054, 21614.275760310727, 1750.0], 0, 1, 1], "53": [[8058.236833753147, 15634.556070582905, 1691.4469282924608], [5827.456331219321, 12740.17946066651, 1890.0], 88, 3, 3], "54": [[6067.05484151962, 21857.768897979524, 1560.0001282362077], [3658.998122277593, 15756.419821006772, 1560.0], 0, 1, 1], "55": [[6795.7974128858805, 21466.08629755991, 1559.9999954738687], [4245.210220897906, 15700.7505444906, 1560.0], 0, 1, 1], "56": [[7382.919544233563, 21137.026253119493, 1559.999966620411], [4872.361740509413, 15717.766921210909, 1560.0], 0, 1, 1], "57": [[6795.7974128858805, 21466.08629755991, 1559.9999954738687], [4245.210220897906, 15700.7505444906, 1560.0], 0, 1, 1], "6": [[-8472.824476999735, 8649.58921385305, 1363.3139361703618], [-8346.532426822432, 7058.64086193776, 1560.0], 24, 3, 3], "7": [[-10041.244018921598, 7320.486842559218, 1445.033247600503], [-9721.84816488293, 6066.4253053534785, 1560.0], 46, 3, 3], "8": [[-10934.64195649235, 7341.660115009779, 1354.2525357134484], [-10531.437504943966, 5899.5730997518085, 1560.0], 80, 3, 3], "9": [[-12342.023651796782, 7068.832933635652, 1255.5604099115544], [-11782.131255498933, 5507.749983016315, 1560.0], 66, 3, 2]}