{"0": [[-7494.700002735168, 11618.80473418831, 1233.6217462914472], [-7826.8899278405015, 8581.908519971481, 1560.0], 73, 3, 3], "1": [[-8706.273542176366, 10132.321430736554, 1388.5611565470251], [-8350.014706707854, 7965.644000937955, 1560.0], 33, 3, 3], "10": [[-10158.236349694365, 2928.662013473075, 1312.2271195560247], [-10431.587685735456, 2491.3961251225974, 1560.0], 55, 3, 3], "11": [[-13526.390561792834, 2266.122354519945, 1408.5409613441443], [-13278.73517457475, 1880.5314771237042, 1560.0], 85, 3, 3], "12": [[-13161.797029008678, 1856.1050211427798, 1317.8898813618387], [-13062.762533843783, 1548.7679524267826, 1560.0], 10, 3, 2], "13": [[-11807.131334445989, -639.907059744905, 1559.9999969615048], [-11702.57867458848, -666.9259203179828, 1560.0], 14, 3, 2], "14": [[-14118.849274461649, -233.78454052298687, 1559.9998795553915], [-13799.961867987648, -265.3547589117749, 1560.0], 17, 3, 2], "15": [[-14121.603469821948, 1381.1605365568842, 1254.2494380671305], [-14071.659801233278, 1005.181598872245, 1560.0], 117, 2, 2], "16": [[-14801.31995096177, -593.0996866037549, 1082.5917375862816], [-14933.239755563225, -819.6996229488761, 1560.0], 113, 2, 2], "17": [[-12823.948042883943, -5134.2579789754145, 1472.2643011906468], [-12626.704351949547, -5020.44060269532, 1560.0], 18, 3, 2], "18": [[-12461.597993721043, -8580.321481279447, 1559.9999122512938], [-11714.252403694618, -8004.781832391451, 1560.0], 42, 3, 2], "19": [[-13788.429032028449, -7437.201484133416, 1517.121480334357], [-13082.801707459827, -6988.376047035827, 1560.0], 26, 3, 2], "2": [[-9962.896316419752, 7281.649653583331, 1292.300129388908], [-9932.963787716679, 5829.26991842956, 1560.0], 88, 3, 3], "20": [[-8003.067256864659, -15472.571460754602, 1339.1026038460361], [-7563.528178496166, -12784.28734960581, 1560.0], 53, 3, 2], "21": [[-8762.704556367642, -14453.224855444667, 1408.2711823082193], [-8137.428538266345, -11880.929184240722, 1560.0], 12, 3, 2], "22": [[-10631.147890404853, -13849.115577435416, 1707.549274008726], [-8924.4121198388, -11797.499430671889, 1560.0], 38, 3, 2], "23": [[-11224.49917654585, -14785.3667941092, 1693.5619621990083], [-9360.547885097114, -12060.790250372493, 1560.0], 11, 2, 2], "24": [[-878.3937472234007, -17266.848943781326, 1634.805698718529], [-1400.2203419056727, -14335.973912720332, 1560.0], 86, 3, 3], "25": [[8955.790538222112, -18203.013782186004, 1454.0966330221993], [6432.267421829544, -15088.906603025047, 1560.0], 51, 3, 3], "26": [[9121.946365316127, -17931.6502142828, 1560.0000226076047], [6892.138963681533, -15119.39549409557, 1560.0], 2, 3, 3], "27": [[8785.73715325539, -16938.34290380246, 1417.94125464373], [6026.226004353884, -14255.717239187301, 1560.0], 39, 3, 3], "28": [[9792.521783737806, -17489.417860987392, 1421.585841306386], [7575.2063546700265, -14837.469941497522, 1560.0], 7, 3, 3], "29": [[10026.444353085031, -17085.607116421226, 1388.4186045004847], [7743.536350589426, -14580.296553085063, 1560.0], 9, 3, 3], "3": [[-11839.925568625082, 6123.136124472069, 1411.5985908157986], [-11319.521474158597, 5082.151072510388, 1560.0], 27, 3, 3], "30": [[10130.830037240501, -16646.53939016371, 1383.774200632378], [7913.20100412291, -14316.994708694838, 1560.0], 12, 3, 3], "31": [[8703.897596178622, -19241.705325118957, 1554.7946919449105], [6050.68761670178, -15664.571779010948, 1560.0], 30, 3, 3], "32": [[9364.680652746034, -19000.47679306538, 1493.0022980164397], [6996.693586661305, -15689.7324064385, 1560.0], 16, 3, 3], "33": [[12791.935759448483, -15147.901758150405, 1459.357690970826], [10222.083975907828, -13257.251177319964, 1560.0], 7, 3, 3], "34": [[14032.742430632446, -14584.477769904546, 1530.0632596230857], [11587.429202239993, -12999.953020593288, 1560.0], 5, 3, 3], "35": [[12734.792954199194, -10783.324701252226, 1418.8661547042138], [10929.226470241389, -10081.527169629217, 1560.0], 16, 3, 3], "36": [[13515.131511451304, -10526.401794906096, 1559.9999554204337], [12146.640346550248, -10028.248508126622, 1560.0], 20, 3, 3], "37": [[14552.71834432333, -10132.230641182474, 1559.9996620567672], [12922.934948263337, -9761.058471421225, 1560.0], 71, 3, 3], "38": [[14214.239180667792, -11594.344186238417, 1552.9610845214158], [11731.726689549314, -10759.585364821534, 1560.0], 66, 3, 3], "39": [[15117.572988314841, -11103.412067359026, 1560.00006325017], [13759.710867882035, -10571.48230006879, 1560.0], 38, 3, 3], "4": [[-12807.489653537026, 5790.698217406265, 1241.6641712834487], [-12315.008874524661, 4606.74552355043, 1560.0], 19, 2, 2], "40": [[9464.222994930655, 1987.16050328699, 1560.0001878901153], [9534.154186492746, 1869.258859359097, 1560.0], 3, 3, 3], "41": [[12897.46407508621, 1788.2826640922078, 1523.7840219274453], [12585.585489572255, 1661.5479713698921, 1560.0], 6, 3, 3], "42": [[13492.045053774895, 1845.1108708161712, 1559.999828518543], [13138.16632822483, 1603.123600762221, 1560.0], 51, 3, 3], "43": [[10328.427934104035, 9310.397789208977, 1559.9985210621883], [8585.744611018941, 8277.2624736762, 1560.0], 14, 2, 2], "44": [[10766.558274537125, 9105.423276448377, 1559.9995593398642], [9467.029045668993, 8243.094488588053, 1560.0], 5, 2, 2], "45": [[12218.276869053398, 6932.194246243475, 1559.9995723236673], [11431.873535743332, 6535.633070206737, 1560.0], 25, 2, 2], "46": [[12739.246532060843, 8005.39571664862, 1710.0000009586067], [13267.377892863673, 7872.533379948753, 1710.0], 31, 2, 2], "47": [[12956.633667724698, 7202.957241792235, 1560.0001007526444], [13166.55922694676, 6951.610300815096, 1560.0], 9, 2, 2], "48": [[13769.666897620447, 5536.46858008972, 1569.9997742808903], [13765.081131481076, 5329.210385167234, 1570.0], 5, 2, 2], "49": [[14165.693024130247, 7268.091172441128, 1570.000244799238], [13039.802087525568, 6689.250418333891, 1570.0], 3, 2, 2], "5": [[-13884.945893664131, 6010.214951787002, 1420.8821164973333], [-12825.369981547938, 4841.839239440641, 1560.0], 13, 2, 2], "50": [[15346.430803472038, 7032.289156746781, 1559.9993379751245], [14826.478923748085, 6625.907987990951, 1560.0], 3, 2, 2], "51": [[16029.808630466068, 8457.059655291752, 1579.9997965673688], [15798.760743520332, 8071.404810986695, 1580.0], 3, 2, 2], "52": [[16083.899536176063, 9692.795919536193, 1890.0000994616403], [15765.633662726157, 9107.271475255007, 1890.0], 16, 2, 2], "53": [[15021.88277801109, 1149.4285749298983, 1659.9998253997219], [14851.421573809377, 1038.7291916456472, 1660.0], 2, 2, 2], "54": [[15822.06670478807, 1056.82300696762, 1659.9999174078669], [15477.15673799684, 968.0585014953881, 1660.0], 0, 2, 2], "55": [[8868.277201960695, -21961.267252026268, 1504.7120494049466], [5239.274022872419, -16805.523662269337, 1560.0], 16, 3, 3], "56": [[9786.065587269351, -19957.93193344809, 1560.000030418531], [7095.849925220452, -16250.044174153321, 1560.0], 1, 3, 3], "57": [[20042.187327392206, -15336.880092305739, 1549.5492849111965], [19643.935144300984, -15644.458303605548, 1560.0], 27, 3, 2], "58": [[22436.744066928833, -14978.158180217319, 1611.6850264365748], [21988.98845687004, -14208.901080245592, 1560.0], 79, 3, 3], "59": [[18632.530277943813, -14286.606853602687, 1559.9999640841954], [15958.865430286867, -12714.326050567815, 1560.0], 6, 3, 2], "6": [[-12552.886990034045, 3957.3052585870987, 1370.8891922232137], [-12268.569690757993, 3350.43699247036, 1560.0], 27, 3, 2], "60": [[-8443.261158136882, 18466.052550095254, 1750.0000017219172], [-8269.635090258529, 18202.620921409718, 1750.0], 0, 1, 1], "61": [[-8556.805714604998, 16524.602953750677, 1749.9998395405662], [-8441.347713422383, 16359.007371591573, 1750.0], 0, 1, 1], "62": [[-8784.847795789572, 14968.007124748885, 1749.9996635678065], [-8667.038232069683, 14850.195395830422, 1750.0], 0, 1, 1], "63": [[-10356.299155112596, 15900.174919188777, 1749.9995838212221], [-9940.370892156545, 15719.380451023704, 1750.0], 0, 1, 1],