{"0": [[-8554.513671445402, -17700.58478327002, 1528.560758601275], [-7410.072931388515, -13473.147442909423, 1560.0], 23, 2, 2], "1": [[-8112.7863172406405, -17311.619947445324, 1560.0000700923636], [-6787.416276472575, -14070.816650125487, 1560.0], 0, 1, 1], "10": [[-801.4275117671472, -15926.812948573513, 1678.3609196885145], [-1147.0691775567693, -13704.068840301856, 1560.0], 51, 3, 3], "11": [[10299.053168080467, -25920.50752734106, 1559.9999480660542], [6074.161535058081, -18657.93214592537, 1560.0], 2, 2, 2], "12": [[6910.673877849631, -28820.12901867178, 1673.7995730030598], [2469.7389943058283, -18657.750872676323, 1680.0], 23, 2, 2], "13": [[9932.912507827305, -27998.42368100202, 1749.9997622751432], [6882.444116914827, -19664.645234505737, 1750.0], 0, 1, 1], "14": [[9437.023168743423, -20048.01422971383, 1466.6224341676202], [6262.790639979977, -16040.018322879712, 1560.0], 9, 3, 3], "15": [[10064.496242794843, -19573.98194386154, 1480.2664424565185], [6126.3707068742015, -15552.318295894069, 1560.0], 21, 3, 3], "16": [[9038.240958121485, -19249.942098653803, 1560.000041564687], [6379.185118787105, -15874.542802531925, 1560.0], 16, 3, 3], "17": [[9883.883050486267, -17369.918944720113, 1471.6963015870185], [7617.163180964154, -14773.749595994957, 1560.0], 15, 3, 3], "18": [[8472.556360149661, -17709.762176847064, 1484.730241982928], [6509.528669670273, -14969.437929181599, 1560.0], 14, 3, 3], "19": [[8290.504015469385, -15427.406650983017, 1205.2351488218858], [5361.120728273397, -13103.059808594175, 1560.0], 5, 3, 3], "2": [[-9995.993022124818, -18099.1665739216, 1939.9997341792005], [-5289.386185679714, -12263.86496987951, 1940.0], 0, 1, 1], "20": [[7516.868140448043, -18784.417845346637, 1417.9497167747656], [4928.248294625777, -15331.269352755651, 1560.0], 8, 3, 3], "21": [[11411.385496966765, -21814.00054762058, 1560.0000951957704], [9895.663190070616, -16211.369927104717, 1560.0], 0, 3, 1], "22": [[12525.72799754609, -19370.85059172599, 1559.9998917338808], [7536.351251694395, -17024.26267389584, 1560.0], 0, 3, 1], "23": [[12233.870302597817, -23954.927103434693, 1560.0006854736469], [8600.089296294098, -18371.32920585461, 1560.0], 3, 2, 2], "24": [[15618.488548001631, -17235.28124879188, 1924.5030937929146], [15182.694177055504, -15689.633226823931, 1560.0], 3, 3, 3], "25": [[18537.990344279304, -11506.607236327827, 1627.7531011362098], [18666.17629542603, -11227.71256434301, 1560.0], 28, 3, 3], "26": [[16175.768323043345, -13902.345397281888, 1586.64727639254], [14983.49643634535, -13011.103179190408, 1560.0], 16, 3, 3], "27": [[16953.780452445022, -11764.53703772382, 1667.3985619762148], [16854.007738465825, -11447.350968145884, 1560.0], 28, 3, 3], "28": [[17236.240745413084, -10503.924224930908, 1579.3322885794125], [16847.02056693869, -10278.543933830784, 1560.0], 26, 3, 3], "29": [[16191.607605420642, -11409.75279768644, 1459.7622896616333], [15703.845231517153, -10862.958030778093, 1560.0], 32, 3, 3], "3": [[-11837.826230488336, -12231.412407503634, 1559.9998801335826], [-10557.464458102006, -10506.00443162203, 1560.0], 0, 3, 2], "30": [[16037.350884397512, -10387.250879116446, 1102.4578496544455], [13676.399483073556, -9579.178448080578, 1560.0], 20, 3, 3], "31": [[15568.464471498239, -10470.781718803832, 1468.8601454486316], [14167.306772631224, -9889.817925439917, 1560.0], 7, 3, 3], "32": [[14152.958251016782, -12259.186608035336, 1583.4548521689971], [13127.977148772223, -11596.188674621131, 1560.0], 25, 3, 3], "33": [[13807.866249825278, -12534.554377275326, 1559.9999455065856], [12451.359029247498, -11639.43850260351, 1560.0], 5, 3, 3], "34": [[12794.522517994486, -13681.658389538365, 1559.999780443872], [11328.59205846761, -12443.780880917295, 1560.0], 3, 3, 3], "35": [[13783.443562771405, -9902.240810434823, 1410.7758218448378], [12513.572533669903, -9365.598810540798, 1560.0], 19, 3, 3], "36": [[14457.193793268254, -10269.394099684847, 1559.9956135503298], [14108.823292623936, -9988.61181512327, 1560.0], 44, 3, 3], "37": [[14760.220848680105, -9507.311984096139, 1285.9327718044415], [12777.769478532306, -8879.270568291242, 1560.0], 10, 3, 3], "38": [[12923.291246813971, -10229.053964110155, 1372.3555358141289], [11172.269287501862, -9627.912014378157, 1560.0], 44, 3, 3], "39": [[10229.563811946378, -13011.906348504952, 1330.9172855619918], [9407.42933601329, -11827.87900198096, 1560.0], 103, 2, 2], "4": [[-11862.442603794116, -12076.742557899242, 1258.1964840994679], [-10989.637799933658, -10148.93172824213, 1560.0], 19, 2, 2], "40": [[16500.98058178005, 871.2319402634693, 1949.9998250649153], [16514.588988888983, 770.5736593122059, 1950.0], 3, 2, 2], "41": [[14725.869750437138, 452.74881133303035, 1769.0835500114586], [16085.64184065169, 396.2174779098904, 1630.0], 15, 3, 3], "42": [[13428.692461463277, 966.0739827956949, 1615.8222838567694], [14013.999131469227, 741.4573569477044, 1560.0], 29, 3, 3], "43": [[12120.279665000337, 1147.9045983519868, 1730.8043756023314], [13411.892211628452, 1159.4435494957245, 1590.0], 23, 3, 3], "44": [[18386.98110339106, 8744.960449654725, 1760.0000576520174], [17560.795872177026, 8225.724977854625, 1760.0], 0, 2, 2], "45": [[16845.603888392714, 7579.98043195581, 1950.000008550374], [16876.696846727056, 7268.01396687426, 1950.0], 8, 2, 2], "46": [[16307.595619080688, 7209.40553460592, 1690.0000054391073], [16140.120356855346, 6895.516449381849, 1690.0], 3, 2, 2], "47": [[16505.57218936969, 9542.308975145346, 1869.999956351945], [15803.088985173315, 8877.412192212054, 1870.0], 1, 2, 2], "48": [[16041.838542714875, 8481.302069929274, 1900.000117803973], [15334.67978738052, 7897.588801386464, 1900.0], 2, 2, 2], "49": [[15208.354509946414, 7175.077289718827, 1649.9998616803466], [14408.189524276699, 6757.004036533974, 1650.0], 1, 2, 2], "5": [[-11931.858825058445, -11536.25859531588, 1075.1276564824661], [-11407.7876902262, -9648.91794028996, 1560.0], 13, 2, 2], "50": [[15439.609645463688, 7892.495930732152, 1860.0003732026225], [14082.952195488107, 7237.216308039418, 1860.0], 2, 2, 2], "51": [[14938.268255681483, 8583.19236332635, 1860.0002270431266], [14319.535133782272, 8004.094568947524, 1860.0], 1, 2, 2], "52": [[14525.471330981474, 7007.441071593953, 1559.9998309325463], [14258.190218134354, 6737.909005592547, 1560.0], 3, 2, 2], "53": [[14053.225584626949, 7151.248241820781, 1640.0004262683738], [13274.909514301773, 6732.349796421104, 1640.0], 0, 2, 2], "54": [[14121.631943124969, 9133.934825173006, 1859.9998475426883], [13249.636442428799, 8413.540238950598, 1860.0], 3, 2, 2], "55": [[13800.631837750281, 7933.493560455837, 1560.0001264880848], [13313.385624743525, 7449.927997053133, 1560.0], 1, 2, 2], "56": [[12937.831571800225, 7410.687902180003, 1560.0002234789818], [12062.115173737675, 6911.026288826166, 1560.0], 2, 2, 2], "57": [[10854.635317534588, 7232.233281364422, 1462.3351749359472], [11018.368788249565, 6872.195276951528, 1560.0], 65, 3, 2], "58": [[11647.579188723515, 8401.677051971581, 1949.8023137291439], [11081.985706067375, 8137.930472115793, 1840.0], 40, 3, 3], "59": [[10734.22340524376, 9608.441032655212, 1873.9917388648719], [9668.023860766372, 8679.233648866366, 1750.0], 28, 3, 3], "6": [[-11117.02616304363, -8256.580548397771, 1559.9994025659112], [-10612.000691391338, -7806.164898564871, 1560.0], 17, 3, 2], "60": [[11252.751403634744, 9171.427520367473, 1335.7068621656288], [9410.41261802782, 8020.15095557396, 1560.0], 18, 3, 2], "61": [[9236.356218685647, 9688.291034556867, 1560.0000132391376], [8718.406189055593, 8820.12238722721, 1560.0], 18, 3, 3], "62": [[9509.620940434244, 10723.275452907745, 1559.9999707929262], [7575.234117953968, 9313.850211115001, 1560.0], 15, 3, 3], "63": [[9451.400531158437, 11355.345584969446, 1560.0000659729446], [7694.621245148962, 9835.567274086123, 1560.0], 28, 3, 3], "64": [[7588.292690270715, 9667.1615216954, 1471.9029291026181], [5420.794320701218, 8194.425463887592, 1560.0], 31, 3, 3],