{"0": [[-11638.654066925608, -12709.552096306948, 1594.998714162127], [-10099.14266047528, -10934.215542924952, 1560.0], 31, 3, 2], "1": [[-11861.584557042743, -11972.506499518202, 1338.7948728829917], [-10922.555887657905, -10136.16519450158, 1560.0], 16, 3, 2], "10": [[10289.87134232014, -17778.92873387701, 1560.0000359202804], [8362.569374222197, -15213.824192914271, 1560.0], 10, 3, 3], "11": [[11192.199431940357, -18268.7527591216, 1478.3767818701], [8746.565904548333, -15440.366404397413, 1560.0], 15, 3, 3], "12": [[11089.026928803469, -22579.51065899442, 1446.9661145484993], [7277.115943070669, -17337.357651168677, 1560.0], 4, 3, 3], "15": [[10079.567735516255, -13151.917618196228, 1466.8393109523736], [8815.320975938428, -11938.744518377294, 1560.0], 18, 2, 2], "16": [[13566.340750162371, -12217.546395115998, 1571.745593978366], [12561.00825668362, -11461.254108405084, 1560.0], 21, 3, 3], "17": [[14129.447660103955, -12378.115586776406, 1669.0166402659088], [13711.837248126707, -11735.094300439148, 1560.0], 11, 3, 3], "18": [[12511.372331617082, -10992.50880310254, 1484.9889506660156], [11402.21939629768, -10282.618120411327, 1560.0], 9, 3, 3], "19": [[15114.400311805595, -11314.932041478754, 1560.0000034757213], [14307.017172246196, -10794.636651194076, 1560.0], 11, 3, 3], "2": [[-11872.920405199182, -11498.713573277053, 1148.6180654336085], [-11276.485357566055, -9696.957524626643, 1560.0], 19, 3, 2], "20": [[14552.878799590908, -9495.918170311625, 1494.4397329278881], [12724.794476671326, -8977.403599851523, 1560.0], 8, 3, 3], "21": [[15528.314480761412, -10343.910199104734, 1461.6839774023265], [13619.851666162029, -9677.627443206837, 1560.0], 9, 3, 3], "22": [[15998.831607297625, -10256.183830676562, 1146.3324243416669], [13086.344452184696, -9470.820566596374, 1560.0], 20, 3, 3], "23": [[18667.513665804923, -11013.480237312078, 1566.4809658331974], [16160.302409362785, -10150.757583244364, 1560.0], 25, 3, 3], "24": [[15939.172419316466, -2934.3610071894564, 1526.6369974424724], [14940.740206475284, -3170.592163744501, 1560.0], 33, 3, 3], "25": [[15386.021373300266, -12779.512146001487, 1559.9998398734215], [17995.949878568445, -10973.960291658981, 1560.0], 0, 3, 1], "26": [[17195.55490317066, -10499.961294469389, 1647.4859112872348], [16847.02056693869, -10278.543933830784, 1560.0], 23, 3, 3], "27": [[16644.37037120022, -13973.874893754566, 1556.8170468037124], [15113.556222607196, -12829.471167182486, 1560.0], 23, 3, 3], "28": [[12269.346847916107, 1340.7272986015282, 1636.4217251437778], [13008.663069844157, 1242.291211232557, 1560.0], 20, 3, 3], "29": [[13908.671313362507, 1785.5930647020061, 1559.999915050007], [13661.935395265793, 1420.6972229153841, 1560.0], 59, 3, 3], "3": [[-6875.862490431991, -16405.843392540177, 1352.4527477290394], [-6887.273085608594, -13070.156000981904, 1560.0], 21, 3, 2], "30": [[15143.7512811768, 1471.8838168631091, 1640.0001804456258], [13763.041105206446, 1185.63514314483, 1640.0], 30, 2, 2], "31": [[14908.748883115204, 2519.571938806615, 1540.8633549300507], [16006.680504529031, 2644.563782086786, 1560.0], 102, 2, 2], "32": [[14488.281936859972, 3416.60977087312, 1649.999909080108], [14478.745395057293, 3292.9640404007073, 1650.0], 2, 2, 2], "33": [[15871.079096675572, 3754.9023522787757, 1550.5528635581359], [16446.72368857297, 3834.0909761917246, 1560.0], 108, 2, 2], "34": [[14085.66397775704, 5299.188679324221, 1560.0000904313572], [13738.250849123915, 5089.7365527538, 1560.0], 2, 2, 2], "35": [[13773.135370566193, 7856.794604657849, 1580.0000391713195], [12608.65054225056, 7269.0509132628595, 1580.0], 2, 2, 2], "36": [[12422.568338742758, 7669.098682231987, 1559.9997743806796], [11050.936757076941, 6989.2892205583, 1560.0], 12, 3, 2], "37": [[12499.27137360508, 8100.294123529605, 1559.9993860840063], [12302.686722136521, 7757.998442912746, 1560.0], 68, 2, 2], "38": [[16823.459518229174, 8624.318364256009, 1729.9999234796846], [14902.913427371353, 7699.269005789563, 1730.0], 9, 2, 2], "39": [[17125.168081276654, 7948.85999994948, 1559.9992939846643], [17871.34420417617, 7948.925503612021, 1560.0], 119, 2, 2], "4": [[-8382.643201157849, -18021.369357981497, 1477.7731110024995], [-7307.519380343593, -13563.598862585925, 1560.0], 27, 2, 2], "40": [[16658.432734466558, 7038.17173689966, 1669.9999231062507], [16168.245802343585, 6655.760595229135, 1670.0], 1, 2, 2], "41": [[16766.955360728713, 8914.88632738977, 1820.0002505634513], [16620.15438929686, 8485.003110262107, 1820.0], 14, 2, 2], "42": [[16647.433511739677, 9853.165493385179, 1839.9999390926248], [16064.322835381194, 9199.825266413538, 1840.0], 3, 2, 2], "43": [[10642.957242503822, 9931.385121721794, 1769.9999942245067], [9682.86938168393, 9091.175347294109, 1770.0], 1, 2, 2], "44": [[10101.134728073715, 9318.303411725467, 1629.497445239221], [9503.804259402697, 8561.137210597562, 1570.0], 37, 3, 3], "45": [[9375.540575714907, 10446.729200524986, 1531.0489496903162], [7972.773667929141, 9259.803029571203, 1560.0], 23, 3, 3], "46": [[9589.650393476846, 11364.477567060545, 1521.3720692241682], [8095.47106401773, 9788.852611675457, 1560.0], 59, 3, 3], "47": [[6987.156375202086, 11417.869859794366, 1360.484662052789], [5038.2568973767575, 9646.844867753087, 1560.0], 13, 3, 3], "48": [[-9399.059358477705, 12030.351653883268, 1457.3591030874993], [-8564.00693716984, 8982.093193567876, 1560.0], 55, 3, 3], "49": [[-8540.11708871914, 8467.932962949908, 1270.9311313269525], [-8476.686894584447, 6898.739266330728, 1560.0], 24, 3, 3], "5": [[-8312.080942742807, -17064.70599914918, 1559.999770742094], [-3971.859359279225, -13701.003837553535, 1560.0], 0, 1, 1], "50": [[-10278.377434836775, 7602.981615193588, 1460.6521422365238], [-9843.969906452272, 6268.409552795715, 1560.0], 71, 3, 3], "51": [[-11542.328468939142, 6499.631149933996, 1424.2249448319183], [-11069.09728156168, 5332.2766844074795, 1560.0], 87, 3, 3], "52": [[-12648.302181965151, 6969.533248855065, 1397.2809793404977], [-11765.32479865871, 5581.918977377578, 1560.0], 37, 2, 2], "53": [[-12934.80004848518, 6801.048438619637, 1490.2695867112982], [-11881.79413055514, 5569.9511030779395, 1560.0], 24, 2, 2], "54": [[-14247.915965493965, 7588.281924892204, 1280.3098842734646], [-12885.979076781225, 5667.981502419949, 1560.0], 46, 2, 2], "55": [[-13237.389297394138, 5823.65782316447, 1442.8184717219228], [-12323.175146980799, 4824.139190755166, 1560.0], 9, 2, 2], "56": [[-12538.134218534791, 5646.0039331142125, 1504.562485680447], [-11891.933795943925, 4720.508940288272, 1560.0], 83, 3, 3], "57": [[-10415.423565163162, 13856.451975113963, 1559.9998772984834], [-7871.49055262669, 12861.441347930686, 1560.0], 25, 2, 2], "58": [[-11132.643838956095, -16981.76881511853, 1559.9998845273537], [-6794.034904905867, -14115.26751054343, 1560.0], 0, 1, 1], "59": [[7823.214759427792, -25956.097444819734, 1559.9997525291196], [3995.690880017294, -18310.57826496557, 1560.0], 16, 2, 2], "6": [[-10492.915692902927, -10133.783161477175, 1559.9996587939315], [-9825.456698952506, -9264.239204881096, 1560.0], 11, 3, 2], "60": [[11121.573295209673, -29734.645028553117, 1570.0001860867912], [5864.938575334522, -19753.59661630975, 1570.0], 1, 2, 2], "61": [[9310.162222828434, -29656.74079750019, 1750.0000408103213], [4141.843167013206, -19224.340112229474, 1750.0], 0, 2, 2], "62": [[9538.686412164774, -29005.06874136848, 1750.000113536988], [6644.495665527672, -20482.30068863237, 1750.0], 0, 1, 1], "63": [[10746.207707282212, -33677.66637656117, 1750.0000128557651], [7285.439212702099, -23218.95856011062, 1750.0], 0, 1, 1], "64": [[11600.731005646092, -37191.9196920572, 1750.0000371116882], [7749.0392649606565, -25199.672155979068, 1750.0], 0, 1, 1], "65": [[5595.018917223421, 19616.71958469544, 1749.9999203006037], [3270.1843586401505, 18248.577886968997, 1750.0], 0, 1, 1], "66": [[6980.113518501458, 19423.217923322878, 1750.0000396676044], [3966.3717566368787, 17878.058681081395, 1750.0], 0, 1, 1],