{"0": [[-8269.227556253196, 12313.979193636422, 1457.3769519376963], [-7774.701682221912, 9242.67133393901, 1560.0], 27, 3, 2], "1": [[-9482.233135006776, 11283.708317748165, 1560.0000221980167], [-8533.114258983827, 8755.834318528885, 1560.0], 29, 3, 3], "10": [[-11755.403333772821, 7525.134125710759, 1689.9999687343072], [-10641.926067492388, 6299.113785436619, 1690.0], 58, 3, 2], "11": [[-11812.678829130331, 6931.976509880166, 1560.0000370470002], [-10890.182239924676, 5861.868913901691, 1560.0], 7, 3, 2], "12": [[-10076.31840878374, 7140.868526476543, 1437.0408385657724], [-9841.35918855213, 5880.613613304446, 1560.0], 53, 3, 3], "13": [[-11327.223838780457, 6389.728972325317, 1422.210706251844], [-10946.970545009064, 5258.164923469312, 1560.0], 121, 3, 3], "14": [[-11104.23405687153, 5877.5770098230305, 1285.7419432370862], [-10965.403057618281, 4805.523522392273, 1560.0], 59, 3, 3], "15": [[-12179.124562036028, 5526.162688441774, 1522.2892379214752], [-11448.471798845287, 4762.351160553995, 1560.0], 9, 3, 2], "16": [[-12592.402184633323, 5082.040698523048, 1275.7488919146183], [-12237.056792815269, 4158.02056996156, 1560.0], 14, 3, 2], "17": [[-12008.057419749557, 7624.401173806667, 969.5512859969629], [-11823.919645572538, 5575.9320846391565, 1560.0], 125, 2, 2], "18": [[-12908.7202965315, 7010.368301788709, 1055.0455071880124], [-12394.804328800901, 5207.970865621093, 1560.0], 82, 2, 2], "19": [[-13637.688892068596, 7454.414437440558, 1437.3579348669618], [-12285.546685680223, 5859.1639489578165, 1560.0], 15, 2, 2], "2": [[-10736.079266367577, 10625.584482665074, 1621.7593265602243], [-9430.245105053902, 8291.266543664051, 1590.0], 24, 3, 3], "20": [[-13861.68390683515, 5663.7054499222695, 1509.5345971552056], [-12815.977899327869, 4672.444544108106, 1560.0], 44, 2, 2], "21": [[-13080.311080192636, 5251.759620778861, 1213.3705802892725], [-12677.25977976879, 4142.320912973731, 1560.0], 49, 2, 2], "22": [[-11552.371247918443, 4042.423366324376, 1391.8179719510044], [-11419.622021397145, 3446.799419650164, 1560.0], 86, 3, 3], "23": [[-12955.43441798646, -5029.205720741001, 1542.789861880664], [-12684.50674666632, -4938.3619065341245, 1560.0], 13, 3, 2], "24": [[-11522.892665731999, -7322.604222039843, 1487.4276634873645], [-11204.839540323366, -6980.965113594266, 1560.0], 21, 3, 2], "25": [[-13785.301393106227, -6746.449878812237, 1491.3640500863494], [-13254.039158524934, -6396.357151244819, 1560.0], 10, 3, 2], "26": [[-14546.457872075602, -5991.761120311961, 1477.9546094152408], [-14035.16046110207, -5709.289520285227, 1560.0], 10, 3, 2], "27": [[-14980.099150636632, -9766.272329140842, 1574.521332309157], [-13365.796912025427, -8666.813516928762, 1560.0], 57, 3, 2], "28": [[-15161.413652956659, -10137.080895836147, 1559.9999911096736], [-13416.140940897532, -8860.443080426989, 1560.0], 15, 2, 2], "29": [[-8051.834180849482, -15896.851935969176, 1241.207114323976], [-7035.021377168092, -13248.231580229449, 1560.0], 11, 3, 2], "3": [[-11098.998151431702, 9887.788691484106, 1586.4021413780486], [-9795.822494432967, 7842.568565173079, 1560.0], 51, 3, 3], "30": [[8867.727055902908, -17169.02278225125, 1472.8816480711037], [6324.0438911703795, -14519.854945993839, 1560.0], 5, 3, 3], "31": [[9118.253979747351, -17814.034229828118, 1559.9998934966166], [6932.170463326956, -15058.72602138751, 1560.0], 5, 3, 3], "32": [[8937.151523755889, -18073.83343335351, 1559.9996845127027], [6812.320570164731, -15239.62337589602, 1560.0], 4, 3, 3], "33": [[9678.85306859659, -17203.473533499528, 1430.1854176772583], [7255.341114938052, -14559.981285012638, 1560.0], 9, 3, 3], "34": [[10159.947114032388, -16937.478722582226, 1411.6018546742284], [7418.857761281202, -14301.639761361974, 1560.0], 14, 3, 3], "35": [[10008.574198348262, -16513.90951859382, 1353.7452862483865], [7138.799730829507, -13961.133557756073, 1560.0], 3, 3, 3], "36": [[8620.807868951206, -16007.277617037375, 1312.642494931632], [6322.835999188542, -13750.214401823794, 1560.0], 33, 3, 3], "37": [[8370.88625925064, -14976.736244648051, 1265.405088125727], [5463.97274476386, -12908.101677942763, 1560.0], 23, 3, 3], "38": [[9171.127281478784, -14394.532754570599, 1518.441546336479], [7746.391628138715, -12930.072561063056, 1560.0], 31, 3, 3], "39": [[11437.762110522874, -15984.908203268506, 1526.7692836957483], [10160.364393115859, -14233.801344367945, 1560.0], 28, 3, 3], "4": [[-7230.697344665937, 11729.933151613155, 1264.3442356383525], [-7359.242515758112, 8843.70087639608, 1560.0], 38, 3, 3], "40": [[13085.179231669645, -15584.039717154665, 1559.9997610500413], [12099.588526353276, -14115.309980188054, 1560.0], 28, 3, 3], "41": [[15605.723727683982, -14848.252388585612, 1474.6077705719242], [13930.980639244746, -13462.471089566874, 1560.0], 19, 3, 3], "42": [[12806.326173579959, -10827.062940095895, 1414.8518843347233], [10977.700334689282, -9991.624934994648, 1560.0], 9, 3, 3], "43": [[12604.738251577246, -11683.16000806192, 1494.729630069291], [11628.76820447593, -10938.098924971564, 1560.0], 13, 3, 3], "44": [[13697.018224457655, -11887.702757991954, 1457.5127731557225], [12836.681716696032, -11007.846034800607, 1560.0], 62, 3, 3], "45": [[13580.621550406066, -10416.839325905916, 1403.5419776235397], [12303.465622056448, -9746.85611986723, 1560.0], 13, 3, 3], "46": [[14753.289651335079, -10059.287691473794, 1441.1987366448466], [12513.572533669903, -9365.598810540798, 1560.0], 18, 3, 3], "47": [[15578.048542104487, -11954.206457980245, 1458.9123143612685], [13586.332742311353, -10856.569371203164, 1560.0], 8, 3, 3], "48": [[15190.413977635153, -10624.865481120627, 1559.999917734837], [14608.153870504655, -10306.317238385833, 1560.0], 30, 3, 3], "49": [[16144.28693672364, -10220.851607662635, 1542.9316405485538], [14972.492596387277, -9704.337081301897, 1560.0], 33, 3, 3], "5": [[-8243.251219181722, 10224.852100832613, 1330.283496345353], [-8044.710589124814, 8036.3176812893125, 1560.0], 49, 3, 3], "50": [[16701.798756140528, -9481.208401027057, 1436.2001263168147], [14697.32775452196, -8979.427572664299, 1560.0], 22, 3, 3], "51": [[16946.57364016884, -10733.885453577837, 1559.9999795130166], [16029.380931970521, -10356.814545809088, 1560.0], 26, 3, 3], "52": [[5607.961020645619, 12185.339705099814, 1360.9588996809023], [3510.250770727278, 10108.7325390625, 1560.0], 16, 3, 3], "53": [[6563.209377846123, 10445.736008835724, 1444.505204056311], [5272.4017934511585, 9122.698534285511, 1560.0], 10, 3, 3], "54": [[7157.876670250632, 9733.975208770107, 1399.018098152162], [5486.160149501573, 8486.791618110652, 1560.0], 20, 3, 3], "55": [[9782.145866717645, 9994.749358823856, 1526.9503624576823], [8277.765373205066, 8775.13966597553, 1560.0], 24, 3, 3], "56": [[18782.073125541734, -13976.120740944523, 1428.6587557585622], [16699.595579410554, -12785.20664438072, 1560.0], 29, 3, 3], "57": [[9178.6449750278, -21528.531046066084, 2172.8344386761405], [7106.263527711163, -17538.38742231043, 1560.0], 104, 3, 2], "58": [[10348.904807199828, -20504.488798541857, 2021.4192357610564], [8529.346259371478, -17160.90908575488, 1560.0], 21, 3, 2], "59": [[12959.309709997173, 1511.9696951280264, 1559.9999271460451], [11845.98887719898, 1134.44482057703, 1560.0], 47, 3, 3], "6": [[-9581.150817435358, 8800.994365265859, 1487.4768551105626], [-9069.306707772896, 7160.821465648984, 1560.0], 11, 3, 3], "60": [[13492.48192682051, 1450.8288372269851, 1559.9998339171566], [13617.288463836067, 1298.7307664508985, 1560.0], 10, 3, 3], "61": [[14488.12798565899, 477.4744071525641, 1749.9996916200841], [14495.397333524239, 759.174253005654, 1750.0], 0, 1, 1], "62": [[10684.70392076338, 9614.203041067263, 1361.2530404840131], [8148.503408348285, 8239.866354205416, 1560.0], 20, 2, 2], "63": [[11077.34361252859, 8949.380149180384, 1318.0013458395326], [8924.302944557689, 7875.955205334683, 1560.0], 24, 2, 2],