{"0": [[-9024.914744625752, 12984.67576677221, 1532.6134784289075], [-8063.580819893876, 9584.668938717648, 1560.0], 50, 3, 3], "1": [[-7964.0626442245475, 12818.055449818288, 1415.9357483351612], [-7509.025853907079, 9540.23282866072, 1560.0], 24, 3, 3], "10": [[-12834.919980074006, 5669.087148609676, 1287.3123631039496], [-12330.188476039235, 4533.565571433884, 1560.0], 30, 2, 2], "11": [[-13649.887877563187, 6008.242812629328, 1411.3336719606398], [-12678.717145979135, 4847.709296680162, 1560.0], 39, 2, 2], "12": [[-14121.966205760486, 6542.4755270045, 1460.053044386362], [-12823.263817668245, 5238.040652244185, 1560.0], 34, 2, 2], "13": [[-11304.167693096973, -7003.719392127331, 1457.8917347408217], [-11117.275754490798, -6687.413204794878, 1560.0], 9, 3, 2], "14": [[-12258.323109220015, -6926.500979884563, 1559.9994489533685], [-11836.70208975486, -6655.845350666456, 1560.0], 10, 3, 2], "15": [[-12809.565590109052, -6453.004435703757, 1559.9692676045604], [-12347.852048787332, -6214.807431258609, 1560.0], 10, 3, 2], "16": [[-13874.510070074042, -6339.02028575856, 1559.9999626253264], [-13310.861178699144, -6077.913916484755, 1560.0], 8, 3, 2], "17": [[-14548.659838762054, -5781.744684799275, 1559.999876363207], [-13948.643026408205, -5567.171386267197, 1560.0], 1, 3, 2], "18": [[-14937.102032119968, -6879.2200369165885, 1514.616375922338], [-14173.960479266148, -6440.698462230548, 1560.0], 28, 3, 2], "19": [[-13332.099071318873, -7614.691646475681, 1598.5763799670233], [-12527.920539786855, -7223.112507299385, 1560.0], 12, 3, 2], "2": [[-8633.986104794527, 12074.714934835878, 1360.6029269444348], [-8212.456071741963, 8978.004649835408, 1560.0], 25, 3, 3], "20": [[-12916.262856403016, -7472.089541694976, 1595.93018511259], [-12229.618258020353, -7130.380105916071, 1560.0], 10, 3, 2], "21": [[-11615.122241549538, -7646.711984893745, 1559.9996817881463], [-11214.057310089256, -7258.49404065259, 1560.0], 12, 3, 2], "22": [[-10981.687108000198, -8395.797555363866, 1553.8323787108038], [-10453.49348016728, -7940.322612572622, 1560.0], 16, 3, 2], "23": [[-14949.990609935832, -8400.297501775047, 1772.383722233667], [-13506.372494202637, -7864.1972495873515, 1560.0], 14, 3, 2], "24": [[-13459.765488958004, -10600.843113308918, 1620.790712386914], [-11963.261748253097, -9430.876641641074, 1560.0], 13, 3, 2], "25": [[-11986.100253449878, -10104.340148692483, 1560.0002203863064], [-10945.502171339356, -9197.281741514296, 1560.0], 15, 3, 2], "26": [[-11341.14506867191, -10226.331916760813, 1560.0002677431928], [-10415.15126377075, -9341.16668975706, 1560.0], 9, 3, 2], "27": [[-11532.479794563182, -11137.735932037158, 1665.0875004950929], [-10263.203025052222, -10032.226911880385, 1560.0], 13, 3, 2], "28": [[-12232.65044820543, -10979.594251027582, 1792.9477492913336], [-10643.940529554407, -9996.523902966259, 1560.0], 15, 3, 2], "29": [[-8217.149675809796, -15370.708473121438, 1144.2526318973491], [-7777.675996275165, -12711.515152353873, 1560.0], 45, 3, 2], "3": [[-8765.187607450005, 10311.5978564544, 1621.0854741785229], [-7891.345407563876, 8454.399278455792, 1580.0], 8, 3, 3], "30": [[-7961.37508899297, -18080.236021301956, 1494.5883923363328], [-6975.272886641922, -13697.33402795421, 1560.0], 80, 2, 2], "31": [[-11840.544100942197, -13681.379824507145, 2009.7430463791738], [-9446.536632867568, -11839.212002163058, 1560.0], 63, 2, 2], "32": [[-12321.426441827447, -14452.975362965162, 1560.00001967781], [-9974.959323983607, -11945.919896775837, 1560.0], 0, 1, 1], "33": [[1217.8005514357105, -17478.419668873525, 1578.4979057483097], [641.0157518909, -14650.810401516532, 1560.0], 6, 3, 3], "34": [[3973.2246886714, -18997.600932982015, 1393.236249114731], [1950.0855709214438, -15207.885362403886, 1560.0], 13, 3, 3], "35": [[3678.752951255843, -18162.052656662698, 1363.7025578192706], [1565.4741790031565, -14679.77032253799, 1560.0], 14, 3, 3], "36": [[7409.632520316218, -16797.47356442641, 1529.8995316631438], [5166.7271572545005, -14225.197619429217, 1560.0], 7, 3, 3], "37": [[5153.682237987509, -16170.623473526679, 1351.863882549973], [3429.5768786402546, -13759.745624179342, 1560.0], 8, 3, 3], "38": [[5612.485172637519, -18020.506734687868, 1463.5777366058858], [3916.7164958109506, -14967.967223426223, 1560.0], 4, 3, 3], "39": [[9954.283341297152, -13170.699616074051, 1336.3611986707554], [7063.220263544937, -11536.29429775368, 1560.0], 11, 2, 2], "4": [[-8912.556477047061, 8707.964895469071, 1484.7574827582193], [-8626.425744842876, 7105.343844374251, 1560.0], 57, 3, 3], "40": [[11286.434795311648, -25183.746071199836, 1559.9998408443457], [7213.911752689441, -18599.22528951602, 1560.0], 4, 2, 2], "41": [[12713.60932738483, -18063.19445965628, 1520.518925032875], [10511.436501526974, -15416.682777130844, 1560.0], 22, 3, 3], "42": [[11213.617419025908, -16378.999660103813, 1524.5808220486283], [9449.311464774308, -14433.638933997823, 1560.0], 18, 3, 3], "43": [[10611.188022728604, -16591.832448903257, 1536.57763450951], [8905.58575212646, -14416.817114001573, 1560.0], 17, 3, 3], "44": [[9594.2372809399, -15687.974788615422, 1351.6235790392745], [7379.822265395031, -13558.73733391425, 1560.0], 10, 3, 3], "45": [[17127.859318381496, -10107.549778025814, 1528.6810141677731], [16357.423549778994, -9837.806134027493, 1560.0], 49, 3, 3], "46": [[16243.919685586901, -10467.993022160006, 1559.9998136608683], [16160.302409362785, -10150.757583244364, 1560.0], 16, 3, 3], "47": [[15454.23494996469, -10790.614305010438, 1542.266804886974], [14608.153870504655, -10306.317238385833, 1560.0], 17, 3, 3], "48": [[14551.598392286114, -11465.123972348925, 1509.963453121766], [13003.128447698775, -10730.338604367047, 1560.0], 4, 3, 3], "49": [[13452.1874740755, -12040.079184005945, 1437.5506510870687], [12726.149057264693, -11190.57333144248, 1560.0], 34, 3, 3], "5": [[-9905.186559041738, 7344.028403872641, 1410.410264378194], [-9636.683447456662, 6075.027628744014, 1560.0], 34, 3, 3], "50": [[12837.050551390319, -11681.48459229493, 1496.3940599489058], [11103.064489646857, -10817.084085565213, 1560.0], 12, 3, 3], "51": [[16372.39472501507, -11691.539274300612, 1450.4737937251416], [14487.423425928151, -10503.096921133298, 1560.0], 58, 3, 3], "52": [[15275.323395937758, -11836.873603877213, 1527.5926943974218], [14806.5774051807, -11120.544560987724, 1560.0], 32, 3, 3], "53": [[18768.36322953327, -13912.809490269849, 1559.9991569477986], [16699.595579410554, -12785.20664438072, 1560.0], 23, 3, 3], "54": [[3297.1503298055704, 11867.573969888246, 1476.4470012021793], [1753.3788895978223, 9955.093361200552, 1560.0], 33, 3, 3], "55": [[4884.043480806694, 10857.09011222952, 1507.8790698887183], [3684.937285457088, 9445.127024859197, 1560.0], 7, 3, 3], "56": [[6955.316800862759, 9759.565148319365, 1452.3452000782238], [5486.160149501573, 8486.791618110652, 1560.0], 19, 3, 3], "57": [[8223.857812132717, 10565.50912129146, 1491.3705516881525], [6807.902979367658, 9416.82771538974, 1560.0], 72, 3, 3], "58": [[7928.628457400272, 8563.422736756793, 1292.1618608965796], [5958.748740200964, 7365.854967097154, 1560.0], 15, 3, 3], "59": [[9456.933785842246, 9911.453640887117, 1559.9998748788732], [8744.73280855558, 8928.815714921653, 1560.0], 20, 3, 3], "6": [[-10590.691826336655, 8048.432948627696, 1303.160202487977], [-10206.866993112106, 6387.042711341714, 1560.0], 22, 3, 3], "60": [[10347.812561962948, 8704.605133362258, 1560.0000622898008], [9410.41261802782, 8020.15095557396, 1560.0], 19, 3, 3], "61": [[12466.587902091966, 7578.568026334974, 1659.999928919538], [11616.825870120932, 7005.281695522477, 1660.0], 0, 2, 2], "62": [[13278.315912415823, 7382.73834695934, 1639.999974401791], [12779.16618083386, 6959.180954064969, 1640.0], 1, 2, 2], "63": [[13474.910852916726, 9478.202066145694, 1609.9997957588014], [12312.205269423393, 8647.199961709903, 1610.0], 1, 2, 2],