{"0": [[-8193.61832509536, -18195.87574538923, 1560.0000588209857], [-7009.13994204742, -13952.039591054776, 1560.0], 0, 1, 1], "1": [[-8183.7181509046295, -18095.243960769203, 1483.4757151927383], [-7090.787318134398, -13676.02320842461, 1560.0], 53, 2, 2], "10": [[-14691.678477594965, 7891.452827384244, 1281.6940403977383], [-13047.37364739885, 5814.614469960488, 1560.0], 27, 2, 2], "11": [[-11294.608435925744, 6735.471089524396, 1445.673959799604], [-10817.908544883878, 5549.72164239726, 1560.0], 69, 3, 3], "12": [[-10248.310912535448, 7622.600385861906, 1468.7235901617678], [-9751.894721932124, 6322.511314483292, 1560.0], 25, 3, 3], "13": [[-8472.230109244467, 8413.78274206053, 1466.627579836333], [-8149.5944695953485, 7041.948870096266, 1560.0], 15, 3, 3], "14": [[-10542.147861317946, 10840.81779713494, 1521.8193568093131], [-9464.135877491442, 8274.804704251932, 1560.0], 60, 3, 3], "15": [[-9909.39540482727, 9686.77645908178, 1431.3361304465914], [-9317.61335888523, 7572.5672636875925, 1560.0], 39, 3, 3], "16": [[-10947.098947883329, 8453.201750270955, 1463.5012568966097], [-10191.899293552586, 6790.284847291137, 1560.0], 37, 3, 3], "17": [[-12118.460302237598, 7291.376682442317, 1539.6581456877152], [-11191.989054809004, 5979.79765458692, 1560.0], 72, 3, 3], "18": [[12282.031240330896, -28933.45374613833, 1559.9998216855943], [6667.587660226202, -19623.12909421783, 1560.0], 4, 2, 2], "19": [[11164.25213145983, -27555.1639031793, 1560.000123379356], [6484.699770074532, -19290.57650803644, 1560.0], 3, 2, 2], "2": [[-11072.179730175658, -15517.053112209995, 1560.0000170032445], [-9273.049943506474, -12299.839461089885, 1560.0], 13, 2, 2], "20": [[9138.046589644064, -24038.967157715015, 1559.999717829629], [5700.223998645006, -17979.015159554347, 1560.0], 14, 2, 2], "21": [[12481.541017870495, -20552.130534877982, 1560.0004406311073], [9895.937544827852, -16951.471338839634, 1560.0], 8, 3, 3], "22": [[10511.60594038437, -18997.368481296253, 1559.9999872646733], [8335.268463008511, -16000.546135369095, 1560.0], 6, 3, 3], "23": [[8871.717675007489, -17529.061456741354, 1523.9159329344802], [6587.10296742912, -14848.516552408622, 1560.0], 15, 3, 3], "24": [[22691.82063172037, -21269.039088562447, 1749.9999597753663], [13479.293673419295, -9604.122522815378, 1750.0], 0, 1, 1], "25": [[27135.077634294707, -21753.145807448327, 1749.999818483273], [14797.939871359633, -8150.232540722258, 1750.0], 0, 1, 1], "27": [[24396.086369254546, -17343.49571968717, 1749.9999860966084], [13837.861205711768, -6239.0173240414615, 1750.0], 0, 1, 1], "28": [[20466.04995183817, -14663.172346940517, 1938.7654076587453], [21052.87697821942, -14101.301978281897, 1560.0], 18, 3, 3], "29": [[19074.268631168125, -13510.697345807997, 1559.9999375184384], [16984.01637517431, -12398.248434488423, 1560.0], 18, 3, 3], "3": [[-11628.735870143377, -12653.180254132987, 1560.0001783532987], [-10177.878394010275, -10835.000991477937, 1560.0], 20, 3, 2], "30": [[12650.708299465381, -14908.230675707546, 1559.9999604113573], [11789.91768902116, -13637.02980074553, 1560.0], 20, 3, 3], "31": [[12449.692645327334, -14363.020980370999, 1560.0000837717214], [11481.145211811077, -13161.950850654088, 1560.0], 25, 3, 3], "32": [[9949.40342776193, -13374.704432017223, 1451.292710206738], [7814.690366461455, -11921.776616554165, 1560.0], 9, 2, 2], "33": [[23104.334116673697, -12082.608295275553, 1560.0001828405595], [21695.97658953205, -9968.246616881277, 1560.0], 3, 2, 2], "34": [[21084.791582232196, -10883.699294384956, 1560.0012649013584], [20072.28662816723, -10497.837547804425, 1560.0], 20, 3, 3], "35": [[18927.41105174923, -12368.590731007569, 1561.2398929967592], [18212.622013446722, -11856.491567170337, 1560.0], 33, 3, 3], "36": [[17755.401879212513, -11655.39193501965, 1598.3579532947736], [17063.50379700786, -11142.016167429896, 1560.0], 23, 3, 3], "37": [[15244.657533909078, -11617.878088436753, 1489.369370535158], [13817.680159909569, -10475.513722901105, 1560.0], 76, 3, 3], "38": [[12582.451738622884, -10969.728588116228, 1435.3215753395853], [10832.484299493166, -10260.100954222984, 1560.0], 16, 3, 3], "39": [[14392.827408594245, -11207.22022932208, 1559.596894476426], [13114.518417177733, -10543.05262386577, 1560.0], 7, 3, 3], "4": [[-11707.841789498101, -12094.203970918936, 1099.1170122885026], [-11129.390341602506, -10016.042312239968, 1560.0], 28, 3, 2], "40": [[15136.206678249233, -10751.060031043644, 1313.5161531773183], [12814.371007827627, -9952.322198783733, 1560.0], 61, 3, 3], "41": [[15704.767293019573, -10354.53619658777, 1482.258611879066], [13563.382085049032, -9775.617867708826, 1560.0], 26, 3, 3], "42": [[13753.947799145726, 1220.6596923292477, 1490.247168630809], [13438.446063771642, 813.7520940534243, 1560.0], 45, 3, 3], "43": [[-114.05356009608529, 9801.411207990015, 1463.7252800869446], [-1207.4871903098492, 8337.85704022156, 1560.0], 14, 3, 3], "44": [[905.3003885018114, 11162.668558679958, 1540.955116194988], [161.87297962327625, 9582.482341924506, 1560.0], 7, 3, 3], "45": [[-901.3759250245967, 10356.136254518902, 1485.1620364689236], [-1757.286081129368, 8744.444972004136, 1560.0], 8, 3, 3], "46": [[-522.2491215131704, 12415.887650055616, 1356.2690333500698], [-1503.8641504913028, 10081.682186575079, 1560.0], 9, 3, 3], "47": [[-10256.618461867934, -15991.530573859014, 1559.999912881607], [-5467.563936308378, -11491.838100479103, 1560.0], 0, 1, 1], "48": [[-12766.811495799482, -15369.331265237428, 1569.9998050144957], [-6848.534427987989, -9621.349046610254, 1570.0], 0, 1, 1], "49": [[-8586.196236331582, -20587.23483456662, 1819.999900374823], [-4086.5190075721753, -14190.257420622838, 1820.0], 0, 1, 1], "5": [[-11782.905351542644, -11477.434277113336, 1017.2635197557781], [-11412.013927817872, -9567.76271100419, 1560.0], 26, 3, 2], "50": [[-12980.572927392383, -19172.53225166523, 1779.9999207228386], [-5747.887915848154, -12027.185754336906, 1780.0], 0, 1, 1], "51": [[-8283.158340994456, -21384.54339576881, 1710.0000075803766], [-3603.810464672069, -14906.032225477937, 1710.0], 0, 1, 1], "52": [[-10297.765945564382, 14162.798400526544, 1559.9999605579676], [-7224.251819331955, 11287.524796645526, 1560.0], 32, 2, 2], "53": [[-8279.185643975146, 15046.710801368554, 1559.9997476266735], [-6024.537983616216, 13352.851176316713, 1560.0], 25, 2, 2], "54": [[-8750.02795733243, 15592.99612810015, 1560.000185482188], [-6624.805698378809, 14135.579022131195, 1560.0], 16, 2, 2], "55": [[-9653.556878013746, 16884.97811854705, 1560.0000073270332], [-7647.634532030639, 15838.893359693428, 1560.0], 0, 2, 2], "56": [[13945.784395928049, -6189.309047873809, 1515.0488763616204], [14121.889723236869, -6285.30590124214, 1560.0], 36, 3, 3], "57": [[19254.974751073314, -12003.706767293084, 1559.9999929926691], [18514.454203798254, -11439.616373617317, 1560.0], 20, 3, 3], "58": [[15193.490946529419, -11123.45409559324, 1479.454300453243], [13226.243510681978, -10353.939361955203, 1560.0], 13, 3, 3], "59": [[13967.29763533852, -11932.836916872282, 1559.9999073501115], [12116.373960471907, -11152.180576556377, 1560.0], 28, 3, 3], "6": [[-15984.316357091991, -9253.2579355762, 1560.0003794997654], [-14265.58877960789, -8169.09020138087, 1560.0], 5, 3, 2], "60": [[13546.86061573046, -12305.86890850644, 1559.999835771263], [10305.45824059441, -11212.965098305638, 1560.0], 59, 3, 3], "61": [[14258.22207009164, 8896.158856681563, 1560.000192898486], [13567.01739542377, 8326.928893995911, 1560.0], 1, 2, 2], "62": [[13590.592702994425, 8042.926377563625, 1589.9998283876812], [12626.851882495064, 7498.885243163806, 1590.0], 0, 2, 2], "63": [[11961.770740720296, 7367.7803893277405, 1790.0004337712646], [10948.094988086366, 6814.009055712981, 1790.0], 0, 2, 2], "64": [[10544.846622256653, 9839.872595422936, 1789.9999796188379], [9556.077655870482, 8943.43873407306, 1790.0], 0, 2, 2],