{"0": [[-9240.482288109002, -16730.39183490665, 1559.9999041221902], [-7738.026971484901, -13547.745003397038, 1560.0], 0, 1, 1], "1": [[-8474.279160350941, -15585.913432518286, 1315.728433153256], [-7791.225071467639, -12868.518401874462, 1560.0], 34, 3, 2], "10": [[-12111.36752126809, -7200.271549871966, 1559.999917395128], [-11636.205019469058, -6896.983464872261, 1560.0], 5, 3, 2], "11": [[-12544.276755585835, -7366.968552457439, 1554.8444735739383], [-11975.478136825077, -7037.879602523972, 1560.0], 16, 3, 2], "12": [[-14055.477431776539, -6457.986327224131, 1560.0000631171574], [-13460.869709715911, -6172.446856925512, 1560.0], 7, 3, 2], "13": [[-15078.69063623197, -6382.6959295822635, 1560.000084185201], [-14317.996027195186, -6067.912056246156, 1560.0], 1, 3, 2], "14": [[-13474.926372427319, -2574.168104047629, 1553.117659677642], [-13317.142883377652, -2563.0048095288257, 1560.0], 8, 3, 2], "15": [[-12900.529474534353, -2404.329754474444, 1279.6492903481198], [-13141.02052873046, -2425.7531772617, 1560.0], 15, 3, 2], "16": [[-14271.567730525048, 637.5595404918441, 1567.2750961385477], [-13852.627788786227, 554.4383095725286, 1560.0], 15, 3, 2], "17": [[-11487.039359736676, 2806.7789943987177, 1464.8687641630313], [-11436.747896625177, 2465.7079215427266, 1560.0], 64, 3, 3], "18": [[-11708.294803231242, 4738.695461440742, 1457.2160309428643], [-11386.77470880745, 4029.452582837972, 1560.0], 94, 3, 3], "19": [[-11109.762399735695, 6293.016257364519, 1406.4527557156598], [-10821.276501797014, 5181.670608998064, 1560.0], 59, 3, 3], "2": [[-8062.976366247582, -15139.39572748894, 1119.5416393145829], [-7755.170533885156, -12465.647102610312, 1560.0], 47, 3, 2], "20": [[-11160.999016234178, 7045.996317917106, 1512.2908573446273], [-10456.861415243278, 5907.197392639496, 1560.0], 66, 3, 3], "21": [[-11086.099676396758, 9207.142607888001, 1516.6316819982771], [-10068.67881534503, 7320.206574223726, 1560.0], 18, 3, 3], "22": [[-13424.32822074451, 7534.974049673359, 1487.377563649265], [-12110.730165526917, 5953.022119930954, 1560.0], 19, 2, 2], "23": [[-13264.019511402104, 6349.075153730622, 1384.4587656364677], [-12366.644526485676, 5105.78346510363, 1560.0], 28, 2, 2], "24": [[-12522.720572223248, 6107.558852875852, 1400.9731631628838], [-11896.326720063755, 4984.27144745063, 1560.0], 79, 3, 3], "25": [[-13276.860142289963, 5881.211507682936, 405.36550293497015], [-13537.16247288225, 3881.326197660984, 1560.0], 41, 2, 2], "26": [[-8741.106165488112, 8359.462715083599, 1403.3537732942852], [-8585.902414501277, 6836.319384764704, 1560.0], 44, 3, 3], "27": [[-7684.196926018822, 10158.716693331082, 1460.3786207119656], [-7392.290895413571, 8184.3654281127065, 1560.0], 11, 3, 3], "28": [[-7071.67209656237, 11162.5938763139, 1313.4099146105864], [-7194.246774671487, 8609.78540505818, 1560.0], 14, 3, 3], "29": [[-8199.208034715886, 11718.110977378128, 1351.2632968729613], [-7859.047543556134, 8877.672083618627, 1560.0], 21, 3, 3], "3": [[-7734.54127881163, -14375.063483998369, 1559.9999393329047], [-7008.599695164439, -12153.391342700299, 1560.0], 0, 3, 2], "30": [[-8654.336086340094, 11717.688167037479, 1294.7239030270646], [-8372.897458912064, 8683.083467004157, 1560.0], 44, 3, 3], "31": [[-8247.543022988619, 13699.454261694877, 1415.5861612181272], [-7613.707312566996, 9909.662255261563, 1560.0], 25, 3, 3], "32": [[472.6206687493709, 3561.2615393956276, 1541.952151993712], [-107.4104026860131, 3377.879617449192, 1560.0], 62, 3, 3], "33": [[6205.502528065512, 14608.132945294545, 1379.8184389592516], [4152.229235831328, 11774.099303598552, 1560.0], 45, 3, 3], "34": [[7725.46950413426, 15068.942176257164, 1475.3899323069036], [4830.832158363925, 11933.561817476564, 1560.0], 23, 3, 2], "35": [[6740.415732124206, 14388.071333665324, 1545.0941800672244], [4434.589324196762, 11583.026142664457, 1560.0], 77, 3, 3], "36": [[5919.230701097636, 13396.440820508684, 1510.552882171045], [4363.11116367453, 11221.96734354088, 1560.0], 54, 3, 3], "37": [[5864.2477986730655, 12883.544671052776, 1395.4801424994328], [4290.706206645612, 10859.77063282287, 1560.0], 18, 3, 3], "38": [[6553.257215428098, 12121.26399749566, 1560.000211403354], [5991.716616491747, 10824.454620762848, 1560.0], 7, 3, 3], "39": [[6889.81965642446, 12704.888006196137, 1908.364739558807], [6016.879924674563, 11180.09390191918, 1950.0], 83, 3, 3], "4": [[-11001.385197609688, -12913.282752579982, 1685.9490469397806], [-9446.665025049693, -11211.643423726115, 1560.0], 41, 3, 2], "40": [[9449.721193688296, 11073.156664291238, 1670.4391805788284], [8580.948728459029, 10062.556377053665, 1560.0], 37, 3, 3], "41": [[7575.699010018767, 9980.167419997859, 1434.9408164391164], [5900.475117596969, 8722.921318459914, 1560.0], 8, 3, 3], "42": [[13987.482258000467, 9300.909507821892, 1719.9999513633456], [13465.3965627452, 8730.419079548667, 1720.0], 4, 2, 2], "43": [[18580.291288311553, 9155.527452430355, 1720.0001917545835], [17897.98957380258, 8573.76343664098, 1720.0], 2, 2, 2], "44": [[17061.597265007982, 8984.78008018813, 1789.9999046893975], [16070.18492335233, 8349.036448176943, 1790.0], 1, 2, 2], "45": [[15791.05775924296, 7123.129040749064, 1729.999968644461], [15209.663927633657, 6682.771168957547, 1730.0], 0, 2, 2], "46": [[14580.589034293449, 6788.557778565736, 1609.9998958768629], [14549.328748610116, 6556.237966549362, 1610.0], 4, 2, 2], "47": [[13842.493345305444, 6849.0045145173135, 1560.0001453646125], [13628.608369349638, 6594.549446855205, 1560.0], 14, 2, 2], "48": [[15100.67158367469, 7801.211793737104, 1759.9999939457964], [14651.49237597253, 7392.499217694526, 1760.0], 1, 2, 2], "49": [[14845.252250613683, 8164.6215926798295, 1560.0002288903477], [13932.475609779358, 7605.677135241891, 1560.0], 6, 2, 2], "5": [[-12723.539403529157, -9622.233635109213, 1567.542071025897], [-11699.293326170915, -8782.81467015071, 1560.0], 11, 3, 2], "50": [[12893.412496547986, 7390.02656555632, 1609.9999800925523], [12974.725610089523, 7126.572157530255, 1610.0], 14, 2, 2], "51": [[11893.98702907469, 7704.419040865925, 1560.0001666488122], [11050.936757076941, 6989.2892205583, 1560.0], 36, 3, 3], "52": [[12136.546780308348, 8250.306182997381, 1469.526634328656], [11733.22035730025, 7606.172379479013, 1560.0], 27, 3, 3], "53": [[13772.287289091893, 1447.764607451693, 1581.8988347747863], [14845.678465737174, 1291.2591974618042, 1560.0], 42, 3, 3], "54": [[15508.639758453412, 1209.6148875592057, 1570.0001952759087], [15358.123780794313, 1090.4754997117452, 1570.0], 0, 2, 2], "55": [[19067.06884112278, -11579.31205757394, 1560.0002467792401], [18549.628613642333, -10331.971656713824, 1560.0], 0, 2, 1], "56": [[16513.739795599206, -9492.18710766419, 1559.9998527975845], [15939.314583421212, -9299.544015413594, 1560.0], 37, 3, 3], "57": [[14129.313082912084, -9726.162340218489, 1391.5722585550095], [12619.046610695194, -9172.368578998095, 1560.0], 10, 3, 3], "58": [[15405.04804455551, -10763.325552188055, 1507.09830064499], [13992.109235864065, -10184.785394848535, 1560.0], 17, 3, 3], "59": [[18144.089828499047, -14763.212186085515, 1559.9995490844758], [17572.157767246204, -13368.898724490977, 1560.0], 0, 2, 1], "6": [[-12190.864207097065, -9817.021040327656, 1572.458352738228], [-11160.962532685477, -8998.41571655936, 1560.0], 18, 3, 2], "60": [[16795.668891574456, -12193.773282781985, 1560.0000017753073], [16037.377328904186, -11499.958892684845, 1560.0], 23, 3, 3], "61": [[15714.067476141181, -12497.916825006989, 1559.999667476996], [13830.096282233319, -11550.848508285844, 1560.0], 17, 3, 3], "62": [[15155.648768706104, -12538.833058290804, 1560.0000835610645], [13770.917377989064, -11643.211115141163, 1560.0], 11, 3, 3], "63": [[13484.212710618109, -11440.646769782035, 1559.9999176962936], [12947.560554941478, -10823.29700876394, 1560.0], 11, 3, 3], "64": [[12323.55784819752, -11230.600128634078, 1559.9999276424887], [12329.689970696983, -10790.984199541484, 1560.0], 9, 3, 3],