{"0": [[-8082.901698899264, 12586.299492409786, 1408.1632807333815], [-7530.435294212226, 9448.989931376364, 1560.0], 20, 3, 3], "1": [[-8668.694741271886, 11975.236741983526, 1284.4999185133497], [-8341.687718268804, 8815.30806177882, 1560.0], 8, 3, 3], "10": [[-13794.03178776488, 6645.684157021467, 1363.3017334263102], [-12688.566979520574, 5217.734251152775, 1560.0], 45, 2, 2], "11": [[-14459.46965741825, -5860.768069894874, 1559.9661318109943], [-13901.487001019666, -5640.440156566055, 1560.0], 9, 3, 2], "12": [[-13717.15293145621, -6317.288618111946, 1560.0000679144002], [-13100.190746180093, -6090.233203533645, 1560.0], 13, 3, 2], "13": [[-13031.892191672783, -6541.030894543593, 1559.9997674871086], [-12532.077449743725, -6284.322246246565, 1560.0], 2, 3, 2], "14": [[-11374.062748107464, -7056.357603880032, 1358.7132295129902], [-11341.53671845107, -6649.584505883649, 1560.0], 9, 3, 2], "15": [[-10911.772567922775, -8437.381829142752, 1559.9998053676557], [-10371.40458956534, -7973.046754227803, 1560.0], 6, 3, 2], "16": [[-11398.862060304808, -7668.270336641071, 1560.00035734455], [-10911.834650696428, -7335.613846693548, 1560.0], 2, 3, 2], "17": [[-14885.803438252377, -6928.386675550211, 1471.8175742437086], [-14172.292326806568, -6467.261447622705, 1560.0], 11, 3, 2], "18": [[-13326.774010093368, -7630.70088913298, 1629.0979669162655], [-12468.731718670435, -7278.182495651237, 1560.0], 19, 3, 2], "19": [[-12772.448900099535, -7510.974387035665, 1560.0002352504014], [-12167.430052025884, -7123.635313575546, 1560.0], 0, 3, 2], "2": [[-8943.358223442763, 10455.987639546838, 1600.2269910653292], [-8045.780517564089, 8479.30642284264, 1560.0], 44, 3, 3], "20": [[-12309.698445658769, -7201.18921744653, 1515.6394759377383], [-11907.132736316427, -6832.711885185768, 1560.0], 12, 3, 2], "21": [[-14734.683853395358, -8515.023472233379, 1559.9999654620967], [-13557.559837100787, -7788.9263316463175, 1560.0], 9, 3, 2], "22": [[-14373.853276951348, -8805.462601280435, 1559.9998649614404], [-13168.16743245447, -8069.000641137679, 1560.0], 28, 3, 2], "23": [[-11235.359356583815, -14371.238157902251, 1559.999997647073], [-9528.376570825996, -11812.003006560974, 1560.0], 56, 2, 2], "24": [[-7128.8871100889755, -15704.096432976638, 1279.1087249217155], [-6874.938140216643, -12984.998890905765, 1560.0], 23, 3, 2], "25": [[-6039.269034839774, -17138.166311745055, 1313.2192621787242], [-6055.202272827296, -13625.966534636129, 1560.0], 72, 3, 2], "26": [[-8228.69554896242, -18153.039327951825, 1445.976711545428], [-7307.519380343593, -13563.598862585925, 1560.0], 21, 2, 2], "27": [[-10262.896772710174, -16410.308431573343, 1559.9998497573713], [-5374.562809763999, -11719.283608140555, 1560.0], 0, 1, 1], "28": [[-10680.544856108307, -15748.454098974604, 1559.9999992707776], [-5599.267192006281, -11598.056762660175, 1560.0], 0, 1, 1], "29": [[-8731.117767179398, -18120.564081436, 1560.000167781931], [-4169.33650496534, -13649.496699624311, 1560.0], 0, 1, 1], "3": [[-8879.71818565997, 8566.227087937392, 1416.7994522025695], [-8752.259806949138, 6948.753837417023, 1560.0], 40, 3, 3], "30": [[9906.285703768073, -13252.736243517402, 1404.701703762457], [7855.280216856073, -11846.28166262304, 1560.0], 9, 2, 2], "31": [[7120.007357728108, -17854.60138650865, 1378.2848400243452], [4794.114082072878, -14860.189616438996, 1560.0], 13, 3, 3], "32": [[7420.494894793923, -18892.48393877718, 1349.867583601381], [5269.554149874319, -15476.101856578345, 1560.0], 16, 3, 3], "33": [[9835.336312994385, -15545.815516538843, 1451.4415994121864], [7420.25566868168, -13490.374300723463, 1560.0], 10, 3, 3], "34": [[9679.129333886662, -16121.079672569209, 1148.9821140835745], [6057.162214127676, -13422.707677657489, 1560.0], 2, 3, 3], "35": [[8959.101931905545, -16586.08378860643, 1559.9999310028716], [7377.858715449704, -14366.787948736033, 1560.0], 12, 3, 3], "36": [[8625.284133928344, -17605.09455512082, 1549.9259397771596], [6548.276747151214, -14909.159025510302, 1560.0], 3, 3, 3], "37": [[9769.383660898808, -21201.770430066565, 1559.9997752793731], [6685.7748802178385, -16790.319202240735, 1560.0], 4, 3, 3], "38": [[9187.454825777659, -21629.18602298293, 1466.8210148537237], [6121.599896300127, -16881.15751473297, 1560.0], 10, 3, 3], "39": [[11243.900610426062, -24610.64711235276, 1560.000087368581], [7775.544441876262, -18606.933512829044, 1560.0], 15, 2, 2], "4": [[-9995.854110868904, 7193.448039885797, 1374.6528018842835], [-9748.568821893123, 5932.583648144554, 1560.0], 30, 3, 3], "40": [[22385.38743577963, -18260.80242987962, 1794.453530846001], [19777.988524184806, -16028.241331107567, 1620.0], 31, 2, 2], "41": [[18699.835307364985, -14031.035179350014, 1588.743644585099], [17247.00999620081, -13148.077642441054, 1560.0], 32, 3, 3], "42": [[17118.932007649793, -10129.46485865995, 1560.00005376214], [16357.423549778994, -9837.806134027493, 1560.0], 11, 3, 3], "43": [[16316.619405671243, -10300.180941938619, 1560.0002032815921], [15558.365212535726, -9924.53804953699, 1560.0], 5, 3, 3], "44": [[15432.297285519528, -10838.912826571903, 1437.916462115256], [13992.109235864065, -10184.785394848535, 1560.0], 25, 3, 3], "45": [[14319.36524133604, -11501.161269461149, 1478.5502514143254], [12383.224237266486, -10699.57680512164, 1560.0], 24, 3, 3], "46": [[12696.263056981277, -11516.034210677051, 1432.096793029775], [10639.835682178735, -10612.32862715497, 1560.0], 4, 3, 3], "47": [[13402.559212090675, -11945.561705803904, 1300.3584590528274], [11628.76820447593, -10938.098924971564, 1560.0], 40, 3, 3], "48": [[16684.41315848425, -11364.552580526934, 1559.999999856043], [15703.845231517153, -10862.958030778093, 1560.0], 46, 3, 3], "49": [[16278.69727431733, -12167.263271303374, 1530.6722746483715], [14682.655067879528, -11312.91361687589, 1560.0], 23, 3, 3], "5": [[-11924.242751878775, 7590.208017988306, 1560.00002245322], [-10939.588223012024, 6241.0572731835955, 1560.0], 101, 3, 3], "50": [[14931.81088219975, -12599.252617980339, 1456.011559999989], [12615.96675512463, -11371.481426168186, 1560.0], 8, 3, 3], "51": [[7311.1373623235695, 9621.512202249347, 1335.1695981776406], [5833.908625339732, 8426.622479368265, 1560.0], 19, 3, 3], "52": [[6138.535342512937, 10913.664683159503, 1505.3856173143238], [5018.078494376372, 9551.920285431326, 1560.0], 8, 3, 3], "53": [[5597.216466436107, 12225.495513241445, 1484.6446956338086], [3510.250770727278, 10108.7325390625, 1560.0], 15, 3, 3], "54": [[11850.82219073435, 8837.807484011184, 1600.0002333386603], [11202.944540061075, 8218.67792586536, 1600.0], 0, 2, 2], "55": [[12387.57133973037, 7657.99481122947, 1619.9998830611128], [11296.08282013753, 7041.122952575899, 1620.0], 4, 2, 2], "56": [[13199.47697193337, 7456.508298268534, 1560.0000837348455], [12642.116970025912, 7053.564829661477, 1560.0], 4, 2, 2], "57": [[14638.979811554984, 7226.734070577376, 1560.0001494084058], [13055.604072516224, 6579.365205085424, 1560.0], 8, 2, 2], "58": [[15603.429496800461, 9831.499118553667, 1840.0001315659008], [14077.99652646865, 8881.347164824052, 1840.0], 1, 2, 2], "59": [[15788.082598981378, 7411.40187055191, 1730.000031896496], [14618.219625176793, 6791.402750276889, 1730.0], 2, 2, 2], "6": [[-11097.885947803798, 7129.264879856787, 1211.4652948943065], [-10950.024281750166, 5579.620811370261, 1560.0], 75, 3, 3], "60": [[14481.259377816246, 9736.105446140557, 1590.0001235268728], [14249.232718624253, 9213.020589668433, 1590.0], 8, 2, 2], "61": [[13234.602767578237, 9535.111171014889, 1580.0000066081077], [11925.709777016256, 8651.324657792331, 1580.0], 1, 2, 2], "62": [[14512.07276632041, 8770.878633834265, 1559.999538258302], [13495.002921089164, 8075.760458944483, 1560.0], 1, 2, 2], "63": [[15167.939715974113, 8874.50020676083, 1590.0001437659516], [13956.378507434863, 8193.160946120614, 1590.0], 0, 2, 2], "64": [[15526.992011721064, 8848.261100356389, 1599.9997917465805], [15165.32859284834, 8392.485970267768, 1600.0], 10, 2, 2],