{"0": [[-9590.733794591342, 4462.916084541837, 1334.8785130767653], [-9883.414211890049, 3780.795800656754, 1560.0], 97, 3, 3], "1": [[-9862.91349185471, 5725.347834656425, 1287.986889668364], [-10062.142367637969, 4715.734176724964, 1560.0], 59, 3, 3], "10": [[-11886.749337869547, -13503.49763890206, 1716.7971215648633], [-10176.81286454108, -11275.981236915584, 1650.0], 11, 2, 2], "11": [[-11033.407057931563, -13638.036701757848, 1641.9647627643112], [-9604.877510773817, -11405.179739754169, 1640.0], 12, 3, 2], "12": [[-10593.043532614314, -13577.680661465794, 1559.999996215964], [-9362.633927930196, -11399.216956231632, 1560.0], 24, 3, 2], "13": [[-5610.305054323894, -15695.259738148587, 1234.990188826048], [-5943.240575911551, -13056.952949533952, 1560.0], 46, 3, 2], "14": [[7403.433520545407, -18357.379541803573, 1548.7024480658656], [5031.04211780082, -15167.2033399224, 1560.0], 11, 3, 3], "15": [[8348.707052639164, -17712.405254499885, 1559.9999293319438], [6060.928234011795, -14941.582551096508, 1560.0], 6, 3, 3], "16": [[10361.016649838502, -18365.2140253583, 1559.999957883278], [8184.4884448817165, -15466.742837405298, 1560.0], 6, 3, 3], "17": [[11336.717813390092, -16017.302341101231, 1536.2890803745292], [9181.962304186725, -13996.592603769353, 1560.0], 8, 3, 3], "18": [[12250.523534582326, -16479.03651637672, 1600.4137767245809], [10983.627566764377, -14779.373873712899, 1560.0], 31, 3, 3], "19": [[13082.608865750743, -17730.318251252218, 1519.113762228264], [11162.460817585503, -15382.696834219458, 1560.0], 21, 3, 3], "2": [[-9916.526116995452, 7035.799123077048, 1357.186054304714], [-9690.049644904848, 5805.060893744946, 1560.0], 34, 3, 3], "20": [[12345.351033224455, -11390.754034945652, 1468.1043514237424], [11152.738470706243, -10729.057763993227, 1560.0], 25, 3, 3], "21": [[15510.141462799662, -9094.7346601459, 1518.5806560232677], [14131.516788073268, -8775.065275625038, 1560.0], 34, 3, 3], "22": [[17218.59957129375, -10970.312655751493, 1546.0123269719263], [16575.392590601045, -10694.141404963966, 1560.0], 60, 3, 3], "23": [[15497.938972042066, -14640.781451345263, 1559.9998971729674], [14532.17806208403, -13630.653823210307, 1560.0], 48, 3, 3], "24": [[13887.137247616633, -13896.21120053586, 1523.9941867488378], [12396.081697451422, -12734.552307958822, 1560.0], 16, 3, 3], "25": [[12664.04464280049, -13184.027770414203, 1384.37119500613], [10464.30334127699, -11923.275927022247, 1560.0], 21, 3, 3], "26": [[11748.612229216245, 1158.3018277170736, 1646.9813383259345], [12965.443602426762, 1122.5673459442485, 1560.0], 61, 3, 3], "27": [[5366.95978238662, 10531.490625306218, 1339.124440691745], [3572.5319616229854, 8903.524754551892, 1560.0], 50, 3, 3], "28": [[6567.069988517812, 11407.505288700613, 1410.063381615682], [4688.044174101963, 9594.842118128126, 1560.0], 18, 3, 3], "29": [[7307.225868505101, 9925.365306962507, 1501.8099136272867], [6325.672960820242, 8965.185665134042, 1560.0], 15, 3, 3], "3": [[-11016.564336111242, 6427.821176037392, 1372.5673287540633], [-10650.649682795887, 5313.623961594019, 1560.0], 42, 3, 3], "30": [[10469.657463953386, 9232.665260835673, 1559.9998851056441], [9551.426755686769, 8577.960423282757, 1560.0], 11, 3, 3], "31": [[-2327.916969939565, 9110.992969652854, 1351.5344920889543], [-3297.5129407845347, 7649.488881940019, 1560.0], 14, 3, 3], "32": [[9232.724348732545, -20531.29826451088, 1333.363844161008], [5365.491794626852, -15998.876487611895, 1560.0], 16, 3, 3], "33": [[18459.002649148817, -17489.30966527602, 2128.813865542166], [19714.076274655305, -16590.6764046436, 1560.0], 38, 3, 3], "34": [[18790.266686988693, -14141.663859723085, 1560.0000615190452], [18111.258349037118, -13131.585833767533, 1560.0], 22, 3, 3], "35": [[11180.814660179416, 8425.165520926781, 1690.0000755275537], [9641.484502377343, 7544.931066519394, 1690.0], 7, 2, 2], "36": [[12135.838958523002, 9276.134474220065, 1670.000211736783], [11495.944496082999, 8616.866451948443, 1670.0], 3, 2, 2], "37": [[12896.695964235278, 8533.962341164206, 1639.9998563957033], [11956.340422853911, 7873.263036307279, 1640.0], 1, 2, 2], "38": [[13527.667144380192, 8887.254183071404, 1649.9998397378743], [13155.605630106716, 8427.120731079473, 1650.0], 3, 2, 2], "39": [[13844.629836674389, 8385.885466401707, 1740.0002217919427], [12497.55225664894, 7664.2518258513655, 1740.0], 1, 2, 2], "4": [[-11587.680301103377, 6968.378702023468, 1411.7375209196048], [-11070.147906697488, 5648.27482703491, 1560.0], 75, 3, 3], "40": [[14640.652820517844, 9040.21838408732, 1750.0001085833471], [13787.000616332254, 8351.373798070237, 1750.0], 3, 2, 2], "41": [[16262.202379749033, 9789.82798840624, 1949.9998722025218], [14709.000960734527, 8802.174043617608, 1950.0], 6, 2, 2], "42": [[12630.53552659606, 6856.8251333008475, 1560.0002615970984], [11364.144465885352, 6299.103310879019, 1560.0], 8, 2, 2], "43": [[13713.380016080002, 7967.112617631157, 1639.9999976689871], [12923.9277046469, 7452.1354412538485, 1640.0], 1, 2, 2], "44": [[15503.816389375459, 6306.804955595439, 1516.4967878470454], [13979.749284627676, 5846.577780520948, 1560.0], 21, 2, 2], "45": [[15477.249837506308, 6976.28181478368, 1560.0001231960705], [14826.478923748085, 6625.907987990951, 1560.0], 0, 2, 2], "46": [[15369.044947580189, 7945.17077525588, 1560.0000420051442], [13819.156720744628, 7225.403450845215, 1560.0], 2, 2, 2], "47": [[-8529.725210645951, 22751.37968784698, 1749.9997073666796], [-8119.735107740923, 21811.439152318777, 1750.0], 0, 1, 1], "48": [[-7818.3188801045935, 21523.479624989588, 1750.0000452667186], [-7601.033405499093, 20997.3411419104, 1750.0], 0, 1, 1], "49": [[-9221.841709838514, 21161.141828431704, 1749.999808056847], [-8820.232570582932, 20453.975299260208, 1750.0], 0, 1, 1], "5": [[-12526.526837296557, 6232.192935487471, 1272.8380418744948], [-11954.889315107544, 4982.1033242767435, 1560.0], 18, 2, 2], "50": [[-9478.025043655729, 18955.633173394643, 1749.9997613022547], [-9123.214089654606, 18580.24960063665, 1750.0], 0, 1, 1], "51": [[-8413.707214336395, 17289.93193509703, 1750.00021298517], [-8261.66690937908, 17149.744086663508, 1750.0], 0, 1, 1], "52": [[-9121.3618023713, 16840.27894563557, 1750.0001552518067], [-8908.432296070037, 16646.501265676692, 1750.0], 0, 1, 1], "53": [[-9927.848329846538, 17199.246955224786, 1750.0002577972314], [-9585.806976735119, 16905.20789887352, 1750.0], 0, 1, 1], "54": [[-10261.64463999605, 12857.70224715114, 1750.000425202494], [-9943.781386942832, 12822.766578961182, 1750.0], 0, 1, 1], "55": [[-10126.149559512554, 11430.066291271032, 1508.8127782680897], [-9054.87154274045, 8666.461587875598, 1560.0], 16, 3, 3], "56": [[6140.14827860133, 14423.744594311645, 1763.5037542335779], [4421.145983302112, 11907.417762394414, 1850.0], 22, 3, 3], "57": [[7658.527398467907, 14604.13978242244, 1731.2066764766128], [6227.322862559033, 12364.856982702604, 1770.0], 44, 3, 3], "58": [[5858.840284057521, 17033.311817874343, 1731.6900600686117], [3342.0646537882435, 13035.006529402417, 1940.0], 49, 3, 3], "59": [[7533.0129777161765, 17814.88914601438, 1694.5030659788483], [5853.334247382465, 14141.614801751079, 1950.0], 117, 3, 2], "6": [[-12746.50306322019, 6852.950336015533, 1210.5839393076894], [-12109.478982680712, 5299.98498353348, 1560.0], 34, 2, 2], "60": [[8501.65742201312, 17395.204408025787, 1695.9514392931583], [6684.462954156584, 13918.141149428884, 1920.0], 96, 3, 2], "61": [[7539.14994901985, 20996.446760479583, 1559.9999952267437], [4844.578567116476, 15553.714753580447, 1560.0], 0, 1, 1], "62": [[7860.796438625105, 20755.592599160547, 1560.0004672378243], [5161.527105851737, 15516.116961543452, 1560.0], 0, 1, 1], "63": [[7465.307862923559, 21087.91745946435, 1560.0000389158602], [4858.515457611776, 15635.846114833941, 1560.0], 0, 1, 1], "64": [[7064.677046995205, 21375.82092839202, 1560.000132303], [4561.913647492656, 15749.883366167676, 1560.0], 0, 1, 1],