{"0": [[-7384.769723810263, -16471.21144469953, 1443.6527125775058], [-6812.5300181428875, -13412.556817471941, 1560.0], 102, 3, 2], "1": [[-7541.915978221913, -14696.698574995617, 1277.0271633009559], [-6948.741853802586, -12623.697136214496, 1560.0], 59, 3, 2], "10": [[-11342.130053466568, -8388.632905258848, 1560.0000838460915], [-10697.791224037279, -7947.748554653829, 1560.0], 4, 3, 2], "11": [[-12030.654870878869, -7383.9619250947835, 1603.726319056376], [-11357.557400127747, -7135.887484744537, 1560.0], 13, 3, 2], "12": [[-11705.918079738829, -6809.173192571989, 1540.121601323679], [-11338.82493802743, -6578.901748544342, 1560.0], 17, 3, 2], "13": [[-12007.009364227277, -6366.1480772067125, 1544.9608103599214], [-11683.632528764467, -6149.131856447454, 1560.0], 20, 3, 2], "14": [[-12781.30528906087, -6575.150018622729, 1559.9999350759372], [-12287.11741423234, -6334.336166173344, 1560.0], 2, 3, 2], "15": [[-13904.629786096766, -6270.240814255892, 1537.856038246779], [-13362.732792553057, -6029.787694591636, 1560.0], 17, 3, 2], "16": [[-14842.879890547376, -5727.82613111039, 1481.5443300485924], [-14342.783746283265, -5465.109610449095, 1560.0], 19, 3, 2], "17": [[-13679.720775227834, -7049.5403579868735, 1509.9937618543743], [-13091.955785189855, -6665.383102839259, 1560.0], 10, 3, 2], "18": [[-11124.858935217646, 4792.365888973373, 1312.0423468679558], [-11111.368384716472, 4011.009840138173, 1560.0], 46, 3, 2], "19": [[-12279.6502929547, 5324.515513172316, 1504.2070393845925], [-11607.782311927504, 4604.147334322633, 1560.0], 22, 3, 2], "2": [[-9523.481041913614, -15188.880563190587, 1560.000195182898], [-8274.580732359036, -12354.330578418743, 1560.0], 12, 3, 2], "20": [[-14358.57565796138, 5925.42675398146, 1220.8039819681417], [-13383.064706485075, 4562.172541171354, 1560.0], 34, 2, 2], "21": [[-13391.576342029237, 6521.642685190411, 1358.085045688031], [-12394.804328800901, 5207.970865621093, 1560.0], 8, 2, 2], "22": [[-11285.938802953046, 8669.10677337069, 1579.021125477431], [-10116.611623509842, 7117.626605752284, 1560.0], 62, 3, 3], "23": [[-9039.499227116024, 9529.207093619572, 1559.9998984289832], [-8390.147188006715, 7779.911121307142, 1560.0], 15, 3, 3], "24": [[-7851.483646345411, 10703.114297080354, 1179.1148551725798], [-7919.5499180645575, 8155.859340263312, 1560.0], 2, 3, 3], "25": [[-7782.067167934706, 11355.552517793674, 1206.5990246752963], [-7720.276487606461, 8610.535527320315, 1560.0], 11, 3, 3], "26": [[-7556.936286878236, 12876.267794075711, 1239.4503279045416], [-7432.547116586932, 9438.93032555062, 1560.0], 3, 3, 3], "27": [[6333.66599988603, 13112.028590332871, 1402.192665251506], [4648.913863751922, 11019.126155812432, 1560.0], 4, 3, 3], "28": [[5833.475590250923, 11482.815572817834, 1242.2653609903869], [3383.7930486165087, 9486.272693937055, 1560.0], 10, 3, 3], "29": [[7648.043458332923, 12427.105202863393, 1494.0375127396198], [5539.508466559141, 10372.47683678379, 1560.0], 16, 3, 3], "3": [[-8241.033972532963, -19119.523706710843, 1560.0001233462572], [-7031.159677292551, -14124.055629518587, 1560.0], 0, 1, 1], "30": [[6961.847832715779, 10524.737299594844, 1338.435203356495], [4508.406959705965, 8750.930373465186, 1560.0], 20, 3, 3], "31": [[7469.812719641313, 10019.356219944317, 1476.8925285965192], [5900.475117596969, 8722.921318459914, 1560.0], 13, 3, 3], "32": [[9846.526495025599, 10809.155353359005, 1560.0001176594787], [8506.145198977223, 9740.506721599222, 1560.0], 10, 3, 3], "33": [[10554.18319135554, 9921.586063261333, 1569.9999153459103], [10148.997517377396, 9284.407766083063, 1570.0], 7, 2, 2], "34": [[9581.626017362469, 8347.72488052206, 1516.4286009846517], [8840.976062876402, 7546.953271041408, 1560.0], 66, 3, 3], "35": [[14531.409621600867, 9076.675142217575, 1680.0000645618823], [14212.519320793546, 8597.930613199822, 1680.0], 9, 2, 2], "36": [[22412.139964739148, 9512.419174148514, 1559.9982680504856], [18691.853994005116, 8274.773545372203, 1560.0], 27, 2, 2], "37": [[18131.50464048004, 8101.201180992133, 1560.0004414460027], [17035.388820444216, 7497.108918416543, 1560.0], 1, 2, 2], "38": [[16432.571422038956, 7830.427137921132, 1650.0002440359988], [16595.22956191551, 7631.764873444031, 1650.0], 14, 2, 2], "39": [[13154.434450458451, 6669.962418945248, 1880.000200892087], [10732.36687755602, 5773.516419312164, 1880.0], 46, 2, 2], "4": [[-10297.064592982095, -15803.192210283954, 1560.0003529800672], [-8757.790390596849, -12516.311906638872, 1560.0], 4, 2, 2], "40": [[10964.065097707502, 860.6241174522667, 1719.7363235231348], [12034.540252773808, 808.0690295934509, 1610.0], 22, 3, 3], "41": [[15805.973491755849, 1003.6812396669269, 1699.9998285745849], [15941.293699175854, 1001.4034534777753, 1700.0], 8, 2, 2], "42": [[18132.65969427432, 1909.3251813074473, 1559.999541838537], [17023.027434969128, 1742.2917695322694, 1560.0], 5, 2, 2], "43": [[16487.997118833606, -9584.588964553264, 1484.4399292878722], [15278.48409874435, -9189.31984248408, 1560.0], 27, 3, 3], "44": [[15094.53487873715, -10516.594216096008, 1499.340541429131], [14668.6550129239, -10207.200509785216, 1560.0], 55, 3, 3], "45": [[14461.24947734214, -10587.481392058147, 1559.9998368094014], [13394.44924935175, -10066.83921495945, 1560.0], 14, 3, 3], "46": [[13044.20901300321, -10147.91026386644, 1489.9529653183274], [11269.950613262205, -9443.592485756291, 1560.0], 20, 3, 3], "47": [[17588.086017351892, -13819.002226166607, 1560.000340806202], [15890.886004478622, -12808.034911832872, 1560.0], 14, 3, 3], "48": [[10023.204725763375, -13383.759772489706, 1393.2390055261985], [7814.690366461455, -11921.776616554165, 1560.0], 8, 2, 2], "49": [[13415.750762222391, -15278.870691440703, 1604.7582750502618], [12758.020478316585, -14124.343149426843, 1560.0], 45, 3, 3], "5": [[-10974.722496263706, -15494.035027244632, 1647.9084054895284], [-9265.898968605607, -12272.117196017909, 1640.0], 15, 2, 2], "50": [[8540.724481148716, -15769.782214156925, 1352.775905655029], [5984.54050727496, -13552.320176299985, 1560.0], 24, 3, 3], "51": [[16037.707693660548, -18577.256715395146, 2117.4232306039803], [16444.610058203576, -17037.05551479587, 1560.0], 18, 3, 3], "52": [[10031.291258811905, -17433.11486625589, 1498.14523829687], [7617.163180964154, -14773.749595994957, 1560.0], 26, 3, 3], "53": [[7837.360361821509, -17832.470925970385, 1516.7272615803136], [5589.909946834931, -14971.860528069887, 1560.0], 7, 3, 3], "54": [[11176.821971220303, -23370.77225925899, 1559.999729581879], [7358.806896819432, -17862.736917372422, 1560.0], 5, 2, 2], "55": [[7669.602731958886, -24140.699357820027, 1560.000195965349], [4432.683647979834, -17817.931194997826, 1560.0], 1, 2, 2], "56": [[8236.033516767242, -18052.73188840832, 1072.8830869819938], [3877.5257852093982, -14347.542849523767, 1560.0], 40, 3, 3], "57": [[12849.406406761966, -14544.449820216898, 1498.6838870174051], [11481.145211811077, -13161.950850654088, 1560.0], 83, 3, 3], "58": [[12345.18988597411, -13975.774452963044, 1340.2756725260924], [9182.037905020607, -12222.384740362664, 1560.0], 53, 3, 3], "59": [[11786.996819465317, -13485.950955697039, 1159.1577017298705], [8946.300896150846, -11703.221729079156, 1560.0], 89, 3, 3], "6": [[-16677.397579784192, -7706.627407959387, 1560.000110915333], [-15173.971303069271, -7024.600692502912, 1560.0], 0, 2, 1], "65": [[-9011.341908932813, 22004.701203612636, 1749.9996869202741], [-8576.45526444017, 21170.048006265377, 1750.0], 0, 1, 1], "66": [[-8620.84850888794, 17614.577806132205, 1750.000115086791], [-8462.990294746167, 17407.913916226393, 1750.0], 0, 1, 1], "7": [[-15551.876325353029, -6703.979325924424, 1544.8247634643128], [-14650.527287347115, -6283.432069297006, 1560.0], 26, 3, 2], "8": [[-14292.977165326509, -8094.409646980547, 1654.0396876596938], [-13206.164881159988, -7564.441122030999, 1560.0], 21, 3, 2], "9": [[-12901.231469013248, -7910.159888176727, 1559.9992089463658], [-12227.28998328117, -7441.443738221913, 1560.0], 12, 3, 2]}