{"0": [[-9963.244803047071, -18157.32175952841, 1639.9996902039975], [-8013.756581068572, -13399.123851441342, 1640.0], 0, 1, 1], "1": [[-9912.190534710533, -16764.095304461618, 1284.3710791219412], [-8846.870675069562, -12621.47575365338, 1560.0], 21, 2, 2], "10": [[-13568.72624462416, -8672.184293877744, 1551.9540921316761], [-12670.54312386564, -7960.631445754885, 1560.0], 10, 3, 2], "11": [[-14589.039697619723, -7858.633659742277, 1560.000124575762], [-13550.499970659657, -7345.198828408324, 1560.0], 16, 3, 2], "12": [[-10884.99777437335, -7511.486060500485, 1559.9998325723138], [-10500.06511001769, -7190.904961450571, 1560.0], 3, 3, 2], "13": [[-11373.061782566168, -7104.1286648538035, 1406.2227927229758], [-11196.809834286154, -6769.532843572551, 1560.0], 15, 3, 2], "14": [[-12291.55257497842, -6558.996030375883, 1462.0839858674092], [-12028.647504021577, -6285.075131187337, 1560.0], 15, 3, 2], "15": [[-13527.057410864909, -6404.3455631242505, 1422.5069693581027], [-13153.610482412992, -6102.454107096432, 1560.0], 11, 3, 2], "16": [[-14268.729115038146, -6342.5683174404885, 1473.3247888023714], [-13800.834244617283, -5990.749028542274, 1560.0], 29, 3, 2], "17": [[-13291.090969832105, -7608.094342868349, 1560.000244081825], [-12527.920539786855, -7223.112507299385, 1560.0], 7, 3, 2], "18": [[-15252.717893981177, -6406.41085850911, 1559.9998846679352], [-14477.659117082438, -6055.861591604547, 1560.0], 10, 3, 2], "19": [[-15540.335095916647, 6245.018478090773, 1405.750368423185], [-13890.944694582144, 4808.597554800403, 1560.0], 26, 2, 2], "2": [[-8028.384078792188, -17767.745724527744, 1559.9999557180088], [-6897.49108716463, -13999.884090639107, 1560.0], 0, 1, 1], "20": [[-14680.52762846412, 6896.387320453013, 1339.0275203041606], [-13247.208228939055, 5254.637093388536, 1560.0], 60, 2, 2], "21": [[-14524.817155281358, 6792.785914793981, 1222.588619227226], [-13289.120633051713, 5098.750431303825, 1560.0], 39, 2, 2], "22": [[-15243.62316328256, 5509.037574406635, 1560.000345146012], [-13666.724102875785, 4555.281262467883, 1560.0], 0, 2, 1], "23": [[-14382.745532054369, 6032.497824083774, 1204.8547556981218], [-13417.315560659148, 4593.213935072751, 1560.0], 33, 2, 2], "24": [[-13814.919068801577, 6299.96921555786, 1560.0001654743044], [-12489.71602973533, 5234.665360383102, 1560.0], 1, 2, 2], "25": [[-13266.65082351476, 5739.134393451569, 1311.359671486464], [-12580.8398885713, 4605.769348526338, 1560.0], 27, 2, 2], "26": [[-12523.969593713477, 6844.045959294661, 1297.519734545959], [-11865.698528838051, 5391.405021319674, 1560.0], 68, 2, 2], "27": [[-12524.175263580642, 5580.832947247875, 1361.8368004878314], [-12047.972977241814, 4531.079823293532, 1560.0], 84, 3, 3], "28": [[-11923.041647128295, 6814.934117669753, 1501.182809749164], [-11137.392729761397, 5642.197315189476, 1560.0], 45, 3, 3], "29": [[-12217.091146074205, 7708.277395581602, 1479.3104709841853], [-11203.88781633596, 6200.947124996143, 1560.0], 24, 2, 2], "3": [[-7929.173157727909, -18466.7123058822, 1473.050399612329], [-6988.065236222567, -13792.370692103099, 1560.0], 30, 2, 2], "30": [[-11270.00058799853, 8328.283138177347, 1527.5804609104403], [-10342.540021625004, 6762.660577491302, 1560.0], 31, 3, 3], "31": [[-10926.0948685497, 6856.839318442899, 1590.4254634047315], [-10157.392511126909, 5894.908461715921, 1560.0], 70, 3, 3], "32": [[-10351.120917832595, 7682.94592967295, 1448.3128282788605], [-9916.860709939814, 6301.732009581054, 1560.0], 38, 3, 3], "33": [[-7996.6171554927905, 10225.852735472152, 1311.561036919895], [-7725.740325584979, 8109.177696568482, 1560.0], 8, 3, 3], "34": [[-6226.835932073256, 11980.44395847132, 1202.664644384839], [-6785.977779214746, 8952.538964951289, 1560.0], 33, 3, 3], "35": [[-8782.1033388067, 11312.759051414147, 1559.9995500085292], [-7838.063546936392, 8969.479933963656, 1560.0], 19, 3, 3], "36": [[-2825.646622992403, 12714.131057169394, 1490.1484200565517], [-3336.1055722824294, 10190.954817551565, 1560.0], 9, 3, 3], "37": [[5693.802220836526, 12443.176742368936, 1447.7441543188684], [3886.852384760759, 10435.089393999506, 1560.0], 9, 3, 3], "38": [[5567.018165303268, 11015.598367121986, 1497.0325295001257], [4011.6470993505227, 9494.018098762876, 1560.0], 10, 3, 3], "39": [[10235.450358026274, 10171.453772620498, 1656.4912834368397], [9314.558539874177, 9199.193693627618, 1650.0], 16, 3, 3], "4": [[-8331.489491567587, -17701.58814921982, 1212.7944573469326], [-7811.184948135181, -13117.731068984509, 1560.0], 17, 2, 2], "40": [[8967.877543963707, 8748.689902472273, 1559.9998107573326], [8559.013348235729, 8168.830295322215, 1560.0], 25, 3, 3], "41": [[11442.800473272036, 9816.677901575167, 1559.999859432745], [10602.40659024324, 9011.054001265695, 1560.0], 0, 2, 2], "42": [[13839.201694793375, 9753.253898978446, 1950.000151857556], [12961.803082989842, 8995.719029358448, 1950.0], 1, 2, 2], "43": [[14396.735733708685, 8598.72754031991, 1719.9999728766666], [14528.748754642636, 8321.625917669688, 1720.0], 20, 2, 2], "44": [[13518.299479602974, 8246.433552395172, 1760.0001231228039], [12995.734916839032, 7791.846429041849, 1760.0], 0, 2, 2], "45": [[10876.212699756335, 7661.707697535643, 1541.598278782414], [10061.273254778478, 6948.725169559718, 1560.0], 19, 3, 3], "46": [[11364.499122663952, 7358.485089739336, 1455.2734950243293], [9938.025252959598, 6494.385081433107, 1560.0], 32, 3, 3], "47": [[12127.446347425179, 6831.205280534243, 1686.6915599821189], [11411.683931228796, 6293.3836465980285, 1660.0], 18, 3, 3], "48": [[12546.647428261138, 6534.00111689968, 1503.9049685725968], [10755.496516482714, 5939.851986914717, 1560.0], 19, 2, 2], "49": [[14926.78802800568, 7663.541361996817, 1650.0003522966956], [14568.306353167829, 7271.997822975388, 1650.0], 5, 2, 2], "5": [[-8134.16856605035, -15907.132961189836, 1114.0364937269794], [-7690.890687708079, -12957.51238138491, 1560.0], 46, 3, 2], "50": [[13411.930028030947, 981.555056735845, 1584.4386217563654], [14060.298493422517, 863.9530857416968, 1560.0], 20, 3, 3], "51": [[14893.738836195433, 1017.024621392735, 1669.9998998080105], [15470.420996302657, 1089.492038861661, 1670.0], 30, 2, 2], "52": [[14723.081871952114, 1077.230148056953, 1724.431173791302], [15315.262005052376, 842.5851327794609, 1560.0], 78, 3, 3], "53": [[11427.072664797368, -3205.5522580100805, 1559.9999112402716], [11821.779299581629, -3327.6258271961206, 1560.0], 16, 3, 3], "54": [[12048.641776111328, -11604.479881600419, 1197.7718737025727], [10094.541712902323, -10584.797881691607, 1560.0], 18, 3, 3], "55": [[15020.323119449975, -10683.976466564907, 1440.028141834668], [13394.44924935175, -10066.83921495945, 1560.0], 11, 3, 3], "56": [[15774.395860077848, -10184.962780035185, 1441.8855249379928], [14284.523284869087, -9690.814926420406, 1560.0], 39, 3, 3], "57": [[16588.573940307295, -9855.973087032677, 1538.4060310287296], [15155.834974956397, -9396.786752597545, 1560.0], 15, 3, 3], "58": [[17013.555230171925, -9922.513160129649, 1564.0780026321095], [16489.3210599215, -9626.590669400774, 1560.0], 14, 3, 3], "59": [[19069.655639556142, -10775.648568946628, 1574.8500731484583], [18437.13298138059, -10329.903714775828, 1560.0], 12, 3, 2], "6": [[-15591.923538132763, -9490.737444477969, 1560.0000603451415], [-13914.887819530371, -8389.66293630801, 1560.0], 5, 3, 2], "60": [[18522.9476099741, -11281.898930425, 1560.0000697691219], [18069.17770847871, -10868.02767740736, 1560.0], 17, 3, 3], "61": [[22265.546810591273, -11405.387439072583, 1559.9997313224465], [20863.80464742136, -9948.686026527203, 1560.0], 29, 2, 2], "62": [[22084.760791782566, -13060.027346567786, 1559.9998891549642], [19739.008896311345, -12185.932282348569, 1560.0], 16, 3, 3], "63": [[26154.872876103716, -18743.259105236906, 1749.9999068525565], [14243.36249070487, -6138.903707031061, 1750.0], 0, 1, 1], "64": [[13462.064105429807, -15262.482322270045, 1441.2784517035482], [11217.14395314849, -13559.169508825513, 1560.0], 17, 3, 3],