{"0": [[-8011.690102632447, 11409.621420287736, 1362.8678464175275], [-7806.105762485245, 8675.71001389169, 1560.0], 44, 3, 3], "1": [[-9859.87021136635, 9579.055554273828, 1541.352451610343], [-8932.514752688176, 7786.170196952734, 1560.0], 15, 3, 3], "10": [[-12338.625448978537, -7300.047765471789, 1537.40533751861], [-11842.35403853477, -6956.402308086854, 1560.0], 11, 3, 2], "11": [[-12836.190397983279, -7445.639836990068, 1384.9116785986228], [-12472.565880439077, -6971.200833423016, 1560.0], 11, 3, 2], "12": [[-11122.517732065888, -8912.93212785337, 1520.3147697277984], [-10550.14624548936, -8321.025501681896, 1560.0], 22, 3, 2], "13": [[-13741.249339034077, -8593.46485244415, 1559.999901133772], [-12724.07654192158, -7961.278850223525, 1560.0], 54, 3, 2], "14": [[-15696.29702297615, -7398.043975210984, 1559.9998780438116], [-14559.843304449567, -6870.961614460075, 1560.0], 3, 3, 2], "15": [[-13196.813809580874, -10298.955586515629, 1568.0293447930796], [-11922.620492301996, -9203.413681562779, 1560.0], 16, 3, 2], "16": [[-14032.630748414485, -9810.988054983338, 1581.661205434443], [-12606.794066658507, -8842.14919330371, 1560.0], 37, 3, 2], "17": [[-7120.9383452508055, -14985.211867649065, 1175.7502910950768], [-6948.741853802586, -12623.697136214496, 1560.0], 49, 3, 2], "18": [[8843.212943285409, -17935.578121423045, 1560.0001273940636], [7242.588265367184, -15333.545848602223, 1560.0], 23, 3, 3], "19": [[9139.271069772325, -17485.341650223098, 1575.6325720600325], [7408.220739814923, -15088.543306662868, 1560.0], 21, 3, 3], "2": [[-11292.180973220895, 8048.592506993521, 1514.6605542248917], [-10471.536092279315, 6506.3813530931875, 1560.0], 91, 3, 3], "20": [[8816.365002998915, -17095.024671975432, 1475.3498322541923], [6743.186753937498, -14602.303195079587, 1560.0], 22, 3, 3], "21": [[9800.896826635502, -17276.490432702933, 1559.9997861855632], [8029.542112441688, -14927.490324439845, 1560.0], 11, 3, 3], "22": [[10100.213799784598, -16918.115937324532, 1559.9999491347128], [8203.897589334329, -14666.914408113284, 1560.0], 13, 3, 3], "23": [[10010.44401762736, -16453.48826226219, 1532.1465286805562], [7955.82447323812, -14250.208424429546, 1560.0], 5, 3, 3], "24": [[9963.163301723256, -19685.86605800505, 1519.821049854498], [6834.4763105495385, -15919.689932728903, 1560.0], 10, 3, 3], "25": [[12991.891084560146, -18442.77215121376, 1495.4702766679698], [9884.941227232026, -15448.182848663604, 1560.0], 5, 3, 3], "26": [[12783.686339777034, -10772.467294568862, 1330.029539931575], [10977.700334689282, -9991.624934994648, 1560.0], 13, 3, 3], "27": [[12363.351106231714, -8197.099471547977, 1321.5165719401998], [10419.980246894058, -7769.59063900989, 1560.0], 10, 3, 3], "28": [[15375.392009871175, -8168.689077077897, 1474.7344826619474], [13968.58039972413, -7855.0921756710695, 1560.0], 4, 3, 3], "29": [[16583.567330432823, -9133.660033203449, 1438.896751515268], [14756.61347414385, -8875.910046651692, 1560.0], 53, 3, 3], "3": [[-9992.88231219055, 7157.283387895923, 1306.9406692762539], [-9941.723107138245, 5785.138752590618, 1560.0], 112, 3, 3], "30": [[14720.377616625976, -10065.193552000523, 1479.216146115504], [13031.800300809955, -9568.012322356622, 1560.0], 37, 3, 3], "31": [[14314.585679865768, -11970.574341352576, 1559.999932915687], [12169.57878787498, -11062.545937055318, 1560.0], 7, 3, 3], "32": [[16318.446767578704, -11192.625534610714, 1631.8980078370141], [15768.747418459137, -10762.756160207422, 1560.0], 13, 3, 3], "33": [[17527.02117445013, -12476.523984201753, 1470.1835017567848], [14559.139320173814, -11503.301489042942, 1560.0], 52, 3, 3], "34": [[7620.801891480459, 10752.463014880643, 1467.4502528732537], [6032.174157606252, 9315.738919671923, 1560.0], 12, 3, 3], "35": [[10432.444317905874, 9698.037566663275, 1543.7743625329315], [8200.401330170509, 8453.854823379997, 1560.0], 24, 2, 2], "36": [[11168.864052433144, 9447.197065395862, 1559.9988866492508], [9523.365823931255, 8466.281959755259, 1560.0], 11, 2, 2], "37": [[12869.241774035845, 3169.6824230057273, 1559.9995445305321], [11914.737619003585, 2943.5649866609356, 1560.0], 12, 2, 2], "38": [[13324.422656600012, 3763.9518518361433, 1559.9999799813318], [12650.06735130597, 3506.7512399632897, 1560.0], 2, 2, 2], "39": [[15778.384163516526, 4935.507717800668, 1560.0000426403697], [15477.382693377114, 4802.003495702205, 1560.0], 8, 2, 2], "4": [[-12125.523811176225, 5898.359897917185, 1312.5561552317943], [-11755.69107715234, 4798.406271670538, 1560.0], 120, 3, 2], "40": [[15274.607982809679, 5836.1657073405095, 1659.9999603310225], [14553.119362475842, 5468.942073941252, 1660.0], 0, 2, 2], "41": [[14104.910542989, 7558.145909936645, 1560.0003789230411], [13819.156720744628, 7225.403450845215, 1560.0], 5, 2, 2], "42": [[13523.987522931173, 8050.738235587043, 1640.000226074725], [12959.908928192353, 7575.6988780548745, 1640.0], 0, 2, 2], "43": [[15211.505085662751, 9233.928834102264, 1599.9998984519173], [13352.753708341788, 8261.122237763404, 1600.0], 8, 2, 2], "44": [[15868.335539922855, 9853.224574710923, 1910.0002857255158], [15022.044859660075, 9135.846394236936, 1910.0], 6, 2, 2], "45": [[15324.29256146809, 8238.063558212052, 1589.999804751265], [15063.120217980737, 7884.68610849372, 1590.0], 2, 2, 2], "46": [[12343.46397197347, -22272.068996221264, 1339.4489741638813], [8435.723562738376, -17270.8712653698, 1560.0], 17, 3, 3], "47": [[9818.454491788605, -21908.320175797853, 1560.0000177278714], [6813.535098883269, -17265.68614295062, 1560.0], 24, 3, 3], "48": [[11548.243471851063, -25285.727045644715, 1560.0001081731527], [7638.911236888961, -18741.67741238314, 1560.0], 9, 2, 2], "49": [[7194.426855526267, -18102.704696814973, 1349.430238563667], [4396.356602247728, -14833.727522170242, 1560.0], 20, 3, 3], "5": [[-12318.63892367908, 6855.676567517453, 1104.250389914464], [-11964.568004212533, 5202.2902436735885, 1560.0], 60, 2, 2], "50": [[18685.372781848127, -14015.062516297721, 1559.99993625947], [16558.19401426515, -12975.387607522336, 1560.0], 26, 3, 3], "51": [[-9682.435912203358, 13079.740426068662, 1749.9998773815091], [-9444.4718421804, 13024.913662773073, 1750.0], 0, 1, 1], "52": [[7156.727253290324, 14462.087706696531, 1748.4556649842248], [5102.862671158431, 11903.18879088143, 1850.0], 32, 3, 3], "53": [[8066.603193280991, 15273.151991462071, 1637.271052491591], [6151.69793872526, 12579.854263097319, 1800.0], 46, 3, 3], "54": [[7901.592359471166, 16272.631814052069, 1738.0539992377455], [6076.740004413345, 13209.916586264104, 1850.0], 28, 3, 2], "55": [[7610.177639610933, 20902.766971446734, 1559.9998279979134], [4830.551773116491, 15471.375729979583, 1560.0], 0, 1, 1], "56": [[7824.214871869447, 20946.954703701475, 1559.9999763377905], [5175.801152565834, 15599.78628604066, 1560.0], 0, 1, 1], "57": [[6795.7974128858805, 21466.08629755991, 1559.9999954738687], [4245.210220897906, 15700.7505444906, 1560.0], 0, 1, 1], "58": [[7189.416790713254, 21140.91153516239, 1560.0000398481643], [4534.764724616445, 15588.864518872828, 1560.0], 0, 1, 1], "59": [[6384.543934341243, 21664.727019830974, 1560.000153701018], [3948.8086976753707, 15729.711913448886, 1560.0], 0, 1, 1], "6": [[-12759.154939730975, 5795.75819758543, 1406.8019881249456], [-12124.682110902859, 4718.359317321914, 1560.0], 63, 2, 2], "60": [[5808.533113246583, 21947.27977873411, 1559.9998223394446], [3363.0872158305106, 15706.151347715038, 1560.0], 0, 1, 1], "7": [[-13782.988884631233, 5325.239059364777, 1381.3504588697704], [-12939.739764296603, 4328.409385258128, 1560.0], 39, 2, 2], "8": [[-14148.830656498983, -5986.642323747439, 1559.999632224975], [-13615.638429332213, -5764.845594702113, 1560.0], 5, 3, 2], "9": [[-11878.698158127696, -7133.500040543451, 1424.6109155259571], [-11632.792808831922, -6761.021420568889, 1560.0], 9, 3, 2]}