{"0": [[-7700.507012136884, 12638.092966661152, 1522.6297090539845], [-7064.528637899005, 9690.408634596166, 1560.0], 57, 3, 3], "1": [[-11914.121145532816, 7552.021193599968, 1559.9994314280516], [-10871.369332404436, 6251.208742835822, 1560.0], 14, 3, 2], "10": [[-14899.400945031573, -6289.765257377082, 1559.9999836782515], [-14155.282040183354, -5997.705035788366, 1560.0], 1, 3, 2], "11": [[-13544.674808922166, -7524.221485725328, 1551.1512366811203], [-12867.599458878783, -7079.7197115143645, 1560.0], 29, 3, 2], "12": [[-12989.435227410548, -6705.613812329409, 1559.999928576345], [-12412.35682598832, -6455.145566368877, 1560.0], 29, 3, 2], "13": [[-12524.205695108363, -6957.707360488745, 1560.0005329933927], [-11971.302537196838, -6709.560505698466, 1560.0], 19, 3, 2], "14": [[-11687.781172789466, -6905.638167048677, 1560.0000255247714], [-11341.53671845107, -6649.584505883649, 1560.0], 4, 3, 2], "15": [[-13566.183379372884, -9259.266128262061, 1559.9999863482115], [-12480.828239379936, -8432.203439184792, 1560.0], 9, 3, 2], "16": [[-13936.731085611584, -10316.4538376271, 1691.9303989613456], [-12307.644066542633, -9253.633259931534, 1560.0], 12, 3, 2], "17": [[-10647.60746413372, -10649.16861560921, 1560.0000115220766], [-9840.02327453884, -9626.315216690964, 1560.0], 4, 3, 2], "18": [[-12165.816681620106, -11191.480784693098, 1573.2866168658882], [-10860.905333242283, -9930.804932569446, 1560.0], 17, 3, 2], "19": [[-11544.999365714844, -11985.746653255908, 1585.5034493709418], [-10261.173439296761, -10462.89108122095, 1560.0], 14, 3, 2], "2": [[-11494.446105965419, 6884.465501127403, 1553.1380604502858], [-10686.384866858642, 5843.375318479443, 1560.0], 25, 3, 2], "20": [[-7536.067039835912, -14260.352079604938, 1394.9995525891711], [-7272.0396203233995, -12276.763862385988, 1560.0], 57, 3, 2], "21": [[-9804.170086935686, -15386.94737750859, 1560.0001933688927], [-8379.502326130938, -12452.083985334242, 1560.0], 13, 3, 2], "22": [[9082.479780438149, -16032.847932269413, 1510.218725891732], [7583.648785408369, -14037.2844863806, 1560.0], 14, 3, 3], "23": [[8807.347975311292, -16425.012781594032, 1375.3180060683433], [6590.814541975701, -14080.594498225382, 1560.0], 7, 3, 3], "24": [[10596.55111147216, -17565.700602889174, 1646.1385248843465], [8885.40051604703, -15246.372126693705, 1560.0], 7, 3, 3], "25": [[8215.826072728756, -17398.244843559416, 1516.8041133102956], [6587.10296742912, -14848.516552408622, 1560.0], 24, 3, 3], "26": [[7592.143872015189, -18435.196821668163, 1464.2290991499378], [5801.509787573047, -15345.899249621882, 1560.0], 22, 3, 3], "27": [[12813.943332909244, -10684.70856553322, 1522.2048155246707], [11552.779082607807, -10009.70244757713, 1560.0], 10, 3, 3], "28": [[14815.506464639682, -12027.545953630308, 1533.1324380733092], [11628.76820447593, -10938.098924971564, 1560.0], 43, 3, 3], "29": [[15826.526189233005, -9215.935271607128, 1559.9996838913123], [15401.462664782783, -8979.9048515581, 1560.0], 16, 3, 3], "3": [[-12630.217789628989, 7338.880161566673, 1288.8464574472152], [-11781.35974422349, 5759.406426614943, 1560.0], 10, 2, 2], "30": [[16883.07181726289, -10591.399177139909, 1527.6953578225148], [15369.124952159173, -10230.27491386769, 1560.0], 50, 3, 3], "31": [[14692.162224108479, -7006.316790594336, 1482.8065028902658], [13142.919386794998, -6967.459233301245, 1560.0], 43, 3, 3], "32": [[13736.831787485855, -5395.451308208361, 1412.4811301191257], [12682.633062893281, -5367.1822069205045, 1560.0], 10, 3, 3], "33": [[12551.897050358926, -8733.523708459037, 1398.4198064134857], [10703.34236941361, -8323.240763855136, 1560.0], 13, 3, 3], "34": [[16367.94820550347, -1238.81757444283, 1648.4651962385667], [18604.60775827343, -1411.030957255335, 1560.0], 72, 3, 3], "35": [[12637.365960490397, 961.9913605906827, 1566.1616777530178], [13483.192406454258, 934.5600799839283, 1560.0], 14, 3, 3], "36": [[12272.282195920137, 1614.311767610153, 1559.9999395730727], [13051.857471563428, 1362.2930876610544, 1560.0], 41, 3, 3], "37": [[13476.430653617388, 1245.6835563745788, 1696.9041457207272], [14199.05221401598, 1233.2543841887568, 1560.0], 32, 3, 3], "38": [[8229.722562874183, 10886.83411322828, 1397.2732443208283], [6415.270166084544, 9365.728314997335, 1560.0], 25, 3, 3], "39": [[7749.682198744896, 10902.333390823016, 1300.9306378354324], [6075.62689415513, 9513.339847689245, 1560.0], 20, 3, 3], "4": [[-9795.009854974465, 7280.333782992748, 1432.5514408766576], [-9462.863187080888, 6092.368226927091, 1560.0], 34, 3, 3], "40": [[8828.882479208109, 11195.936340012613, 1539.8572972762381], [7280.16140176554, 9777.80153180069, 1560.0], 54, 3, 3], "41": [[9868.09258464058, 8710.119288013604, 1603.2564226319066], [8505.359516322444, 7952.12650748516, 1560.0], 92, 3, 3], "42": [[16602.43547843656, -17236.116557028075, 2058.5641323585987], [17985.81232276865, -16381.35126645416, 1560.0], 32, 3, 3], "43": [[18846.725376449387, -14005.050795847268, 1534.128051186384], [17394.002437390147, -12955.620921318683, 1560.0], 20, 3, 3], "44": [[-8145.273899486461, 19054.276997041554, 1749.99973857248], [-7987.9720737037105, 18810.914960712664, 1750.0], 0, 1, 1], "45": [[-12562.795228568715, -16017.977191763583, 1649.9998267323865], [-6436.04436867872, -10407.843284913877, 1650.0], 0, 1, 1], "46": [[-9784.942839831165, -15354.83206552103, 1640.0003061434877], [-6399.262058124208, -11023.841413613467, 1640.0], 0, 1, 1], "49": [[5907.9481182079935, 16120.452095763676, 1747.1925874971046], [3702.966487244927, 12708.844690123398, 1910.0], 32, 3, 3], "5": [[-10964.450725789373, 6082.984986096435, 1354.7065063062396], [-10781.534854437543, 5016.560146707768, 1560.0], 69, 3, 3], "50": [[6605.447671759301, 18133.66682645806, 1732.9466427159466], [4421.8889156034265, 13919.517219826825, 1950.0], 41, 3, 2], "51": [[7082.881115762611, 19664.223483971076, 1715.2676265535574], [4190.032098517675, 14463.308385494442, 1950.0], 21, 2, 2], "52": [[8223.582313948747, 20612.465058231963, 1559.9994444820838], [5485.811377498121, 15476.008239604886, 1560.0], 0, 1, 1], "53": [[7617.9229481856755, 20944.18918851483, 1559.99978892882], [4830.551773116491, 15471.375729979583, 1560.0], 0, 1, 1], "54": [[7569.954149885942, 21091.264010781957, 1560.000222493549], [4844.578567116476, 15553.714753580447, 1560.0], 0, 1, 1], "55": [[7272.096461824853, 21092.62336028182, 1560.0002615747987], [4521.058519583714, 15508.036807735352, 1560.0], 0, 1, 1], "56": [[7203.282314810707, 21187.304410286284, 1559.999986973066], [4534.764724616445, 15588.864518872828, 1560.0], 0, 1, 1], "57": [[6536.460396356474, 21561.491605408835, 1559.99986679033], [3935.7735523536076, 15652.058499909066, 1560.0], 0, 1, 1], "58": [[5963.161349512508, 21813.215744363555, 1560.0000526930305], [3350.491148828402, 15631.15177468464, 1560.0], 0, 1, 1], "6": [[-12795.93019794779, 5191.879563454775, 1334.0287714262695], [-12271.53224012842, 4272.62006776687, 1560.0], 14, 3, 2], "7": [[-13232.894721781999, 5800.103647351643, 1259.9037967070215], [-12639.738175311943, 4570.165647553994, 1560.0], 49, 2, 2], "8": [[-13795.710336641036, -1885.1597565912675, 1560.0001599587267], [-13536.873754785523, -1871.4870682740511, 1560.0], 9, 3, 2], "9": [[-14139.181481084493, -5456.852659912108, 1560.0000176064975], [-13619.07592484202, -5312.603975337328, 1560.0], 5, 3, 2]}