{"0": [[-11480.67980273496, -12756.368919609595, 1588.9665952286593], [-10021.831245059691, -10927.532323195064, 1560.0], 15, 3, 2], "1": [[-11868.921040936504, -12106.902726414117, 1104.9359378063018], [-11260.496414777268, -9990.305610142224, 1560.0], 22, 3, 2], "10": [[9116.483776917592, -19160.899696157852, 1560.0001596192324], [7220.629213215861, -16080.606661856817, 1560.0], 21, 3, 3], "11": [[8501.073391388794, -17651.18582415197, 1540.6088469078568], [6135.728577984939, -14822.871021296214, 1560.0], 3, 3, 3], "12": [[8795.826354329161, -21781.260867208017, 1560.0000278306522], [5967.004695500262, -17078.710723521093, 1560.0], 9, 3, 3], "13": [[8095.670148319556, -21696.059197206636, 1405.027242521697], [4511.711077854147, -16591.809815779958, 1560.0], 10, 3, 3], "14": [[12156.64735136337, -18320.347694509306, 1560.0000892652406], [9785.356179276443, -15581.41735855828, 1560.0], 1, 3, 3], "15": [[12810.966331257301, -17864.93720846152, 1557.0828744207538], [10085.367708564054, -15176.596185304556, 1560.0], 9, 3, 3], "16": [[13082.655414234812, -16817.196838472788, 1560.0002169153242], [10593.697148477027, -14467.530256927299, 1560.0], 46, 3, 3], "17": [[8401.567606196779, -15382.555719644064, 1246.5433156217455], [5758.430966619505, -13163.61274720522, 1560.0], 3, 3, 3], "18": [[10189.00386293622, -12853.691110190372, 1299.5879021808985], [8497.047801260998, -11581.727737247778, 1560.0], 49, 2, 2], "19": [[19955.220382136275, -20459.228339141177, 1843.3208945949673], [17712.533275380854, -17582.48599162909, 1560.0], 28, 2, 2], "2": [[-11840.489784953812, -11599.381270221602, 1100.127638102622], [-11275.183963931046, -9724.113160316465, 1560.0], 24, 3, 2], "20": [[11750.643507509105, -28480.301606776356, 1560.0001601606566], [7069.607734656156, -19776.82554130007, 1560.0], 9, 2, 2], "21": [[8776.266040581151, -26114.41215843404, 1559.9997626621725], [5062.425683218686, -18658.53842253934, 1560.0], 3, 2, 2], "22": [[10136.555568114332, -30189.43201710451, 1560.00011203171], [4953.517740316583, -19670.328354989215, 1560.0], 4, 2, 2], "23": [[9192.402469981174, -29133.785193969754, 1750.0003556551358], [6346.89165040004, -20453.661574319336, 1750.0], 0, 1, 1], "24": [[5237.234547064701, -36777.98785873939, 1749.999943933307], [3186.8441182172205, -26489.680258609696, 1750.0], 0, 1, 1], "25": [[15500.574387983374, -14597.886118207605, 1631.6336898752704], [14532.17806208403, -13630.653823210307, 1560.0], 47, 3, 3], "26": [[14092.794698489155, -12284.941041860497, 1668.0208050311835], [13711.837248126707, -11735.094300439148, 1560.0], 18, 3, 3], "27": [[13912.927144063722, -9109.577759362706, 1426.6869082013975], [13415.129255881771, -8878.303879288811, 1560.0], 48, 3, 3], "28": [[12919.208421340345, -10324.214116267876, 1380.028871099728], [10608.270981097125, -9616.172090335725, 1560.0], 25, 3, 3], "29": [[14391.045385435176, -10306.215035080304, 1551.9637611282594], [12922.934948263337, -9761.058471421225, 1560.0], 13, 3, 3], "3": [[-8392.674156739484, -17993.05375781032, 1461.7266142694286], [-7307.519380343593, -13563.598862585925, 1560.0], 54, 2, 2], "30": [[14771.89020056449, -9385.51582393838, 1525.0086856007993], [13960.288530034799, -9080.050850668878, 1560.0], 22, 3, 3], "31": [[15483.7741949208, -10410.085238632135, 1559.9996381856886], [14225.873663509708, -9790.552359360561, 1560.0], 11, 3, 2], "32": [[15617.655678204072, -10456.199451901837, 1344.8806785768365], [13563.382085049032, -9775.617867708826, 1560.0], 45, 3, 3], "33": [[15988.986440143783, -10555.124873795661, 1112.056800035151], [11754.512779502003, -9639.914452714793, 1560.0], 40, 3, 3], "34": [[16187.742179618868, -11427.295426221137, 1397.235786076112], [14427.195442522447, -10600.760481279802, 1560.0], 15, 3, 3], "35": [[17264.941664806905, -10548.134901281695, 1560.0001093838555], [16915.192379708573, -10173.317706735985, 1560.0], 18, 3, 3], "36": [[18656.693503170613, -11631.708256980479, 1559.999700570274], [16507.75428067146, -10796.71614909408, 1560.0], 22, 3, 3], "37": [[18856.30967081213, -13205.980772526867, 1688.231480190568], [17763.992209644188, -12464.569642130118, 1560.0], 13, 3, 3], "38": [[13869.92171932919, -3950.359452936975, 1559.9998977067844], [13885.293528461594, -4078.7431573279096, 1560.0], 11, 3, 3], "39": [[14581.935900524728, 158.3018395391851, 1675.1657715486076], [15637.969908599422, 3.264315027782345, 1560.0], 18, 3, 3], "4": [[-8106.329482513264, -15822.65612961016, 1559.9999464868736], [-7006.232043739446, -13929.750326818634, 1560.0], 0, 1, 1], "40": [[12207.229628695028, 1209.2795117599019, 1717.7231559059096], [13763.041105206446, 1185.63514314483, 1640.0], 22, 3, 3], "41": [[13284.505392138808, 716.9872826634885, 1606.0446842500467], [13304.08101135799, 453.0994216984174, 1560.0], 47, 3, 3], "42": [[16544.978156167374, 810.6031681415934, 1860.000513004232], [16322.55976582776, 765.2364399357173, 1860.0], 1, 2, 2], "43": [[17572.646529080037, 8861.115728900095, 1819.9998141284445], [16532.9826835982, 8212.965581857941, 1820.0], 2, 2, 2], "44": [[16865.11268930664, 7707.525535467243, 1859.9994856575868], [15985.007897266463, 7204.142286642691, 1860.0], 2, 2, 2], "45": [[15844.773939016022, 5389.374917639813, 1950.000099868685], [20055.527042882524, 7718.810007149934, 1950.0], 0, 2, 1], "46": [[16211.817943090367, 8545.729844205705, 1759.999742898889], [14772.077833036128, 7781.223434280812, 1760.0], 3, 2, 2], "47": [[15836.201691607284, 7991.037362262363, 1689.9996938067898], [14384.705476237736, 7340.002883561662, 1690.0], 2, 2, 2], "48": [[15573.753485180321, 7860.658317263426, 1710.0001230646085], [14895.061816887956, 7339.885894850673, 1710.0], 3, 2, 2], "49": [[15230.644413683212, 7109.524018073231, 1559.999954272949], [15537.374337945776, 6906.301523886379, 1560.0], 23, 2, 2], "5": [[-11146.002289771788, -8259.108854920514, 1559.9998834281355], [-10612.000691391338, -7806.164898564871, 1560.0], 8, 3, 2], "50": [[14952.859813872026, 8684.001087388478, 1789.9998384977487], [14096.299887259802, 8076.188185615922, 1790.0], 0, 2, 2], "51": [[14436.243785962673, 7355.101872656335, 1560.0000581969964], [14376.314752079834, 7122.435057893489, 1560.0], 9, 2, 2], "52": [[13999.915806646155, 7160.264535703143, 1560.0001397015697], [13705.071546242574, 6846.433001241246, 1560.0], 2, 2, 2], "53": [[13587.628939899214, 7792.2698259868275, 1590.000309096136], [13153.814051067546, 7404.467119057817, 1590.0], 0, 2, 2], "54": [[13830.611668527503, 9022.299620118585, 1910.0000032074481], [12356.343976682654, 8155.5828753598125, 1910.0], 2, 2, 2], "55": [[12890.436236504176, 7497.245323870678, 1559.9999516442406], [12677.725374593932, 7176.172814055341, 1560.0], 5, 2, 2], "56": [[12201.158288812778, 7590.339858803791, 1609.8071664793035], [11018.368788249565, 6872.195276951528, 1560.0], 54, 3, 3], "57": [[16557.40119773103, 9693.898100987744, 1880.0000242229767], [15079.880844459163, 8798.753544748824, 1880.0], 0, 2, 2], "58": [[21211.83171212165, 8232.339680785328, 1739.9999796957072], [20516.335906153123, 7718.4180344682445, 1740.0], 7, 2, 2], "59": [[22549.773734135433, 8654.559059157556, 1560.0001510659658], [19196.921174101077, 7593.981069902235, 1560.0], 19, 2, 2], "6": [[-13779.952999518018, -6104.861463467204, 1405.5770709745043], [-13466.565828967305, -5814.423358610641, 1560.0], 10, 3, 2], "60": [[23558.622421022807, 9386.447560852024, 1950.0000542692749], [22062.867737863875, 8587.797929151067, 1950.0], 5, 2, 2], "61": [[22139.45703077965, 9633.916652738677, 1650.0002313991556], [20656.69026624174, 8866.60038375292, 1650.0], 0, 2, 2], "62": [[9592.889792725593, 9411.56594914798, 1660.0001234428476], [9627.701265712152, 8787.673573360755, 1660.0], 37, 3, 3], "63": [[7631.73248902807, 9702.652934254793, 1542.031620178964], [5833.908625339732, 8426.622479368265, 1560.0], 24, 3, 3], "64": [[9628.856108651438, 10874.845293064012, 1559.9998134041227], [7599.2478921932325, 9418.181505610402, 1560.0], 66, 3, 3],