{"0": [[-8409.923617686733, 13457.939069586853, 1430.0614012026351], [-7739.313092169332, 9783.394999153874, 1560.0], 28, 3, 3], "1": [[-8011.589952412438, 12506.998142095892, 1329.4932564572707], [-7785.304220414168, 9197.378312346307, 1560.0], 56, 3, 3], "10": [[-11170.789646198311, 8708.06466607523, 1560.3419882892445], [-10039.703009667188, 7133.988986487574, 1560.0], 22, 3, 2], "11": [[-9720.824595873748, 8690.556242861201, 1391.5612315789765], [-9375.09959812285, 6934.504691289921, 1560.0], 52, 3, 3], "12": [[-9942.337755467612, 7185.369248959257, 1377.598538152587], [-9663.477698755843, 5940.215063724873, 1560.0], 76, 3, 3], "13": [[-13557.831292282166, 6537.3628293239235, 1779.9998259479619], [-12316.887591880766, 5390.79949522205, 1780.0], 0, 2, 1], "14": [[-12052.80772363795, 7832.364806704371, 1336.4684458065078], [-11203.88781633596, 6200.947124996143, 1560.0], 9, 2, 2], "15": [[-10839.950282700363, 7983.599782198726, 1427.8292158158222], [-10359.284754995271, 6365.189285764529, 1560.0], 103, 3, 3], "16": [[-11604.433873182137, 7538.806396708959, 1436.045257425148], [-10915.648291922394, 6053.383110363164, 1560.0], 90, 3, 3], "17": [[-11282.596102475196, 6965.003987887541, 1518.9097908639676], [-10613.730789383986, 5850.658474816088, 1560.0], 47, 3, 2], "18": [[-11212.171204647517, 6448.769897489152, 1443.6426028264482], [-10788.2189738801, 5347.937478770107, 1560.0], 112, 3, 3], "19": [[-11211.219495448684, 5955.751137468053, 1392.9661926222805], [-10861.976913314373, 4973.148756602754, 1560.0], 66, 3, 3], "2": [[-9396.573028810779, 11523.434646336427, 1598.6834027073965], [-8490.909089262086, 8846.451650058234, 1600.0], 20, 3, 3], "20": [[-11981.723512217599, 5710.776857207537, 1362.8734085971053], [-11655.326192074339, 4682.875675843979, 1560.0], 110, 3, 3], "21": [[-12682.741671609216, 5086.818077094294, 1430.5558809750298], [-12092.886958403064, 4304.084956197731, 1560.0], 29, 3, 2], "22": [[-12222.257896331907, 6980.51373996251, 1254.4370269957856], [-11671.107094625728, 5481.136939762265, 1560.0], 35, 2, 2], "23": [[-13718.181138290807, 5901.942395712412, 1395.704191180178], [-12743.837936223861, 4776.916678313122, 1560.0], 27, 2, 2], "24": [[-11448.269612618833, -7300.468638452113, 1414.1355660906418], [-11277.299950239207, -6920.128404441031, 1560.0], 18, 3, 2], "25": [[-13770.278059689055, -6653.463934974683, 1472.1649490565235], [-13307.480628760726, -6287.755833320745, 1560.0], 12, 3, 2], "26": [[-14721.264006748032, -6031.790815140326, 1559.9999735780727], [-14077.161751657677, -5778.803209005082, 1560.0], 2, 3, 2], "27": [[-9203.698584006983, -14446.503452633498, 1406.2118975382245], [-8376.915008668426, -12400.508272432213, 1560.0], 21, 3, 2], "28": [[-7916.937762764564, -15932.087564186144, 1349.7939898923237], [-7468.449880727738, -12955.861195419518, 1560.0], 40, 3, 2], "29": [[-8833.590109308474, -14274.145000095898, 1379.3590105409205], [-8264.364681399962, -12192.201067904762, 1560.0], 27, 3, 2], "3": [[-10120.707661123404, 11168.621584377232, 1496.5313392117714], [-9085.999360712483, 8543.097478434469, 1560.0], 21, 3, 3], "30": [[-11710.72368026011, -11352.261261522088, 1764.2359011920817], [-10184.473849279315, -10250.93707890016, 1560.0], 10, 3, 2], "31": [[-13669.466364195026, 3502.851930944763, 1210.5572883291038], [-13376.381459427099, 2820.693617236737, 1560.0], 18, 2, 2], "32": [[8868.220227013873, -18237.881476838924, 1560.0000828324662], [8926.576816710012, -17804.011551218347, 1560.0], 0, 2, 2], "33": [[8933.65218069041, -17736.849025032676, 1560.0000723780124], [8977.110801122883, -17264.50964146933, 1560.0], 1, 2, 2], "34": [[8752.172377394983, -17142.68581071406, 1559.999947432744], [8782.174721556403, -16783.81234724411, 1560.0], 14, 2, 2], "35": [[10040.880147603737, -16498.747541401488, 1559.9987708926583], [10022.743443696085, -16228.068699324409, 1560.0], 19, 2, 2], "36": [[9992.18685542938, -16954.79031758684, 1559.9997195849633], [10022.230248131656, -16545.14367608443, 1560.0], 3, 2, 2], "37": [[9659.360959962843, -17553.618539717787, 1560.0000337629426], [9690.783810379322, -17151.85652663809, 1560.0], 2, 2, 2], "38": [[9445.850748197143, -20211.636715286833, 1553.5676576396556], [6593.733388693642, -16253.454064632748, 1560.0], 4, 3, 3], "39": [[10205.183614701124, -19436.71201653368, 1493.3433984875214], [7745.765359057052, -16071.47653931704, 1560.0], 9, 3, 3], "4": [[-7180.777334690865, 11673.514055157237, 1248.632417386382], [-7491.780184869588, 8716.864728405018, 1560.0], 63, 3, 3], "40": [[11533.049988127592, -15819.527773372243, 1522.2962025996374], [9321.349054200891, -13781.003461246888, 1560.0], 3, 3, 3], "41": [[8369.329264664717, -15935.957096655522, 1649.324956861229], [8471.85292527649, -15355.384357889536, 1560.0], 30, 2, 2], "42": [[8884.850059303531, -15165.25033288454, 1603.0702085191908], [8941.34783612094, -14714.231166557618, 1560.0], 20, 2, 2], "43": [[9611.799200578527, -15806.102427712525, 1560.0007136106037], [9671.752681716212, -15444.70335396801, 1560.0], 19, 2, 2], "44": [[12737.987416484426, -10787.19098960317, 1430.346531699311], [10977.700334689282, -9991.624934994648, 1560.0], 20, 3, 3], "45": [[12521.889267874772, -11837.907315197426, 1490.4552714521212], [12063.252743667748, -11241.372709795718, 1560.0], 30, 3, 3], "46": [[13868.878131887508, -11518.13765076549, 1559.9997724001253], [12383.224237266486, -10699.57680512164, 1560.0], 4, 3, 3], "47": [[13645.967793932477, -10357.062590649344, 1516.6102266979904], [12814.371007827627, -9952.322198783733, 1560.0], 36, 3, 3], "48": [[14587.162181915204, -9954.994811361179, 1552.3537562427675], [13676.399483073556, -9579.178448080578, 1560.0], 49, 3, 3], "49": [[15216.275307355085, -10757.898821196815, 1480.2192485520218], [13338.299056580252, -10162.996919650937, 1560.0], 50, 3, 3], "5": [[-8189.716497547628, 10227.848923172993, 1325.5801388705102], [-8168.16753102091, 7918.284502105146, 1560.0], 25, 3, 3], "50": [[15790.617981777646, -10115.69398080247, 1478.8618415804356], [14284.523284869087, -9690.814926420406, 1560.0], 52, 3, 3], "51": [[16355.83289660612, -10092.930586925606, 1501.4405853039193], [14972.492596387277, -9704.337081301897, 1560.0], 43, 3, 3], "52": [[16646.84365362987, -9606.917742433872, 1514.2416552042], [15278.48409874435, -9189.31984248408, 1560.0], 16, 3, 3], "53": [[16834.550741364936, -10772.548931128616, 1560.0001052449484], [15964.070269136, -10459.070901297056, 1560.0], 23, 3, 3], "54": [[15855.642973453654, -12105.213901463605, 1560.0003487783022], [15509.764643280603, -11160.49020239318, 1560.0], 97, 3, 3], "55": [[13777.437530429133, -13248.424113768333, 1560.0002964278267], [12070.44749284148, -12248.8337015535, 1560.0], 30, 3, 3], "56": [[13568.559773766292, -12419.991222530542, 1480.289683783282], [12561.00825668362, -11461.254108405084, 1560.0], 18, 3, 3], "57": [[12893.615482897429, 1350.255470650836, 1560.0000943061696], [13051.857471563428, 1362.2930876610544, 1560.0], 7, 3, 3], "58": [[13441.200349059362, 1503.023634507904, 1559.9997999791972], [13572.614831023218, 1177.0512080327624, 1560.0], 46, 3, 3], "59": [[14511.429232999788, 1331.481549291725, 1749.9995552764385], [14440.98597893313, 1234.7420988632714, 1750.0], 4, 2, 2], "6": [[-10910.279356734183, 10770.63226632544, 1560.000022227439], [-9615.50941905908, 8264.528295201831, 1560.0], 34, 3, 3], "60": [[5969.027952659821, 11944.907306362324, 1179.1605672963394], [3759.012277233265, 9805.66202648798, 1560.0], 25, 3, 3], "61": [[6302.185621703585, 10574.193905689168, 1330.9752147772647], [5700.783731819517, 9461.814783184875, 1560.0], 54, 3, 3], "62": [[7228.456934006345, 9749.855198161871, 1382.6375488554525], [5878.337655804096, 8624.1413940843, 1560.0], 3, 3, 3], "63": [[12809.375465808755, -18780.11816708317, 1523.3385764137638], [9233.818051894246, -15542.432736963767, 1560.0], 23, 3, 3],