{"0": [[-13144.453950056632, -11024.274229968569, 1707.3098412957568], [-11637.152294195312, -9738.970356081785, 1630.0], 11, 3, 2], "1": [[-11654.1096811148, -12586.30221670666, 1621.5168563290276], [-10100.286053353979, -10881.032958768223, 1560.0], 45, 3, 2], "10": [[12527.839822842961, -11012.814077265208, 1468.7729470181018], [11352.17668806884, -10372.747660394036, 1560.0], 32, 3, 3], "11": [[12759.221886889949, -12324.318234596463, 1187.89923410404], [10543.936694607066, -10785.984501020115, 1560.0], 144, 3, 3], "12": [[13566.931465598509, -12269.086951047935, 1559.9999538629718], [12506.13885320096, -11550.573013237521, 1560.0], 9, 3, 3], "13": [[14035.870280861322, -12243.9986404451, 1600.484649668476], [14313.346236112173, -11878.148995369645, 1560.0], 38, 3, 3], "14": [[15295.483183510469, -13730.077405558035, 1649.2444988541195], [14983.49643634535, -13011.103179190408, 1560.0], 20, 3, 3], "15": [[17475.87291523229, -13781.633698991227, 1726.2169363780588], [16729.22089397526, -12900.219308104632, 1660.0], 21, 2, 2], "16": [[16934.72254124514, -9627.207973023067, 1559.999547951053], [15339.932598756042, -9084.855920154356, 1560.0], 3, 2, 2], "17": [[17317.181564363527, -10627.976046986461, 1560.001992369364], [16160.302409362785, -10150.757583244364, 1560.0], 11, 2, 2], "18": [[15550.447188060129, -11017.04972983257, 1203.4080430463887], [12814.371007827627, -9952.322198783733, 1560.0], 29, 2, 2], "19": [[15364.40023034988, -10653.684811366466, 1547.7649625549927], [14108.823292623936, -9988.61181512327, 1560.0], 15, 2, 2], "2": [[-11887.141921021665, -11912.86661927632, 1284.667809895476], [-11062.504002576099, -10029.04356894114, 1560.0], 16, 3, 2], "20": [[18676.863358818635, -11307.539671411054, 1610.0004498248975], [17840.837337369827, -10702.527157189941, 1610.0], 7, 2, 2], "21": [[20022.03838347061, -10546.081404991903, 1669.9998628244832], [18747.862198275903, -10013.718126352831, 1670.0], 5, 2, 2], "27": [[13057.497674713322, 1155.7998689015135, 1749.9990671479677], [12511.262825523045, 947.558918913676, 1750.0], 5, 2, 2], "28": [[13441.01403522416, 1904.4743683959953, 1809.9999961578405], [12490.973458462156, 1737.4917299088795, 1810.0], 3, 2, 2], "29": [[14793.550054523706, 5086.059075695755, 1750.0001609085296], [14493.06570495717, 4843.762360655463, 1750.0], 0, 1, 1], "3": [[-11872.481719673278, -11566.451191825876, 1157.534663531219], [-11275.183963931046, -9724.113160316465, 1560.0], 15, 3, 2], "30": [[10861.64856618963, 9956.669662165514, 1559.9999147368258], [10690.159835997976, 9356.888919321727, 1560.0], 56, 2, 2], "31": [[12245.545426477927, 7663.524106381763, 1560.0000721141928], [11050.936757076941, 6989.2892205583, 1560.0], 5, 3, 2], "32": [[12898.874162624237, 7708.238433012263, 1750.000288635629], [12338.237704714315, 7283.411810063334, 1750.0], 0, 1, 1], "33": [[15295.062575033788, 7271.952291826218, 1750.000007927351], [14505.130549742024, 6762.312904455337, 1750.0], 0, 1, 1], "34": [[16588.834468461915, 7181.684088725893, 1749.9996622615856], [15745.265675562174, 6674.861385356004, 1750.0], 0, 1, 1], "35": [[9342.428796884633, 10674.335711985643, 1559.9999333816686], [7997.453816474315, 9365.589858622408, 1560.0], 68, 3, 3], "36": [[8909.05493361375, 10149.676033573318, 1560.000037866336], [7972.773667929141, 9259.803029571203, 1560.0], 22, 3, 3], "37": [[10016.6565462461, 11098.96445854385, 1560.0000291362064], [8531.156424165727, 9847.85133897309, 1560.0], 7, 3, 2], "38": [[4063.5529585596914, 12543.644195863542, 1314.9053031937688], [2068.727542513946, 10174.340446865197, 1560.0], 18, 3, 3], "39": [[6955.618345758093, 12435.094924512638, 1469.6301513856242], [5217.401635789632, 10499.899085607127, 1560.0], 14, 3, 3], "4": [[-9520.898960530594, -10694.641683358837, 1559.999603581085], [-8906.345332805739, -9729.875141443801, 1560.0], 11, 3, 2], "40": [[7772.356841012408, 14311.05474521961, 1698.1697866069478], [4210.194101294318, 11053.45123981925, 1950.0], 38, 3, 3], "41": [[-6586.952855801712, 11933.95854919414, 1414.4985669693735], [-6485.748848820604, 9274.21054995561, 1560.0], 13, 3, 3], "42": [[-8028.114856447884, 10046.980572795508, 1482.6716239126956], [-7854.013574371998, 7988.062454864959, 1560.0], 75, 3, 3], "43": [[-9823.76177468983, 12032.952101610812, 1453.5175996110513], [-8826.729265273574, 8930.965512105933, 1560.0], 29, 3, 3], "44": [[-10116.609492933101, 7585.164194163877, 1482.9551647706628], [-9582.42954101947, 6343.547557460525, 1560.0], 26, 3, 3], "45": [[-11864.064790630953, 7782.238365678093, 1560.0000305032472], [-10921.68556781012, 6319.301271178365, 1560.0], 131, 3, 3], "46": [[-11482.406710254721, 7423.685130750271, 1560.0000156489125], [-10616.268657353525, 6170.443990620287, 1560.0], 58, 3, 3], "47": [[-11470.816223615077, 6671.010382778473, 1360.885733472239], [-11052.505368673455, 5413.016915169185, 1560.0], 61, 3, 3], "48": [[-12426.807944668904, 5849.566570323895, 1497.6627483469606], [-11808.598059734551, 4835.7964723375435, 1560.0], 110, 3, 3], "49": [[-13216.919166392396, 5863.668714109391, 1452.5926501717593], [-12384.763481350597, 4786.713154769051, 1560.0], 53, 2, 2], "5": [[-8333.96598891707, -17960.335868928745, 1476.1614003840448], [-7304.933119741616, -13540.012035611306, 1560.0], 30, 2, 2], "50": [[11559.263855924371, -23158.05956148016, 1559.999891649567], [7928.486561847783, -17846.871422115368, 1560.0], 0, 2, 2], "51": [[9388.035394347735, -23851.52665031664, 1559.9998737516937], [6164.246162675061, -18019.408643863597, 1560.0], 0, 2, 2], "52": [[10660.380432649974, -25847.212476773224, 1559.999368326171], [6154.4673560129, -18576.92379894527, 1560.0], 22, 2, 2], "53": [[11581.232259163377, -28428.870094521735, 1559.999898998808], [6710.575324517836, -19587.07320355459, 1560.0], 5, 2, 2], "54": [[9711.190280402927, -30046.04109422373, 1750.0000169388727], [6495.742551716895, -20468.251310232074, 1750.0], 0, 1, 1], "55": [[8231.334683159146, -29261.23742982789, 1750.0001587420204], [5601.433702372654, -20372.6822205635, 1750.0], 0, 1, 1], "56": [[7101.726385220816, 20230.377152256107, 1560.0000505081334], [4802.231289083666, 15306.08623087807, 1560.0], 0, 1, 1], "57": [[7763.973906571776, 20772.93151109565, 1559.9999160732027], [5161.527105851737, 15516.116961543452, 1560.0], 0, 1, 1], "58": [[7956.475182365702, 21358.075973757404, 1559.9998137960476], [5204.069562612138, 15766.5013757632, 1560.0], 0, 1, 1], "59": [[8108.336314329955, 22480.102355670395, 1560.0000092949792], [4940.209377115704, 16124.110919916655, 1560.0], 0, 1, 1], "6": [[-8171.913151783129, -17084.25750002962, 1560.0002799110862], [-6675.984587589362, -14142.561737492972, 1560.0], 0, 1, 1], "60": [[5696.33996125461, 20879.61478081133, 1560.0002039779351], [3273.291685767534, 15176.595212457354, 1560.0], 0, 1, 1], "63": [[-9189.579362865281, 20420.321278804582, 1559.99979776642], [0, 0, 1560], 0, 1, 1], "64": [[-8154.022483308516, 20947.5101498869, 1559.9999305375504], [0, 0, 1560], 0, 1, 1], "65": [[-10197.74570654815, 14484.78442279001, 1559.999941768593], [0, 0, 1560], 0, 1, 1], "66": [[-9234.55427890495, 14718.988084381856, 1560.0000789887724], [0, 0, 1560], 0, 1, 1], "67": [[-8407.61236060902, 14951.216683124723, 1559.9999598358577], [0, 0, 1560], 0, 1, 1], "7": [[-9220.2421559437, -19948.408682724385, 1559.9998623040344], [-4015.594931037869, -14337.18580976227, 1560.0], 0, 1, 1], "8": [[8135.6358465956155, -17686.38076588395, 1477.7714960878257], [5698.011740674816, -14797.537957538108, 1560.0], 6, 3, 3], "9": [[10129.917193011568, -12573.155878358002, 1246.514713727983], [9077.91905098373, -11464.215997975814, 1560.0], 88, 2, 2]}