{"0": [[-14713.815545927602, -5886.355845121103, 1298.3827306129808], [-14381.8768651299, -5534.321621806489, 1560.0], 17, 3, 2], "1": [[-15634.167972561067, -6542.265772220631, 1446.7848720547497], [-14843.720254289805, -6101.727837843514, 1560.0], 45, 3, 2], "10": [[-9306.0814081724, -12178.057645680337, 1349.5457903099305], [-9053.239340225427, -10453.743714113598, 1560.0], 35, 3, 2], "11": [[-7751.241647178308, -14862.549251418817, 1390.860977288724], [-7732.994356760328, -12236.791440179693, 1560.0], 62, 3, 2], "12": [[-8104.146261846059, -17442.366998860547, 1288.4672194031925], [-7492.542452275468, -13187.977750642209, 1560.0], 16, 2, 2], "13": [[-9785.657005344443, -15385.088099491317, 1553.2859565242338], [-8567.875831662152, -12335.750546280357, 1560.0], 13, 3, 2], "14": [[-9517.657556370705, -16145.5408639325, 1514.9737512715183], [-8292.735872778934, -12687.509195858382, 1560.0], 13, 2, 2], "15": [[-11139.428970726756, -15144.36220562414, 1560.0000264360235], [-9521.369473626894, -12049.462913846337, 1560.0], 2, 2, 2], "16": [[-10574.462766660627, -16382.927158248936, 1560.000567197936], [-8580.95517655305, -12839.49241242716, 1560.0], 0, 1, 1], "17": [[-8045.405553762347, -16670.60624705029, 1560.0000655961258], [-7640.349923216474, -13634.247237527437, 1560.0], 0, 1, 1], "18": [[2474.124757686381, -18694.36175320245, 1368.3552885544511], [272.1969062080144, -14800.899072425316, 1560.0], 34, 3, 3], "19": [[7809.749136224861, -17374.027417548197, 1354.7819482578598], [4357.045416315061, -14194.7340491974, 1560.0], 34, 3, 3], "2": [[-12303.399852993172, -6329.574185845359, 1287.1773020474402], [-12467.547246191058, -5977.434195626993, 1560.0], 119, 3, 3], "20": [[15409.428044314296, -17517.572739616287, 1710.6736868833768], [13785.661381849386, -15530.52436777567, 1560.0], 9, 3, 3], "21": [[16870.415760174837, -13936.46418231932, 1431.253276419459], [11641.349481595831, -11939.016770681565, 1560.0], 61, 3, 3], "22": [[13318.397628519957, -12091.59828663164, 1560.000115669882], [12010.21562182968, -11330.122630039876, 1560.0], 18, 3, 3], "23": [[9999.06243436156, -13255.137433963058, 1235.8500668618553], [6625.194546802385, -11497.166484327625, 1560.0], 25, 2, 2], "24": [[14585.799761934579, -10722.778405360175, 1559.9999007092658], [13338.299056580252, -10162.996919650937, 1560.0], 8, 3, 3], "25": [[15153.784815360552, -10542.207959334322, 1544.045009647688], [13450.680236930119, -9970.223590719059, 1560.0], 30, 3, 3], "26": [[13153.338947560324, -9904.499433011622, 1397.6524228338658], [10797.013008850741, -9251.95265331183, 1560.0], 11, 3, 3], "27": [[16517.690569577884, -9520.307306165832, 1443.2916099224983], [14017.291478681971, -8978.848189104361, 1560.0], 24, 3, 3], "28": [[18981.825370400235, 8404.064322348004, 1670.000253867259], [17925.480237702843, 7813.128597933567, 1670.0], 2, 2, 2], "29": [[10911.76582152952, 1186.5858297355228, 1559.999873407992], [10226.815335429725, 984.1872782773462, 1560.0], 24, 3, 3], "3": [[-12951.583650610706, -6404.9700466620425, 1394.2988176434255], [-12765.93751030505, -6077.3149455107405, 1560.0], 23, 3, 3], "30": [[15787.308039338817, 1267.5854172368292, 1559.999965034397], [14152.826314709682, 1109.853406925878, 1560.0], 18, 2, 2], "31": [[10695.101910667705, 9552.385882759669, 1559.9999313628969], [5865.125205990131, 6967.470360617945, 1560.0], 62, 3, 2], "32": [[9276.735736615683, 9554.664085408736, 1528.6193976414952], [7848.363739977183, 8731.175090295508, 1560.0], 78, 3, 3], "33": [[9382.890681165734, 10561.281027475969, 1559.9999051636157], [7551.153944374824, 9209.530251307417, 1560.0], 49, 3, 3], "34": [[7544.263098989912, 10017.557486229374, 1375.1829146511686], [4386.618837889679, 8188.078652650695, 1560.0], 74, 3, 3], "35": [[9251.064932523868, 11419.146221754554, 1643.8504192782361], [6075.62689415513, 9513.339847689245, 1560.0], 22, 3, 2], "36": [[8156.660549590028, 14986.288920547262, 1388.5270313516892], [4434.589324196762, 11583.026142664457, 1560.0], 60, 3, 3], "37": [[-7883.694295503145, 12678.014081280457, 1012.6653781690281], [-8341.687718268804, 8815.30806177882, 1560.0], 76, 3, 3], "38": [[-7795.984602638785, 11787.076581951791, 1013.3634233909955], [-8137.4757569820595, 8497.81887145407, 1560.0], 13, 3, 3], "39": [[-7853.0804701183515, 10781.033576374406, 989.4128809064547], [-8360.077889232805, 7919.314828087006, 1560.0], 12, 3, 3], "4": [[-11658.552344814108, -6892.5864314877, 1318.6061975041052], [-11695.217925169289, -6497.3821751669175, 1560.0], 11, 3, 2], "40": [[-13283.365960484634, 6637.769800478337, 1293.1830018847738], [-12454.816457112793, 5169.0957059031525, 1560.0], 29, 2, 2], "41": [[-12043.602808645624, 5733.063827665464, 1246.4307381979418], [-11862.689266655765, 4567.397627154932, 1560.0], 134, 3, 3], "42": [[-14229.798830453463, 7472.261653281059, 1466.4630565328644], [-12727.458000667913, 5775.934878668965, 1600.0], 38, 2, 2], "43": [[-10946.616405905614, 5518.53139590657, 1250.7697975517328], [-10949.09600635578, 4512.06614891671, 1560.0], 110, 3, 3], "44": [[-14322.211644130697, 6000.3932840830275, 1117.70940251778], [-13481.864102781297, 4496.867016799937, 1560.0], 46, 2, 2], "45": [[8274.176766634986, -17902.136634795697, 954.817890535414], [3652.7382045650984, -14052.675292649632, 1560.0], 18, 3, 3], "46": [[-11770.655209261398, -15379.883536469726, 1610.0000170089957], [-6212.991249634398, -10329.741687582129, 1610.0], 0, 1, 1], "47": [[-12657.127260587822, -14441.513290954008, 1560.0001992601385], [-6877.7905963884, -9350.423190394184, 1560.0], 0, 1, 1], "48": [[9253.84935790334, 8398.836558604124, 1405.6549713798427], [8451.456908777925, 7735.6538079715965, 1560.0], 31, 3, 3], "49": [[13881.50018311865, -1028.9637271830454, 1560.0001193790356], [13885.411443760282, -1157.4369363388498, 1560.0], 11, 3, 3], "5": [[-12300.176672651645, -7487.129891790278, 1559.9998577200704], [-11777.44057738769, -7113.593762365247, 1560.0], 5, 3, 2], "50": [[5755.760977721019, 20945.974879078865, 1750.0000113914318], [3129.002612258421, 19053.389205147418, 1750.0], 0, 1, 1], "6": [[-11679.467998464306, -8228.741058446902, 1240.8672803698441], [-11646.27603628678, -7493.98564341301, 1560.0], 33, 3, 2], "7": [[-13040.72274046337, -7520.566960377898, 1559.999498877988], [-12411.809421833514, -7119.054244070762, 1560.0], 6, 3, 2], "8": [[-14083.732283420211, -8088.019264323612, 1560.1361248853657], [-13109.402127387828, -7531.249021881264, 1560.0], 12, 3, 2], "9": [[-12017.54256675395, -10534.612603860118, 1582.6604185665544], [-10870.130603728505, -9502.262491455078, 1560.0], 11, 3, 2]}