{"0": [[-10044.397838997802, 7210.5767765521605, 1423.3750120594284], [-9739.686883360373, 5977.236738775129, 1560.0], 62, 3, 3], "1": [[-8800.255462005154, 12223.607249540677, 1349.4380823272418], [-8191.4117530047515, 9065.870166607107, 1560.0], 34, 3, 3], "10": [[8896.014733249962, -18217.077872639748, 1560.0000310034834], [6772.533907815907, -15299.182651602696, 1560.0], 2, 3, 3], "11": [[8807.59705539829, -17606.612412268485, 1487.5136100998375], [6587.10296742912, -14848.516552408622, 1560.0], 8, 3, 3], "12": [[8722.15783149908, -16969.819542937414, 1510.293122218144], [6782.401767543162, -14539.837070636477, 1560.0], 6, 3, 3], "13": [[9885.593623265437, -17445.21778921448, 1399.4565053621623], [7617.163180964154, -14773.749595994957, 1560.0], 13, 3, 3], "14": [[10130.363095106542, -17000.818780310015, 1393.5782645466172], [7785.827791399928, -14515.046727305576, 1560.0], 24, 3, 3], "15": [[10142.60563445503, -16404.86073180285, 1467.1716264853471], [7542.33214570098, -14103.938457757156, 1560.0], 22, 3, 3], "16": [[11274.807206699541, -16127.90628744292, 1559.9999278945497], [9544.6162440179, -14292.421433232243, 1560.0], 33, 3, 3], "17": [[11982.74283184542, -16479.5731536763, 1534.7625841702002], [10542.401100196892, -14540.384400511462, 1560.0], 25, 3, 3], "18": [[11991.29782764316, -18066.11298806719, 1548.427861697689], [9884.941227232026, -15448.182848663604, 1560.0], 14, 3, 3], "19": [[12108.701716917487, -14067.800108203039, 1469.8659457507617], [10030.006940982084, -12647.799950768594, 1560.0], 10, 3, 3], "2": [[-12768.83960060057, 6102.071361350107, 1409.1119808221263], [-12004.790154039878, 5017.056577877555, 1560.0], 9, 2, 2], "20": [[13263.86308765979, -14813.277296839991, 1529.8289279101232], [11428.149016038838, -13242.282198650597, 1560.0], 51, 3, 3], "21": [[15255.237830499598, -10676.721995912862, 1426.118274141671], [13394.44924935175, -10066.83921495945, 1560.0], 21, 3, 3], "22": [[16649.810406443154, -10212.671784603954, 1607.2865920297306], [16225.91170894481, -10046.956244364897, 1560.0], 32, 3, 3], "23": [[15944.809027802406, -4373.892887862657, 1559.9999573170078], [17057.730783240495, -4592.851703351162, 1560.0], 31, 3, 3], "24": [[14284.029470716774, -12965.107647461471, 1480.361332222001], [12901.038196955857, -11954.799328136305, 1560.0], 29, 3, 3], "25": [[8736.90428649819, 9912.578168091235, 1233.8633861947624], [6166.735697182279, 8264.647290001632, 1560.0], 33, 3, 3], "26": [[8065.376710037714, 10051.290640693325, 1230.954733812894], [5442.63026580014, 8291.864458204573, 1560.0], 43, 3, 3], "27": [[8467.25683516856, 11010.06835093624, 1360.7582212876202], [5615.562531119202, 9071.802429260504, 1560.0], 20, 3, 3], "28": [[10402.28993530177, 9256.98070513549, 1467.6872091885848], [8096.356565837671, 8026.0629116141645, 1560.0], 26, 2, 2], "29": [[10678.094442451105, 9400.649457054416, 1362.3055728746356], [9089.202126464583, 8535.630837347657, 1560.0], 60, 3, 3], "3": [[-11950.729667306643, -7145.499973888188, 1406.9826759835757], [-11770.74418403159, -6746.889156083508, 1560.0], 10, 3, 2], "30": [[12464.80817992033, 9560.249968783162, 1589.9998927508846], [11378.919601131998, 8706.544109737019, 1590.0], 1, 2, 2], "31": [[13048.164905229462, 8393.815933365435, 1799.9998753342004], [12246.752044172006, 7810.9111854943, 1800.0], 0, 2, 2], "32": [[14264.776975548528, 7584.281640052517, 1660.0002306814702], [13279.765620418446, 7077.19035058994, 1660.0], 2, 2, 2], "33": [[15572.48783949589, 8999.356177635576, 1809.9994883257152], [14021.840133932017, 8170.041858236791, 1810.0], 3, 2, 2], "34": [[16187.76385563784, 9888.669937356985, 1900.000013271066], [15041.569449411987, 9023.775591929138, 1900.0], 0, 2, 2], "35": [[15960.048865438057, 8885.79256819221, 1820.0004607979786], [15229.682619641215, 8248.244981977603, 1820.0], 0, 2, 2], "36": [[-9188.04246209739, 22773.683400304286, 1750.0000777778323], [-8650.906862561234, 21690.967271607675, 1750.0], 0, 1, 1], "37": [[-8057.427784549557, 22345.96348329803, 1749.9996903834856], [-7771.004481427063, 21588.44915840486, 1750.0], 0, 1, 1], "38": [[-8778.751472998241, 21567.777898907243, 1750.0002724751014], [-8424.101168076317, 20866.916430650075, 1750.0], 0, 1, 1], "39": [[-8135.663557200128, 19614.705069606145, 1560.0000064628205], [-5932.009819362666, 18571.019940359605, 1560.0], 0, 2, 1], "4": [[-12328.614251274956, -7357.816038145375, 1499.7077523287057], [-11909.035930005215, -6964.661645382727, 1560.0], 20, 3, 2], "40": [[-9244.265644651805, 16474.33900583516, 1750.0000996176154], [-9026.072233156568, 16275.69199112486, 1750.0], 0, 1, 1], "41": [[-9738.955777778034, 16085.720952956959, 1749.9997932900726], [-9452.90089089322, 15883.252748533123, 1750.0], 0, 1, 1], "42": [[-7892.722809923748, 15732.950665427605, 1749.9998597529768], [-7832.985705084075, 15638.514181371838, 1750.0], 0, 1, 1], "43": [[-9094.184386286326, 13663.08444170986, 1750.0002547942363], [-8916.199440394064, 13663.064839906949, 1750.0], 0, 1, 1], "44": [[8085.008238326114, -22968.326195504553, 1545.218249279245], [4813.10863606776, -17356.414943499072, 1560.0], 13, 3, 3], "45": [[11570.978564329305, -26430.126204757966, 1560.0001491924565], [7657.379402416997, -19274.483017221446, 1560.0], 11, 2, 2], "46": [[18825.435115987857, -13974.637883984538, 1470.5505555280065], [16699.595579410554, -12785.20664438072, 1560.0], 41, 3, 3], "47": [[22477.36475810871, -14202.490975706734, 1560.0000009256817], [20948.173312845956, -11874.964825484603, 1560.0], 3, 2, 2], "48": [[23865.508801681113, -10108.293746432018, 1749.9998186365763], [22249.59187455467, -8435.167422320425, 1750.0], 0, 1, 1], "49": [[-10531.158602368543, 11368.010843851405, 1620.0000886797616], [-9229.600947910585, 8657.160217589428, 1620.0], 41, 3, 3], "5": [[-15578.016757936366, -8481.01584379327, 1559.9997391238649], [-14208.018289699348, -7681.432584463709, 1560.0], 3, 3, 2], "50": [[-7258.752021686903, 9936.754449469545, 1559.999972286388], [-5476.6699893408895, 9296.171590251792, 1560.0], 5, 2, 2], "51": [[-15540.324650625296, -6670.600847356601, 1493.8636353175084], [-14690.202832287476, -6241.553354725435, 1560.0], 11, 3, 2], "52": [[-12572.496499574916, -16559.367722253537, 1559.9998028930931], [-6183.805855502859, -10926.898689549944, 1560.0], 0, 1, 1], "53": [[-10362.860978276001, -18088.857471779225, 1660.0001676255617], [-5164.75825530114, -12397.368089337006, 1660.0], 0, 1, 1], "54": [[-11495.665008456384, -18477.191882898973, 1619.9999461003117], [-5475.484039931832, -12238.451711033707, 1620.0], 0, 1, 1], "55": [[-10878.793104868171, -18871.30222778958, 1639.9999943304804], [-5069.820184558083, -12911.872273849016, 1640.0], 0, 1, 1], "56": [[-10130.553259679635, -18746.039018510113, 1560.0000014775906], [-4518.004189629843, -13626.453876210928, 1560.0], 0, 1, 1], "57": [[7782.448573986249, 16201.372256026383, 1744.3743009716616], [6032.355241909884, 13185.175732991893, 1860.0], 27, 3, 2], "58": [[6267.604542512241, 20294.93229668034, 1581.0364069780064], [4872.361740509413, 15717.766921210909, 1560.0], 22, 2, 2], "59": [[7382.919544233563, 21137.026253119493, 1559.999966620411], [4872.361740509413, 15717.766921210909, 1560.0], 0, 1, 1], "6": [[-15795.741869103247, -7547.6943119019215, 1545.8462724049825], [-14620.905938830078, -6952.9211147247215, 1560.0], 16, 3, 2], "60": [[7787.444097531091, 20848.061754391896, 1559.9998148877567], [5175.801152565834, 15599.78628604066, 1560.0], 0, 1, 1], "61": [[7465.307862923559, 21087.91745946435, 1560.0000389158602], [4858.515457611776, 15635.846114833941, 1560.0], 0, 1, 1], "62": [[6861.31395967842, 21369.497264396305, 1560.0002647458418], [4231.891919780962, 15621.626521509626, 1560.0], 0, 1, 1], "63": [[5565.649313138682, 22047.69962493716, 1559.9999999649133], [3073.8209572144215, 15656.322085887938, 1560.0], 0, 1, 1], "64": [[6384.543934341243, 21664.727019830974, 1560.000153701018], [3948.8086976753707, 15729.711913448886, 1560.0], 0, 1, 1],