{"0": [[-8756.535171049347, -7396.046940123235, 1464.024984793846], [-8668.2554287956, -7133.388869858092, 1560.0], 22, 3, 2], "1": [[-10375.44006868909, -5342.238446725341, 1345.8137595377732], [-10708.887288383632, -5222.007635033578, 1560.0], 103, 3, 3], "10": [[-14086.643920717752, -7028.303723421152, 1559.9995151538967], [-13347.518768243157, -6678.251799248113, 1560.0], 10, 3, 2], "11": [[-14476.32671562143, -6884.087646858652, 1313.7990944657004], [-14008.90605830256, -6378.7974789739355, 1560.0], 11, 3, 2], "12": [[-14389.149592929185, -8545.375000358432, 1559.9999126210307], [-13279.945989115953, -7861.129910564843, 1560.0], 15, 3, 2], "13": [[-13766.042941723274, -10323.2486257214, 1559.9999009229975], [-12370.875092216671, -9145.537281555957, 1560.0], 6, 3, 2], "14": [[-7976.087760743587, -14795.457380607466, 1298.6592297865986], [-7524.769453557625, -12419.193123035562, 1560.0], 10, 3, 2], "15": [[-8909.583791829102, -16763.98675302692, 1546.0106243102784], [-7701.986271626316, -13083.555436695962, 1560.0], 24, 2, 2], "16": [[-8459.3903759705, -17142.954307992277, 1559.999890650487], [-7283.033877557654, -13345.331032871572, 1560.0], 0, 2, 1], "17": [[-10311.252810784454, -17269.55475438311, 1559.999388290539], [-6468.565891479712, -14398.41634823271, 1560.0], 0, 1, 1], "18": [[-8356.816751708706, -15995.784733456934, 1560.0001487764512], [-3713.3000382220416, -14388.76587822666, 1560.0], 0, 1, 1], "19": [[-8125.70933245119, 13349.702883583865, 1434.608556665993], [-7551.510031820908, 9772.582347114025, 1560.0], 9, 3, 3], "2": [[-11514.142153069699, -5595.048651592729, 1549.6988398923543], [-11285.615444280633, -5483.884553508724, 1560.0], 8, 3, 2], "20": [[-7993.379158569208, 12371.950076287792, 1386.1614305337137], [-7562.434305355671, 9311.364122894722, 1560.0], 40, 3, 3], "21": [[-7801.9710678992615, 11930.971889994637, 1400.2526032535802], [-7517.590601186429, 9066.013014742006, 1560.0], 45, 3, 3], "22": [[-7857.29425803508, 11210.615426164151, 1454.0012606725531], [-7591.187324968912, 8734.8614902089, 1560.0], 56, 3, 3], "23": [[-7939.491063056101, 10174.28611408238, 1400.5354755688074], [-7725.740325584979, 8109.177696568482, 1560.0], 15, 3, 3], "24": [[-9102.038353575721, 11867.316775723759, 1452.4216119532439], [-8299.79957780745, 8990.329743532933, 1560.0], 25, 3, 3], "25": [[-8866.851350964149, 10836.696492389137, 1267.724307300874], [-8571.838402789945, 8211.593635706466, 1560.0], 8, 3, 3], "26": [[-8544.837915140752, 8474.237611479128, 1358.1794722928305], [-8476.686894584447, 6898.739266330728, 1560.0], 24, 3, 3], "27": [[-10054.511714300996, 7177.812318339016, 1438.3315431763274], [-9654.570964297673, 5985.191524202119, 1560.0], 46, 3, 3], "28": [[-10497.069160136696, 7530.725341689339, 1560.000105238105], [-9742.809889426147, 6366.465003642925, 1560.0], 26, 3, 3], "29": [[-10561.359594509553, 9572.494713471846, 1514.285847541407], [-9634.363228312624, 7578.02254208977, 1560.0], 36, 3, 3], "3": [[-11041.25955217751, -7306.190392367811, 1560.000115547318], [-10576.106623516298, -7052.502823016973, 1560.0], 4, 3, 2], "30": [[-11068.44604437286, 8481.939972658822, 1559.9998912284725], [-10173.239471393248, 6872.473698366977, 1560.0], 52, 3, 3], "31": [[-11734.64197495547, 7857.156728674302, 1455.001110126425], [-10930.651504039959, 6280.204431201854, 1560.0], 34, 3, 3], "32": [[-11958.166827251925, 7015.035967830981, 1559.9997196776606], [-10950.551877355378, 5894.289945050185, 1560.0], 24, 3, 3], "33": [[-10919.11530326208, 6869.384555767813, 1493.8804288742745], [-10339.555934403685, 5752.352515269541, 1560.0], 69, 3, 3], "34": [[-11176.37061619076, 6006.138405169853, 1582.334008767645], [-10433.044400938918, 5281.350224090285, 1560.0], 67, 3, 3], "35": [[-11901.323201755384, 6013.208960972455, 1346.371374839615], [-11481.555961245685, 4919.854621681965, 1560.0], 71, 3, 3], "36": [[-12404.264267964629, 5185.073252422008, 1435.2521796696244], [-11907.896375278526, 4336.316045620725, 1560.0], 59, 3, 3], "37": [[6186.19005327051, 13077.669140673679, 1371.9639052664968], [4648.913863751922, 11019.126155812432, 1560.0], 11, 3, 3], "38": [[6152.19307789673, 12302.952536287821, 1406.586363168868], [4536.9055889010515, 10467.279528749199, 1560.0], 6, 3, 3], "39": [[7524.641362950845, 12077.949694789095, 1424.3897879902481], [7552.7823679424155, 11011.56920834672, 1560.0], 120, 3, 3], "4": [[-11266.214227927283, -8314.26920876495, 1559.9998626626866], [-10695.322855454962, -7878.8464334298005, 1560.0], 7, 3, 2], "40": [[7148.593968052347, 11621.705957192404, 1578.0404656857695], [6247.03967619032, 10303.194251860574, 1560.0], 16, 3, 3], "41": [[6887.181579523984, 11017.675818504522, 1443.668293021511], [5355.580854063649, 9507.592293826643, 1560.0], 16, 3, 3], "42": [[7266.331682700622, 9646.991103298767, 1495.8469365834067], [5856.148578467071, 8525.374338536769, 1560.0], 10, 3, 3], "43": [[9646.31573159282, 10228.373106588999, 1559.9999190382414], [9305.112746757874, 9417.824278752723, 1560.0], 19, 3, 3], "44": [[10720.261735445756, 9674.943206547572, 1560.0002115907228], [10631.742184268516, 9126.283312891972, 1560.0], 14, 2, 2], "45": [[11279.33294354622, 9606.337066628137, 1560.0002641165472], [10054.927241968257, 8734.67566962713, 1560.0], 2, 2, 2], "46": [[12364.28928048124, 7513.963373958982, 1670.0002904867672], [11565.385033041353, 6990.568415537131, 1670.0], 0, 2, 2], "47": [[12414.652011239687, 7312.306038946715, 1446.5937922504875], [9907.063616265767, 6381.074585890405, 1560.0], 22, 2, 2], "48": [[13962.519137799994, 8290.454444829224, 1770.000170179485], [13527.666401311208, 7814.336104643498, 1770.0], 5, 2, 2], "49": [[14394.600399180326, 8066.101576927353, 1560.0000117679624], [13932.475609779358, 7605.677135241891, 1560.0], 4, 2, 2], "5": [[-12471.863506910715, -6580.223531269371, 1560.0002955033217], [-12030.212851603701, -6352.633617878839, 1560.0], 0, 3, 2], "50": [[15448.273249473948, 8166.404538383396, 1559.999800415009], [15191.15815503455, 7800.946098231235, 1560.0], 6, 2, 2], "51": [[13322.307628732779, 6437.210071081564, 1560.0000681109216], [12906.62029413325, 6085.174652988739, 1560.0], 2, 2, 2], "52": [[13990.468059235454, 4157.845693802902, 1560.000380674516], [13993.298949189666, 4068.7345827260338, 1560.0], 7, 2, 2], "53": [[13110.355693397916, 1365.531223278913, 1709.9916885109956], [13563.648136485912, 1292.6814505458776, 1570.0], 15, 3, 3], "54": [[14854.192371665134, 724.0363668786566, 1689.9997368689897], [15204.651252996193, 698.726428815004, 1690.0], 17, 2, 2], "55": [[15393.320776396049, 1460.0284954804881, 1929.9998285255558], [16224.801918383582, 1500.458972701825, 1930.0], 43, 2, 2], "56": [[12394.306653176227, -3279.3801025699313, 1522.208447222684], [11821.779299581629, -3327.6258271961206, 1560.0], 10, 3, 3], "57": [[14424.48548985977, -4146.403217393766, 1542.7634713116947], [14461.193323752555, -4221.527005228353, 1560.0], 32, 3, 3], "58": [[16621.6275087532, -9364.663461044958, 1506.7756579323934], [15401.462664782783, -8979.9048515581, 1560.0], 14, 3, 3], "59": [[16276.90682537615, -9438.63882453145, 1214.9844560131473], [14017.291478681971, -8978.848189104361, 1560.0], 43, 3, 3], "6": [[-12772.802728861827, -6150.30317210691, 1450.6168512837637], [-12527.09571836757, -5892.640988507955, 1560.0], 12, 3, 2], "60": [[15293.343344011562, -10671.514826794946, 1599.9995511014072], [19899.31066310076, -10339.74099997719, 1600.0], 33, 3, 2], "61": [[14640.07076714465, -10531.964069306843, 1371.7744159258734], [12303.465622056448, -9746.85611986723, 1560.0], 9, 3, 3], "62": [[13278.926416675824, -10752.859471383057, 1559.9998505050676], [12598.166617175459, -10329.506785583615, 1560.0], 41, 3, 3], "63": [[12730.526703986414, -10345.12131602818, 1442.5784422340882], [11123.527049448514, -9719.45595536092, 1560.0], 16, 3, 3], "64": [[17074.143084381034, -12475.648511028077, 1540.0580357931988], [17270.56244739073, -12002.450840352067, 1560.0], 72, 3, 3],