{"0": [[-8425.967085648777, 12046.03437868314, 1338.5016376433625], [-8134.171510310743, 8920.640084850666, 1560.0], 74, 3, 3], "1": [[-9561.392656079814, 11914.951385058295, 1356.6485771432633], [-8778.908879588642, 8794.940381692402, 1560.0], 85, 3, 3], "10": [[-7231.28111872292, -14824.637213368684, 1230.0828660777122], [-7068.317058438166, -12587.716627327862, 1560.0], 35, 3, 2], "11": [[-11248.172749910409, -13662.600667160752, 1560.000064198136], [-9777.301001868076, -11385.896401820823, 1560.0], 29, 3, 2], "12": [[-11843.826045441423, -13849.094093129917, 1674.2159831730673], [-10003.295325840883, -11512.218196815122, 1560.0], 13, 2, 2], "13": [[-10931.062142692255, -14878.444048568917, 1595.3165576256195], [-9193.304631879317, -12119.70800266683, 1560.0], 19, 2, 2], "14": [[6157.1263807572805, -15741.437090387059, 1237.6526769696395], [3664.185859677826, -13296.41650985274, 1560.0], 5, 3, 3], "15": [[8986.733549339651, -18039.262467462057, 1559.999935524815], [7599.802450400312, -15551.714814487332, 1560.0], 34, 3, 3], "16": [[9064.931420913354, -17459.746006687423, 1566.6076291331908], [7012.477464630939, -14936.273864175133, 1560.0], 7, 3, 3], "17": [[8696.641153825687, -17052.865546657064, 1488.1042400074755], [7174.063880179823, -14686.904836469394, 1560.0], 30, 3, 3], "18": [[9787.093431181707, -17318.391227108514, 1559.9996660528209], [8029.542112441688, -14927.490324439845, 1560.0], 8, 3, 3], "19": [[10173.047782636682, -16973.476528407522, 1539.918468033545], [8247.704218251183, -14600.792339900567, 1560.0], 7, 3, 3], "2": [[-9992.732219339572, 7254.053582105397, 1335.37870991308], [-9924.178980419447, 5873.363759316823, 1560.0], 84, 3, 3], "20": [[10027.10824194327, -16552.317988165545, 1505.7749040670922], [7955.82447323812, -14250.208424429546, 1560.0], 10, 3, 3], "21": [[10439.839198158872, -19058.34671386449, 1834.06471392078], [7388.257273673551, -15849.36691905635, 1560.0], 83, 3, 3], "22": [[13216.054862950685, -16849.195926898497, 1327.5076449704366], [10593.697148477027, -14467.530256927299, 1560.0], 33, 3, 3], "23": [[11602.63490086382, -20176.54878120113, 1559.9992426380995], [8654.490086875867, -15567.67020935416, 1560.0], 11, 3, 2], "24": [[12674.002838123886, -10852.478161687615, 1403.5358641372886], [10929.226470241389, -10081.527169629217, 1560.0], 7, 3, 3], "25": [[13350.366224429985, -10266.4337437133, 1467.4330728586517], [11703.975166753251, -9732.993901583879, 1560.0], 15, 3, 3], "26": [[14494.692337882341, -10129.734318007791, 1559.9999771130392], [13563.382085049032, -9775.617867708826, 1560.0], 37, 3, 3], "27": [[16359.568246215344, -6578.224376870074, 1559.999953023057], [16837.15201991897, -6431.5519282228215, 1560.0], 14, 3, 2], "28": [[16253.491449875302, -10269.717344247962, 1560.0001893109345], [16225.91170894481, -10046.956244364897, 1560.0], 33, 3, 3], "29": [[15976.035878240948, -11329.948181246427, 1559.999940663407], [14307.017172246196, -10794.636651194076, 1560.0], 41, 3, 3], "3": [[-11801.967941717272, 6378.121695605056, 1275.5310254409062], [-11513.452194245681, 5074.819958981299, 1560.0], 110, 3, 3], "30": [[17800.268747467235, -11282.182512590396, 1560.0000053591336], [17203.756777985065, -10935.74101593433, 1560.0], 62, 3, 3], "31": [[18754.977110297783, -14004.72068935187, 1560.0000471590458], [17247.00999620081, -13148.077642441054, 1560.0], 55, 3, 3], "32": [[8619.413974732754, 10032.811156359818, 1324.2208513825221], [6212.412945016015, 8464.711740115814, 1560.0], 11, 3, 3], "33": [[8403.459250311835, 9386.388895216749, 1247.7962097846662], [6097.838984299143, 7964.743282171839, 1560.0], 14, 3, 3], "34": [[8253.223066576924, 11975.580171530673, 1560.69507644205], [6267.111447299081, 10112.032207912203, 1640.0], 26, 3, 3], "35": [[10640.189333571958, 9706.560259419133, 1559.9998954111873], [9116.446352174065, 8645.76294088817, 1560.0], 5, 2, 2], "36": [[11220.531701826641, 9266.298608138703, 1569.9999136879896], [9920.161446638973, 8378.176018953882, 1570.0], 1, 2, 2], "37": [[11494.865243609627, 8219.149573525709, 1309.729744096636], [9704.939235761101, 7378.563695043875, 1560.0], 21, 3, 3], "38": [[14131.30990895777, 7577.1004220315035, 1579.9996997489275], [12502.142873577275, 6902.318622530306, 1580.0], 8, 2, 2], "39": [[14976.48767225462, 9601.883479400585, 1630.0001485066082], [13957.796918913942, 8887.580669531322, 1630.0], 2, 2, 2], "4": [[-12159.20081935298, 6969.723155852899, 1436.6466984022118], [-11317.128791658704, 5701.521217780023, 1560.0], 4, 3, 2], "40": [[16135.295139068621, 9734.19634125243, 1950.0004555652326], [15407.206655540114, 8996.206925864755, 1950.0], 3, 2, 2], "41": [[15988.125259711936, 7588.3036928780675, 1570.0000089716705], [15564.880297075071, 7156.466093603623, 1570.0], 5, 2, 2], "42": [[11357.013078220718, -22072.28732950188, 1396.224665380199], [7063.258420374545, -16958.325104900767, 1560.0], 10, 3, 3], "43": [[8545.920407881376, -19075.428633746455, 1385.8752000511504], [5340.2301343681365, -15366.46766730192, 1560.0], 12, 3, 3], "44": [[8044.402653404072, -21109.685768188305, 1560.0001827588785], [5275.312705796858, -16757.359561552246, 1560.0], 52, 3, 3], "45": [[9964.698588552234, -23690.175297573405, 1559.9999144129713], [6686.03590717916, -18014.306690236303, 1560.0], 7, 2, 2], "46": [[-8129.6169983674945, 21934.627854540122, 1750.0002779123713], [-7855.125355209142, 21272.833414053184, 1750.0], 0, 1, 1], "47": [[-8457.486815915856, 22795.095429510817, 1749.9997781227607], [-8058.840652832509, 21868.372754596516, 1750.0], 0, 1, 1], "48": [[-9205.391468792799, 22603.663388626264, 1750.0001574815774], [-8680.7624443651, 21567.581633331025, 1750.0], 0, 1, 1], "49": [[-9057.335217092923, 20605.18532687837, 1749.9999226739048], [-8701.142559292242, 20037.208713742373, 1750.0], 0, 1, 1], "5": [[-13311.799326574255, 5743.284092948405, 1280.9097855674552], [-12698.0032584935, 4534.909383878955, 1560.0], 118, 2, 2], "50": [[-8693.486588516975, 17175.28509168804, 1749.9997443912594], [-8542.840869309613, 17006.31221636389, 1750.0], 0, 1, 1], "51": [[-9813.0127909009, 16854.37015142798, 1749.9995926224613], [-9485.130256022396, 16631.889833201094, 1750.0], 0, 1, 1], "52": [[-12313.261842343467, -14325.08493683029, 1630.0000480385177], [-6751.995435418739, -9435.356074734515, 1630.0], 0, 1, 1], "53": [[-11754.71822068945, -14172.870628064582, 1560.0002314875087], [-6388.685017625751, -10254.156354921892, 1560.0], 0, 1, 1], "54": [[8032.680135512288, 16121.1300933503, 1742.3719754204892], [5996.500568196931, 12999.162368747397, 1860.0], 29, 3, 2], "55": [[6575.178006355332, 18358.567429257742, 1718.5347205410299], [4451.76007863859, 14087.744927564718, 1950.0], 53, 3, 2], "56": [[7399.173248846925, 21185.259577991583, 1560.0000931477878], [4872.361740509413, 15717.766921210909, 1560.0], 0, 1, 1], "57": [[7700.403706649717, 20894.528967593324, 1560.0001218761774], [5175.801152565834, 15599.78628604066, 1560.0], 0, 1, 1], "58": [[7300.6901674054, 21186.018971882117, 1560.0002216149542], [4521.058519583714, 15508.036807735352, 1560.0], 0, 1, 1], "59": [[6768.0364241168445, 21372.515989573338, 1560.0000525306002], [4231.891919780962, 15621.626521509626, 1560.0], 0, 1, 1], "6": [[-14029.905142801352, 6578.253256125349, 1559.999727004208], [-12598.225073663814, 5391.421813692395, 1560.0], 11, 2, 2], "60": [[6278.641787387179, 21619.936594863328, 1559.999705121718], [3633.38042181802, 15603.790559430989, 1560.0], 0, 1, 1], "7": [[-11907.814210171524, -7153.257684191422, 1451.376832811407], [-11633.685604795965, -6795.122107676137, 1560.0], 9, 3, 2], "8": [[-12408.230356124925, -7342.704955324718, 1494.9870192065346], [-11974.85599452024, -6972.785533879463, 1560.0], 11, 3, 2], "9": [[-14010.75112729639, -5887.108743493386, 1450.787750155767], [-13617.121239023594, -5645.366623867131, 1560.0], 10, 3, 2]}