{"0": [[-7891.325390094971, 12916.945935265916, 1480.6821150910548], [-7268.611886865967, 9706.88680537138, 1560.0], 20, 3, 3], "1": [[-8635.898898636802, 12016.805340997218, 1230.979426992059], [-8448.501378658457, 8741.796542079952, 1560.0], 27, 3, 3], "10": [[-12769.516124160193, 5807.599356607583, 1305.9396192288962], [-12188.832017202494, 4680.774781191622, 1560.0], 34, 2, 2], "11": [[-12245.602276845006, 7678.26418223106, 1287.9316567103099], [-11499.18584683875, 5975.523234115684, 1560.0], 20, 2, 2], "12": [[-13659.621667079491, 7570.067928336681, 1389.8702447311273], [-12387.159388722332, 5842.91808519411, 1560.0], 27, 2, 2], "13": [[-13108.722841358744, 6987.346641159253, 1138.694380034674], [-12430.266933294553, 5273.693156623522, 1560.0], 49, 2, 2], "14": [[-13766.07975813222, 5867.130617069839, 1340.156040340434], [-12864.306623311833, 4671.482810957937, 1560.0], 22, 2, 2], "15": [[-14142.61462348031, 6599.982831488424, 1413.3902934494092], [-12932.267826366702, 5163.500570455829, 1560.0], 75, 2, 2], "16": [[-11325.484031438276, -6719.704559464491, 1441.789096769226], [-11182.983769194758, -6447.21326603417, 1560.0], 9, 3, 2], "17": [[-12185.390175721821, -6924.417155208937, 1546.3781130721022], [-11768.360752264878, -6645.357881431903, 1560.0], 10, 3, 2], "18": [[-12832.649743380909, -6209.705180110201, 1559.3464198750883], [-12406.256602036465, -5996.5148293145085, 1560.0], 9, 3, 2], "19": [[-13930.716176364962, -5918.145300295373, 1559.9999104189333], [-13416.800766514534, -5709.644758746913, 1560.0], 2, 3, 2], "2": [[-6233.663152309667, 11541.008717749268, 1357.5194039146086], [-6435.089029452265, 8947.361910769814, 1560.0], 31, 3, 3], "20": [[-14745.031225009167, -5765.070785353637, 1550.7954814335271], [-14171.530737258887, -5522.161090454003, 1560.0], 16, 3, 2], "21": [[-15294.404295702083, -6633.026844876585, 1560.0001527571421], [-14424.408215862903, -6282.241935573426, 1560.0], 0, 3, 2], "22": [[-13222.353254262956, -7784.323201324008, 1607.640641747059], [-12408.491437033368, -7364.061985670005, 1560.0], 10, 3, 2], "23": [[-12786.818925033456, -7584.543073114867, 1654.7088127055888], [-11976.811830872206, -7263.429695831692, 1560.0], 11, 3, 2], "24": [[-11880.69366756054, -8106.898388582323, 1560.0001124757578], [-11225.374616661387, -7698.542072843462, 1560.0], 6, 3, 2], "25": [[-11197.6789023092, -8377.527470602337, 1622.7983794553438], [-10374.61862075378, -8043.4893860383345, 1560.0], 44, 3, 2], "26": [[-11407.77583096672, -7477.620204325373, 1559.9999375981188], [-10981.624116736059, -7131.437070568959, 1560.0], 6, 3, 2], "27": [[-11500.552997474217, -9719.37834716651, 1559.9999520765957], [-10721.192113072992, -8906.057790663472, 1560.0], 3, 3, 2], "28": [[-12067.476476450867, -9865.403740280442, 1560.0000657945316], [-11090.355264798223, -9003.99124274818, 1560.0], 3, 3, 2], "29": [[-13361.93674198726, -8645.637626330787, 1560.000151089359], [-12448.37961774275, -7986.1707667641385, 1560.0], 6, 3, 2], "3": [[-6923.11756517288, 10327.389829667203, 1559.9999700194273], [-6371.76825064874, 8663.464237243998, 1560.0], 17, 3, 3], "30": [[-14052.909983567715, -9230.031922394934, 1590.0461035486162], [-12796.553228340375, -8417.74882015385, 1560.0], 16, 3, 2], "31": [[-14782.016555124204, -8433.281807668602, 1560.0001301265625], [-13605.87069111031, -7739.31636922759, 1560.0], 3, 3, 2], "32": [[-11813.113411689737, -11154.974324363131, 1755.7799472558397], [-10468.613120085553, -10030.823881583732, 1630.0], 10, 3, 2], "33": [[-7755.911550777992, -15476.504189548863, 1116.4315789166708], [-7348.923343089754, -12913.56982762504, 1560.0], 19, 3, 2], "34": [[-8100.352082494968, -18136.1897293886, 1548.4274362824858], [-6981.73688805787, -13745.195927230978, 1560.0], 17, 2, 2], "35": [[-9726.993200205661, -16653.39835295905, 1560.000028006296], [-8111.918087918093, -13025.245978290428, 1560.0], 38, 2, 2], "36": [[-11945.955084800777, -13706.711630439757, 1559.9999921128433], [-9433.188405998244, -12282.520540353284, 1560.0], 0, 1, 1], "37": [[-2288.5538967034922, -16144.774496640972, 1618.4316748320682], [-2530.239044590032, -13630.750750741643, 1560.0], 56, 3, 3], "38": [[-2091.5532717411093, -18130.59279848578, 1375.9393596017915], [-2578.952943740432, -14375.811784944954, 1560.0], 76, 3, 3], "39": [[9182.662294156138, -14976.950201168362, 1212.34182875267], [6776.156169789507, -12949.472456935504, 1560.0], 20, 3, 2], "4": [[-8844.329901313758, 8808.211632739987, 1550.1139434454722], [-8287.79002810519, 7347.328764501614, 1560.0], 60, 3, 3], "40": [[8151.586344467336, -15468.014273652952, 1253.5393668655477], [5723.102147342285, -13228.773295883257, 1560.0], 58, 3, 3], "41": [[8127.106512476985, -16384.144414410217, 1385.6334719305949], [6136.922483802894, -14068.797168968773, 1560.0], 12, 3, 3], "42": [[9112.035470310488, -18211.217037588925, 1386.1817326977857], [6432.267421829544, -15088.906603025047, 1560.0], 4, 3, 3], "43": [[13031.339561709372, -15809.5069680046, 1564.759663225794], [11410.684336172673, -14182.69939248291, 1560.0], 12, 3, 3], "44": [[15867.751415156681, -17349.48164100693, 1948.6143031605338], [15741.494985958454, -15974.66945476236, 1560.0], 13, 3, 3], "45": [[14560.578273927333, -18731.078776060665, 1792.9705380523642], [13032.60910123791, -16417.084115210582, 1560.0], 7, 3, 3], "46": [[18730.81049557541, -13980.563845672725, 1559.9997727370728], [18111.258349037118, -13131.585833767533, 1560.0], 48, 3, 3], "47": [[22384.47002089632, -14653.202653840315, 2012.2453570255684], [21775.877887874714, -10945.497702341838, 1560.0], 15, 3, 3], "48": [[12810.12489946778, -10465.25902304627, 1481.2413484117444], [12198.842381201954, -9934.88424865303, 1560.0], 21, 3, 3], "49": [[12763.903769788943, -11460.754009549733, 1466.200514858962], [11731.726689549314, -10759.585364821534, 1560.0], 18, 3, 3], "5": [[-9966.934858849641, 7127.874133742554, 1422.8995391712315], [-9663.477698755843, 5940.215063724873, 1560.0], 19, 3, 3], "50": [[12439.124086108615, -11923.37421381382, 1332.041966098249], [11053.465680248608, -10904.690284406117, 1560.0], 25, 3, 3], "51": [[17102.54823943375, -9925.07740983186, 1560.0003547599372], [16489.3210599215, -9626.590669400774, 1560.0], 11, 3, 3], "52": [[16185.813127860858, -10237.872674811317, 1565.7936152630368], [14972.492596387277, -9704.337081301897, 1560.0], 5, 3, 3], "53": [[15170.880381902025, -10581.416817669235, 1487.7395818360828], [13450.680236930119, -9970.223590719059, 1560.0], 11, 3, 3], "54": [[14384.30801279878, -11611.879944429747, 1559.9999363544177], [13528.718589209004, -10950.659859285113, 1560.0], 16, 3, 3], "55": [[13531.86261933008, -11970.77956041672, 1513.6004705072598], [12116.373960471907, -11152.180576556377, 1560.0], 77, 3, 3], "56": [[15179.531722531117, -11447.456959636414, 1559.999916846011], [13644.036562760339, -10762.009824803425, 1560.0], 46, 3, 3], "57": [[15908.791528655482, -11273.05009875204, 1504.1979909938634], [14427.195442522447, -10600.760481279802, 1560.0], 16, 3, 3], "58": [[-3664.811234228836, 8400.541720534797, 1184.6959855204764], [-4935.497340412919, 6840.096533053423, 1560.0], 36, 3, 3], "59": [[5273.12363347225, 12690.443861768577, 1216.4339874220782], [3265.355455578207, 10403.298562133497, 1560.0], 7, 3, 3], "6": [[-10873.534732339198, 6921.348114329001, 1449.4071645897627], [-10244.688421932435, 5844.6386698627875, 1560.0], 3, 3, 3], "60": [[6388.913841476979, 12172.719040299835, 1190.351139455055], [4124.624085807332, 10041.46831183537, 1560.0], 7, 3, 3], "61": [[7253.392418740221, 10821.21634210292, 1357.6352956360759], [5679.560239550411, 9364.321944832202, 1560.0], 10, 3, 3], "62": [[6830.388375769429, 9471.601700117686, 1390.4469500629673], [5464.419110804506, 8389.320594077832, 1560.0], 36, 3, 3], "63": [[7965.119651955758, 8594.81885901522, 1310.2514684068433], [5958.748740200964, 7365.854967097154, 1560.0], 38, 3, 3],