{"0": [[-7892.231671883367, 12488.034991249542, 1401.4884148414167], [-7443.230481450786, 9392.6571797833, 1560.0], 8, 3, 3], "1": [[-9160.112453397562, 10284.327166906554, 1629.999929676737], [-8318.086743181226, 8244.46357711802, 1630.0], 42, 3, 3], "10": [[-11918.199621586988, 5681.686148044056, 1481.2434639359901], [-11383.104870397125, 4762.71236419932, 1560.0], 72, 3, 3], "11": [[-14343.762134598917, -6578.550931285247, 1567.988694107968], [-13603.81629215076, -6292.055968207649, 1560.0], 31, 3, 2], "12": [[-13466.659595419907, -7954.607985086897, 1559.9997687754608], [-12635.770479589351, -7471.306498808451, 1560.0], 34, 3, 2], "13": [[-12727.574551809766, -7897.916839110563, 1571.0477884660668], [-11976.824760783189, -7485.381942632859, 1560.0], 33, 3, 2], "14": [[-11163.786863628822, -8505.221248351832, 1560.0003450937993], [-10540.233087118506, -8047.1025248133155, 1560.0], 32, 3, 2], "15": [[-12915.206173840166, -8749.964340934055, 1559.9999143096052], [-12092.567263072764, -8099.6251910588235, 1560.0], 8, 3, 2], "16": [[-14130.005514493425, -8984.677519291183, 1530.139532239909], [-13065.827733264976, -8148.326209545423, 1560.0], 11, 3, 2], "17": [[-15139.75623928025, -8610.329216972978, 1560.5032389427965], [-13803.991959393288, -7842.147190415481, 1560.0], 23, 3, 2], "18": [[-2353.952405539593, -16984.885859928363, 1560.000273046454], [-2468.6987366712574, -14077.116178753324, 1560.0], 5, 2, 2], "19": [[9836.825643500124, -19038.736132490234, 1439.8725021651658], [7078.316765896741, -15572.50745130113, 1560.0], 9, 3, 3], "2": [[-9003.044540323537, 8686.803192870926, 1386.0012011061026], [-8838.24552296959, 6980.142077110031, 1560.0], 66, 3, 3], "20": [[13368.242498466725, -16124.672460647123, 1485.4542184920194], [11356.929171465139, -14258.84961309184, 1560.0], 64, 3, 3], "21": [[12978.230898711687, -15046.872510788973, 1571.1730078116298], [11681.041896514715, -13795.194927605038, 1560.0], 57, 3, 3], "22": [[10032.146969132871, -13398.04476129582, 1382.0156886943487], [7814.690366461455, -11921.776616554165, 1560.0], 12, 2, 2], "23": [[17049.924549228523, -10139.511822775812, 1560.0000669598692], [15684.987697403552, -9718.211425357926, 1560.0], 58, 3, 3], "24": [[15539.286355458831, -10734.673563806788, 1462.9549162896128], [14668.6550129239, -10207.200509785216, 1560.0], 41, 3, 3], "25": [[14387.931199707868, -11659.827850551777, 1478.4832220913584], [13528.718589209004, -10950.659859285113, 1560.0], 20, 3, 3], "26": [[12774.167197380497, -11590.679481259625, 1490.0541588601902], [11680.208194503308, -10849.057877605941, 1560.0], 17, 3, 3], "27": [[12840.816329355113, -13515.689742476692, 1559.9999785860964], [11380.495352194785, -12360.7487767435, 1560.0], 17, 3, 3], "28": [[16409.672326093678, -13621.728845897676, 1564.5493268984294], [15890.886004478622, -12808.034911832872, 1560.0], 24, 3, 3], "29": [[15925.569985373984, -12199.950747010796, 1526.4278938332957], [14559.139320173814, -11503.301489042942, 1560.0], 57, 3, 3], "3": [[-10087.96386239263, 7016.260683249528, 1414.4559639080123], [-9766.257801080139, 5843.163514944308, 1560.0], 39, 3, 3], "30": [[558.9683924508536, 11325.470547711418, 1531.747571332567], [206.09864060108663, 9813.118737054054, 1560.0], 7, 3, 3], "31": [[1970.3686563030142, 11730.53269846658, 1514.5630312319363], [971.1633687773731, 9962.271600067957, 1560.0], 18, 3, 3], "32": [[5566.58930691812, 10915.130357231472, 1599.9999065016711], [3835.073884420022, 9330.494709192712, 1600.0], 28, 3, 3], "33": [[7090.5686445687825, 14854.196969403034, 1559.9999455517877], [5615.847666206012, 12473.398902332237, 1560.0], 37, 3, 3], "34": [[10843.887054248513, 8870.90590042968, 1798.8270315598795], [10766.247005936684, 8626.08182603616, 1610.0], 40, 3, 3], "35": [[9644.516836800112, 11338.144924803044, 1589.999946024932], [8442.390416780385, 10005.49474328414, 1590.0], 29, 3, 3], "36": [[11668.599643621563, 9152.705667550468, 1559.9990631454234], [9410.41261802782, 8020.15095557396, 1560.0], 30, 2, 2], "37": [[12008.511731190949, 8137.981439621342, 1639.9999989310052], [10812.074824163476, 7453.684880395212, 1640.0], 3, 2, 2], "38": [[12482.120046404967, 7618.783649581093, 1649.9998438297816], [11702.254638150009, 7139.2656482269, 1650.0], 0, 2, 2], "39": [[13374.999039662536, 7479.533395124848, 1560.0001248409924], [13240.136154760541, 7200.494369559414, 1560.0], 5, 2, 2], "4": [[-10892.245025608916, 8583.83421552769, 1463.5041389579205], [-10182.5828896128, 6831.407813564711, 1560.0], 95, 3, 3], "40": [[13388.068229227569, 9561.971316789, 1559.9997694272788], [12606.022183681584, 8854.682355667132, 1560.0], 2, 2, 2], "41": [[15199.284811841138, 9687.500808981684, 1930.000051884127], [14225.077647145423, 8905.752208500557, 1930.0], 0, 2, 2], "42": [[-12805.752620516943, -17418.495885745535, 1560.000100266146], [-6078.289888641529, -11507.381004292009, 1560.0], 0, 1, 1], "43": [[-8477.461600697268, 16481.81771021391, 1750.0001208529734], [-8364.300090557725, 16359.841482590595, 1750.0], 0, 1, 1], "44": [[-8513.940318770177, 19549.347416664685, 1750.000387770278], [-8311.103147889284, 19182.690604278232, 1750.0], 0, 1, 1], "45": [[7197.48503418928, 15853.664558645794, 1722.1994317826432], [5255.062943250556, 12881.655508778376, 1860.0], 61, 3, 3], "46": [[7941.259252400641, 15807.007260537783, 1746.035455743209], [5871.729452524808, 12764.343356117955, 1880.0], 23, 3, 2], "47": [[7719.884182093257, 20944.834886446683, 1559.9997537197708], [5189.982213446306, 15683.24873893882, 1560.0], 0, 1, 1], "48": [[6968.419266086971, 21377.09734457129, 1559.9995633412345], [4218.488266404737, 15542.287817291144, 1560.0], 0, 1, 1], "49": [[6858.06693200607, 21331.225537879487, 1559.9998413225098], [4231.891919780962, 15621.626521509626, 1560.0], 0, 1, 1], "5": [[-11140.761724392192, 6737.882666980414, 1191.3550429396057], [-11085.575267904247, 5251.399035618644, 1560.0], 91, 3, 3], "6": [[-11404.9994632537, 5355.548233646804, 1260.932839515727], [-11401.494352415648, 4318.223783315167, 1560.0], 112, 3, 3], "7": [[-12803.96308591153, 5102.930451495649, 1560.0000057142595], [-11945.355565639118, 4453.208926643648, 1560.0], 6, 3, 2], "8": [[-14053.783216097137, 4475.43109058818, 1560.000240870508], [-13026.037656817572, 3913.1361574233615, 1560.0], 0, 2, 1], "9": [[-13788.633282326395, 6065.415059609905, 1417.7624202496293], [-12769.187267750372, 4878.00243088829, 1560.0], 19, 2, 2]}