{"0": [[-8351.996266115186, -19825.198118232955, 1559.9998413989886], [-7121.675353366778, -13926.707516498289, 1560.0], 0, 1, 1], "1": [[-8480.40094641414, -18154.603288497416, 1559.9998728766952], [-6773.765440282416, -13979.789573553842, 1560.0], 0, 1, 1], "10": [[-11911.51414706996, -7467.4179214023125, 1417.8979761687779], [-11639.192325440397, -7031.762654578084, 1560.0], 16, 3, 2], "11": [[-12324.266024659366, -6633.246397227096, 1476.5777990769682], [-12030.212851603701, -6352.633617878839, 1560.0], 9, 3, 2], "12": [[-13656.21757520103, -6283.50493846262, 1477.3782131653902], [-13259.828595439452, -6004.955249420185, 1560.0], 10, 3, 2], "13": [[-16646.45565542693, -6003.314044036553, 1559.999887795426], [-15609.922466218157, -5652.971255884318, 1560.0], 0, 2, 1], "14": [[-14639.15426231585, 4959.367144858539, 1889.9999831918246], [-13460.427825992294, 4176.5298364282235, 1890.0], 0, 2, 1], "15": [[-15114.571711953346, 3911.7920435798615, 2692.5039830392907], [-12800.700853099483, 4332.866485469, 1810.0], 114, 2, 2], "16": [[-12037.947838874243, 6566.3480639046975, 1518.7781807853457], [-11380.861356182939, 5407.37509838543, 1650.0], 24, 3, 2], "17": [[-11071.47905746364, 6689.233464624012, 1590.5992048544224], [-10436.488187200168, 5674.631750292016, 1660.0], 7, 3, 2], "18": [[-11431.320640792606, 7436.323593744576, 1689.9997694825997], [-10512.15002042495, 6240.599031073453, 1690.0], 0, 3, 2], "19": [[-11589.075246881433, 7862.951045735309, 1433.8982138576737], [-10836.910488754696, 6300.215339099521, 1590.0], 18, 3, 2], "2": [[-8284.397955576529, -17203.138449408183, 1368.1703808644127], [-7594.451476347522, -13097.856295666097, 1560.0], 13, 2, 2], "20": [[-8050.001171813128, 10037.11748052642, 1462.0156051077063], [-7616.241350920877, 8133.974342430337, 1560.0], 4, 3, 2], "21": [[-8080.001948083919, 11319.473378184583, 1397.2266939984058], [-7806.105762485245, 8675.71001389169, 1560.0], 11, 3, 2], "22": [[-8944.02142861227, 10647.667928187271, 1228.3199961316145], [-8790.450441975087, 8029.7174872701435, 1560.0], 30, 3, 2], "23": [[-9644.496585616449, 11992.481854879667, 1559.9998554155206], [-8532.337689292051, 9108.57636395821, 1560.0], 4, 3, 2], "24": [[-9369.892522916494, 12919.436772630323, 1559.9998741781458], [-8236.527258651531, 9595.830182730253, 1560.0], 6, 3, 2], "25": [[5591.624387714708, 12395.278424672044, 1320.766925181401], [3195.347831885281, 10052.995896948181, 1560.0], 13, 3, 2], "26": [[9428.45847293329, 10428.32518829484, 1588.2310606183862], [8430.662854399348, 9418.537958088638, 1560.0], 93, 3, 3], "27": [[10327.267229023128, 10258.011816401455, 1631.284260637283], [9773.196678697854, 9473.056778340639, 1560.0], 91, 3, 3], "28": [[9332.085541721764, 8771.280635450421, 1559.9998546615732], [9034.504861149291, 8315.515593924902, 1560.0], 42, 2, 2], "29": [[11493.055826220076, 9615.805509903954, 1559.999446775873], [11106.242401490228, 9061.761323307535, 1560.0], 61, 2, 2], "3": [[-8191.6575472040795, -16014.879870772176, 1131.781442168759], [-7584.667228297866, -12995.86260104187, 1560.0], 20, 3, 2], "30": [[10771.13904981865, 7801.72021706893, 1520.1898601273724], [9123.420988293681, 6909.827492157761, 1560.0], 16, 3, 2], "31": [[11714.531243535488, 7937.671846951473, 1559.9994734927793], [10643.839896572455, 7315.6178741561935, 1560.0], 3, 3, 2], "32": [[16205.081365877924, 9184.354661746147, 1559.9998271933598], [16870.89528321671, 9100.483018326846, 1560.0], 108, 2, 2], "33": [[17500.615762575606, 8252.02082973214, 1559.9996901771933], [17917.34087435646, 8089.439505311969, 1560.0], 116, 2, 2], "34": [[13450.250513772207, 7321.73523124222, 1559.9988250990011], [13819.156720744628, 7225.403450845215, 1560.0], 77, 2, 2], "35": [[11474.770996347517, 7260.209823763087, 1530.3754542553356], [9938.025252959598, 6494.385081433107, 1560.0], 13, 3, 2], "36": [[12652.623590399866, 3090.632245610293, 1559.9981532277277], [13083.839177507729, 3108.2139484373374, 1560.0], 73, 2, 2], "37": [[15881.171425642742, -7791.948226597115, 1351.325656720465], [14080.038957777264, -7645.101757854765, 1560.0], 93, 3, 3], "38": [[14245.917526281346, -9297.387086108545, 1308.267742286786], [12212.366187586847, -8783.218026036866, 1560.0], 33, 3, 3], "39": [[21709.880996030257, -11726.242100204316, 1560.0004521192186], [19672.936959054172, -11054.40534602413, 1560.0], 22, 3, 3], "4": [[-10953.728471691615, -12944.792301030147, 1726.7244057959447], [-9576.516658025663, -11124.013590887818, 1670.0], 11, 3, 2], "40": [[12467.819705829796, -10867.748769719115, 1414.4231080022498], [10880.820961630103, -10171.019146467983, 1560.0], 24, 3, 3], "41": [[23000.08758877637, -13941.624788528807, 1942.57407035934], [22222.768913497253, -10366.383623345284, 1560.0], 20, 2, 2], "42": [[22323.591427106534, -14650.087178548394, 1885.4571854151277], [21232.675980599703, -13896.755443337592, 1560.0], 54, 3, 3], "43": [[19648.89607844101, -19202.825998748038, 1560.0002637507437], [18313.993168084355, -15029.435203201212, 1560.0], 0, 3, 1], "44": [[22628.62781205399, -18035.222054636044, 1838.6445236003995], [19847.746900095284, -15805.029957267203, 1760.0], 31, 2, 2], "45": [[15380.960883662441, -14836.549089486576, 1559.999656294071], [13347.300135232543, -13299.132131963892, 1560.0], 13, 3, 3], "46": [[12749.12408461645, -14853.883906067, 1559.9997944750296], [11322.449895413816, -13401.61239369321, 1560.0], 13, 3, 3], "47": [[10078.515791595844, -13315.49276724998, 1364.077821566776], [7435.037483863268, -11727.05831274282, 1560.0], 9, 2, 2], "48": [[11060.56379578415, -16221.94493001202, 1530.6388382035925], [8170.176715301868, -13910.491014282563, 1560.0], 17, 3, 3], "49": [[11309.601518782101, -16819.647238113925, 1507.070300314102], [8859.836157394711, -14485.440228108082, 1560.0], 19, 3, 3], "5": [[-10534.40961726054, -13041.004249374495, 1630.0000377478423], [-9321.477965086538, -11163.737424172185, 1630.0], 8, 3, 2], "50": [[9688.970412124338, -16803.333293874886, 1451.5895612829252], [7336.9394865465, -14431.56066629231, 1560.0], 23, 3, 3], "51": [[6395.230533117483, -18740.182117143613, 1216.9490944771362], [3182.8821833384727, -14911.056413273714, 1560.0], 6, 3, 3], "52": [[11301.558846795913, -22248.01501153607, 1437.0829027548402], [6979.639533021139, -17062.29241793306, 1560.0], 18, 3, 3], "53": [[12810.015407715886, -23903.189720570135, 1535.686107189525], [7883.019561408217, -17896.839305581874, 1560.0], 25, 2, 2], "54": [[7487.605707049282, -23073.36334227824, 1559.9996426010234], [4364.566296826914, -17897.42400228184, 1560.0], 15, 3, 2], "55": [[11074.285861408904, -25438.241076761162, 1560.000013604495], [7082.9865203264635, -18729.221033740425, 1560.0], 9, 2, 2], "56": [[12095.54889114815, -11583.133487289408, 1032.9774929042894], [7719.847977938622, -10217.101246837945, 1560.0], 33, 3, 3], "57": [[-11223.5154197348, -18087.33696768695, 1559.9999031388938], [-5354.2049729635855, -12253.088007857205, 1560.0], 0, 1, 1], "58": [[-11526.879970172135, -17604.088656769938, 1669.9999106021678], [-5698.267362823328, -11909.104569029418, 1670.0], 0, 1, 1], "6": [[-13595.252981973883, -9827.647624398083, 1559.9999201807182], [-12343.481071417667, -8841.843666935423, 1560.0], 7, 3, 2], "62": [[7049.6235959333935, 18605.905704141886, 1749.999870626545], [4145.486824042879, 17339.70885262604, 1750.0], 0, 1, 1], "63": [[-8477.432541440201, -17481.002656285706, 1559.9997989578476], [-3554.283940384714, -14907.945166322386, 1560.0], 0, 1, 1], "7": [[-13218.111913766877, -9467.48134603234, 1516.4328432996317], [-12250.794071585513, -8552.614950184936, 1560.0], 11, 3, 2], "8": [[-15755.888086418967, -7649.666405620698, 1561.8170802538496], [-14538.07851756274, -7063.126749844737, 1560.0], 11, 3, 2], "9": [[-13376.856950847769, -7988.43892231572, 1560.0001640541077], [-12578.758040375275, -7496.80838668558, 1560.0], 5, 3, 2]}