{"0": [[-9088.947413254411, -18074.21196258953, 1560.000144458068], [-7121.675353366778, -13926.707516498289, 1560.0], 0, 1, 1], "1": [[-8552.087864325564, -17779.022990652196, 1559.9999508900783], [-7201.291958484739, -13631.249844938682, 1560.0], 18, 2, 2], "10": [[-13614.562680698198, -5898.508580932179, 1559.9998692251734], [-13154.659317139192, -5699.438772904738, 1560.0], 3, 3, 2], "11": [[-11170.28468496372, 6275.241896712072, 1388.773982115631], [-10821.276501797014, 5181.670608998064, 1560.0], 39, 3, 3], "12": [[-12160.049749617516, 6275.911408855955, 1483.9222172337404], [-11489.209489506307, 5191.800502194046, 1560.0], 65, 3, 3], "13": [[-12751.300142643253, 5573.008817533801, 1219.3468369731315], [-12352.726990164216, 4423.589149127683, 1560.0], 29, 2, 2], "14": [[-13387.02739707678, 5400.755693216383, 1276.2134503885081], [-12800.265531346058, 4289.9361810068785, 1560.0], 33, 2, 2], "15": [[-14370.197652786805, 4926.481852070104, 1295.4995141781724], [-13579.31798770164, 3884.320466375368, 1560.0], 37, 2, 2], "16": [[-15131.90247091925, 6924.921667284342, 1232.0328057908962], [-13626.322298750378, 5120.684490345952, 1560.0], 59, 2, 2], "17": [[-8540.51930149757, 8440.669098793058, 1357.9311351690492], [-8375.631200235071, 6913.581187847398, 1560.0], 21, 3, 3], "18": [[-8393.910242926588, 9527.348226412229, 1416.4787365546076], [-8125.3138482187815, 7654.661483281851, 1560.0], 18, 3, 3], "19": [[-7784.839956927041, 10480.284509433739, 1368.707298951513], [-7585.346865783663, 8280.721182063375, 1560.0], 6, 3, 3], "2": [[-8645.69015418113, -15460.843270446709, 1289.2489049520775], [-7686.222495796151, -12905.993149462642, 1560.0], 61, 3, 2], "20": [[-8614.920968522592, 11321.146441018785, 1388.2462626155393], [-8096.091309753973, 8680.469100937402, 1560.0], 8, 3, 3], "21": [[-7693.501509893531, 13341.786710896693, 1365.3579867271724], [-7357.35346607517, 9759.950124613908, 1560.0], 23, 3, 3], "22": [[7789.589764848509, 15622.736411346386, 1557.2311845591676], [5652.186566989115, 12659.47727971098, 1560.0], 27, 3, 3], "23": [[6645.742124956694, 14275.967716257057, 1514.6047523491416], [5164.074480834904, 11923.602442183166, 1560.0], 9, 3, 2], "24": [[6409.707331365311, 16783.29573427594, 1373.6345926573808], [3748.4494584386694, 12906.524791435173, 1560.0], 23, 3, 3], "25": [[7007.022005956584, 18502.546971983265, 1421.1913676420697], [2436.2729146296206, 12763.579041506211, 1930.0], 100, 3, 3], "26": [[6833.198133323547, 13480.943798332406, 1472.527962686684], [5015.824146842931, 11182.295635081167, 1560.0], 11, 3, 3], "27": [[6184.016317332517, 12506.268308732922, 1499.9544456063572], [4574.467081841544, 10651.447786608118, 1560.0], 25, 3, 3], "28": [[6264.857348565646, 11616.39531472434, 1507.1897435527478], [5138.3426515392275, 10121.093529089178, 1560.0], 6, 3, 3], "29": [[6564.403949922108, 10787.477310430828, 1432.8642338279296], [4957.233266384374, 9267.039347715077, 1560.0], 10, 3, 3], "3": [[-9068.635475557021, -15005.586870499337, 1366.5915749941535], [-8088.478564998579, -12631.414316703753, 1560.0], 14, 3, 2], "30": [[8355.5192608981, 10391.191457496234, 1467.4888152100707], [6716.203121720742, 9010.838944151934, 1560.0], 18, 3, 3], "31": [[9746.37285873299, 10444.815630635983, 1580.0001850604813], [8756.154496917483, 9327.930962042245, 1580.0], 31, 3, 3], "32": [[11819.577233390888, 9831.26226699864, 1750.0001233624714], [10157.690971432623, 8728.514996717362, 1750.0], 2, 2, 2], "33": [[10460.40588974689, 9321.035289364978, 1550.465615079551], [9523.365823931255, 8466.281959755259, 1560.0], 15, 3, 3], "34": [[17277.965013349745, 8973.477158934627, 1909.9999786422447], [16033.546685622494, 8194.610937704465, 1910.0], 1, 2, 2], "35": [[17352.468214477318, 8357.997440306855, 1730.0002525611874], [16211.231254375338, 7775.818162837991, 1730.0], 0, 2, 2], "36": [[13127.292070910613, 6800.29500504937, 1790.0000305423569], [13040.761134883885, 6537.270964660473, 1790.0], 1, 2, 2], "37": [[12084.875848056885, 6899.998059215309, 1559.9999364518335], [11431.873535743332, 6535.633070206737, 1560.0], 34, 3, 3], "38": [[18381.898619441097, 1475.678983435134, 1570.0001340773917], [18243.470361146028, 1331.8794793560496, 1570.0], 0, 2, 1], "39": [[14605.98645600767, 1081.1705341860838, 1560.0000869400699], [15414.42402601486, 1096.2250894968677, 1560.0], 11, 3, 2], "4": [[-7699.276143034271, -14606.463164019686, 1258.596207428689], [-7405.499107109206, -12394.219368988526, 1560.0], 48, 3, 2], "40": [[7639.439409578792, -24571.009431325296, 1560.0005197499008], [4642.08386655579, -18097.94844517877, 1560.0], 2, 2, 2], "41": [[11961.01518045334, -24728.542142158894, 1559.9998330229112], [7478.655376969674, -18328.810601091678, 1560.0], 10, 2, 2], "42": [[7204.730759632331, -19374.255954446613, 1026.7127584211703], [3154.026080796094, -14962.079840877304, 1560.0], 15, 3, 3], "43": [[7078.024446306403, -19304.97866547966, 1290.2761339465235], [4076.3956770449186, -15366.447891053898, 1560.0], 6, 3, 3], "44": [[8953.52222138674, -19558.899916565086, 1617.4236005511723], [6633.641380661819, -16198.754013944685, 1560.0], 15, 3, 3], "45": [[7308.548223091436, -18295.11279462053, 1330.8047840574282], [4727.247266213927, -14971.294351078806, 1560.0], 7, 3, 3], "46": [[8437.462382924276, -17969.08007049063, 1559.7398542291853], [6393.754482925921, -15148.097166723535, 1560.0], 5, 3, 3], "47": [[10800.928121409941, -18057.93232507673, 1559.9999469182774], [8746.565904548333, -15440.366404397413, 1560.0], 9, 3, 3], "48": [[10380.717184191002, -16911.337845481397, 1560.00025815552], [8677.73961889465, -14755.910042113406, 1560.0], 21, 3, 3], "49": [[8337.695876071086, -14967.508602150187, 1315.1484441759408], [5864.803015322933, -12966.086629587924, 1560.0], 5, 3, 3], "5": [[-11625.710571987276, -7908.051293308202, 1560.0000437092224], [-11146.352703033706, -7491.902230671466, 1560.0], 4, 3, 2], "50": [[8245.236424899987, -14747.785328788104, 1188.3269310638022], [5567.380545858578, -12710.137214172, 1560.0], 7, 3, 3], "51": [[10088.81865939219, -13521.010535099227, 1409.6627796738055], [8202.416426804735, -12120.568646531736, 1560.0], 10, 2, 2], "52": [[14452.854007144751, -12511.564790523522, 1560.0000998347687], [13127.977148772223, -11596.188674621131, 1560.0], 6, 2, 2], "53": [[15595.375500256763, -12043.961050640564, 1415.245350431631], [13528.718589209004, -10950.659859285113, 1560.0], 16, 2, 2], "54": [[17162.652178687156, -13061.814816942562, 1560.0001484297654], [19992.144411959805, -10610.356935598169, 1560.0], 0, 3, 1], "55": [[12911.269326841724, -10819.798179455764, 1560.0000993427032], [12042.45825820641, -10213.678017480968, 1560.0], 8, 2, 2], "56": [[12460.781534771688, -11113.582304025462, 1560.0000201390942], [12436.839572331213, -10607.725591659018, 1560.0], 15, 2, 2], "57": [[11757.220705595448, -10992.019648693677, 1559.999971723328], [11352.17668806884, -10372.747660394036, 1560.0], 14, 2, 2], "58": [[12068.293692794503, -9654.924532417388, 1387.2171433992983], [10381.108820174464, -8973.496671726643, 1560.0], 13, 2, 2], "59": [[13812.170273165157, -9789.554648329708, 1443.7028873894646], [12619.046610695194, -9172.368578998095, 1560.0], 18, 2, 2], "6": [[-13066.12276336767, -7094.70866370669, 1560.0000155244843], [-12473.577681764404, -6783.7529380749265, 1560.0], 0, 3, 2], "60": [[14672.30458493818, -9755.035926520628, 1559.9981838138476], [13903.359686761769, -9180.794370799673, 1560.0], 22, 2, 2], "61": [[15460.453372828897, -9758.408567663373, 1560.0006096592892], [15155.834974956397, -9396.786752597545, 1560.0], 8, 2, 2], "62": [[13333.525375515468, -12272.504878072368, 1560.0001044138091], [10353.007191503724, -11128.386445935097, 1560.0], 72, 2, 2], "63": [[-12650.141509906533, -15748.18062362168, 1680.000019259114], [-6459.548043145421, -10144.917090763352, 1680.0], 0, 1, 1], "64": [[-9764.060249336228, -17105.54625747896, 1559.999869659165], [-4887.492526118601, -12473.08048840444, 1560.0], 0, 1, 1],