{"0": [[-9411.939626533762, -17584.9126004528, 1559.99996460915], [-7836.17530453474, -13483.457751771663, 1560.0], 0, 1, 1], "1": [[-8125.819267368772, -16873.804808117184, 1559.999942678676], [-7222.309749084326, -13814.084370249673, 1560.0], 0, 1, 1], "10": [[-12815.181476882532, -9606.514625052065, 1560.1684794123162], [-11762.482566011495, -8778.540041016662, 1560.0], 13, 3, 2], "11": [[-12204.927653340172, -9806.082989492932, 1672.5468155381639], [-11090.094427224874, -9034.135167804665, 1560.0], 10, 3, 2], "12": [[-11418.043154506227, -9563.214822353926, 1560.0000389400489], [-10642.449831684202, -8814.558669122565, 1560.0], 3, 3, 2], "13": [[-10838.43757983839, -9464.977455881388, 1560.0003287669797], [-10151.9780074693, -8771.029315309823, 1560.0], 1, 3, 2], "14": [[-11003.300318793854, -7687.869460889625, 1559.9999814120476], [-10591.174193312154, -7344.090689490622, 1560.0], 5, 3, 2], "15": [[-11952.324454152282, -7337.7310805994575, 1531.0621412423438], [-11568.390490784284, -6989.830980310906, 1560.0], 11, 3, 2], "16": [[-12598.344555252452, -7449.149332540458, 1559.9998638980173], [-11975.993330845899, -7102.685592639895, 1560.0], 14, 3, 2], "17": [[-14216.97745310342, -6058.798165923725, 1559.417445629178], [-13663.389674905045, -5807.777696880385, 1560.0], 11, 3, 2], "18": [[-14006.428300030855, -8011.09037374591, 1560.000162422331], [-13113.984308132209, -7448.122467994512, 1560.0], 10, 3, 2], "19": [[-14446.370439400172, -7514.997372390385, 1559.9998993234133], [-13569.97543657103, -7049.092507713449, 1560.0], 7, 3, 2], "2": [[-9587.748766587876, -16901.89832617883, 1559.9999459354913], [-8114.251317109986, -13071.71050145725, 1560.0], 10, 2, 2], "20": [[-14993.099119845761, -6375.237460635171, 1571.5236084136016], [-14193.219107566041, -6090.711285206245, 1560.0], 11, 3, 2], "21": [[-11807.422422064943, 4661.79605447559, 1512.2933112812518], [-11453.531629225738, 4033.830142347646, 1560.0], 113, 3, 3], "22": [[-11397.696450218999, 5595.031356094194, 1435.7280795171382], [-11129.070215817248, 4681.459779778203, 1560.0], 79, 3, 3], "23": [[-11237.225838677427, 6089.250108457949, 1522.9275897035786], [-10667.243063403988, 5229.36140540156, 1560.0], 13, 3, 2], "24": [[-12410.31223304468, 6283.225070748656, 1292.8976111483091], [-11888.368775764611, 5021.893215076491, 1560.0], 63, 2, 2], "25": [[-13293.766326903593, 6452.542766231212, 1337.6778821529215], [-12419.147393254421, 5102.487358240627, 1560.0], 54, 2, 2], "26": [[-13280.709977339708, 7502.012779806963, 1384.9819538109489], [-12137.107592830062, 5848.951063969954, 1560.0], 26, 2, 2], "27": [[-13263.50976543411, 5866.735365623829, 493.9972561102549], [-13430.305912249552, 3974.2286369858593, 1560.0], 14, 2, 2], "28": [[-11470.080755439609, 6868.295661043406, 1609.262269864529], [-10773.717478488983, 5735.579370203025, 1650.0], 16, 3, 2], "29": [[-8881.321893612934, 8633.805511525321, 1464.4362622826031], [-8590.63725799042, 7077.7743520282875, 1590.0], 10, 3, 2], "3": [[-8483.354199973039, -17036.844512847605, 1559.9998792658803], [-7386.993449849874, -13253.738529173661, 1560.0], 11, 2, 2], "30": [[-10391.600164594563, 8529.187633622709, 1599.999977896187], [-9587.20574651058, 7020.515086548974, 1600.0], 8, 3, 2], "31": [[-7793.291966055926, 9732.093799045751, 1579.651412237412], [-7286.280041648083, 8103.917719953242, 1610.0], 76, 3, 3], "32": [[-7128.907783815033, 11207.917130342057, 1442.117448268929], [-7046.026438213255, 8789.023414098927, 1560.0], 18, 3, 2], "33": [[-8705.548480041121, 11257.374979815557, 1353.990720571741], [-8414.232196599773, 8505.559155787329, 1560.0], 37, 3, 2], "34": [[-8300.008384864963, 11762.751162154564, 1321.5048163224317], [-7962.708684060448, 8846.952650488662, 1560.0], 10, 3, 2], "35": [[-8235.961097501973, 13239.16000645966, 1367.873149833628], [-7667.771707117532, 9690.020259850484, 1560.0], 5, 3, 2], "36": [[-8574.489429444016, -17914.986984551935, 1560.0001492421527], [-3884.0473974352153, -14268.03840198609, 1560.0], 0, 1, 1], "37": [[-8193.61616350927, -18195.82769321933, 1560.000158504721], [-3411.411925863146, -15093.90097371808, 1560.0], 0, 1, 1], "38": [[-10852.738528731415, -19046.414320619664, 1560.0001094017543], [-4630.864409643536, -13488.569912130577, 1560.0], 0, 1, 1], "39": [[-11094.201593515245, -18557.10547792088, 1560.0001973294236], [-4970.8283667877595, -13065.972584906836, 1560.0], 0, 1, 1], "4": [[-9432.776022218524, -16204.700791248964, 1559.9986364543383], [-8099.770597451079, -12808.520529404655, 1560.0], 20, 2, 2], "40": [[9953.775564402224, -19344.891957964464, 1560.0000883942237], [7745.765359057052, -16071.47653931704, 1560.0], 2, 3, 3], "41": [[10550.436387641508, -17678.158423957826, 1596.2984082044388], [8362.569374222197, -15213.824192914271, 1560.0], 31, 3, 3], "42": [[10502.489684376782, -17233.05801548665, 1540.7182275829853], [7743.536350589426, -14580.296553085063, 1560.0], 5, 3, 3], "43": [[7755.821214821527, -17287.818086823456, 1296.1875171840509], [5064.296377047933, -14402.402140487462, 1560.0], 3, 3, 3], "44": [[8276.319567379604, -16462.201018518568, 1347.7445020868784], [5768.300537827332, -13932.84307909088, 1560.0], 7, 3, 3], "45": [[8128.037072723382, -16011.805069153092, 1386.9301589073434], [5876.114619432645, -13744.138712460071, 1560.0], 15, 3, 3], "46": [[7646.245315594452, -15124.795075613118, 1167.0661891824816], [5040.502006018763, -12915.993819283995, 1560.0], 6, 3, 3], "47": [[10044.177831210623, -13300.211757173203, 1293.8381077350157], [7435.037483863268, -11727.05831274282, 1560.0], 9, 2, 2], "48": [[12180.659561525192, -11316.882465355242, 1560.0002323829342], [11202.487157661399, -10640.611132760985, 1560.0], 1, 3, 3], "49": [[13405.796111728268, -11244.737901760882, 1529.2790030322694], [12436.839572331213, -10607.725591659018, 1560.0], 11, 3, 3], "5": [[-7921.577383303322, -16073.024327056526, 1356.5136152437215], [-7582.139057034948, -12969.9674375449, 1560.0], 40, 3, 2], "50": [[14037.8875300241, -9730.99454487192, 1199.1088061185492], [10426.974221219227, -8881.769778499682, 1560.0], 15, 3, 3], "51": [[16604.912219717353, -9528.36638276055, 1520.6920352863763], [15278.48409874435, -9189.31984248408, 1560.0], 13, 3, 3], "52": [[15414.789252617282, -10721.488991529786, 1412.4544750067766], [13394.44924935175, -10066.83921495945, 1560.0], 33, 3, 3], "53": [[14789.72694826075, -12589.880492304028, 1559.9999347255962], [9726.080808579187, -11258.916375850113, 1560.0], 18, 3, 2], "54": [[15165.150145328182, -12315.95743680024, 1375.3480866234959], [11003.942501148065, -10991.876557138596, 1560.0], 72, 3, 3], "55": [[16301.253097821704, -12781.53162797393, 1500.0449168294379], [12561.00825668362, -11461.254108405084, 1560.0], 31, 3, 3], "56": [[17868.471571027054, -11799.829236506246, 1559.9998849132676], [14374.63829379727, -11785.176902788418, 1560.0], 15, 3, 2], "57": [[17781.875266772484, -11942.345549769334, 1694.6043415875365], [16238.298011045312, -11201.73113591021, 1560.0], 18, 3, 2], "58": [[22326.97658247943, -8212.248865141593, 1615.1762551486781], [21536.748994933343, -6566.902526100945, 1560.0], 12, 2, 2], "59": [[20367.11999610532, -11865.520674215715, 1649.9995036043242], [19031.109524847656, -11052.345489108533, 1650.0], 5, 2, 2], "6": [[-7879.650304357346, -15334.880559491065, 1230.5981563478724], [-7549.262465346279, -12646.96313389505, 1560.0], 31, 3, 2], "60": [[22254.808508072936, -10664.628931604639, 1560.0005358439382], [21182.724576409684, -8920.950081422403, 1560.0], 4, 2, 2], "61": [[14445.340998111822, -2498.9391317520763, 1608.9404654415016], [15154.371530849925, -2693.1687557728637, 1560.0], 48, 3, 3], "62": [[15768.058623418618, -880.489051368018, 1599.27255023762], [16492.664484787707, -1204.7990424024485, 1560.0], 55, 3, 3], "63": [[13163.554736696587, 1371.4907067622871, 1718.4460218430356], [14035.548048212404, 1215.3971687972837, 1590.0], 34, 3, 3],