{"0": [[-9289.180391326141, -17378.037368125817, 1560.0001044721141], [-7736.5464674652385, -13526.076697111124, 1560.0], 0, 1, 1], "1": [[-8509.999278675841, -16932.82253663623, 1560.0000596455595], [-7384.262505550855, -13228.54168830179, 1560.0], 9, 2, 2], "10": [[-11996.056291283541, -11754.84912377926, 1560.0000442637493], [-10709.918535723393, -10232.697828205726, 1560.0], 10, 3, 2], "11": [[-12872.34729865976, -9532.923351300953, 1559.9999866065264], [-11889.916779838552, -8684.90375738689, 1560.0], 0, 3, 2], "12": [[-12155.015639432853, -9834.92771330157, 1650.7075856575873], [-11018.444749280266, -9070.214239309787, 1560.0], 14, 3, 2], "13": [[-11534.010711057615, -9615.787240213855, 1540.0056607679398], [-10796.20949335762, -8806.517357028086, 1560.0], 10, 3, 2], "14": [[-10930.12024783823, -9554.433775233785, 1560.0001491492226], [-10238.828591544518, -8834.627211084506, 1560.0], 5, 3, 2], "15": [[-10953.69269948321, -7727.6128574753675, 1559.9999327691687], [-10427.273523620426, -7403.125326308676, 1560.0], 8, 3, 2], "16": [[-11964.175724732278, -7211.079975396059, 1559.9997996288278], [-11495.501331905532, -6912.996172183479, 1560.0], 4, 3, 2], "17": [[-12493.750960206648, -7396.482850781667, 1559.9999703732176], [-11844.174589861483, -7088.104363788878, 1560.0], 12, 3, 2], "18": [[-14172.475396146505, -6341.083192775796, 1559.9998755353774], [-13561.257004259089, -6077.541069668021, 1560.0], 2, 3, 2], "19": [[-15010.56238150217, -6367.875863425207, 1560.0000274779202], [-14235.673219519103, -6074.011095482823, 1560.0], 7, 3, 2], "2": [[-8255.038274650744, -15765.02865014814, 1143.7525019516809], [-7686.222495796151, -12905.993149462642, 1560.0], 108, 3, 2], "20": [[-11749.124507454908, 4592.381844962272, 1482.528549370366], [-11401.42074290776, 3947.528919636709, 1560.0], 79, 3, 3], "21": [[-11350.571749953147, 5587.32740523442, 1533.1411949114622], [-10894.041222314945, 4805.828592286983, 1560.0], 54, 3, 3], "22": [[-11008.826931515126, 6409.5499745705, 1436.4786871764104], [-10650.649682795887, 5313.623961594019, 1560.0], 50, 3, 3], "23": [[-11289.165750059594, 7040.609275172861, 1560.0000350443986], [-10522.717101032205, 5941.138074393762, 1560.0], 21, 3, 3], "24": [[-12363.39321567553, 6355.524170792435, 1227.3946825694982], [-11954.889315107544, 4982.1033242767435, 1560.0], 79, 2, 2], "25": [[-13188.217781097035, 6562.395524154535, 1236.3809255638494], [-12479.073201494399, 5064.15328151623, 1560.0], 37, 2, 2], "26": [[-13327.273405182676, 5748.127309475173, 474.3266078348732], [-13544.1375539221, 3848.6113419281774, 1560.0], 53, 2, 2], "27": [[-8756.09646856513, 8676.680129865797, 1423.759443776995], [-8537.74236720614, 7074.332228454049, 1560.0], 32, 3, 3], "28": [[-7672.650941624422, 9682.667543933487, 1467.880940014406], [-7454.06336837711, 7884.038539022926, 1560.0], 19, 3, 2], "29": [[-7255.967296438828, 10181.189216779574, 1335.200522983668], [-7308.846343168783, 8058.848244449975, 1560.0], 13, 3, 3], "3": [[-8337.762732022897, -15438.658471327908, 1256.8395318561938], [-7775.304193920637, -12684.808161419884, 1560.0], 21, 3, 2], "30": [[-7080.932838661368, 11178.991363534546, 1306.4767275550334], [-7194.246774671487, 8609.78540505818, 1560.0], 13, 3, 3], "31": [[-8579.368838045579, 11394.575194819205, 1326.9349230344958], [-8316.527478008034, 8533.19275691871, 1560.0], 42, 3, 3], "32": [[-8262.967587827969, 12008.325510393346, 1316.5098843895366], [-7931.260252031937, 8983.375642619661, 1560.0], 17, 3, 3], "33": [[-8361.846693279214, 13280.065919648943, 1354.61269446931], [-7884.807385225393, 9571.710059892768, 1560.0], 24, 3, 3], "34": [[7339.107022878125, 16318.147791063013, 1752.482329802019], [3810.674811151244, 12369.205627076637, 1950.0], 30, 2, 2], "35": [[6455.343971894113, 10771.62306965664, 1483.651389771945], [4608.68038360827, 9219.906004193781, 1560.0], 21, 2, 2], "36": [[6400.444017429346, 11848.63051966708, 1789.9994705764439], [4997.898071952233, 10267.236101056726, 1790.0], 6, 2, 2], "37": [[5919.335892787135, 12697.12099106036, 1559.9994455093608], [4630.388381181925, 10927.29491709712, 1560.0], 6, 2, 2], "38": [[5608.653499360979, 12830.87760993642, 1375.828064967683], [3282.7434744002767, 10490.737554311458, 1560.0], 26, 2, 2], "39": [[7025.50276053791, 14761.648931853582, 1313.7112274511876], [4134.93198887714, 11685.36263598758, 1560.0], 20, 2, 2], "4": [[-7350.490098100685, -14418.80974014752, 1193.4489212939934], [-6818.122611735553, -12598.959360868967, 1560.0], 62, 3, 2], "40": [[6157.398914072532, 13756.343468906016, 1553.7381139581062], [4416.808997401815, 11492.876739775365, 1560.0], 24, 2, 2], "41": [[7290.796252407481, 9814.716652643283, 1466.662684645011], [5507.852672724077, 8584.27526266096, 1560.0], 17, 2, 2], "42": [[9262.78764219529, 11042.262999188799, 1559.999912557934], [8119.794908407055, 9894.683618490297, 1560.0], 3, 2, 2], "43": [[9629.884178320162, 10545.655513933987, 1620.1750347188847], [8901.170593466184, 9581.5985526957, 1560.0], 49, 3, 3], "44": [[9158.223979731389, 10013.465224143281, 1559.9995047874145], [7454.1868403802455, 8792.41568606499, 1560.0], 31, 3, 3], "45": [[9443.300528128517, 8924.27398762692, 1559.9998007960048], [8096.356565837671, 8026.0629116141645, 1560.0], 9, 3, 3], "46": [[10601.528262056067, 9767.610034133088, 1763.2199957191606], [9829.449732848398, 9064.596137817158, 1630.0], 16, 3, 3], "47": [[11728.271517392977, 7630.14064277219, 1600.000072397167], [10851.56914794063, 6931.401859333686, 1600.0], 18, 3, 3], "48": [[12842.76900113028, 7497.452214416111, 1610.0000511165], [12416.47691573365, 7102.430592176849, 1610.0], 0, 2, 2], "49": [[13854.599828413562, 6822.7733657253375, 1559.9996827330087], [13018.46723108302, 6455.583126436424, 1560.0], 14, 2, 2], "5": [[-7473.9184906633145, -14479.063658216384, 1560.000137884804], [-6644.297249225383, -12317.0957799559, 1560.0], 32, 3, 2], "50": [[14809.080026543186, 6717.586742128936, 1560.000387388123], [14139.32351746441, 6354.864422407035, 1560.0], 2, 2, 2], "51": [[15764.760396781217, 7124.885461597192, 1739.9999647762459], [15152.221405989629, 6668.391180282418, 1740.0], 0, 2, 2], "52": [[14674.000172596005, 7755.676060117013, 1559.9995336772292], [15151.010449648496, 7669.751507890962, 1560.0], 86, 2, 2], "53": [[14873.234335103434, 8755.537192590147, 1730.000187835052], [14472.425574563684, 8304.783244399368, 1730.0], 8, 2, 2], "54": [[17659.634484046313, 9406.90950897641, 1789.999816302295], [16154.466917413249, 8617.878134988045, 1790.0], 0, 2, 2], "55": [[16095.80724926954, 8727.937654948128, 1949.9998860672881], [14432.317362900862, 7898.713010647859, 1950.0], 7, 2, 2], "56": [[14980.230305520501, 7870.866761967501, 1760.0002358109618], [15372.914406018532, 7689.070545599579, 1760.0], 21, 2, 2], "57": [[15438.524866134963, 1136.4290200212113, 1649.9998825071575], [15585.053576303142, 1101.1612737994644, 1650.0], 8, 2, 2], "58": [[13702.180052912983, 1359.3648258574408, 1641.842513800309], [14199.05221401598, 1233.2543841887568, 1560.0], 12, 3, 3], "59": [[10157.332549394245, -18842.9548965502, 1559.999924767377], [7514.917043722837, -15671.926309840635, 1560.0], 0, 3, 3], "6": [[-10229.946373688217, -15349.017082723714, 1560.0000187035064], [-8754.929621519774, -12347.06154853085, 1560.0], 13, 2, 2], "60": [[12469.607415321057, -18126.465375922748, 1632.142316568546], [9884.941227232026, -15448.182848663604, 1560.0], 5, 3, 3], "61": [[12623.321749080416, -17337.431448333027, 1560.0000293543244], [10236.781653560378, -14968.407267850669, 1560.0], 3, 3, 3], "62": [[27298.428283664547, -22443.104886718244, 1749.999886384069], [14712.693108046882, -8172.879033660452, 1750.0], 0, 1, 1], "63": [[7825.934846833134, -17306.253921981937, 1283.483795273564], [4755.920219638871, -14209.959863722755, 1560.0], 7, 2, 2], "64": [[8314.038164268326, -16476.674023190946, 1293.9561855610827], [5768.300537827332, -13932.84307909088, 1560.0], 10, 2, 2],