{"0": [[-8041.203732830018, -15221.83488617772, 1560.0001646142916], [-7126.84562006851, -13970.04553433444, 1560.0], 0, 1, 1], "1": [[-10492.154000788325, -16602.866565609656, 1559.9999110195506], [-8759.079561632561, -12723.520224058293, 1560.0], 0, 1, 1], "10": [[-12098.517072161081, -9845.610325940514, 1606.4571773167054], [-11018.444749280266, -9070.214239309787, 1560.0], 40, 3, 2], "11": [[-11105.95359325518, -8099.091916909954, 1559.9998808505509], [-10526.991837721118, -7731.997109406356, 1560.0], 6, 3, 2], "12": [[-11887.16387551717, -7361.645124842529, 1560.0001266811746], [-11283.03884116622, -7093.709815329352, 1560.0], 22, 3, 2], "13": [[-12626.351900125332, -7343.5545124175405, 1519.7993662233766], [-12167.180981458152, -6964.37193261315, 1560.0], 10, 3, 2], "14": [[-14000.496830863078, -6433.028987037678, 1540.2726679550674], [-13411.19293068594, -6161.166984974558, 1560.0], 12, 3, 2], "15": [[-14814.553594203771, -5941.165846543356, 1559.9999052121716], [-14166.651376411617, -5691.584117284517, 1560.0], 0, 3, 2], "16": [[-12982.977473622037, 5057.469153090471, 1298.7226600222323], [-12526.881695524045, 4098.193294207623, 1560.0], 38, 2, 2], "17": [[-11816.809146345848, 5613.173749133379, 1496.237655179822], [-11249.911638379092, 4763.297369962824, 1560.0], 86, 3, 3], "18": [[-10993.438821868198, 6335.992271101204, 1451.6372396984402], [-10576.295715083983, 5317.207075639945, 1560.0], 66, 3, 3], "19": [[-8772.82159827875, 8259.879615739166, 1397.570915570138], [-8703.14239073137, 6727.275482421453, 1560.0], 46, 3, 3], "2": [[-12548.010335238421, -15754.386097568344, 1610.000121948769], [-10140.399721657695, -11850.575343661267, 1610.0], 0, 1, 1], "20": [[-7795.980326357048, 10376.49560910689, 1402.5096198440424], [-7595.661660594037, 8231.877953149067, 1560.0], 16, 3, 3], "21": [[-10661.62169173819, 11464.558522570418, 1559.9998493272387], [-9360.617073021658, 8673.489876534073, 1560.0], 32, 3, 3], "22": [[-10269.687977975447, 12779.30749190722, 1560.000024642226], [-7168.317376222656, 10480.42692102771, 1560.0], 75, 2, 2], "23": [[5557.507736373949, 12946.871208795881, 1398.2572626602637], [3634.4516291073173, 10728.886390141239, 1560.0], 18, 3, 3], "24": [[6641.380468361173, 12747.359632253674, 1483.7113692251612], [4198.960914912718, 10405.661221729022, 1560.0], 37, 3, 3], "25": [[6630.570806553853, 12068.929406306812, 1570.175479143023], [5929.018546015563, 10707.334689411764, 1570.0], 6, 3, 3], "26": [[7721.590664078286, 9999.50068621834, 1440.9756526803346], [5103.635787795141, 8352.779090460013, 1560.0], 41, 3, 3], "27": [[11048.279839970242, 9700.43339120689, 1560.0000648355117], [10602.40659024324, 9011.054001265695, 1560.0], 10, 2, 2], "28": [[10273.3848366255, 9784.189568696425, 1282.6038547973824], [7772.943023526632, 8414.337078077144, 1560.0], 20, 2, 2], "29": [[9399.901537714548, 11073.399543786532, 1720.0001096717035], [8304.644109626757, 9926.602751800976, 1720.0], 0, 2, 2], "3": [[-7591.994667461858, -14994.102819274824, 919.3116175157577], [-7200.9896871202955, -12669.594720105619, 1560.0], 80, 3, 2], "30": [[12757.077487102471, 7314.846958388841, 1629.999834262349], [12276.738052501469, 6951.596012842043, 1630.0], 0, 2, 2], "31": [[13740.455459110077, 1471.809980284743, 1569.8147620121986], [14245.251049124397, 1356.9534517842033, 1560.0], 25, 3, 3], "32": [[14503.670577985667, 7186.102712738427, 1660.0001380782726], [13751.176311081234, 6723.0311953304945, 1660.0], 0, 2, 2], "33": [[14686.717752938606, 7699.90254013101, 1919.9998656704602], [14405.061485405677, 7304.831998662341, 1920.0], 2, 2, 2], "34": [[15640.115833266025, 6999.414676165804, 1950.0003791634228], [15315.522248249315, 6669.7875030839205, 1950.0], 2, 2, 2], "35": [[11925.630542523715, 7977.040521041232, 1610.0001578181161], [10397.643080012222, 7240.843697830007, 1610.0], 18, 2, 2], "36": [[15028.800163918777, 8877.987409473139, 1580.0000820775842], [14653.49996399309, 8380.675419300755, 1580.0], 6, 2, 2], "37": [[14163.39300059851, -8355.109714219969, 1389.049487878406], [12060.333173970786, -7909.941879374226, 1560.0], 11, 3, 3], "38": [[16588.672177962784, -9381.883404888431, 1559.999845320038], [16687.87604539206, -9305.889946610043, 1560.0], 39, 3, 3], "39": [[15324.042937612494, -10782.968156709916, 1437.3093230195534], [13394.44924935175, -10066.83921495945, 1560.0], 35, 3, 3], "4": [[-4369.1063645011645, -15460.292510196918, 1739.8011924709335], [-4019.156744746205, -13237.38224856093, 1560.0], 77, 3, 3], "40": [[13170.255778411693, -11490.193186606057, 1308.9856726351454], [10687.892192595971, -10524.886404199333, 1560.0], 6, 3, 3], "41": [[15672.528678507806, -12489.798138982324, 1553.1509526288614], [13830.096282233319, -11550.848508285844, 1560.0], 36, 3, 3], "42": [[15242.191379506143, -12667.144626621746, 1499.5406957926432], [12561.00825668362, -11461.254108405084, 1560.0], 17, 3, 3], "43": [[9904.072515556898, -13401.061184019127, 1436.2307027001877], [8684.987957365223, -12170.790172222674, 1560.0], 27, 2, 2], "44": [[11058.50699436619, -17022.29571752278, 1632.8965432960952], [9619.583480188458, -15009.902683543269, 1560.0], 18, 3, 3], "45": [[8547.266040687893, -14814.374843679583, 1191.4863220647171], [5567.380545858578, -12710.137214172, 1560.0], 13, 3, 3], "46": [[7881.389453520434, -17337.236526805584, 1281.7300321462926], [5098.372888049326, -14343.67018129466, 1560.0], 8, 3, 3], "47": [[10483.709053114804, -21742.326060788808, 1491.3698897596048], [7844.941949500406, -17306.000601022177, 1560.0], 26, 3, 3], "48": [[11015.612541577955, -24854.702175357404, 1560.0000949276941], [6885.124241270087, -18372.648132740094, 1560.0], 8, 2, 2], "49": [[11929.19602451475, -27031.711763453273, 1559.9999176006547], [7146.527656177497, -19205.658492833154, 1560.0], 8, 2, 2], "5": [[-8913.441942358691, -19262.843104220006, 1560.0002792620926], [-4374.022368977414, -13516.304874256779, 1560.0], 0, 1, 1], "50": [[21982.23606072766, -8203.932470364427, 1597.0289205995098], [21305.172438183956, -6602.561768596898, 1560.0], 18, 2, 2], "51": [[21780.122525215942, -11691.150436132226, 1559.997452216539], [20545.569611328647, -10189.421586389239, 1560.0], 13, 2, 2], "52": [[21545.052206651926, -11102.32096287322, 1560.000437176491], [20647.940336051794, -9415.688451087186, 1560.0], 2, 2, 2], "53": [[20564.651438143923, -12673.927207682267, 1560.0002143357367], [19700.563822940967, -11039.681105463376, 1560.0], 8, 2, 2], "54": [[23434.30764620277, -14986.410182941143, 2035.2852476758999], [22513.920790723223, -10918.85346582962, 1560.0], 17, 2, 2], "56": [[-381.38970972397135, -16117.423549838946, 1674.9044655268742], [-695.1854395400001, -13862.603971667613, 1560.0], 35, 3, 3], "57": [[-8432.444263155536, 14655.271125673462, 1560.0002214496712], [-6624.805698378809, 14135.579022131195, 1560.0], 9, 2, 2], "58": [[-8713.063801287353, 16455.306720532353, 1560.0003315691913], [-6670.00622212354, 15105.154014264042, 1560.0], 10, 2, 2], "59": [[-8361.903981688465, 22324.068287004557, 1750.0001191058964], [-8014.662569274355, 21528.150262485982, 1750.0], 0, 1, 1], "6": [[-11141.987399896369, -18008.29619967346, 1609.999618749091], [-5310.464828650717, -12352.75441751731, 1610.0], 0, 1, 1], "60": [[-8209.167752810474, 21284.719000521443, 1749.9999847812671], [-7969.853445436308, 20728.605884850716, 1750.0], 0, 1, 1], "61": [[-8580.343664366814, 21226.74823880197, 1749.9998415427385], [-8275.330044058943, 20626.066688989973, 1750.0], 0, 1, 1], "62": [[7834.633697553128, 12723.799444229568, 1750.0001265559476], [5333.725467392118, 12911.87404282546, 1750.0], 0, 1, 1], "63": [[5907.86895215757, 17373.66496346334, 1727.440989484865], [3468.224921753534, 13330.998867716857, 1920.0], 57, 3, 3], "64": [[7300.6901674054, 21186.018971882117, 1560.0002216149542], [4521.058519583714, 15508.036807735352, 1560.0], 0, 1, 1], "65": [[7382.919544233563, 21137.026253119493, 1559.999966620411], [4872.361740509413, 15717.766921210909, 1560.0], 0, 1, 1],