{"0": [[-7928.077636194019, 12671.776409236027, 1438.7561732065453], [-7530.435294212226, 9448.989931376364, 1560.0], 33, 3, 3], "1": [[-8588.039329636045, 11977.57675509594, 1243.5803700735337], [-8352.11072091594, 8771.322737281009, 1560.0], 10, 3, 3], "10": [[-15062.71105440465, -6996.378754156125, 1560.0001020922348], [-14163.547611997066, -6599.290867169215, 1560.0], 7, 3, 2], "11": [[-13390.536737144832, -7790.42970229421, 1560.334449273498], [-12582.719566261954, -7348.598322565228, 1560.0], 10, 3, 2], "12": [[-12908.292034309143, -7874.376385700947, 1559.999962532771], [-12227.644793486234, -7410.660494422301, 1560.0], 1, 3, 2], "13": [[-12217.468272322443, -8200.341593680858, 1451.5362123745153], [-11714.90396489424, -7659.038192232096, 1560.0], 15, 3, 2], "14": [[-11081.559922901091, -8600.480597860864, 1490.9890159946194], [-10621.32059547381, -8048.803494888217, 1560.0], 14, 3, 2], "15": [[-11537.454367200877, -9374.585321255981, 1560.0003249699746], [-10718.272919633102, -8714.170784630414, 1560.0], 23, 3, 2], "16": [[-10353.44977049071, -10432.344446368266, 1560.0003256075308], [-9567.603134908357, -9523.318648684919, 1560.0], 12, 3, 2], "17": [[-15160.279814677515, -8538.91758468521, 1573.9576400794522], [-13849.985971425302, -7794.026045249088, 1560.0], 16, 3, 2], "18": [[-13269.79758288612, -10647.781299758799, 1646.195516292077], [-11783.754316688808, -9510.201398653968, 1560.0], 11, 3, 2], "19": [[-12322.010458339772, -13124.267664445728, 1559.9999843861167], [-10671.938566131223, -10951.526289495085, 1560.0], 1, 3, 2], "2": [[-9273.419327488746, 10442.249024874782, 1650.0000323788652], [-8527.421265173445, 8293.577900325998, 1650.0], 41, 3, 3], "20": [[-11705.370193997856, -13745.178396193163, 1654.6049726803633], [-9929.363125662707, -11488.133183954313, 1560.0], 23, 2, 2], "21": [[-10888.207724319465, -14735.816331502543, 1560.0000890667734], [-9278.664625825922, -11993.347319428238, 1560.0], 12, 2, 2], "22": [[-12908.139921868362, -13361.770595062986, 1560.000032018652], [-11050.074938955462, -10970.989378267926, 1560.0], 1, 2, 2], "23": [[-8405.670282318299, -17872.473573477615, 1560.0000178229927], [-7198.511904709628, -13607.63298341673, 1560.0], 14, 2, 2], "24": [[-9889.75874029001, -17732.420210620934, 1599.9997422517667], [-5064.560070849377, -12363.547827467926, 1600.0], 0, 1, 1], "25": [[-13193.829563351268, -16982.428648996647, 1650.0002692321382], [-6322.318542990982, -10746.369158787622, 1650.0], 0, 1, 1], "26": [[-10375.514907756387, -17932.275888666783, 1560.0000410042198], [-5189.5030113569965, -12489.801545621303, 1560.0], 0, 1, 1], "27": [[7476.81099357484, -18865.537806059994, 1389.340972360937], [4928.248294625777, -15331.269352755651, 1560.0], 9, 3, 3], "28": [[8828.79411478264, -16490.860493571137, 1520.551551311888], [6940.033881836495, -14286.310135415464, 1560.0], 11, 3, 3], "29": [[12871.89069522132, -18881.656435317735, 1567.2866219836246], [10099.152674832929, -15953.399775029617, 1560.0], 5, 3, 3], "3": [[-8909.524248791848, 9040.633951968066, 1497.101027718067], [-8459.600440484095, 7452.329799090296, 1560.0], 67, 3, 3], "30": [[13244.69725102435, -16759.45193582572, 1631.7595322098448], [11544.38599285938, -14876.792814866647, 1560.0], 5, 3, 3], "31": [[15675.561354003283, -18533.994741842525, 1765.7993253625484], [14500.922464595313, -16460.915204212586, 1560.0], 50, 3, 3], "32": [[17952.734767462185, -16411.13463756359, 1971.166778301048], [19471.55126189336, -15825.89416804092, 1560.0], 63, 3, 3], "33": [[20054.39875346863, -23345.95800078332, 1763.0428308902783], [16201.923411469972, -18947.3020711512, 1560.0], 31, 2, 2], "34": [[13099.59454497908, -14403.386956090046, 1560.0002294608498], [11534.238720961555, -13081.174631248017, 1560.0], 3, 3, 2], "35": [[12474.055194308645, -13932.80905989864, 1559.9998035538108], [11694.099681496535, -12836.171581093238, 1560.0], 15, 3, 2], "36": [[24599.79204009417, -16787.095326845505, 1840.0003592459557], [20422.221820164348, -14534.80935001444, 1840.0], 19, 2, 2], "37": [[17184.351342294016, -10160.240752458903, 1559.999506502025], [15684.987697403552, -9718.211425357926, 1560.0], 14, 3, 3], "38": [[16687.27917210434, -11429.944021837673, 1429.9586282846901], [15055.62220898766, -10729.848712437808, 1560.0], 19, 3, 3], "39": [[15493.701254351374, -10857.376675791515, 1508.721800975893], [13933.879969220414, -10282.165532892222, 1560.0], 25, 3, 3], "4": [[-10016.647065358793, 7092.396371328724, 1412.065767307961], [-9663.477698755843, 5940.215063724873, 1560.0], 27, 3, 3], "40": [[14445.3404840472, -11456.327723576289, 1523.7453478317045], [13058.781255607259, -10636.92389823973, 1560.0], 12, 3, 3], "41": [[12708.127113347473, -11562.767675938085, 1509.1994623010341], [12222.866733583165, -10972.468508041657, 1560.0], 40, 3, 3], "42": [[6264.932145910064, 10909.260958139626, 1552.0011079507858], [4628.594552704014, 9313.667189659976, 1560.0], 26, 3, 3], "43": [[12120.001679301038, 9435.18965405796, 1559.9984134407678], [11015.191990446774, 8711.183800736448, 1560.0], 36, 2, 2], "44": [[12697.581405927163, 7625.121794500587, 1560.0000791918635], [12131.234240916756, 7152.4144953759405, 1560.0], 0, 2, 2], "45": [[13311.111818106601, 9808.278683996674, 1559.999602784209], [12092.911969294144, 8926.04461933142, 1560.0], 0, 2, 2], "46": [[15314.487963221003, 9902.841495694845, 1929.9998976494335], [13604.576071574804, 8844.757427085447, 1930.0], 5, 2, 2], "47": [[16994.23103386819, 7477.043365193616, 1809.9997633481182], [16194.663274424036, 7012.171786101668, 1810.0], 0, 2, 2], "48": [[15682.509450344038, 7024.613669308313, 1560.0002918621528], [15495.181385822134, 6774.115559982716, 1560.0], 6, 2, 2], "49": [[14905.32951787673, 7622.481224146559, 1590.0000258821167], [14251.052321922793, 7206.348507032362, 1590.0], 0, 2, 2], "5": [[-11092.856623155945, 7045.831884021134, 1339.7140432329022], [-10720.774063865158, 5678.831293917735, 1560.0], 83, 3, 3], "50": [[13087.798267087614, 7441.747818814148, 1589.999984412161], [12485.526005372583, 7009.863908167434, 1590.0], 0, 2, 2], "51": [[15930.679102431071, 8700.981246741329, 1709.9998167963156], [15137.75668888728, 8123.692758917434, 1710.0], 1, 2, 2], "52": [[-918.366087390886, 9503.754357137035, 1535.8072746152343], [-1654.7532352680641, 8204.490904518563, 1560.0], 22, 3, 3], "53": [[-1178.9272527594026, 11862.564287240266, 1535.041398689067], [-1302.4925680551191, 10060.587472724936, 1560.0], 19, 3, 3], "54": [[-9485.084785209681, 15260.310805207595, 2030.6699799516464], [-8600.963110589375, 18100.015142059343, 1950.0], 35, 2, 2], "55": [[-8660.685388977641, 15869.729524425637, 1749.9999745336959], [-8514.721203552062, 15724.865288032108, 1750.0], 0, 1, 1], "56": [[7790.811642873931, 15504.519614906416, 1708.613753344414], [5471.589725178894, 12570.277867239742, 1880.0], 70, 3, 3], "57": [[8137.4220388352, 15794.168529938193, 1743.2331287251025], [6218.991585141227, 12844.725816510161, 1890.0], 29, 3, 2], "58": [[7640.456012648411, 20996.909832672376, 1560.000031827464], [4830.551773116491, 15471.375729979583, 1560.0], 0, 1, 1], "59": [[7119.892684637505, 21234.87046917445, 1560.000020672304], [4548.383328460144, 15669.48098799101, 1560.0], 0, 1, 1], "6": [[-12156.03855152094, 6273.052113237135, 1531.068636072336], [-11417.197122762584, 5234.211085613894, 1560.0], 44, 3, 3], "60": [[6067.05484151962, 21857.768897979524, 1560.0001282362077], [3658.998122277593, 15756.419821006772, 1560.0], 0, 1, 1], "61": [[6589.52457192727, 21419.78782400915, 1559.999855215962], [3922.6552514389978, 15574.187098877337, 1560.0], 0, 1, 1], "7": [[-12741.432191297337, 6000.356576722547, 1271.5731635878697], [-12229.17237839705, 4753.710416202168, 1560.0], 40, 2, 2], "8": [[-13728.520543710052, 6108.090698471355, 1248.2738144449165], [-12888.785512237802, 4772.185741018436, 1560.0], 43, 2, 2], "9": [[-14461.088043529253, -5897.816843827806, 1559.999951105865], [-13900.885574162741, -5669.472926614105, 1560.0], 6, 3, 2]}