{"0": [[-12317.946759913595, -8801.423104502117, 1559.9998455247253], [-11580.106873813902, -8158.446284313043, 1560.0], 4, 3, 2], "1": [[-10638.908887685197, -7764.588007778819, 1560.0000512997456], [-10257.265849653502, -7426.584183901776, 1560.0], 1, 3, 2], "10": [[-187.67031269421352, -17177.55004841931, 1629.278480471505], [-2530.9793470967575, -13437.282924082418, 1950.0], 47, 3, 2], "11": [[-1106.8826810022679, -15250.060809480554, 1421.7417932445467], [-2274.8382003778365, -12874.413393662928, 1560.0], 42, 3, 3], "12": [[-1112.5119802464658, -15934.817880494891, 1497.551930831226], [-2196.872856008815, -13310.769542592829, 1560.0], 57, 3, 3], "13": [[-256.9048643389855, -16431.75924959154, 1407.3289073062151], [-1598.0192417159476, -13594.372851662012, 1560.0], 59, 3, 3], "14": [[-2469.041902256649, -15721.556328551278, 1475.5789363320139], [-3452.1385531221226, -13263.358802592767, 1560.0], 56, 3, 2], "15": [[-2722.6980149424285, -18003.44186497116, 1389.8564256376642], [-3537.076241606871, -14157.117660118454, 1560.0], 32, 3, 3], "16": [[-9677.34729737024, -12313.74406391041, 1560.0000651947619], [-8779.708253010955, -10794.691089723718, 1560.0], 0, 3, 2], "17": [[-10687.004016840412, -11215.08748604041, 1559.9999354419672], [-9851.10705074143, -9975.292663845987, 1560.0], 1, 3, 2], "19": [[-15710.345279401616, -7238.88332244427, 1498.1516103841957], [-14684.369156449671, -6694.186570481155, 1560.0], 17, 2, 2], "2": [[-2195.7228100828347, -10905.219872854272, 1335.6452668143454], [-3338.743717076589, -9893.978401361406, 1560.0], 53, 3, 3], "20": [[1586.4659471433815, -3720.9652668929516, 1297.2723702310905], [340.084167501081, -3706.664641959703, 1560.0], 7, 3, 3], "21": [[4230.623021557194, -4341.20197526863, 1387.3455187111151], [2874.8522579513865, -4258.181656244454, 1560.0], 24, 3, 3], "22": [[4868.923788044134, -4858.832972437375, 1406.0576414022203], [3405.9825544137075, -4716.030359434053, 1560.0], 30, 3, 3], "23": [[-1586.9805401484161, -2470.9102304010808, 1368.2427224874486], [-2063.7991415430706, -2470.931659969455, 1560.0], 17, 3, 3], "24": [[-6928.055373389965, -538.3957160709888, 1327.037192617685], [-7724.600163599026, -692.8211527867311, 1560.0], 91, 3, 3], "25": [[15039.951920891557, -15060.41000443372, 1410.9862564853406], [12608.727441231222, -13390.456749005876, 1560.0], 41, 3, 3], "26": [[13676.054097366763, -17563.803569763568, 1353.0131976056307], [10338.24256095352, -14827.46246434333, 1560.0], 9, 3, 3], "27": [[12786.754671393945, -19063.356807738117, 1559.9999748025061], [10048.113935248979, -16018.538253579667, 1560.0], 9, 3, 3], "28": [[7837.528453903229, -16574.625467691738, 1188.4356422224066], [4955.3585885414695, -13852.92773237162, 1560.0], 12, 3, 3], "29": [[6173.764382468727, -15125.835716696312, 1336.3238569882064], [4168.489615433936, -13053.43883024714, 1560.0], 3, 3, 3], "3": [[-2900.6229018159706, -7121.39954484969, 1262.6599398886392], [-3806.0533433518026, -6761.060898409097, 1560.0], 65, 3, 3], "30": [[-5603.090177072132, 1277.2691029690304, 1404.3194360635298], [-5931.309304915499, 1174.1996997585402, 1560.0], 49, 3, 3], "31": [[-3541.6165430718775, 2981.7863989299435, 1533.4281105640323], [-3837.7124407371043, 2786.4233835051286, 1560.0], 45, 3, 3], "32": [[-11167.32953212293, 1234.2520828747824, 1290.9829659241102], [-11506.713419086722, 956.4627181241773, 1560.0], 86, 3, 3], "33": [[-11806.820999562246, 1167.0104149855945, 1332.7492869947764], [-12001.473161042642, 909.4421206860667, 1560.0], 56, 3, 3], "34": [[-14081.246759138658, -3197.544363531831, 1491.5183284306831], [-13915.945612748252, -3168.3321922870714, 1560.0], 16, 3, 2], "35": [[-14519.03056343946, -1397.1202760430792, 1269.1427668774945], [-14587.757958745504, -1509.1441516389689, 1560.0], 63, 2, 2], "36": [[-10661.972451973535, -1818.7744487658138, 1498.9777434647935], [-10827.7010969811, -1894.8911083513804, 1560.0], 60, 3, 3], "37": [[-14247.710118660889, 487.24383719175904, 1518.7409413295638], [-13969.797500485074, 358.4523414446817, 1560.0], 42, 3, 2], "38": [[-12999.182220351982, 1031.7858413973559, 1466.110029013065], [-12875.515539196442, 861.9446629278274, 1560.0], 12, 3, 3], "39": [[8913.476914801315, -2912.351923160213, 1560.0004186069143], [8858.075614774481, -2944.2485424598494, 1560.0], 19, 3, 3], "4": [[61.63561106177349, -14545.515376067897, 1422.9433792630264], [-1431.816533724359, -12453.156459479824, 1560.0], 73, 3, 3], "40": [[9515.553309642464, -1850.848418236532, 1331.8076551793354], [8248.154301837727, -2031.1018317962976, 1560.0], 9, 3, 3], "41": [[14039.781260467333, -7770.187775603142, 1216.1321674055127], [11754.680204305349, -7335.038082295783, 1560.0], 58, 3, 3], "42": [[14604.90841638118, -7018.814005025971, 1539.7125024990178], [13142.919386794998, -6967.459233301245, 1560.0], 36, 3, 3], "43": [[15783.068258714906, -4614.1678174174085, 1405.0280066617802], [13680.14330603278, -4530.028825940112, 1560.0], 15, 3, 3], "44": [[14205.55244339208, -5944.047573679941, 1501.529117320138], [14285.417324311138, -5955.946146439535, 1560.0], 50, 3, 3], "45": [[13735.348416072877, -5773.29066587569, 1528.9269693845984], [9110.210355341687, -3562.615056440831, 1560.0], 35, 3, 2], "46": [[15881.20646248802, -2084.611567578287, 1560.0002464996585], [15993.466674407618, -2330.7967031051444, 1560.0], 92, 3, 3], "47": [[15396.032660124483, -3042.710867634045, 1500.0603525672216], [15661.039598675994, -3063.4612658362244, 1560.0], 87, 3, 3], "48": [[-568.9592441379115, 12359.294912978681, 1560.000082187529], [-792.7530946547391, 10519.726630152973, 1560.0], 34, 3, 3], "49": [[-1069.4187033353464, 11037.598106540712, 1410.8934777444833], [-1859.1035221203742, 9269.870048230476, 1560.0], 22, 3, 3], "5": [[3534.1873618789846, -13894.615435380332, 1161.2764005518807], [1222.6441653683842, -11924.981337557636, 1560.0], 6, 3, 3], "50": [[855.0470913783946, 10646.13625574155, 1215.3916005533483], [-1165.374135223791, 8558.307137726986, 1560.0], 24, 3, 3], "51": [[1488.0177472314595, 10169.926676980765, 1342.5574487972747], [-539.6706583225402, 8357.614780678214, 1560.0], 45, 3, 3], "52": [[-3214.182219426121, 7361.850589936925, 1499.179024972846], [-3688.7955009860534, 6499.695308810645, 1560.0], 34, 3, 3], "53": [[-4393.775464997582, 7624.858717311826, 1367.0632069952242], [-5146.146612339067, 6519.574978455897, 1560.0], 55, 3, 3], "54": [[-3550.0350245844784, 11078.387404339119, 1321.5024806560955], [-4408.131960776647, 8823.49890652519, 1560.0], 11, 3, 3], "55": [[-5249.738038585291, 10199.05831488911, 1224.198735821092], [-6127.9715090031705, 7986.567442276645, 1560.0], 27, 3, 2], "56": [[-5378.223818587846, 11561.990358343366, 1354.5492308637724], [-5635.771103478431, 9150.406378086947, 1560.0], 8, 3, 3], "57": [[-9532.77563716383, 11200.460432114394, 1307.2373347355465], [-8961.755740791034, 8387.773976687793, 1560.0], 47, 3, 3], "58": [[-11864.133482536563, 7249.148261718819, 1414.5159867592195], [-11152.441266624306, 5871.244457760179, 1560.0], 47, 3, 3], "59": [[-10886.741116473893, 7689.14432038154, 1367.0428781709727], [-10395.14821520563, 6199.282112613753, 1560.0], 58, 3, 3], "6": [[4123.793439753329, -14931.125995140963, 1323.3210577613822], [2135.2952342120093, -12789.415054601006, 1560.0], 2, 3, 3], "60": [[-11155.971496280761, 8888.365505242014, 1262.056182480772], [-10461.323691728177, 6855.089228991825, 1560.0], 11, 2, 2], "61": [[-10924.70654809765, 10114.130997563254, 1559.9996442630543], [-9785.824684731037, 7882.63052948099, 1560.0], 71, 3, 3], "62": [[-11254.599809395855, 6159.26647945085, 1226.58888372112], [-11142.353546646767, 4967.3158662613805, 1560.0], 31, 3, 2], "63": [[-11789.86746659359, 4708.269957458544, 1208.3645747877536], [-11825.549316830515, 3777.803392358061, 1560.0], 71, 3, 3], "64": [[-12212.996780435911, 5126.173400844235, 1302.9975768873292], [-11937.445363314015, 4181.79543390136, 1560.0], 54, 3, 3],