{"0": [[-8588.985808849236, 12571.995505076777, 1175.2661240494267], [-8385.735825704942, 9002.158870195903, 1560.0], 23, 3, 3], "1": [[-6988.783666216035, 11792.80576263714, 1239.8523427465875], [-7245.979680795337, 8874.85067336522, 1560.0], 55, 3, 3], "10": [[-12309.045599241314, 6606.440137372566, 1344.0583811322945], [-11712.453716474009, 5292.392480409732, 1560.0], 95, 3, 3], "11": [[-13545.084492917355, 4847.758652784808, 1288.837542435647], [-12977.635467335997, 3909.6489452830415, 1560.0], 33, 2, 2], "12": [[-11670.659999295342, 3488.8212852113174, 1348.363328842511], [-11634.83946511485, 2971.682781806825, 1560.0], 90, 3, 3], "13": [[-12728.82280782514, -6388.250783938165, 1351.7262107084032], [-12589.860051774278, -6070.263015588441, 1560.0], 9, 3, 2], "14": [[-13528.942355828996, -11618.603147134327, 1559.9999699299149], [-11911.620309788324, -9950.312102417294, 1560.0], 0, 3, 2], "15": [[-12197.369491368207, -14360.817685208323, 1678.5804918356575], [-10134.211355861566, -11716.381386581064, 1560.0], 12, 2, 2], "16": [[-11462.44564486936, -14847.782823285383, 1691.6590463487723], [-9521.369473626894, -12049.462913846337, 1560.0], 11, 2, 2], "17": [[-10816.901958899916, -16363.328514521325, 1560.0001253357395], [-8670.75318695436, -12891.362163619495, 1560.0], 0, 1, 1], "18": [[-8670.181606948927, -16586.21071940487, 1559.9999038368062], [-7641.938467313599, -13655.60139993766, 1560.0], 0, 1, 1], "19": [[-8242.40382202605, -16430.887117792725, 1559.999838898743], [-7326.9888396211245, -13746.250262033518, 1560.0], 0, 1, 1], "2": [[-7491.824494675212, 11538.39601372268, 1014.8104818001702], [-8076.630464996777, 8340.07517465298, 1560.0], 45, 3, 3], "20": [[-10094.771595774806, -18416.357073780455, 1559.9998616564346], [-4770.606997339036, -13072.708722875586, 1560.0], 0, 1, 1], "21": [[-11151.491212005925, -18091.621489206365, 1560.0001190912626], [-5180.200042219691, -12653.36674583035, 1560.0], 0, 1, 1], "22": [[-1133.859872802343, -16933.222606531624, 1710.0000407622392], [-1618.7348564654078, -14060.785529603203, 1710.0], 9, 2, 2], "23": [[8074.363988242204, -16980.960058259087, 1337.9202340796114], [5554.523720453945, -14300.937947669901, 1560.0], 5, 3, 3], "24": [[8062.03354525443, -19297.46805470119, 1483.6670782202782], [5582.120581790524, -15678.695350577575, 1560.0], 5, 3, 3], "25": [[9989.065617380998, -17935.90044031484, 1520.0055031197546], [7856.58768075967, -15181.829734088018, 1560.0], 9, 3, 3], "26": [[11840.047127181284, -17563.721134764284, 1567.6807284550962], [10035.104444210574, -15245.134230120375, 1560.0], 9, 3, 3], "27": [[12566.25880847889, -17465.76537487553, 1559.999908607239], [11216.679352276882, -15311.781047827186, 1560.0], 19, 3, 3], "28": [[11843.009988544201, -16149.195928165298, 1566.518330464215], [10593.697148477027, -14467.530256927299, 1560.0], 20, 3, 2], "29": [[12989.09644873331, -18179.777427216468, 1526.0792562635113], [11000.493446906072, -15592.74702482624, 1560.0], 18, 3, 3], "3": [[-6018.96052683678, 9082.305794888545, 1520.9212416873027], [-5909.676771339358, 7753.556635959293, 1560.0], 17, 3, 3], "30": [[12454.267639517608, -13416.12933642567, 1506.5995400405784], [11328.59205846761, -12443.780880917295, 1560.0], 43, 3, 3], "31": [[12969.471203944995, -14541.848472235428, 1560.0003518101544], [12494.823309610694, -13554.797647692048, 1560.0], 46, 3, 3], "32": [[18818.775766474275, -18458.148520140505, 1921.370996638215], [17744.261869816302, -16630.028865300235, 1560.0], 10, 3, 3], "33": [[14130.300259283364, -9693.821974061988, 1202.8248737645688], [11515.276760313614, -8975.60876926786, 1560.0], 11, 3, 3], "34": [[10819.297775755329, -8908.016978014975, 1260.2096358346641], [9055.367874687605, -8439.890567766135, 1560.0], 34, 3, 3], "35": [[10387.978526837545, -9992.066190448475, 1343.1746399933488], [8641.865974409144, -9315.856010599307, 1560.0], 28, 3, 3], "36": [[16423.678153849476, -12976.66336007211, 1560.486725813173], [15506.642263492677, -12272.171920097999, 1560.0], 31, 3, 3], "37": [[17434.3298463967, -11521.842539379475, 1559.9992705268726], [16372.8053137426, -11000.279423931059, 1560.0], 43, 3, 3], "38": [[15725.785812686325, -11845.420439361369, 1559.999749572109], [15380.905883931073, -11356.288514114352, 1560.0], 37, 3, 3], "39": [[16610.486522296484, -10215.378898883662, 1476.2468492183655], [15684.987697403552, -9718.211425357926, 1560.0], 18, 3, 3], "4": [[-5846.175890177868, 10233.481783520794, 1293.9287698720238], [-5927.605075890776, 8345.422233730362, 1560.0], 19, 3, 3], "40": [[14681.395566057929, -4834.3211745339595, 1525.0647121101867], [15377.388763567318, -5102.856427258365, 1560.0], 83, 3, 3], "41": [[15527.64279298277, -3601.4548770963243, 1559.9997821432298], [16005.811242464495, -3805.165205396856, 1560.0], 32, 3, 3], "42": [[-4879.658490967247, 9519.118574248963, 1251.957779171843], [-5650.850421404272, 7683.847211039838, 1560.0], 23, 3, 3], "43": [[3410.434766291287, 10331.827928969784, 1430.5712129092067], [1786.7490383476006, 8751.37009511365, 1560.0], 13, 3, 3], "44": [[6023.3471111574545, 11114.91324939177, 1356.9705815785674], [4326.558218311119, 9451.399055184324, 1560.0], 16, 3, 3], "45": [[6894.763021640248, 10339.061898715385, 1302.2582789264472], [4854.832233884842, 8792.019390755122, 1560.0], 9, 3, 3], "46": [[7840.528120324206, 9990.121003361866, 1335.3994658875185], [6280.532758810852, 8764.954345797381, 1560.0], 6, 3, 3], "47": [[8687.52208784253, 9712.242691726566, 1453.0893654279957], [7429.787828168243, 8688.191199601033, 1560.0], 6, 3, 3], "48": [[9708.904430104132, 10784.044116830384, 1684.8382838896725], [7417.786439639608, 10395.05666467999, 1560.0], 59, 3, 2], "49": [[10733.940814420954, 9872.024487646906, 1560.0595784606267], [9635.167189968553, 8913.301856433733, 1560.0], 39, 3, 3], "5": [[-8509.006674576725, 8497.11755370579, 1372.2916997735979], [-8476.686894584447, 6898.739266330728, 1560.0], 41, 3, 3], "50": [[11616.12511506103, 8727.29480151486, 1529.1913173538044], [10830.882900110779, 8011.898046465337, 1560.0], 32, 3, 3], "51": [[10808.07497954207, 9846.435148951392, 1386.7700840814373], [11196.513823912675, 9412.855730505933, 1560.0], 124, 3, 3], "52": [[11323.631806392903, 6047.096093587427, 1435.0383580398852], [10133.546634899047, 5477.968518739351, 1560.0], 8, 3, 3], "53": [[15068.9381097834, 9493.627263687877, 1809.9996007890386], [14210.589994567523, 8807.566221690953, 1810.0], 0, 2, 2], "54": [[15303.362913470128, 8637.856753373835, 1559.9999751746736], [14648.822553545771, 8024.966776797397, 1560.0], 7, 3, 2], "55": [[17175.893093797404, 8762.03469216914, 1559.9998763225549], [16617.410067914127, 8280.73209309727, 1560.0], 7, 2, 2], "56": [[18092.20360933049, 8502.879335899333, 1790.0001431265025], [17285.378042455464, 7898.160745057709, 1790.0], 1, 2, 2], "57": [[-10360.088464150303, 14682.344928634237, 2024.3888875912273], [-9043.49566231341, 16732.659782463415, 1950.0], 42, 2, 2], "58": [[-10061.298458440857, 15809.525029074412, 1950.0000112239024], [-8831.671214330818, 18009.88752930712, 1950.0], 0, 1, 1], "59": [[-9639.234661317054, 17647.952733091894, 1750.0001250237383], [-9326.252799801237, 17373.332048915632, 1750.0], 0, 1, 1], "6": [[-10071.070606263076, 7092.424239253771, 1402.5728992435395], [-9757.425798145221, 5887.892330551458, 1560.0], 93, 3, 3], "60": [[-8951.874583868268, 17241.517628685953, 1749.9999980977186], [-8745.367740427202, 17068.750368630386, 1750.0], 0, 1, 1], "61": [[-8588.473611899308, 17998.286739416664, 1750.0003951708304], [-8421.483731499573, 17784.942763265142, 1750.0], 0, 1, 1], "62": [[-9646.647002854017, 18864.063645740003, 1749.9999872284682], [-9275.44269582631, 18465.166705091367, 1750.0], 0, 1, 1], "63": [[-8901.892241379901, 19611.26792997081, 1750.0003198925197], [-8630.308860215979, 19203.948716511088, 1750.0], 0, 1, 1], "64": [[-9428.160089525525, 20363.89653682598, 1749.9995641105124], [-9018.96006167491, 19766.12301251898, 1750.0], 0, 1, 1],