{"0": [[-8093.359404181765, -16240.355847903578, 1560.0003504244246], [-7119.038502068339, -13904.778506953444, 1560.0], 0, 1, 1], "1": [[-9106.441873959804, -16629.877590822223, 1559.999922715412], [-7805.543660998722, -13044.614965352517, 1560.0], 4, 2, 2], "10": [[12692.851189810961, -19319.686107530408, 1462.8021097195608], [9997.186028530088, -16083.245607428109, 1560.0], 18, 3, 3], "11": [[13391.01854486235, -18573.51939413615, 1521.7814454946656], [10893.090463498696, -15730.540584157996, 1560.0], 11, 3, 3], "12": [[11969.290139169589, -18096.961318601476, 1554.2987274629031], [9377.730058546966, -15345.858343913875, 1560.0], 7, 3, 3], "13": [[17405.690567437166, -13629.76433066322, 1552.8278312328473], [15375.133257332489, -12460.011277158452, 1560.0], 14, 3, 3], "14": [[9969.328140107604, -13393.491623774395, 1369.5259398791006], [7814.690366461455, -11921.776616554165, 1560.0], 10, 2, 2], "15": [[12082.72759345774, -11074.755760488822, 1460.6716923322847], [10784.216967398605, -10348.772691938973, 1560.0], 14, 3, 3], "16": [[13688.75974495259, -11543.236114969537, 1371.1551703777952], [11834.99722515506, -10579.345080127014, 1560.0], 14, 3, 3], "17": [[19528.642894439297, -12444.512597376985, 1506.506812222551], [15445.281999462368, -11258.644679107758, 1560.0], 52, 3, 3], "18": [[18381.71213197464, -11640.68207487557, 1600.100429758966], [16993.553261904166, -11244.337558083833, 1560.0], 48, 3, 3], "19": [[17131.172220945402, -12056.47826159619, 1630.6995851523357], [18212.622013446722, -11856.491567170337, 1560.0], 47, 3, 3], "2": [[-10825.331976268595, -14997.715885257032, 1605.0897368024628], [-9107.792338717818, -12173.853004128994, 1560.0], 51, 2, 2], "20": [[14081.898454559247, -10284.639899800359, 1433.9594234390106], [12922.934948263337, -9761.058471421225, 1560.0], 35, 3, 3], "21": [[14612.067982350874, -9021.53425718464, 1340.7421598187661], [12366.143112661119, -8490.060677573661, 1560.0], 24, 3, 3], "22": [[12426.299878876947, -8180.6123326855095, 1206.7475008696647], [9875.614292277136, -7787.771786109967, 1560.0], 28, 3, 3], "23": [[8466.183926500338, -8518.136261306548, 820.6384969334273], [4567.704819510497, -7648.862060826994, 1560.0], 13, 3, 3], "24": [[8319.509337734138, -8826.52422938774, 1337.7805809599533], [6352.548018224519, -8230.920432982031, 1560.0], 5, 3, 3], "25": [[-3996.997745999369, -6214.519789901205, 1272.879386694095], [-4578.6508039790315, -6019.518565168751, 1560.0], 75, 3, 3], "26": [[-3552.1866797301896, -7192.574790186549, 1435.740940245389], [-4409.595928301593, -6982.61603302599, 1560.0], 100, 3, 3], "27": [[15599.65892641531, -7300.531152729542, 1354.0700659649367], [13195.13555108023, -6862.595971958776, 1560.0], 30, 3, 3], "28": [[14306.007543156897, -5829.359347221958, 1436.990606826023], [13118.538058931035, -5738.395339710383, 1560.0], 28, 3, 3], "29": [[14941.074340942147, -2779.7320045352953, 1523.632954403603], [14994.124950261754, -3051.8279679338075, 1560.0], 49, 3, 3], "3": [[-12794.740016412681, -14245.02146161054, 1560.0000384581197], [-10476.593576680008, -11631.686923370637, 1560.0], 0, 1, 1], "30": [[13881.840105534751, 80.3696323356883, 1566.36850043878], [13689.358757442496, -107.36798878430825, 1560.0], 28, 3, 3], "31": [[13360.56263790842, 6717.280757176352, 1590.0000767484762], [13467.637123947421, 6552.886674143934, 1590.0], 8, 2, 2], "32": [[15536.700106136437, 7712.590735113338, 1689.9999434371873], [13664.385967409955, 6931.739256560377, 1690.0], 19, 2, 2], "33": [[11226.312039456943, 8219.387341495643, 1560.000031246107], [9704.939235761101, 7378.563695043875, 1560.0], 76, 3, 3], "34": [[10920.064832460523, 9064.785626587145, 1584.8494143181847], [9910.344923050998, 8168.405111674422, 1560.0], 94, 3, 3], "35": [[-3063.0175427706454, 3412.1808803956683, 1550.3558313493213], [-3400.2892070657617, 3154.4048579681735, 1560.0], 18, 3, 3], "36": [[8835.032768424273, 9750.234206299483, 1558.26371788339], [7405.327655919419, 8583.99345137608, 1560.0], 13, 3, 3], "37": [[11175.28314117064, 9397.583570242825, 1472.4725724759414], [9007.053818559496, 8205.537785793955, 1560.0], 21, 3, 3], "38": [[11908.53200434491, 9860.456961926708, 1599.9999761120437], [10376.450039176681, 8826.702583042736, 1600.0], 8, 2, 2], "39": [[9672.896683986739, 10824.952862150069, 1560.0000608391629], [8022.064553120565, 9471.390922383835, 1560.0], 60, 3, 3], "4": [[-9040.93844184204, -13029.758205854796, 1560.0000109779153], [-8193.606516647182, -11272.9485003347, 1560.0], 30, 3, 2], "40": [[8306.902495296388, 10820.195968961109, 1559.4801968006225], [7256.981600602877, 9674.89457717102, 1560.0], 3, 3, 3], "41": [[7339.464250052376, 11435.84032123616, 1460.9481408306567], [5806.049854115443, 9949.067725074825, 1560.0], 11, 3, 3], "42": [[7225.236704615369, 14580.16186259384, 1339.5287353850515], [6331.219797422545, 10697.508331309804, 1560.0], 23, 3, 2], "43": [[3429.179077951193, 9844.058564043107, 1303.9117082724479], [2002.5127368573499, 8449.68145553281, 1560.0], 4, 3, 3], "44": [[-2146.9972499289706, 5504.865675785191, 1363.4507372244186], [-3089.2365655825747, 4817.472161309773, 1560.0], 8, 3, 3], "45": [[-4622.83164847302, 5820.402639854755, 1483.4812702644524], [-5085.530066278084, 5169.077473251135, 1560.0], 33, 3, 3], "46": [[1048.1108483632283, 12116.668000317035, 1391.0612168812265], [-235.76183216323187, 9942.960964630147, 1560.0], 3, 3, 3], "47": [[-2740.9902187047196, 10011.05816718699, 1347.4737268467513], [-3710.735374769685, 8227.786324634502, 1560.0], 13, 3, 3], "48": [[-5456.953585520602, 8273.447338230366, 1320.9351767041896], [-6217.651537991337, 6826.275457416374, 1560.0], 39, 3, 2], "49": [[-6144.415751107217, 8176.661622087565, 1190.3873588582169], [-7152.293132827244, 6513.145601673521, 1560.0], 73, 3, 3], "5": [[-5923.397556617008, -12445.592262394688, 1284.5551867953932], [-6413.815155202228, -10885.350506872073, 1560.0], 169, 3, 3], "50": [[-7221.44350043884, 10775.10465353447, 1259.0612233651902], [-7605.959849416071, 8182.961995584913, 1560.0], 64, 3, 3], "51": [[-7681.364884827543, 12686.180144958322, 1236.2053956336777], [-7795.889975909173, 9151.98827596915, 1560.0], 56, 3, 3], "52": [[-8509.610439553906, 11255.269576596085, 1394.8940266895581], [-8217.399313994682, 8561.108404257047, 1560.0], 76, 3, 3], "53": [[-8832.360555922585, 13335.251120577319, 1486.6902050503088], [-8042.020155494186, 9669.65458585555, 1560.0], 49, 3, 3], "54": [[-11213.76619135138, 9196.11849433947, 1526.076838375213], [-10200.012990301511, 7257.668014477205, 1590.0], 13, 3, 2], "55": [[-10888.520640749819, 8175.354143018689, 1638.6290922286635], [-10029.24147366205, 6732.617243499241, 1640.0], 19, 3, 2], "56": [[-11351.6632160909, 8018.08987062702, 1511.5215640457666], [-10544.36328348417, 6494.525276429087, 1560.0], 74, 3, 3], "57": [[-11194.358809495836, 7009.198306026074, 1559.999763079116], [-10372.557779806959, 5957.0002010050375, 1560.0], 11, 3, 2], "58": [[-11305.747936669202, 6549.283928964664, 1354.9217411353507], [-11008.474574863514, 5295.515224413205, 1560.0], 116, 3, 3], "59": [[-10825.212633174922, 4659.633232684113, 1351.6525247705113], [-10747.266602856911, 3985.7571266650043, 1560.0], 17, 3, 3], "6": [[-1727.5333304141222, -16672.658594460394, 1461.035431257387], [-2355.9475920277555, -13764.192949734212, 1560.0], 23, 3, 3], "60": [[-13123.374529086726, 3132.7128347914786, 1410.7053423720165], [-12843.44077355527, 2637.157655174438, 1560.0], 65, 3, 3], "61": [[-12773.22372842171, 583.5175841140679, 1560.0000041000903], [-12632.183477913059, 447.9793978531103, 1560.0], 99, 3, 3], "62": [[-11847.859997959564, 246.4632767598637, 1559.999865092323], [-11680.756118282066, 146.71142825944935, 1560.0], 28, 3, 3], "63": [[-8680.09091062958, -1403.8796937122697, 1309.128962655363], [-9413.856137458419, -1567.935487395409, 1560.0], 103, 3, 3], "64": [[-12710.643427883362, -746.2281138793995, 1539.1775742769826], [-12646.82315477483, -788.5175045828541, 1560.0], 28, 3, 2],