{"0": [[-11520.634707391522, -12898.333399436537, 1560.0000562531277], [-10098.524045671464, -10960.631464418177, 1560.0], 10, 3, 2], "1": [[-11895.005923475248, -12021.884986772187, 1221.4172410156664], [-11127.957908796398, -10042.503330575806, 1560.0], 18, 3, 2], "10": [[-963.5025139606529, -14825.215998371637, 1682.2597726484457], [-1155.2500721267875, -13063.896308482244, 1560.0], 36, 3, 3], "11": [[11271.476170519905, -22723.97086046646, 1559.9998756775633], [8019.743312820816, -17745.74430859691, 1560.0], 9, 3, 3], "12": [[8024.829671988033, -22077.618615755382, 1376.5595926793244], [4766.818398293384, -16838.299643729824, 1560.0], 10, 3, 3], "13": [[11088.69811871301, -18865.223180348665, 1515.5789326901347], [8995.977371684774, -15861.779536351221, 1560.0], 28, 3, 3], "14": [[7578.488575100702, -18766.954377785645, 1344.3448121928445], [4962.441906556191, -15276.919160723128, 1560.0], 7, 3, 3], "15": [[8686.231678945856, -19449.879439955374, 1575.078913969739], [6673.635798814729, -16143.683704639814, 1560.0], 6, 3, 3], "16": [[8425.09095674781, -17753.1817343997, 1557.2434201131546], [6060.928234011795, -14941.582551096508, 1560.0], 13, 3, 3], "17": [[9397.296871225042, -17353.360372693118, 1485.7563860995708], [6743.186753937498, -14602.303195079587, 1560.0], 2, 3, 3], "18": [[9934.895647193878, -16598.897615449798, 1546.1591702015314], [7459.936460484391, -14236.115710153776, 1560.0], 17, 3, 3], "19": [[8331.367974075427, -15540.856936755976, 1276.1355388902598], [5687.837880879922, -13293.5934386011, 1560.0], 6, 3, 3], "2": [[-11950.893818344566, -11443.898537354775, 1116.4545246431067], [-11409.226620401492, -9621.961004258663, 1560.0], 15, 3, 2], "20": [[8347.602880672013, -14231.849846263842, 1343.1919548978321], [6115.2303502820005, -12493.24169525174, 1560.0], 4, 3, 3], "21": [[10123.677659220417, -13293.861296343415, 1379.2680704557604], [8328.272673297042, -11891.900271265375, 1560.0], 13, 2, 2], "22": [[11486.827208834502, -15340.769137316618, 1480.0810308568102], [9461.526657214958, -13561.746217358781, 1560.0], 20, 3, 3], "23": [[12144.266268886535, -15707.198580796083, 1559.999819785122], [9832.760351862127, -13858.805343731075, 1560.0], 33, 3, 3], "24": [[14427.135362406383, -14488.562240803674, 1560.0001381902196], [13347.300135232543, -13299.132131963892, 1560.0], 15, 3, 3], "25": [[16043.398991621836, -13832.48845427774, 1609.2896390225842], [15687.719109699194, -13085.972520643434, 1560.0], 27, 3, 3], "26": [[17118.550473970423, -10628.743164082314, 1620.000645929694], [16496.496886271398, -10212.027552278152, 1620.0], 12, 2, 2], "27": [[16212.426216418022, -11292.554280837223, 1313.8747407842563], [13338.299056580252, -10162.996919650937, 1560.0], 27, 3, 3], "28": [[15878.999948698603, -10885.116338024523, 1217.5379450412515], [12094.512120993291, -10121.179720515262, 1560.0], 83, 3, 3], "29": [[16848.912505825807, -9929.661611344009, 1559.9999024598494], [16489.3210599215, -9626.590669400774, 1560.0], 65, 3, 3], "3": [[-7926.430881114442, -17119.791508681814, 1559.999999657928], [-6994.257502144092, -13838.856149181305, 1560.0], 0, 1, 1], "30": [[16422.587613738826, -9922.57143161358, 1537.2516505768738], [15033.521534688618, -9602.306746653612, 1560.0], 45, 3, 3], "31": [[15399.950222792339, -10950.512140245546, 1560.000012979964], [14367.059813485788, -10697.94027958334, 1560.0], 110, 3, 3], "32": [[14984.456386867445, -11102.253631055122, 1584.6031495100278], [14367.059813485788, -10697.94027958334, 1560.0], 25, 3, 3], "33": [[14199.749291961114, -12456.072616319678, 1598.1541508666442], [13652.85641844026, -11826.49852573003, 1560.0], 16, 3, 3], "34": [[13742.204460591824, -12543.525963517983, 1560.0001281571058], [12957.630217226386, -11865.844364146362, 1560.0], 18, 3, 3], "35": [[14767.266557970945, -9371.32618924928, 1508.576019977717], [12777.769478532306, -8879.270568291242, 1560.0], 9, 3, 3], "36": [[14117.70445968935, -10301.489713803905, 1505.9257730778893], [12303.465622056448, -9746.85611986723, 1560.0], 19, 3, 3], "37": [[12947.20368513552, -10251.258809217683, 1360.744477057688], [11172.269287501862, -9627.912014378157, 1560.0], 25, 3, 3], "38": [[18723.133522761393, -11583.029563436889, 1713.5269578207378], [18590.248731343494, -11333.953957137255, 1560.0], 50, 3, 3], "39": [[12045.834078571172, -24879.310968411875, 1559.999768222287], [7434.263249991138, -18374.849606503285, 1560.0], 3, 2, 2], "4": [[-8420.340740967891, -17922.34222857032, 1485.0626931421807], [-7412.46974753659, -13496.70312139563, 1560.0], 16, 2, 2], "40": [[9100.75749769957, -29718.56137938492, 1750.0000295930051], [6197.950509141875, -20438.5335856942, 1750.0], 0, 1, 1], "41": [[16429.98121738182, 680.4346849540829, 1919.999263993261], [16642.68052097726, 657.0619214534719, 1920.0], 11, 2, 2], "42": [[14743.280166350987, 455.0270746424945, 1635.2537155871512], [16490.89647101905, 429.55752210219816, 1560.0], 31, 3, 3], "43": [[13349.30489157597, 980.7663504221796, 1560.0000750122324], [13438.446063771642, 813.7520940534243, 1560.0], 13, 3, 3], "44": [[12230.773668911957, 1076.273339384398, 1753.1880525724132], [13771.795523129535, 1069.465080714698, 1630.0], 22, 3, 3], "45": [[16482.906810090066, 7526.147752264608, 1679.9996250347663], [14241.53678824709, 6714.047710717565, 1680.0], 37, 2, 2], "46": [[16120.696629877832, 7579.190545772973, 1629.9999547859943], [14559.57401533704, 6914.531389231015, 1630.0], 11, 2, 2], "47": [[16491.92483330564, 9199.639755350341, 1879.9999953520119], [15661.083329640142, 8593.359815040465, 1880.0], 0, 2, 2], "48": [[15913.452177555742, 8204.022040328711, 1739.9998326918835], [14805.618318020573, 7553.374592296107, 1740.0], 3, 2, 2], "49": [[15669.588410060205, 8201.065099326772, 1809.9999417679526], [15124.319639690548, 7740.082357724385, 1810.0], 3, 2, 2], "5": [[-14482.51984320831, -6201.370009320825, 1560.0001252683405], [-13848.194819232376, -5945.1798532331895, 1560.0], 1, 3, 2], "50": [[15255.92701463927, 7110.860315276112, 1560.0004775353498], [14218.648455012328, 6610.058957392076, 1560.0], 1, 2, 2], "51": [[15499.053876424117, 9435.305876223516, 1950.0008421969403], [15407.206655540114, 8996.206925864755, 1950.0], 16, 2, 2], "52": [[13659.843288672744, 6676.15560672898, 1940.0001302860787], [13391.049885240749, 6361.039096228219, 1940.0], 4, 2, 2], "53": [[14039.662881710901, 7168.522682376398, 1629.999971599258], [13954.085669474125, 6892.747301023078, 1630.0], 2, 2, 2], "54": [[15031.025313522723, 9361.585574137436, 1880.000120260559], [14437.137487689857, 8739.944533658916, 1880.0], 6, 2, 2], "55": [[13771.447452793927, 7862.609939090928, 1560.0002074890253], [13313.385624743525, 7449.927997053133, 1560.0], 2, 2, 2], "56": [[13388.15348025859, 7021.169823395895, 1579.9999594072635], [12986.938247430271, 6675.201868623854, 1580.0], 1, 2, 2], "57": [[13304.44524215122, 8615.499252735604, 1649.99999464607], [12485.644620787956, 8015.622912462599, 1650.0], 0, 2, 2], "58": [[13880.121057983415, 7657.73182648592, 1759.9991252632365], [11598.17720567037, 6762.225353034528, 1760.0], 29, 2, 2], "59": [[12169.885076562443, 7969.157728865049, 1809.999899048173], [10977.452996019985, 7250.901658508582, 1810.0], 3, 2, 2], "6": [[-12532.327377529691, -8086.853566119373, 1560.00000589701], [-11847.156580577115, -7603.037873011037, 1560.0], 2, 3, 2], "60": [[11877.210806905803, 7304.286507307865, 1679.9999754885387], [10926.300719521108, 6719.477078759664, 1680.0], 3, 2, 2], "61": [[13424.307891352959, 8893.649796774369, 1560.000169827498], [13638.653170980822, 8578.537330099314, 1560.0], 79, 2, 2], "62": [[14706.640622336276, 8674.693088760429, 1559.999604305798], [14764.175605323424, 8413.836007681206, 1560.0], 89, 2, 2], "63": [[18608.940674685, 8735.271006905896, 1609.9998291722395], [17662.857513461837, 8148.592306753068, 1610.0], 1, 2, 2], "64": [[21617.651962938722, 4640.171591547981, 1750.0000829783887], [21218.34065462609, 4785.232318494713, 1750.0], 0, 1, 1],