{"0": [[-14663.114401530143, -8326.186653775392, 1560.0001062423948], [-13523.116024399782, -7685.4613788962115, 1560.0], 8, 3, 2], "1": [[-14809.954269615853, -7755.630703237121, 1560.0001009917958], [-13780.380510281017, -7233.307170034503, 1560.0], 16, 3, 2], "10": [[10926.784880347692, -20493.29497147476, 1559.999883015484], [8297.681942616036, -16758.484090445916, 1560.0], 14, 3, 3], "11": [[10077.508840204822, -16740.830265603807, 1495.2780029215771], [7019.311078714007, -14157.3440515654, 1560.0], 11, 3, 3], "12": [[12859.975241991975, -17539.313596475557, 1459.22979308994], [9765.888361182435, -14803.303165701624, 1560.0], 13, 3, 3], "13": [[13567.011673161393, -17901.80105741028, 1444.3929895402446], [11216.679352276882, -15311.781047827186, 1560.0], 23, 3, 3], "14": [[17169.46911449313, -18544.442972060893, 1926.0097317815635], [16672.39408039225, -16804.220405597134, 1560.0], 30, 3, 3], "15": [[17229.651772106517, -17713.289536598993, 1983.157690868841], [17133.03655369226, -16323.220311454956, 1560.0], 26, 3, 3], "16": [[18883.61022187763, -16301.624736779937, 2007.8746751786266], [18969.840435279246, -15332.761327885302, 1560.0], 43, 3, 3], "17": [[22565.74234464608, -15761.904695150675, 1932.9418113230163], [22476.600550636434, -14839.872185670989, 1560.0], 58, 3, 3], "18": [[14747.242729719796, -15722.03961263242, 1587.6685383548702], [13319.857974048056, -14295.961313561475, 1560.0], 19, 3, 3], "19": [[10092.46490900459, -13277.18606746316, 1400.1693095947583], [7182.96964270621, -11555.05096800743, 1810.0], 12, 3, 2], "2": [[-14141.34430629224, -6278.497351005513, 1536.2067716826123], [-13562.501992218009, -6018.7056918914495, 1560.0], 11, 3, 2], "20": [[14601.620408904952, -13146.292638868192, 1559.9998545453382], [12788.142453282953, -12131.31650773647, 1560.0], 17, 3, 3], "21": [[17283.597765493156, -12335.84300832089, 1250.7653967741821], [14067.788797959125, -11176.59500648392, 1560.0], 25, 3, 3], "22": [[17084.01721776042, -11541.945531247902, 1609.8455926120523], [15639.046921977684, -10962.647354601087, 1560.0], 25, 3, 3], "23": [[19575.10710562674, -11514.477412172811, 1630.000258184891], [18464.589075054027, -10821.40904676304, 1630.0], 8, 2, 2], "24": [[19455.553420647633, -11048.092143404378, 1700.0004198823653], [18184.28994856769, -10524.11054485723, 1700.0], 11, 2, 2], "25": [[19549.905852653832, -10573.031301556817, 1559.9999606689626], [17911.85773792674, -9871.576037835708, 1560.0], 0, 2, 2], "26": [[17261.07447274514, 9208.670413013138, 1140.014711746139], [12819.358826465474, 7667.879198157128, 1560.0], 24, 2, 2], "27": [[18994.90252404787, 9233.629496931282, 1559.9997400986304], [15912.83662246302, 8103.647186176244, 1560.0], 19, 2, 2], "28": [[11505.795601501393, 9812.383992552934, 1559.999779143356], [10602.40659024324, 9011.054001265695, 1560.0], 0, 2, 2], "29": [[11158.419412959867, 9494.01436201776, 1433.7356547690902], [9523.365823931255, 8466.281959755259, 1560.0], 28, 2, 2], "3": [[-13574.030881651342, -6417.734056120771, 1400.9387040983138], [-13206.685384037157, -6084.042316260369, 1560.0], 18, 3, 2], "30": [[10208.027986494131, 10076.729155758005, 1710.0001201271525], [8517.619952291729, 8823.08137862211, 1710.0], 20, 3, 3], "31": [[9596.870368354806, 10916.5632354714, 1629.999972456469], [8625.558537926128, 9668.94686787042, 1630.0], 20, 3, 3], "32": [[6800.306709996091, 10679.105482781431, 1367.9964074116933], [4548.654228454573, 8938.545602351203, 1560.0], 26, 3, 3], "33": [[-9694.636663188081, 10727.14309126722, 1542.4833067006343], [-8699.063456632664, 8424.294545072533, 1560.0], 46, 3, 3], "34": [[-9581.776689502221, 11684.086830895989, 1578.5512203888325], [-8470.2861121603, 9013.497864141456, 1560.0], 39, 3, 3], "35": [[-9434.563358737743, 12809.74020398558, 1635.864789670285], [-8106.846763951924, 9679.936790403752, 1600.0], 14, 3, 3], "36": [[-10453.850486641872, 10134.448477043663, 1508.0477815505683], [-9565.151923535153, 7867.619800329721, 1560.0], 37, 3, 3], "37": [[-10919.674382288134, 7254.455391737194, 1530.352380992068], [-10191.91206385792, 6100.982361932589, 1560.0], 26, 3, 3], "38": [[-13251.37915510368, 7094.303063317838, 1265.4037055730475], [-12328.458975917065, 5487.517362354785, 1560.0], 21, 2, 2], "39": [[-13866.11712220259, 7937.5627257281485, 1405.0721556727822], [-12365.351531704619, 6100.282130096871, 1560.0], 16, 2, 2], "4": [[-12432.618395616042, -6609.52957839647, 1535.7714609933278], [-12030.212851603701, -6352.633617878839, 1560.0], 23, 3, 2], "40": [[-11595.368075660936, 6336.974120810878, 1393.3772378633498], [-11085.575267904247, 5251.399035618644, 1560.0], 30, 3, 3], "42": [[-9468.41145986064, -15656.481303038576, 1560.0004539823099], [-5920.855317783406, -14944.248559944797, 1560.0], 0, 1, 1], "43": [[-9944.406112838933, -15607.995173980882, 1559.999675425318], [-5025.63279793106, -12395.442972691155, 1560.0], 0, 1, 1], "44": [[-12093.392836708614, -17802.73459685366, 1560.0002819584845], [-10466.304044876731, -11715.399175859755, 1560.0], 0, 1, 1], "45": [[-11079.656496556852, -18097.55815114293, 1559.9997845249827], [-8403.349800517277, -13257.970183682584, 1560.0], 0, 1, 1], "46": [[-7778.833216961447, -25252.7094106463, 1949.9999971732757], [-7226.599012459487, -14081.243358815662, 1950.0], 0, 1, 1], "47": [[-8174.491192916788, -24861.06197700118, 1949.999952247316], [-7533.811739731246, -13815.739349377174, 1950.0], 0, 1, 1], "48": [[-8812.695360105423, -23828.626493057014, 1949.9996861547636], [-4884.212474986533, -13229.295575664853, 1950.0], 0, 1, 1], "49": [[-9369.991085591659, -23145.496900163205, 1949.9998766746853], [-5289.353429441794, -12695.005759204358, 1950.0], 0, 1, 1], "5": [[-10925.037579957152, -15208.388412022188, 1559.9999742121713], [-9276.33641396229, -12161.244904302328, 1560.0], 6, 2, 2], "50": [[11658.716698760227, -11975.071916373154, 1055.1061385411808], [8513.573259653014, -10588.165142003998, 1560.0], 24, 3, 2], "51": [[14936.382544104541, -12831.241699171667, 975.2966041286963], [10353.007191503724, -11128.386445935097, 1560.0], 21, 3, 3], "52": [[13808.658896776355, -12768.474875097987, 1388.2025452296984], [10757.476620802001, -11421.516570720705, 1560.0], 8, 3, 3], "53": [[20865.688761897487, -10422.749288892279, 1458.0162894390053], [19742.6524342992, -9679.155636833444, 1560.0], 28, 3, 3], "54": [[-9983.507844009118, 13888.884512236225, 1560.0002318591226], [-7281.962450105263, 12128.371242648616, 1560.0], 41, 2, 2], "55": [[-16581.852536489452, 5743.727203147829, 2059.6980200261287], [-14123.3761220282, 4915.820002961933, 1700.0], 11, 2, 2], "56": [[-8622.1998289329, 14238.096514278448, 1560.0000379012624], [-6430.579827452934, 12345.378087276542, 1560.0], 17, 2, 2], "57": [[-10156.386025201316, 15749.393490179713, 1893.7433678645384], [-7653.023710403083, 15468.982253819599, 1610.0], 116, 2, 2], "58": [[7355.556261333238, 18265.611683936455, 1749.999703827137], [4334.861392940559, 17086.576255534943, 1750.0], 0, 1, 1], "59": [[5925.044770708878, 20387.489398566446, 1750.0000051695042], [3322.8202484930257, 18668.68817517458, 1750.0], 0, 1, 1], "6": [[-7865.519219224961, -14226.560227605656, 1559.9999305605804], [-7120.893789532104, -12057.50397999114, 1560.0], 10, 3, 2], "60": [[5928.320980256749, 21072.67901692308, 1750.0000852278897], [3195.242758021573, 19103.618714532142, 1750.0], 0, 1, 1], "66": [[-9257.966398437136, 17417.529241925888, 1749.9999500254733], [-8998.066078439302, 17193.67251627216, 1750.0], 0, 1, 1], "67": [[-10384.525067726623, 18643.677205535205, 1750.0002658607689], [-9872.867973375613, 18152.573868549694, 1750.0], 0, 1, 1], "68": [[-9893.7171771004, 18438.41878237947, 1749.9998129393625], [-9480.64734010562, 18074.225586450317, 1750.0], 0, 1, 1], "69": [[-9005.302662245067, 18401.482319580147, 1750.0004174208482], [-8778.306839291326, 18119.08750857915, 1750.0], 0, 1, 1],