{"0": [[-8301.727647127002, 10549.841620986444, 1226.1884014622974], [-8448.877372157325, 7942.549015357679, 1560.0], 68, 3, 3], "1": [[-9268.444070584355, 10157.490463207123, 1260.5801271107068], [-9132.541919597954, 7656.239563165435, 1560.0], 95, 3, 3], "10": [[-12447.995710538547, -7341.053378818572, 1542.6885648867428], [-11909.445153514138, -6997.4693266266995, 1560.0], 18, 3, 2], "11": [[-12207.713603103495, -8454.529044264675, 1509.0502096583857], [-11648.121472952746, -7846.516374261828, 1560.0], 10, 3, 2], "12": [[-12679.937860777987, -8551.36936733497, 1350.7111556669663], [-12220.185236561625, -7834.952203842373, 1560.0], 99, 3, 3], "13": [[-12583.04153249502, -9857.422612426006, 1559.9999814663674], [-11566.232673094191, -8936.46486382004, 1560.0], 2, 3, 2], "14": [[-11073.81492891549, -10632.746203442446, 1520.6519905598948], [-10337.899760301549, -9505.779895529286, 1560.0], 11, 3, 2], "15": [[-14178.787519320254, -9644.377352666199, 1559.9999965595134], [-12823.044681901793, -8671.353085761728, 1560.0], 4, 3, 2], "16": [[-13247.192398624073, -11118.87956900493, 1560.0000326464863], [-11767.357243585762, -9715.708668398727, 1560.0], 13, 3, 2], "17": [[-7192.231908056825, -15073.428794711037, 1329.9169161557984], [-6840.618451591813, -12750.693206223556, 1560.0], 40, 3, 2], "18": [[8794.14512732818, -17062.17030843448, 1535.2386483604853], [6782.401767543162, -14539.837070636477, 1560.0], 3, 3, 3], "19": [[9034.490769998192, -17387.64819786821, 1534.090162553264], [7093.108957464494, -14812.33459028688, 1560.0], 3, 3, 3], "2": [[-10380.926665334093, 10140.589877067549, 1433.9190290819424], [-9575.115079212332, 7826.469256105722, 1560.0], 62, 3, 3], "20": [[8992.830769970566, -17925.4753003421, 1518.9325470704553], [7283.869083172327, -15272.862729439452, 1560.0], 19, 3, 3], "21": [[10010.328103878957, -16580.60329409154, 1495.2940201375427], [7501.094645694579, -14170.215404595527, 1560.0], 15, 3, 3], "22": [[10119.291998639696, -17027.977161166426, 1545.3382825971091], [7785.827791399928, -14515.046727305576, 1560.0], 2, 3, 3], "23": [[9734.383552203324, -16996.253958502577, 1460.1564483149668], [7701.328330783782, -14645.163346198291, 1560.0], 55, 3, 3], "24": [[9962.622950834062, -19738.56198990242, 1560.0001478306708], [6418.148929986417, -15818.65547545632, 1560.0], 20, 3, 2], "25": [[14766.202622676028, -18619.233909294548, 1628.4736112417913], [13156.704220675907, -16274.274022321652, 1560.0], 54, 3, 3], "26": [[12539.232386933698, -20870.48877678472, 1453.9970520112001], [8435.504279483104, -16586.43652481225, 1560.0], 14, 3, 3], "27": [[12519.901703008147, -10943.771459124722, 1502.6271523376117], [11452.33437258148, -10192.067486854192, 1560.0], 19, 3, 2], "28": [[15423.210433118842, -8321.784450175508, 1551.7256511742387], [14533.529980241417, -8047.360394348884, 1560.0], 6, 3, 3], "29": [[16526.640357792192, -8552.136973724122, 1485.2312844558664], [15772.309810445413, -8339.963574526606, 1560.0], 31, 3, 3], "3": [[-9981.347142232593, 7210.2314007258765, 1351.0289158905268], [-9932.963787716679, 5829.26991842956, 1560.0], 103, 3, 3], "30": [[14751.084047460356, -10053.83614398725, 1427.7550260210078], [12513.572533669903, -9365.598810540798, 1560.0], 29, 3, 3], "31": [[14234.99063304502, -11847.018380166306, 1559.999830153701], [13356.419814627174, -11230.12031833393, 1560.0], 31, 3, 3], "32": [[16317.34026641417, -10990.423379853904, 1560.0000693137085], [15180.734429741879, -10531.515320221471, 1560.0], 18, 3, 3], "33": [[12004.17016302746, -8591.652437926376, 1458.3300298558252], [11368.971114002079, -8120.936251253026, 1560.0], 52, 3, 3], "34": [[14935.10635859717, -13102.844505533432, 1560.0000473796629], [15375.133257332489, -12460.011277158452, 1560.0], 58, 3, 3], "35": [[7951.925197132586, 12316.746455550781, 1362.2303141107955], [5499.040135425706, 10180.4772476477, 1560.0], 11, 3, 3], "36": [[7113.083155219881, 12443.019874504693, 1239.4167687947468], [4105.914592091758, 9950.313802047835, 1560.0], 27, 3, 3], "37": [[10475.004045871117, 9597.79276442857, 1442.5001322793578], [8174.483942796828, 8346.838731159238, 1560.0], 20, 2, 2], "38": [[13046.350009967404, 5425.373110109669, 1559.999995329022], [12643.268916270426, 5226.7034027115, 1560.0], 3, 2, 2], "39": [[14071.459077475301, 7415.115995074461, 1669.9998845370892], [13812.47811082315, 7087.475824789356, 1670.0], 2, 2, 2], "4": [[-11644.138832019125, 7085.228421522688, 1350.6631126251227], [-11053.116798405119, 5727.87590109083, 1560.0], 66, 3, 3], "40": [[16090.947480043906, 9794.881349085066, 1950.0000788140205], [14748.057095501606, 8931.728202780901, 1950.0], 2, 2, 2], "41": [[16095.46685668717, 9377.160977363383, 1730.0000865211077], [15222.15745975494, 8745.712702757519, 1730.0], 0, 2, 2], "42": [[15271.29086780283, 7585.362857243953, 1750.000104700101], [14627.341845092924, 7149.2537389924455, 1750.0], 0, 2, 2], "43": [[17174.339471211137, 8711.064645625956, 1610.0001802831418], [16284.672542102895, 8063.719226556621, 1610.0], 0, 2, 2], "44": [[8229.973308813569, -22035.61063236581, 1560.0000441175946], [4673.640261328045, -17529.016678671498, 1560.0], 0, 3, 1], "45": [[7524.232650067216, -21319.16690326705, 1559.999984598071], [4836.08649981237, -16744.700349291867, 1560.0], 24, 3, 3], "46": [[18810.724921053876, -13850.004551645412, 1508.6412877888552], [16770.499426732422, -12689.292903379546, 1560.0], 33, 3, 3], "47": [[-8882.75931069618, 15277.41162472794, 1749.9999528564063], [-8728.017262520354, 15212.965797212819, 1750.0], 0, 1, 1], "48": [[8050.358206737029, 16034.645726329896, 1737.716439574459], [5978.433980459478, 12905.975007701205, 1860.0], 28, 3, 2], "49": [[6605.447671759301, 18133.66682645806, 1732.9466427159466], [4421.8889156034265, 13919.517219826825, 1950.0], 41, 3, 2], "5": [[-11874.673851076492, 6081.718167393064, 1411.540103988066], [-11401.020118111612, 5000.566343603787, 1560.0], 87, 3, 3], "50": [[7824.214871869447, 20946.954703701475, 1559.9999763377905], [5175.801152565834, 15599.78628604066, 1560.0], 0, 1, 1], "51": [[7640.456012648411, 20996.909832672376, 1560.000031827464], [4830.551773116491, 15471.375729979583, 1560.0], 0, 1, 1], "52": [[7362.568126530249, 21085.702739142136, 1560.0001448102114], [4858.515457611776, 15635.846114833941, 1560.0], 0, 1, 1], "53": [[7035.926190974887, 21281.74478808215, 1559.9999717225653], [4548.383328460144, 15669.48098799101, 1560.0], 0, 1, 1], "54": [[6297.198730686759, 21706.78356104317, 1560.0001350579118], [3633.38042181802, 15603.790559430989, 1560.0], 0, 1, 1], "55": [[5793.116759201168, 21862.42976854138, 1559.9996369376454], [3363.0872158305106, 15706.151347715038, 1560.0], 0, 1, 1], "6": [[-12812.366077510145, 5987.776411751103, 1352.0369345525253], [-12157.841718953869, 4828.352790455087, 1560.0], 78, 2, 2], "7": [[-13852.732997811454, 5504.314979621757, 1296.4769688730678], [-13074.081808464367, 4365.139970037462, 1560.0], 36, 2, 2], "8": [[-13992.174012874344, -6084.890237726006, 1421.9999000878572], [-13615.203082907175, -5794.585904646996, 1560.0], 10, 3, 2], "9": [[-11896.677137623392, -7191.197223703129, 1254.4907301400474], [-11904.804782627874, -6699.621314688639, 1560.0], 13, 3, 2]}