{"0": [[-9090.114175220315, 12734.648439915876, 1480.0622310107246], [-8183.017213041381, 9463.58718138168, 1560.0], 27, 3, 3], "1": [[-8805.299288688382, 12036.525323866972, 1527.179768922063], [-7970.174647287629, 9219.8900969054, 1560.0], 44, 3, 3], "10": [[-13041.6411404953, -1037.4340804888561, 1245.8552557259793], [-13375.940729296286, -1199.2211911416282, 1560.0], 102, 3, 3], "11": [[-12824.146647036294, -4437.128535704678, 1414.1699400049042], [-12840.524860581698, -4319.836496393753, 1560.0], 14, 3, 2], "12": [[-13933.048040426194, -5768.679227800312, 1516.635469195842], [-13518.754912813474, -5555.858842920689, 1560.0], 9, 3, 2], "13": [[-14764.436977638263, -6927.580098153095, 1559.9993137620256], [-13957.38445354308, -6533.369468788782, 1560.0], 14, 3, 2], "14": [[-15764.15815529411, -10645.533320825347, 1631.8030810578014], [-13579.496633125698, -9156.813181354844, 1560.0], 16, 2, 2], "15": [[-10373.464343828678, -11131.218056868138, 902.5165227406359], [-10724.010992855063, -9370.693095754013, 1560.0], 99, 3, 2], "16": [[-9757.52588290245, -14993.67875597685, 1049.4200693634498], [-9364.362485371092, -11638.211090621819, 1560.0], 22, 3, 2], "17": [[-8396.72936654014, -15033.767015167265, 852.4938512714267], [-8368.379836028122, -12242.294939969195, 1560.0], 33, 3, 2], "18": [[-8812.093998263226, -14754.070388320828, 1549.4043150289826], [-7944.913038596149, -12144.676978355992, 1560.0], 13, 3, 2], "19": [[-8088.474852805916, -17535.956713873726, 1559.999770654633], [-6894.341810082403, -13977.405975753025, 1560.0], 0, 1, 1], "2": [[-8542.437487156965, 10107.297767571017, 1195.2938032225713], [-8586.276573114315, 7736.892452547418, 1560.0], 28, 3, 2], "20": [[-4961.935847181539, -17820.94840714131, 1518.0017724643558], [-4915.0988445822295, -13956.568329975707, 1560.0], 15, 2, 2], "21": [[-4970.643941608345, -15789.71898974013, 1560.0002205240314], [-5872.987977692119, -12698.669714281337, 1560.0], 0, 3, 1], "22": [[3731.1845078997917, -17424.608987795513, 1343.595919044063], [2034.7562165742181, -14409.39904603833, 1560.0], 10, 3, 3], "23": [[4064.185632461886, -18286.605519198747, 1402.6178875846006], [2408.568297462216, -15002.526106660313, 1560.0], 15, 3, 3], "24": [[7452.8623354689935, -17419.801605757806, 1525.4151620421285], [5308.269655000297, -14714.754238729629, 1560.0], 6, 3, 3], "25": [[10059.540163018723, -13338.238467448613, 1370.7610762220822], [8286.251036767539, -11968.499973866932, 1560.0], 16, 2, 2], "26": [[12417.444191689252, -21562.30441640609, 1500.9210424139926], [9050.746275336034, -17231.77554625775, 1560.0], 22, 3, 3], "27": [[11794.056423441125, -18103.100997949303, 1560.0000351500044], [10304.413383764359, -15688.519780437086, 1560.0], 25, 3, 3], "28": [[11701.207502064472, -16168.3029366931, 1560.0001219164649], [10110.712896206285, -14306.473033908731, 1560.0], 21, 3, 3], "29": [[14792.578211380023, -16301.665153299824, 1602.0930899159066], [14234.268650513655, -14980.059784708701, 1560.0], 46, 3, 3], "3": [[-6257.826025656342, 9128.39190444087, 1139.4800709553565], [-6887.566598582671, 7280.488859858719, 1560.0], 39, 3, 3], "30": [[13713.145809535927, -15229.82414922571, 1560.247180148063], [12268.317656388766, -13877.878834823012, 1560.0], 18, 3, 3], "31": [[17321.61713715897, -15524.60150159132, 1640.5590798665087], [16305.884342114172, -14344.47244701174, 1560.0], 15, 3, 3], "32": [[13433.015397508827, -12463.278556249674, 1556.0134979960396], [12396.669261214585, -11727.85094818128, 1560.0], 60, 3, 3], "33": [[15266.116788629439, -12454.762971837572, 1560.0000138302953], [14374.63829379727, -11785.176902788418, 1560.0], 18, 3, 3], "34": [[16363.58453288807, -9619.754237362782, 1560.0000621078548], [15875.599600795456, -9404.963203745887, 1560.0], 26, 3, 3], "35": [[12640.023647749813, -9533.001055800807, 1394.8818839116043], [10891.75325754682, -9067.444230564248, 1560.0], 25, 3, 3], "36": [[11961.640821689105, -8676.903928837219, 1311.6171711309082], [10703.34236941361, -8323.240763855136, 1560.0], 22, 3, 3], "37": [[14568.764977396359, -4726.81387437488, 1503.306919047622], [13526.579665513069, -4864.354840165818, 1560.0], 58, 3, 3], "38": [[11887.35128688249, -4117.250958202904, 1520.9629669881267], [11971.462672519767, -4324.998186978722, 1560.0], 53, 3, 3], "39": [[8162.225024789679, -6316.365526741743, 1401.8048909248296], [7183.96324473402, -6162.149134369644, 1560.0], 11, 3, 3], "4": [[-8532.1179083241, 8469.017679979837, 1313.0078569200207], [-8585.902414501277, 6836.319384764704, 1560.0], 24, 3, 3], "40": [[7438.809461589389, -6907.195295289459, 1442.5353140953202], [6939.354635597288, -6783.777657613277, 1560.0], 6, 3, 3], "41": [[13926.471380898129, 678.0256240990768, 1580.8225614704565], [15166.337562004592, 464.5731958155111, 1560.0], 60, 3, 3], "42": [[15033.83135671848, 5119.926805710689, 1560.0000668517134], [14895.88209129129, 4943.975393642398, 1560.0], 8, 2, 2], "43": [[14453.535602893458, 5200.126300026615, 1590.0001979869285], [14815.413897013095, 5167.451861025533, 1590.0], 10, 2, 2], "44": [[12659.114354946958, 7083.14095494034, 1559.9999387332866], [11992.703886200861, 6670.154667241463, 1560.0], 13, 2, 2], "45": [[11091.462230082021, 8986.273494975438, 1550.1904871480438], [9881.208445381033, 8055.344564968766, 1560.0], 14, 3, 3], "46": [[7908.186485909679, 12086.586938773824, 1504.8905787915019], [6247.03967619032, 10303.194251860574, 1560.0], 13, 3, 3], "47": [[7757.495689818785, 10185.897668183887, 1372.551477834768], [5900.475117596969, 8722.921318459914, 1560.0], 10, 3, 3], "48": [[6209.706915928184, 8506.393791112392, 1333.8049745377948], [4910.305509029607, 7487.616938909625, 1560.0], 7, 3, 3], "49": [[4116.269520100808, 9113.09064511131, 1370.8165206880335], [2443.672449837266, 7823.404439638307, 1560.0], 10, 3, 3], "5": [[-9997.981042398387, 7243.375021598884, 1447.2090006305764], [-9645.63954260274, 6030.129293062145, 1560.0], 40, 3, 3], "50": [[2961.018783698911, 9412.79992883856, 1386.073065710426], [1967.9066837248363, 8279.459964754109, 1560.0], 9, 3, 3], "51": [[2032.4122240333056, 11599.039142903383, 1338.5010598165015], [665.4067187342862, 9675.730527098729, 1560.0], 5, 3, 3], "52": [[698.3684622887876, 4582.646129378488, 1424.7112375213494], [77.28130362754882, 4258.293954328311, 1560.0], 5, 3, 3], "53": [[-3080.1343162294347, 6195.137952275865, 1706.6225873183114], [-3141.700869590115, 5677.035547041129, 1710.0], 11, 3, 3], "54": [[59.75605069809626, 10288.132625455153, 1422.4738330725368], [-670.5726604601907, 8851.179547588616, 1560.0], 10, 3, 3], "55": [[-1977.912299339524, 9477.738821268356, 1433.237973685048], [-2656.4083242344764, 8131.139652381572, 1560.0], 11, 3, 3], "56": [[-1914.0793175418114, 10560.456524314459, 1343.3327586428488], [-2721.123239498431, 8778.557802253817, 1560.0], 18, 2, 2], "57": [[14692.449481382217, 9577.245915259968, 1780.0000126064263], [13767.216370379718, 8804.632930857604, 1780.0], 2, 2, 2], "58": [[11828.603867314769, 9364.943281387215, 1559.9995460095752], [11561.904386979339, 8876.393186067482, 1560.0], 13, 2, 2], "59": [[11192.465818546189, 9967.199856603025, 1559.999571590356], [10140.75748820378, 9075.112016572833, 1560.0], 28, 2, 2], "6": [[-10037.952542927507, 8264.015752512605, 1393.395431398397], [-9594.191029390282, 6685.878408576021, 1560.0], 44, 3, 3], "60": [[-9639.868371248704, 13737.718506454925, 2001.2355000305763], [-8484.528598701227, 15802.193004167979, 1950.0], 31, 2, 2], "61": [[-10199.036157507948, 13845.799116851964, 2009.3714150178234], [-8811.11780924677, 15683.738381016281, 1950.0], 39, 2, 2], "62": [[-8636.708768606577, 14378.377687451724, 2011.3123681978914], [-7590.793377881865, 16119.517605546507, 1950.0], 30, 2, 2], "63": [[-8742.565029343445, 15014.29649794095, 2026.456925207842], [-7797.86591671838, 17197.42301431333, 1950.0], 31, 2, 2], "64": [[-8143.513052132061, 16761.090527565964, 1749.9996777371648], [-8045.473216342799, 16661.752389289806, 1750.0], 0, 1, 1],