{"0": [[-14960.13548522817, -5639.969776240312, 1497.640610734016], [-14427.748404789485, -5381.817080627777, 1560.0], 11, 3, 2], "1": [[-14179.2409258417, -5907.460754114645, 1559.9986611535383], [-13665.212951838457, -5689.228453808505, 1560.0], 9, 3, 2], "10": [[-8206.962502626015, -17079.27936494123, 1559.9998334247123], [-3390.536171774066, -14978.047856576602, 1560.0], 0, 1, 1], "11": [[8093.917115278402, -20249.779078718624, 1435.898229218782], [5293.898285820387, -16102.814854029433, 1560.0], 7, 3, 3], "12": [[7721.710229131066, -18644.235235864297, 1559.9998305312038], [5728.074391814412, -15458.238118151308, 1560.0], 4, 3, 3], "13": [[8377.711290405661, -17730.98608645787, 1403.818132197289], [6470.858855463031, -15029.35365650026, 1560.0], 20, 3, 3], "14": [[9697.885556592042, -17937.61060225719, 1258.9011252100067], [6248.493045617973, -14642.132398526968, 1560.0], 9, 3, 2], "15": [[9496.195499147854, -17355.704784270165, 1560.0008859262462], [7942.889178840143, -15055.437632147723, 1560.0], 15, 3, 3], "16": [[9140.195898729735, -15462.72210079845, 1247.973800413759], [6978.1551820544755, -13422.439012175071, 1560.0], 34, 3, 3], "17": [[8137.012363472789, -16796.29446556712, 1458.1407588808377], [5989.469993358936, -14317.320798080384, 1560.0], 5, 3, 3], "18": [[7585.111005333695, -16214.403404252538, 1336.6919319526073], [5022.351723487509, -13731.270605376742, 1560.0], 12, 3, 3], "19": [[8075.599229920463, -14648.458796928246, 1367.05143677319], [5936.037258249387, -12832.696858171728, 1560.0], 15, 3, 3], "2": [[-12977.906271469983, -5862.60574574094, 1560.0002438803347], [-12523.91587536487, -5726.841720167838, 1560.0], 9, 3, 2], "20": [[11717.993917761545, -19654.630322131063, 1516.7898323595093], [9245.181957514702, -16283.99048713191, 1560.0], 16, 3, 3], "21": [[12516.50072025828, -22419.682033770503, 1317.419241731565], [8905.007317788848, -17399.26301535506, 1560.0], 61, 3, 3], "22": [[10227.284180202058, -31026.253016727285, 1679.9989286908342], [4281.983457090718, -19512.39981715802, 1680.0], 12, 2, 2], "23": [[9282.884439481302, -28561.020891084685, 1749.9999844534582], [6297.685655905635, -19613.195389013123, 1750.0], 0, 1, 1], "24": [[10042.06890359404, -12925.949433199823, 1282.8460269000977], [8018.303017012482, -11540.616496665198, 1560.0], 21, 2, 2], "25": [[13284.628189957926, -12362.49133885118, 1736.095468096584], [13593.975405454257, -11917.424262897375, 1560.0], 11, 3, 3], "26": [[15478.603841702992, -10864.963324171451, 1566.8529987138782], [14547.743119966577, -10404.94927668709, 1560.0], 8, 3, 3], "27": [[18948.939211071298, -13151.10013617223, 1631.5239081595832], [17127.026222562148, -12201.457795700815, 1560.0], 25, 3, 3], "28": [[20689.557761193464, -18906.330922009773, 1887.9299562527808], [18890.01384845622, -16662.04690398676, 1650.0], 28, 2, 2], "3": [[-13921.812755416682, -7825.947848015682, 1604.423558648994], [-12963.54123522007, -7380.160638324118, 1560.0], 18, 3, 2], "31": [[15087.763106781373, 1435.873806393814, 1570.0002652496028], [14790.220013707589, 1285.220940132603, 1570.0], 0, 2, 2], "32": [[15793.887484192592, 6937.160593876208, 1679.999683014981], [15453.984206343075, 6622.68937992939, 1680.0], 0, 2, 2], "33": [[15302.840715319906, 7219.399021259008, 1699.999994905726], [14787.853238328933, 6835.037519009216, 1700.0], 0, 2, 2], "34": [[14373.180316559867, 6004.0518284524, 1559.9994094733543], [13319.750513457177, 5593.615657595369, 1560.0], 9, 2, 2], "35": [[14430.924337116601, 7869.942559028397, 1679.999754332142], [14519.520648669355, 7612.868136229798, 1680.0], 18, 2, 2], "36": [[13653.681537683615, 7098.227391511411, 1800.000514775449], [13024.09046598643, 6646.604968796556, 1800.0], 0, 2, 2], "37": [[12713.447289223392, 7759.190499574323, 1310.6517482277238], [9999.771060983956, 6721.340490158532, 1560.0], 20, 2, 2], "38": [[12612.043408035011, 7926.300134836185, 1700.0000110173264], [11512.034488627112, 7301.908969250253, 1700.0], 4, 2, 2], "39": [[12115.285954510353, 7133.104175031918, 1560.0000417061913], [11465.638807231597, 6654.095153406177, 1560.0], 0, 2, 2], "4": [[-12879.396486000322, -7630.318605889414, 1560.0002739597116], [-12167.145858271962, -7249.769128578266, 1560.0], 13, 3, 2], "40": [[11772.789028074929, 9835.893448391294, 1559.9993720403145], [10054.927241968257, 8734.67566962713, 1560.0], 8, 2, 2], "41": [[11095.211024306058, 9922.31437692518, 1559.9992439255075], [9143.619634952662, 8755.941112659908, 1560.0], 15, 2, 2], "42": [[10047.533135470718, 8876.226266955648, 1629.9178165335913], [9968.401101437457, 8394.728031667775, 1560.0], 7, 3, 3], "43": [[8046.196964818106, 10482.086331657089, 1705.5523506689306], [8303.83210510174, 9948.433109514617, 1620.0], 12, 3, 2], "44": [[8073.3067149490635, 10267.930366154282, 1347.7266886097304], [7527.008253173859, 9105.224235000142, 1560.0], 136, 3, 3], "45": [[6751.334560015772, 11000.251306053315, 1546.3410987376285], [5376.2425769700785, 9603.783613618754, 1560.0], 13, 3, 3], "46": [[6346.711259352279, 11963.970841229335, 1318.468505822304], [4461.133201165922, 10098.381134548981, 1560.0], 12, 3, 3], "47": [[5782.837712677701, 12413.118089376349, 1293.5387697096533], [3528.136700494764, 10197.48504080246, 1560.0], 4, 3, 3], "48": [[7382.813092382485, 14313.54788078038, 1663.941237836228], [4321.385886372538, 11213.79310219857, 1840.0], 58, 3, 3], "49": [[-7997.245193056225, 10143.182941166659, 1467.9761444529443], [-7843.8312135195965, 8036.385901183319, 1560.0], 47, 3, 3], "5": [[-11708.186978763148, -7007.74658696078, 1559.9999247060216], [-11270.897872608919, -6744.619825172458, 1560.0], 0, 3, 2], "50": [[-7638.741698790241, 11577.13310276003, 1642.2847129430527], [-7554.699626935046, 9022.607121489451, 1630.0], 31, 3, 2], "51": [[-8078.111071067869, 12458.918192530005, 1559.999854917543], [-7411.135962595371, 9531.172511199638, 1560.0], 57, 3, 3], "52": [[-8634.075979322995, 8446.930797713761, 1559.9999709447125], [-8129.9898192152195, 7140.040431217294, 1560.0], 22, 3, 3], "53": [[-10109.77285958587, 7101.361563082412, 1499.4521634859955], [-9748.568821893123, 5932.583648144554, 1560.0], 52, 3, 3], "54": [[-10854.911310623422, 6011.4169855641785, 1516.6452448570883], [-10466.240828947528, 5109.112639361394, 1560.0], 76, 3, 3], "55": [[-11283.628266760315, 6538.045820677717, 1563.9811988579604], [-10626.472656150643, 5511.4043965498995, 1570.0], 78, 3, 3], "56": [[-10837.149639529089, 6725.358424116108, 1482.9657752828414], [-10279.343473079998, 5672.952073726654, 1560.0], 28, 3, 3], "57": [[-11331.07229744829, 7505.239216053051, 1492.9276138054265], [-10625.130899113417, 6129.716423580669, 1560.0], 40, 3, 3], "58": [[-11924.648027356436, 7827.378139477772, 1449.5682222801777], [-11064.500034700648, 6259.515680026304, 1560.0], 56, 3, 3], "59": [[-12141.69181829949, 6306.228759564634, 1373.0995180764694], [-11630.750083426963, 5108.333234089993, 1560.0], 58, 3, 3], "6": [[-11015.4209662188, -9244.192064165934, 1741.8376680520064], [-9998.192762645966, -8769.13825257164, 1570.0], 11, 3, 2], "60": [[-12847.251989731098, 5805.046402963751, 1510.4979222012696], [-12044.243086922339, 4830.9817097112955, 1560.0], 50, 2, 2], "61": [[-12376.070835236806, 5355.228967622659, 1291.645460231374], [-12026.994421512105, 4340.1564514741285, 1560.0], 62, 3, 3], "62": [[-12216.954915012555, 4915.224217969315, 1346.042038211102], [-11966.52577742332, 4026.9400866269184, 1560.0], 86, 3, 3], "63": [[-13740.64296591718, 6126.726947797929, 1296.7218241766632], [-12825.369981547938, 4841.839239440641, 1560.0], 27, 2, 2], "64": [[-13555.540300053843, 5364.355066716585, 1196.5189179164756], [-12961.742500553939, 4224.930353727623, 1560.0], 17, 2, 2], "65": [[-8638.68152559642, 20954.487415872612, 1750.0004327051029], [-8335.156622904571, 20410.985147738655, 1750.0], 0, 1, 1], "66": [[-8711.161012225188, 16511.18292408852, 1750.0000633373852], [-8556.365689272016, 16357.66656178213, 1750.0], 0, 1, 1],