{"0": [[-11608.453546253966, -12635.25705241731, 1620.8867804877732], [-10100.286053353979, -10881.032958768223, 1560.0], 39, 3, 2], "1": [[-11831.936804655315, -12046.009733106159, 1282.1626536435901], [-10921.34965453289, -10162.907225204342, 1560.0], 36, 3, 2], "10": [[8161.817597875193, -17715.402746399246, 1539.3550895286476], [6060.928234011795, -14941.582551096508, 1560.0], 5, 3, 3], "11": [[10904.559151969837, -19807.66938773794, 1381.637021999179], [7745.765359057052, -16071.47653931704, 1560.0], 8, 3, 3], "12": [[11449.151708907382, -20913.905490373727, 1395.4837912427502], [7887.50736481886, -16585.029914492563, 1560.0], 8, 3, 3], "13": [[10998.909008267414, -15997.204624651658, 1541.6491062397156], [8735.26450024209, -13847.463485313301, 1560.0], 3, 3, 3], "14": [[14604.235476231921, -14674.934685944392, 1525.1950482262803], [12174.234327849226, -13069.127442242097, 1560.0], 12, 3, 3], "15": [[13618.236794029915, -12271.618906738144, 1571.6997385387426], [14313.346236112173, -11878.148995369645, 1560.0], 38, 3, 3], "16": [[14106.668069888592, -12268.679946012562, 1666.1627045666294], [13711.837248126707, -11735.094300439148, 1560.0], 23, 3, 3], "17": [[12786.766062129918, -10740.850400118554, 1438.0075380703224], [11502.521107130577, -10101.095634168734, 1560.0], 18, 3, 3], "18": [[14516.958034430007, -9535.81495806836, 1559.9997538622945], [13903.359686761769, -9180.794370799673, 1560.0], 14, 3, 3], "19": [[14932.760758861818, -11243.421122149992, 1560.0000759244354], [14307.017172246196, -10794.636651194076, 1560.0], 28, 3, 3], "2": [[-11837.493239263795, -11633.728635805372, 1078.9287162271842], [-11340.43352656137, -9713.297039669205, 1560.0], 26, 3, 2], "20": [[15565.128830050533, -10445.94260330933, 1559.9998176651002], [14789.925761971042, -10007.511862734367, 1560.0], 36, 3, 3], "21": [[15954.795377067217, -10419.047820615593, 1149.1466644897598], [13031.800300809955, -9568.012322356622, 1560.0], 17, 3, 3], "22": [[17271.965011235294, -10546.277878380639, 1635.3602464116445], [16847.02056693869, -10278.543933830784, 1560.0], 20, 3, 3], "23": [[18645.18444187324, -11367.271597448813, 1563.0656854549188], [17203.756777985065, -10935.74101593433, 1560.0], 27, 3, 3], "24": [[10057.066451184895, -12837.13690362877, 1460.1152180145718], [9407.42933601329, -11827.87900198096, 1560.0], 49, 2, 2], "25": [[15712.46933657806, -321.7372491102521, 1670.0000286526786], [15538.887060339615, -380.9708137292014, 1670.0], 1, 2, 2], "26": [[15422.502652350615, 1365.4392675828924, 1729.9999311298554], [15226.53429631058, 1307.315850459836, 1730.0], 2, 2, 2], "27": [[14841.565701961306, 1075.951749082651, 1639.9999485647875], [14964.02206425047, 1050.2283712158921, 1640.0], 1, 2, 2], "28": [[14203.047149232932, 1533.2120334224599, 1620.00018667397], [13963.592895579004, 1443.0346491982805, 1620.0], 0, 2, 2], "29": [[13606.668625459646, 1370.627607750321, 1799.9999461866014], [14254.168249465409, 1451.207877060048, 1800.0], 36, 2, 2], "3": [[-11435.850775452727, -14111.597367687516, 1559.9997702051849], [-9512.215585113987, -12251.768243695775, 1560.0], 0, 1, 1], "30": [[12087.33134210025, 1302.4381233631552, 1750.0001279777607], [12641.513629680685, 1302.3303212091346, 1750.0], 22, 2, 2], "31": [[13546.727542514162, 3637.094849056881, 1600.0004841280752], [13607.89289296355, 3530.048670852435, 1600.0], 2, 2, 2], "32": [[12241.782581723846, 7694.339117617671, 1629.6654503941484], [11050.936757076941, 6989.2892205583, 1560.0], 45, 3, 3], "33": [[12894.658249502188, 7619.9620282059705, 1560.0000176286742], [12131.234240916756, 7152.4144953759405, 1560.0], 4, 2, 2], "34": [[13773.80281921643, 7854.3078059312475, 1619.9996692963273], [13607.83461836076, 7513.3722451415515, 1620.0], 4, 2, 2], "35": [[15743.654681597922, 9073.479022642738, 1770.000080784473], [14913.637244442112, 8414.845112397928, 1770.0], 2, 2, 2], "36": [[16668.096429639525, 9916.423242261597, 1859.9997236705567], [15236.771068518996, 8966.027861227616, 1860.0], 3, 2, 2], "37": [[17112.786894432997, 7545.185803072891, 1669.9997149210808], [15597.18362262503, 6901.4169285173475, 1670.0], 5, 2, 2], "38": [[17238.864434400795, 7780.647723173248, 1660.0000354626752], [17181.008655674228, 7513.683564724271, 1660.0], 17, 2, 2], "39": [[17323.241344337363, 8341.670898377659, 1559.99964545741], [17963.220951836352, 8230.134304738529, 1560.0], 123, 2, 2], "4": [[-8223.857233132754, -18114.86397113649, 1434.9193110446586], [-7201.291958484739, -13631.249844938682, 1560.0], 52, 2, 2], "40": [[19457.584037600263, 8441.039556837546, 1820.0000370846665], [18574.817533469257, 7938.810828298573, 1820.0], 0, 2, 2], "41": [[19722.343711180074, 8905.065439264428, 1730.000082567361], [19245.100986720157, 8377.428695452647, 1730.0], 5, 2, 2], "42": [[10459.605841622633, 9924.948045541285, 1839.9998383064133], [8837.368452632796, 8801.234580309683, 1840.0], 2, 2, 2], "43": [[9496.80087609465, 10458.737585190982, 1548.8353900621216], [7972.773667929141, 9259.803029571203, 1560.0], 8, 3, 3], "44": [[9316.36499417486, 10971.687479152095, 1560.0000352657582], [8071.074103072119, 9683.02500705137, 1560.0], 7, 3, 3], "45": [[7974.4800603195245, 9781.382397051499, 1559.9999715051995], [6646.805244361636, 8706.4531770157, 1560.0], 3, 3, 3], "46": [[7020.777493454093, 11457.99287850464, 1392.3995510096934], [4668.277111593643, 9501.137536203898, 1560.0], 25, 3, 3], "47": [[7652.667659749911, 15335.916735304436, 1479.02102882131], [5236.595387767959, 12292.291656676784, 1560.0], 14, 3, 3], "48": [[7378.100441359023, 16928.452493424473, 1640.000109722637], [4779.610454056049, 13185.774991580296, 1640.0], 36, 3, 3], "49": [[-8278.645705768286, 12930.795963059312, 1522.6578470642248], [-7583.837536487551, 9638.642814081344, 1560.0], 43, 3, 3], "5": [[-8003.47502939014, -17997.07943239498, 1559.999741978072], [-6897.49108716463, -13999.884090639107, 1560.0], 0, 1, 1], "50": [[-10443.290496289523, 13669.692116755696, 1560.000025135708], [-7697.313879205318, 12020.621285927738, 1560.0], 20, 2, 2], "51": [[-10154.49175182514, 9527.286564606993, 1506.0323396114243], [-9307.804708113552, 7615.5891021193265, 1560.0], 21, 3, 3], "52": [[-8551.567336154758, 8456.645563800515, 1334.1130826549409], [-8486.310545089436, 6850.662886200629, 1560.0], 27, 3, 3], "53": [[-10343.479425590574, 7593.620579894092, 1508.3086857532157], [-9843.969906452272, 6268.409552795715, 1560.0], 64, 3, 3], "54": [[-11593.831882327278, 6397.4803836890305, 1313.3133056706781], [-11237.045035541109, 5164.622016594294, 1560.0], 62, 3, 3], "55": [[-12523.016698416404, 5618.809811715271, 1488.1288884340513], [-11831.958707825504, 4720.936868418645, 1560.0], 54, 3, 3], "56": [[-12501.30023938012, 6986.0182964066225, 1403.6318176834716], [-11637.48015766627, 5631.421459590022, 1560.0], 16, 2, 2], "57": [[-13184.555248859357, 6888.480187935987, 1583.2205677074032], [-12127.660253018885, 5540.960246167047, 1660.0], 38, 2, 2], "58": [[-13274.842531671666, 5843.21138175671, 1478.78976559686], [-12315.352772382394, 4860.27927268795, 1560.0], 14, 2, 2], "59": [[-16285.752003093225, 8102.01480877855, 1749.9997711284652], [-11215.005775968186, 7503.590704385356, 1750.0], 0, 1, 1], "6": [[-6812.770667302611, -16418.657781502512, 1327.7856335371278], [-6779.927011159081, -13194.931356741825, 1560.0], 62, 3, 2], "60": [[7929.634210416085, -23671.802512816255, 1559.9994351023947], [4924.680998057168, -17774.287057973168, 1560.0], 22, 2, 2], "61": [[11138.372536740811, -31653.14198171474, 1560.0000813768725], [5428.452468946374, -20140.324591801607, 1560.0], 9, 2, 2], "62": [[9704.069291743719, -29093.498032429812, 1749.9997422685585], [6793.14342283702, -20495.80763453984, 1750.0], 0, 1, 1], "63": [[12696.140398044405, -31922.72111612696, 1730.000610423823], [6276.804817825226, -20270.83340749665, 1730.0], 4, 2, 2], "64": [[10156.71805632515, -36322.72552117446, 1750.0000527446591], [6775.312580057639, -25091.419652807315, 1750.0], 0, 1, 1],