{"0": [[-8046.437007296655, -17369.498927261855, 1659.9999442892604], [-7008.363275078325, -13814.147263801387, 1660.0], 0, 1, 1], "1": [[-9242.624083721523, -16741.683087561694, 1699.9997742469288], [-8037.282904604696, -13195.079194607813, 1700.0], 0, 1, 1], "10": [[-11716.667143913357, -6939.23278500585, 1559.9998862224743], [-11342.853098660373, -6684.813722068763, 1560.0], 4, 3, 2], "11": [[-12827.2349379964, -6277.696592617886, 1560.0003390832892], [-12345.591409690309, -6082.377114499155, 1560.0], 7, 3, 2], "12": [[-12846.128846875554, -7402.79977511052, 1559.9999388741724], [-12229.790793034768, -7035.676309380342, 1560.0], 2, 3, 2], "13": [[-13805.446767704105, -6273.828535638606, 1608.9759140411322], [-13153.847195327917, -6071.791233767527, 1560.0], 20, 3, 2], "14": [[-13965.84522253931, -6865.205724020265, 1471.7358362987222], [-13453.23872085258, -6464.718990556769, 1560.0], 46, 3, 3], "15": [[-14450.434849574058, -7821.614804729462, 1560.0009646827086], [-13460.87215586494, -7310.619014045576, 1560.0], 9, 3, 2], "16": [[-15286.645026455655, -7857.1758724279025, 1661.0963416589939], [-14020.85393204103, -7331.939721241929, 1560.0], 29, 3, 2], "17": [[-14800.632249791452, -5702.177856176044, 1491.8471647105914], [-14301.380041255197, -5451.148799972993, 1560.0], 11, 3, 2], "18": [[-15498.260872297886, -6753.953053409823, 1519.653570012808], [-14648.51487543672, -6308.696050656215, 1560.0], 24, 3, 2], "19": [[-10836.401195824461, 507.93488726624327, 1264.1141741622203], [-11297.897751862132, 261.8345259117648, 1560.0], 104, 3, 3], "2": [[-10875.268718191986, -15216.312742385082, 1630.0001098393038], [-9247.295276915174, -12171.192971855366, 1630.0], 9, 2, 2], "20": [[-11115.02843890051, 3842.492861121987, 1347.8812434576407], [-11169.918651588465, 3243.6471001717064, 1560.0], 46, 3, 3], "21": [[-14751.989664602905, 7404.252681512641, 1599.9998916587713], [-12934.178119082313, 5797.429248320695, 1600.0], 12, 2, 2], "22": [[-14320.31905477526, 5993.013279908758, 1066.7950129447204], [-13538.116923382151, 4432.984004653799, 1560.0], 25, 2, 2], "23": [[-13191.497368600936, 6701.316265835659, 1218.2357252130746], [-12454.816457112793, 5169.0957059031525, 1560.0], 20, 2, 2], "24": [[-11306.639405870776, 8217.815513417447, 1560.275125950822], [-10551.613943225897, 6567.232809717257, 1670.0], 63, 3, 2], "25": [[-9979.381675102171, 9953.965931333452, 1297.5929561746411], [-9561.785414371878, 7555.920306564702, 1560.0], 50, 3, 3], "26": [[-8775.884699868642, 9520.830870992524, 1506.3560852420026], [-8309.950231125888, 7707.710013660974, 1560.0], 64, 3, 3], "27": [[-7859.709947136295, 10648.351964223071, 1277.2578662078827], [-7792.654011428391, 8276.936632478932, 1560.0], 22, 3, 3], "28": [[-7814.449629615436, 11605.255169694106, 1191.7319088124032], [-7806.105762485245, 8675.71001389169, 1560.0], 3, 3, 3], "29": [[-7564.818275896359, 12820.918098336726, 1216.8765526186457], [-7679.976567595736, 9231.148227569363, 1560.0], 54, 3, 3], "3": [[-10312.394658710902, -15867.865271853649, 1597.1469328986398], [-8598.483231466891, -12640.61427449666, 1570.0], 22, 2, 2], "30": [[-8306.982469711333, 12254.83809047106, 1370.3128913473568], [-8001.89762053293, 9086.29631283863, 1560.0], 74, 3, 3], "31": [[7507.556232263234, 17434.751996294817, 1406.2309295751531], [4792.932138066818, 13453.510819226833, 1560.0], 53, 3, 3], "32": [[6523.2857445482705, 13131.305665058557, 1465.1984303317938], [4997.006044892375, 11089.314458226547, 1560.0], 28, 3, 3], "33": [[6148.329102696096, 11611.034775850056, 1314.0444826445746], [4442.058685138987, 10006.053320527517, 1560.0], 58, 3, 3], "34": [[6857.866877697385, 10688.48136751508, 1382.5938336282463], [4916.418297738681, 9077.052648282282, 1560.0], 27, 3, 3], "35": [[7179.801348977718, 10416.76643736154, 1272.4453402457825], [4130.3365597653265, 8525.384548521344, 1560.0], 40, 3, 2], "36": [[7688.525128918723, 9817.461290116771, 1373.4157154490542], [4688.597297909828, 8032.045958852091, 1560.0], 64, 3, 3], "37": [[9988.424598396663, 10780.984493420006, 1560.0002996767032], [8481.058552212373, 9633.171103994082, 1560.0], 23, 3, 2], "38": [[10095.687818530823, 10174.543773068368, 1680.8531250881765], [8564.641896798428, 9057.980245209996, 1610.0], 24, 3, 3], "39": [[9866.005762969857, 8775.693511585037, 1560.000039409726], [8043.968098782292, 7812.464648443893, 1560.0], 27, 3, 3], "4": [[-8546.719117571893, -16814.185163210397, 1590.0000687928525], [-7342.42802993442, -13223.060544594227, 1590.0], 11, 2, 2], "40": [[15506.341889694517, 9260.770571432045, 1669.999850169305], [14230.607714865244, 8487.093210813839, 1670.0], 1, 2, 2], "41": [[14688.581756824336, 7686.5906406803215, 1560.0001347507534], [13819.156720744628, 7225.403450845215, 1560.0], 1, 2, 2], "42": [[15781.963879938303, 7926.934062671401, 1560.0002658911492], [15070.42623874704, 7407.819539143898, 1560.0], 2, 2, 2], "43": [[14135.868437203791, 6994.004321997228, 1559.9999955567453], [13018.46723108302, 6455.583126436424, 1560.0], 3, 2, 2], "44": [[15544.935474226528, 7319.6735989602985, 1630.0000500617423], [14519.291348296434, 6785.641587078245, 1630.0], 0, 2, 2], "45": [[19604.575865664505, 7593.768711887969, 1750.000212122726], [19541.838796511096, 7369.421839883325, 1750.0], 11, 2, 2], "46": [[20785.734503177806, 8532.811985661427, 1740.000369082789], [19814.629308996966, 7971.312444303401, 1740.0], 4, 2, 2], "47": [[16784.649372746946, 8355.943414502302, 1589.9998829437702], [17080.797508262418, 8138.03964904224, 1590.0], 19, 2, 2], "48": [[10987.237743357617, 886.9097336031206, 1570.947161543128], [10636.703276628929, 696.1244420072821, 1560.0], 24, 3, 3], "49": [[15755.445415014192, 1027.102898066091, 1488.2468004156674], [16810.52858465354, 1213.0490163093984, 1560.0], 118, 2, 2], "5": [[-9780.069003853734, -14948.601616921094, 1599.9999163716686], [-8455.734162322577, -12239.325586537161, 1600.0], 4, 2, 2], "50": [[13074.699359894714, -10031.45974330944, 1252.9932400739056], [10749.734404792523, -9343.607231043461, 1560.0], 33, 3, 3], "51": [[15748.027156891001, -9441.357207849094, 1490.732710791742], [14017.291478681971, -8978.848189104361, 1560.0], 14, 3, 3], "52": [[14601.069769390135, -10612.950865190096, 1559.9997639950666], [13394.44924935175, -10066.83921495945, 1560.0], 6, 3, 3], "53": [[15077.472847499563, -10835.201806210704, 1559.9997699432713], [13875.736733830927, -10379.074890137117, 1560.0], 48, 3, 3], "54": [[13168.302343647652, -11043.821440796151, 1417.9675176174762], [10832.484299493166, -10260.100954222984, 1560.0], 28, 3, 3], "55": [[12720.662466715987, -11332.031337131082, 1464.2852923472456], [11202.487157661399, -10640.611132760985, 1560.0], 36, 3, 3], "56": [[12007.360065694178, -11202.507555622195, 1373.8334233578457], [9226.20308183863, -10195.92947735721, 1560.0], 33, 3, 3], "57": [[18701.620535951923, -13932.610835228323, 1560.0001373757232], [18852.499110221004, -13313.377147186104, 1560.0], 59, 3, 3], "58": [[13147.071495642856, -12759.964827220252, 1492.7885403372907], [11220.130838443745, -11634.92400140306, 1560.0], 12, 3, 3], "59": [[9997.625186494797, -13338.925626346308, 1347.645623201608], [7855.280216856073, -11846.28166262304, 1560.0], 13, 2, 2], "6": [[-7769.414842893746, -14490.768180381889, 1469.7680878675217], [-7283.431487069916, -12368.052131555021, 1560.0], 50, 3, 2], "60": [[8465.351270049028, -15864.951622393828, 1319.6666150791916], [6360.230221723341, -13685.437823649101, 1560.0], 12, 3, 3], "61": [[7760.6158405027745, -17315.0278591292, 1393.1938676817356], [5770.442907453985, -14679.581075590166, 1560.0], 14, 3, 3], "62": [[8146.599935946731, -18119.0642477272, 1232.6153312811925], [8154.371016907271, -18225.30894904864, 1560.0], 29, 2, 2], "63": [[7686.440418141761, -18683.46733913133, 1351.1350551254686], [5728.074391814412, -15458.238118151308, 1560.0], 37, 3, 3], "64": [[11150.006548718608, -22102.019952844283, 1444.5788043523671], [7406.290322462819, -17182.549355486903, 1560.0], 3, 3, 3],