{"0": [[-15778.632315031227, -7404.606331578589, 1560.000099724209], [-14631.850072864308, -6857.319305136864, 1560.0], 8, 3, 2], "1": [[-15674.26462318878, -6742.391934818169, 1535.0624283428776], [-14756.2087800565, -6308.620394249407, 1560.0], 33, 3, 2], "10": [[-7982.278305910238, -17551.305565931845, 1560.0001544771537], [-6897.49108716463, -13999.884090639107, 1560.0], 0, 1, 1], "11": [[6122.392272694044, -22572.617982173186, 1749.9999456963615], [3501.2917598086124, -17083.38993864132, 1750.0], 0, 1, 1], "12": [[9980.195074708085, -24971.164065817266, 1700.0000734893706], [5676.824951603969, -18128.070353505518, 1700.0], 43, 2, 2], "13": [[12208.07098450297, -22229.123511703896, 1366.1637517901472], [7979.6852701554635, -17145.918088500726, 1560.0], 7, 3, 3], "14": [[12776.124004643465, -19618.360588107316, 1501.7048543831606], [8948.712299605404, -15924.413062468124, 1560.0], 11, 3, 3], "15": [[10039.576634905587, -16910.77871423464, 1559.9998075200738], [7377.858715449704, -14366.787948736033, 1560.0], 16, 2, 2], "16": [[12493.647956032864, -17545.29694273961, 1472.3828557489512], [9259.826997090071, -14711.117530056434, 1560.0], 42, 3, 3], "17": [[15958.513930683303, -17469.26246314155, 1703.8871364997035], [12780.302132546716, -15004.38202710252, 1560.0], 69, 3, 3], "18": [[15113.78340973278, -17214.687383394263, 1762.8291048346068], [13849.330190757511, -15453.402293837566, 1560.0], 13, 3, 2], "19": [[15894.08054131317, -13848.258675449317, 1559.999799204531], [14365.860343223914, -12849.592605715474, 1560.0], 31, 3, 3], "2": [[-14063.5262558864, -6424.809448764255, 1388.2335351645793], [-13657.768155476486, -6071.463307851703, 1560.0], 12, 3, 2], "20": [[15857.462791482487, -13523.010695930794, 1139.7459202299465], [12788.142453282953, -12131.31650773647, 1560.0], 45, 3, 3], "21": [[14139.063258776994, -12727.037167955737, 1448.3137508870589], [12287.561758012773, -11903.318242385294, 1560.0], 87, 3, 3], "22": [[9994.845548309397, -13130.722534398577, 1395.1375672992924], [8370.36347125108, -11814.923387552633, 1560.0], 19, 2, 2], "23": [[14094.835994266248, -11255.320649554655, 1559.9994972660904], [15639.046921977684, -10962.647354601087, 1560.0], 111, 3, 3], "24": [[13855.537482792994, -10276.098172836224, 1305.445655708614], [11754.512779502003, -9639.914452714793, 1560.0], 14, 3, 3], "25": [[16265.966724124803, -9758.414560861933, 1559.999487320843], [14638.11894504428, -9082.472222127177, 1560.0], 10, 2, 2], "26": [[14981.65746840086, 7870.691727602845, 1559.9997711711073], [17797.985873891437, 12279.93829417671, 1560.0], 0, 2, 1], "27": [[14178.406621997214, 7703.560613905096, 1570.0003155886209], [16999.06303379338, 12008.944404640579, 1570.0], 0, 2, 1], "28": [[-11228.255946241272, 6877.736379151466, 1559.9994134095934], [-10465.568825455739, 5865.30076197922, 1560.0], 14, 2, 2], "29": [[-12828.186446285908, 6696.781760801314, 1750.0002492978601], [-11725.312084129646, 5598.198003310378, 1750.0], 0, 1, 1], "3": [[-13655.192414114823, -6369.335626739025, 1329.9039969071046], [-13414.138735686545, -5982.02832610994, 1560.0], 15, 3, 2], "30": [[-13870.711643041242, 4965.618611307846, 1749.9999325511644], [-12842.20327519542, 4259.164286608957, 1750.0], 0, 1, 1], "31": [[-14329.045052143772, 7412.567621017967, 1367.599705171098], [-12841.287450802909, 5675.321667483154, 1560.0], 23, 2, 2], "32": [[-12564.380327486717, -14060.302011403208, 1560.0000019704064], [-6627.919216880756, -9697.87091610924, 1560.0], 0, 1, 1], "33": [[-9314.627677036988, -18190.54982465777, 1610.0006776532202], [-6179.524165031869, -14854.899560940717, 1610.0], 0, 1, 1], "34": [[-9553.742483520527, -19892.122486508513, 1599.9996435842802], [-4419.109406553727, -13677.896158708703, 1600.0], 0, 1, 1], "35": [[-8044.935162962569, -21228.34872671254, 1700.0001264612492], [-3491.3368470161727, -15098.331309933425, 1700.0], 0, 1, 1], "36": [[-10832.355055224149, -20292.598003059004, 1859.999896281832], [-7224.181644235868, -14098.38188349097, 1860.0], 0, 1, 1], "37": [[-16237.868315099753, 7096.066959328165, 1749.999824455337], [-11216.138417092077, 6816.588687598201, 1750.0], 0, 1, 1], "38": [[-20836.58859512427, 8976.012716493307, 1749.9997119721988], [-13501.114185251137, 8262.327538055457, 1750.0], 0, 1, 1], "39": [[-21320.160032050622, 8282.826248751171, 1750.0000894606064], [-13496.59981836095, 7544.202621108015, 1750.0], 0, 1, 1], "4": [[-12603.044085392568, -6479.285629520941, 1482.9758096031849], [-12347.3260309895, -6181.7953842110555, 1560.0], 16, 3, 2], "40": [[-20762.412416461164, 7261.866343061217, 1750.00047232867], [-13245.494691248763, 6932.769090371446, 1750.0], 0, 1, 1], "41": [[-22935.736296855233, 7926.993697165066, 1749.999993626078], [-14151.998139340245, 7328.817699662187, 1750.0], 0, 1, 1], "42": [[17470.586108638247, -11980.528493987631, 1501.6792453637686], [14993.212572568573, -10828.268446531898, 1560.0], 12, 2, 2], "43": [[23151.749658347107, -11826.58872173138, 1551.1156939261407], [21439.68154861138, -10195.957277353638, 1560.0], 20, 2, 2], "44": [[23323.434040680175, -11667.53904284741, 1749.999697940229], [21777.677916675908, -9726.62567075396, 1750.0], 0, 1, 1], "45": [[24155.034510530466, -9992.022943715654, 1750.0001189064026], [22539.96203031066, -8165.0301100652005, 1750.0], 0, 1, 1], "46": [[23761.44442657354, -9896.797199421666, 1750.0002133603818], [22264.842714091435, -8215.922935182765, 1750.0], 0, 1, 1], "5": [[-12001.490441381682, -13135.335333391202, 1610.4053736377477], [-10335.364824083923, -11066.129120159176, 1570.0], 13, 3, 2], "52": [[-9287.632206605233, 21429.19631586168, 1749.9997764028533], [-8837.377950853162, 20681.33357795045, 1750.0], 0, 1, 1], "53": [[-7681.459144686911, 21643.09901526439, 1750.0004251755981], [-7476.48059400797, 21104.923640850706, 1750.0], 0, 1, 1], "54": [[-8540.359996100491, 20727.851178660316, 1750.0000249944526], [-8278.293434492707, 20234.99842716204, 1750.0], 0, 1, 1], "55": [[-9065.576551168175, 20605.863340087486, 1750.0003354804714], [-8728.04510072115, 20034.082416472647, 1750.0], 0, 1, 1], "56": [[-9878.614423800938, 20557.08262778036, 1750.0001194839133], [-9360.16291819956, 19877.53048012421, 1750.0], 0, 1, 1], "57": [[-9689.236317697985, 19783.67978466931, 1749.999875534086], [-9268.575470881524, 19233.752456322447, 1750.0], 0, 1, 1], "58": [[-8975.634438238028, 19602.527807923987, 1750.0000620275007], [-8689.615197810226, 19198.896541387527, 1750.0], 0, 1, 1], "59": [[-8400.305789376802, 19634.9914013862, 1749.99973266569], [-8198.486365495859, 19284.4981568136, 1750.0], 0, 1, 1], "6": [[-10377.573514345937, -13293.528197574333, 1546.66152541723], [-9272.20667211172, -11256.86655936063, 1560.0], 24, 3, 2], "60": [[-8024.803077453545, 20057.110424981172, 1750.000031683779], [-7841.951737668136, 19713.077503574044, 1750.0], 0, 1, 1], "61": [[-7926.927370858482, 19702.357825880077, 1749.9997802782295], [-7782.217209519185, 19406.18412572751, 1750.0], 0, 1, 1], "62": [[-8305.761206859785, 17444.83388438561, 1749.9997963368467], [-8164.902163903276, 17286.171760265406, 1750.0], 0, 1, 1], "63": [[-8946.75803547051, 18491.107234318104, 1750.0001969607758], [-8732.022983466997, 18178.061443908224, 1750.0], 0, 1, 1], "64": [[-10005.092916798752, 18157.368852446063, 1750.0002734310299], [-9597.782108251426, 17782.469513254797, 1750.0], 0, 1, 1], "65": [[-9556.695812048225, 17521.423068336317, 1750.00005988431], [-9258.135112626898, 17248.63576857829, 1750.0], 0, 1, 1], "66": [[-8981.025588148586, 16947.49203076945, 1750.0000879495458], [-8768.035217003926, 16792.04446030859, 1750.0], 0, 1, 1], "67": [[-9041.111708172648, 15488.716322970604, 1749.9996256971667], [-8858.340273079577, 15388.376868896155, 1750.0], 0, 1, 1], "68": [[-9489.968829192416, 14702.724171135887, 1749.9998220840212], [-9265.857939275253, 14580.220566192775, 1750.0], 0, 1, 1], "69": [[-10132.152390359272, 14851.401744131545, 1749.9999929976127], [-9795.682587597978, 14776.469673150259, 1750.0], 0, 1, 1],