{"0": [[12021.769242522352, -23700.011747763492, 1559.9998465518465], [8238.281479347394, -18131.997686625833, 1560.0], 21, 2, 2], "1": [[8066.202573313859, -21937.534078393946, 1559.999959063844], [4732.301052737745, -16884.587320842507, 1560.0], 24, 3, 3], "10": [[12701.111883876589, -11496.548650885137, 1276.1782915615795], [9139.457095221633, -10364.653545892945, 1560.0], 57, 3, 3], "11": [[12071.64434333457, -11271.040908689256, 1492.1440420426004], [11202.487157661399, -10640.611132760985, 1560.0], 22, 3, 3], "12": [[15917.243179583174, -11577.454459165541, 1551.8812072056419], [14247.06814201159, -10890.849943749421, 1560.0], 18, 3, 3], "13": [[14461.145422354117, -10516.169936913759, 1559.9996913390892], [12868.614995143973, -9856.913076844037, 1560.0], 3, 3, 3], "14": [[13109.111556750519, -10071.040478764906, 1458.2760002294522], [11805.118931159368, -9546.413263312148, 1560.0], 7, 3, 3], "15": [[15093.183311729525, -10563.538475017805, 1559.9998315305152], [14050.423893677551, -10086.934232454014, 1560.0], 19, 3, 3], "16": [[16336.580391658421, -9662.291102179432, 1489.8286958521803], [15217.117962186678, -9293.296740669944, 1560.0], 41, 3, 3], "17": [[16379.416002888684, -6967.1742317, 1418.5849905851387], [14528.219899400336, -6787.357262678165, 1560.0], 72, 3, 3], "18": [[11109.71370074411, 869.0699074103248, 1661.715998645566], [12292.941139966511, 834.8829322260575, 1560.0], 19, 3, 3], "19": [[15801.196487355119, 1164.1405052931198, 1660.0001453959114], [16226.862563474127, 1153.8240221275657, 1660.0], 24, 2, 2], "2": [[9711.334535790931, -21244.790809627433, 1350.853566773543], [6316.802557186138, -16626.029304505715, 1560.0], 7, 3, 3], "20": [[14165.80740057188, 6849.821229617987, 1559.999430661113], [13590.259159891264, 6468.845371344052, 1560.0], 19, 2, 2], "21": [[15580.123539175065, 7302.738776491905, 1559.9997319868064], [14908.147732365522, 6885.873013983196, 1560.0], 7, 2, 2], "22": [[19577.167469454515, 9187.440044403535, 1560.00021975805], [18008.98243680528, 8371.006279315994, 1560.0], 1, 2, 2], "23": [[12050.245901386605, 7112.34549979841, 1508.6142319625544], [10390.621817902804, 6392.936841278141, 1560.0], 20, 2, 2], "24": [[7016.488218141862, 10715.367301481949, 1462.2408993097476], [5272.4017934511585, 9122.698534285511, 1560.0], 20, 3, 3], "25": [[6409.663097875887, 11227.186670684874, 1473.0050997407843], [4668.277111593643, 9501.137536203898, 1560.0], 46, 3, 3], "26": [[10116.784498284485, 10745.363327418836, 1649.9999934282944], [8041.888296328225, 9361.811749797536, 1650.0], 38, 3, 2], "27": [[10506.323926218261, 10359.110084316293, 1705.9662176599188], [9314.558539874177, 9199.193693627618, 1650.0], 82, 3, 3], "28": [[10598.011445286844, 9855.812503508643, 1650.0001001694552], [9732.376000294478, 9029.141857518322, 1650.0], 0, 2, 2], "29": [[-10266.834420685384, 10924.296780233331, 1514.532265825442], [-9202.930669069237, 8392.608278758216, 1560.0], 11, 3, 3], "3": [[7652.246130107752, -18714.353844747893, 1281.533871129369], [4627.459212492389, -15135.454082566994, 1560.0], 18, 3, 3], "30": [[-8288.305091068985, 12322.309202596216, 1385.8323376098192], [-7889.082630437505, 9163.972926680986, 1560.0], 19, 3, 3], "31": [[-7526.8844637815855, 12721.184861218204, 1181.9129626640988], [-7464.552310604899, 9299.812499374968, 1560.0], 28, 3, 3], "32": [[-7857.908622126274, 11471.724078884894, 1224.8317250321588], [-7921.580912017286, 8600.136891771417, 1560.0], 16, 3, 3], "33": [[-7934.933303822053, 10582.300282198838, 1281.4333373487104], [-8024.372131160464, 8131.042886143043, 1560.0], 27, 3, 3], "34": [[-8790.125865615626, 9628.698129785425, 1594.1857670318805], [-8168.16753102091, 7918.284502105146, 1560.0], 37, 3, 3], "35": [[-10949.663065883384, 5134.444909479859, 1365.896574165222], [-10842.598921096594, 4295.4150785855445, 1560.0], 55, 3, 3], "36": [[-11959.294128600457, 5551.434891574573, 1332.6014816784111], [-11615.453521389913, 4564.74556064036, 1560.0], 63, 3, 3], "37": [[-13218.744004128886, 6623.098293783488, 1374.9518205005772], [-12272.799289261524, 5286.884735810422, 1560.0], 12, 2, 2], "38": [[-14299.925215795163, 5888.387682941086, 1204.8491725701008], [-13398.376731052265, 4497.893326159057, 1560.0], 18, 2, 2], "39": [[-12062.851185413181, -6455.412848553036, 1560.0001680783862], [-11617.527025644378, -6276.028685903764, 1560.0], 4, 3, 2], "4": [[7978.919458061831, -17396.829372385677, 1387.0685172692254], [5413.388954192989, -14539.459421956977, 1560.0], 2, 3, 3], "40": [[-11660.850284542594, -6914.904904684959, 1476.950637520809], [-11414.089066594772, -6625.540033039941, 1560.0], 19, 3, 2], "41": [[-12013.545122331207, -7505.346485340024, 1617.2429163307193], [-11287.150289649599, -7231.169780061247, 1560.0], 20, 3, 2], "42": [[-11540.622859867424, -8229.294729233547, 1559.9997248043435], [-11002.980325141372, -7754.826521418883, 1560.0], 9, 3, 2], "43": [[-12903.160173695034, -7281.791731620811, 1553.0719654798063], [-12352.768932506722, -6924.53340247411, 1560.0], 18, 3, 2], "44": [[-12865.110909510875, -6488.884991062583, 1559.9999592912475], [-12410.370166336925, -6260.117561605823, 1560.0], 2, 3, 2], "45": [[-13907.6899113463, -6314.175345988074, 1560.0000043214063], [-13310.861178699144, -6077.913916484755, 1560.0], 3, 3, 2], "46": [[-14700.876070431248, -5698.904248470269, 1460.2728228906212], [-14216.430099026413, -5451.109479753573, 1560.0], 10, 3, 2], "47": [[-15331.976050295825, -6571.456294941376, 1464.5280278960863], [-14585.402880661946, -6163.387852970309, 1560.0], 17, 3, 2], "48": [[-14006.02291294159, -6913.104180685751, 1559.992284051355], [-13351.238286818776, -6562.424800401882, 1560.0], 44, 3, 3], "49": [[-14149.738801772159, -7879.734369280698, 1560.005064839005], [-13217.592110013824, -7372.487031273153, 1560.0], 12, 3, 2], "5": [[8060.924046505697, -17891.999784977113, 995.8109214969955], [3938.858311763383, -14235.842830520069, 1560.0], 9, 3, 3], "50": [[-15523.508517295271, -7807.91707050503, 1559.99985264678], [-14343.601455811993, -7187.574299827362, 1560.0], 1, 3, 2], "51": [[-7402.373136964213, -14643.327890696066, 1540.8587875626836], [-7246.87382857378, -12449.448203812108, 1590.0], 126, 3, 2], "52": [[-7576.014214436619, -16475.602223009966, 1338.680228384249], [-7156.069219517832, -13259.424791141773, 1560.0], 113, 3, 2], "53": [[-9533.502400802276, -15552.452422797365, 1574.608197711276], [-8086.73503384585, -12605.509596730306, 1560.0], 34, 3, 2], "54": [[-10805.80845351657, -15300.522288627706, 1601.0890406372228], [-9041.416548022942, -12310.231943120114, 1570.0], 20, 2, 2], "55": [[-12788.502210010092, -14631.946510413156, 1560.0000314144986], [-6521.142236371024, -10084.7301676508, 1560.0], 0, 1, 1], "56": [[-10450.041848212197, -15868.861772486298, 1560.0001604164568], [-8846.834158824284, -12506.57377237435, 1560.0], 8, 2, 2], "57": [[-8014.1949983047925, -18222.37123868996, 1560.0000028774386], [-6884.687994474351, -13908.920610882367, 1560.0], 0, 1, 1], "58": [[-12373.91338308288, -17232.10432956529, 1649.9999477051158], [-6109.76548312675, -11122.143293089419, 1650.0], 0, 1, 1], "59": [[-8156.242179843799, -18896.183887123883, 1560.0001687168372], [-3524.73553314111, -14710.749391914658, 1560.0], 0, 1, 1], "6": [[8392.149899798054, -15811.942980271262, 1280.416608584198], [5984.54050727496, -13552.320176299985, 1560.0], 18, 3, 3], "61": [[12883.127438470405, -12279.154330388916, 1689.6567408505189], [13593.975405454257, -11917.424262897375, 1560.0], 23, 3, 2], "62": [[14778.341715083994, 7630.450827577512, 1729.9996667637424], [14121.977565986308, 7151.267408603374, 1730.0], 0, 2, 2], "63": [[7407.870642538098, 9998.771006590816, 1460.8186056908417], [4772.066996547432, 8411.97043771416, 1560.0], 48, 3, 3], "64": [[5906.1222530536015, 11610.23347423093, 1324.3339087284132], [3722.0641700349843, 9625.459497488595, 1560.0], 26, 3, 3],