{"0": [[-8499.293375265775, 8558.348924156704, 1346.0186684686237], [-8576.312544028802, 6884.023456301138, 1560.0], 83, 3, 3], "1": [[-9927.240543840975, 7357.915120788778, 1400.8449676120733], [-9636.683447456662, 6075.027628744014, 1560.0], 48, 3, 3], "10": [[-7118.739099301147, -14285.714637748295, 1300.650640692685], [-7030.637790171655, -12312.044300896325, 1560.0], 60, 3, 2], "11": [[7652.1957482860635, -17296.87851671139, 1298.087658887679], [5064.296377047933, -14402.402140487462, 1560.0], 13, 3, 3], "12": [[9212.426768722853, -21311.45585884303, 1318.436177330876], [5880.213359229168, -16568.05687188697, 1560.0], 15, 3, 3], "13": [[9776.179936910768, -15368.185209894587, 1400.81336690278], [7460.763691524724, -13421.639833288787, 1560.0], 7, 3, 3], "14": [[10134.613377930611, -13573.646687312144, 1485.7228553976768], [7733.7116749913375, -12071.662123641652, 1560.0], 15, 2, 2], "15": [[11565.85025479422, -21878.796601961054, 1546.7405140073913], [7579.901766082463, -16970.724523781388, 1560.0], 4, 3, 3], "16": [[12864.20948188012, -16498.573294608133, 1520.8415504032644], [10110.712896206285, -14306.473033908731, 1560.0], 12, 3, 3], "17": [[14603.444612725565, -14087.737450372833, 1559.9998218872793], [12953.01086406471, -12886.17190937013, 1560.0], 8, 3, 3], "18": [[12421.115702641346, -13299.454101971212, 1383.2903629032153], [12063.252743667748, -11241.372709795718, 1560.0], 66, 3, 2], "19": [[12715.438173363313, -11679.02083065541, 1416.2464074617055], [10591.850366496861, -10699.36127660026, 1560.0], 7, 3, 3], "2": [[-10106.802707946923, 8599.89358072491, 1406.5935286937154], [-9631.836264258625, 6890.105579654017, 1560.0], 24, 3, 3], "20": [[15187.270302449608, -12059.973189379863, 1451.3750064096316], [12781.371850269144, -11099.437245302632, 1560.0], 49, 3, 3], "21": [[16081.80378314448, -10808.422294710064, 1389.6863755418692], [14668.6550129239, -10207.200509785216, 1560.0], 39, 3, 3], "22": [[17139.597680527226, -10322.826205615083, 1559.9998620599097], [15558.365212535726, -9924.53804953699, 1560.0], 43, 3, 3], "23": [[17653.290737253817, -11627.526442646586, 1559.9999487902567], [16372.8053137426, -11000.279423931059, 1560.0], 13, 3, 3], "24": [[17295.62120381502, -12826.31121541537, 1509.4317279659956], [16438.265344248754, -12043.402069527532, 1560.0], 33, 3, 3], "25": [[25923.375335748133, -20334.43404450692, 1750.000150032163], [14465.118891318562, -7677.424371491808, 1750.0], 0, 1, 1], "26": [[5951.580928001641, 12065.038236856182, 1431.981589586879], [4499.125853666496, 10282.917625430284, 1560.0], 4, 3, 3], "27": [[9002.80895702141, 11254.081121786254, 1960.6104125443426], [6955.787728330035, 9803.933304382994, 1740.0], 92, 3, 3], "28": [[9347.8492382227, 9501.001098913333, 1559.1854947125041], [7747.679035481358, 8308.796238822997, 1560.0], 41, 3, 3], "29": [[10053.058661488574, 8816.80165589146, 1548.0500257211665], [7991.345240274002, 7599.091432524336, 1560.0], 42, 3, 3], "3": [[-11256.933850906416, 8420.807867658463, 1560.0002309765835], [-10068.165038138204, 7010.780050659501, 1560.0], 1, 3, 2], "30": [[10898.21861783226, 11273.132095267443, 1423.6999597035983], [8481.058552212373, 9633.171103994082, 1560.0], 20, 2, 2], "31": [[11792.248050128806, 10551.168646311688, 1521.0322194266735], [9718.221949375706, 9249.043897945081, 1560.0], 20, 2, 2], "32": [[12483.906404910722, 8553.998032577758, 1599.9999884187737], [12197.202540923336, 8058.0859115211915, 1600.0], 5, 2, 2], "33": [[11855.551676178984, 8019.510235417972, 1560.0003620852983], [10643.839896572455, 7315.6178741561935, 1560.0], 7, 2, 2], "34": [[11992.241780845452, 9111.628301936202, 1559.9999616903435], [10923.39486509218, 8361.203268915957, 1560.0], 10, 2, 2], "35": [[14951.98603181439, 9529.25154351465, 1820.0000967799087], [14153.976713821125, 8789.743700050263, 1820.0], 1, 2, 2], "36": [[-9162.285991845445, 14005.747610848544, 2016.8002384460735], [-8041.801682682649, 15960.599852521005, 1950.0], 30, 2, 2], "37": [[-9821.937595302958, 14900.779397549866, 2027.4491976867052], [-8598.070842744446, 16901.19301901948, 1950.0], 37, 2, 2], "38": [[-9713.573884922997, 16595.867123874807, 1750.0001145488338], [-9396.675243928728, 16417.938554421522, 1750.0], 0, 1, 1], "39": [[-8511.826363461958, 16119.632932711495, 2039.4547688383277], [-7655.853603873697, 18461.865313112634, 1950.0], 31, 2, 2], "4": [[-11269.879291971065, 7735.664930069623, 1460.2875805773622], [-10598.460292362204, 6251.758442307995, 1560.0], 79, 3, 3], "40": [[-8347.413959534359, 15049.516271528779, 2011.259192753198], [-7446.889795537772, 17324.85311275544, 1950.0], 29, 2, 2], "41": [[-7878.896909147548, 16185.657297258114, 2015.7794824122482], [-7169.994458332318, 18643.53846349973, 1950.0], 30, 2, 2], "42": [[-8501.836787793542, 17488.231795805626, 1750.0003380562628], [-8345.702752383686, 17281.059762871744, 1750.0], 0, 1, 1], "43": [[-9581.112924077732, 18340.058056305177, 1749.9997929967108], [-9260.754921965066, 17976.63352779205, 1750.0], 0, 1, 1], "44": [[-9929.629667116003, 18793.807457567655, 1749.9997615467607], [-9520.084118511486, 18341.03724572623, 1750.0], 0, 1, 1], "45": [[-8831.820403805046, 19685.367143199263, 1749.999988354163], [-8576.501820742114, 19300.10411425567, 1750.0], 0, 1, 1], "46": [[7476.39827710932, 16210.918626717663, 1749.2914758326756], [5735.112095205158, 13126.48102228665, 1840.0], 21, 3, 2], "47": [[6685.5554649497435, 21419.54356010934, 1559.9999548824444], [4245.210220897906, 15700.7505444906, 1560.0], 0, 1, 1], "48": [[6589.52457192727, 21419.78782400915, 1559.999855215962], [3922.6552514389978, 15574.187098877337, 1560.0], 0, 1, 1], "49": [[6116.0709955872335, 21713.009411920713, 1559.9998616230002], [3646.2297770689993, 15680.215774167433, 1560.0], 0, 1, 1], "5": [[-12007.530243844736, 6752.446051974613, 1559.9990891012185], [-11128.900026646543, 5681.751171494829, 1560.0], 34, 3, 2], "6": [[-13119.690172992667, 7395.082575705966, 1017.3130370300117], [-12498.872483446425, 5402.015317667169, 1560.0], 32, 2, 2], "7": [[-13761.636016297289, 4614.788223019693, 1318.8408891968584], [-13216.230001814345, 3683.4987008221005, 1560.0], 111, 2, 2], "8": [[-12859.555152178253, -9048.550512197955, 1559.8310747288742], [-11963.42547712861, -8335.81909780126, 1560.0], 17, 3, 2], "9": [[-10418.489973947908, -9600.688911232248, 1559.99986873279], [-9807.460357957567, -8889.367824992978, 1560.0], 4, 3, 2]}