{"0": [[-10930.705547627971, 8538.936510825462, 1421.7738511104128], [-10267.718108475961, 6776.425571376578, 1560.0], 39, 2, 2], "1": [[-11435.570645884238, 8685.072720274971, 1310.9653324079006], [-10771.403774852635, 6681.948024325213, 1560.0], 88, 2, 2], "10": [[-11766.868548119799, -8479.15234932413, 1559.99982360785], [-11157.090231284841, -7960.556605813541, 1560.0], 24, 3, 2], "11": [[-12211.18293962909, -9593.195378487202, 1559.9999688197906], [-11302.500967036282, -8778.28406753857, 1560.0], 9, 3, 2], "12": [[-13098.950889653088, -9900.48096078965, 1765.024846933703], [-11622.940237079069, -9129.210811127845, 1560.0], 11, 3, 2], "13": [[-12495.804284809195, -10958.045216638944, 1560.0000670300078], [-11277.75656889668, -9669.705339970218, 1560.0], 3, 3, 2], "14": [[-14099.972694575623, -10333.10093874702, 1579.1520983292278], [-12575.574831534832, -9141.62890683306, 1560.0], 15, 3, 2], "15": [[-11961.277059271304, -12777.07196677799, 1560.0000255849136], [-10472.081955180645, -10836.543217897479, 1560.0], 11, 3, 2], "16": [[7466.6216970960595, -18506.00935622831, 1355.0952669944259], [5031.04211780082, -15167.2033399224, 1560.0], 5, 3, 3], "17": [[8090.800345566028, -17702.904934042544, 1557.3265954744234], [5661.9050382277555, -14855.993514995476, 1560.0], 15, 3, 3], "18": [[9864.861805330553, -20912.087295110767, 1560.0001551864527], [7147.254752920884, -16852.837875671004, 1560.0], 2, 3, 3], "19": [[11524.316131771313, -19186.228271587028, 1560.0001231636038], [8854.486158130892, -16048.449441313516, 1560.0], 4, 3, 3], "2": [[-13365.84195131776, 6575.649001769339, 1749.9999475010175], [-12159.156217289228, 5441.321355252063, 1750.0], 0, 1, 1], "20": [[12527.469285701329, -17556.4916908148, 1620.5509657594812], [10085.367708564054, -15176.596185304556, 1560.0], 16, 3, 3], "21": [[11006.41854203162, -17233.663641709525, 1518.898990215602], [8677.73961889465, -14755.910042113406, 1560.0], 13, 3, 3], "22": [[12460.786142860394, -11332.97119481363, 1400.0596146139824], [10639.835682178735, -10612.32862715497, 1560.0], 67, 3, 3], "23": [[15745.397195045103, -9248.653427522255, 1513.3400168649473], [15339.932598756042, -9084.855920154356, 1560.0], 55, 3, 3], "24": [[16654.095087795693, -10682.020692904098, 1559.9995674949016], [15369.124952159173, -10230.27491386769, 1560.0], 10, 3, 3], "25": [[15338.006357491582, -16314.346459189095, 1618.7322514997513], [13772.902228003628, -14634.894215495571, 1560.0], 39, 3, 3], "26": [[11642.2425844307, 1304.7974854236854, 1559.9996251959788], [12460.3118134658, 1305.6529750237978, 1560.0], 9, 3, 3], "27": [[2275.3360554076203, 10451.150492545667, 1265.371800692006], [198.96836298198195, 8534.09379182871, 1560.0], 26, 3, 3], "28": [[7356.005879284297, 9865.378528866782, 1516.5588387651146], [6303.1306761452715, 8865.06464550635, 1560.0], 17, 3, 3], "29": [[8771.930050800502, 9953.456603615448, 1493.393436387335], [7898.32590940657, 8942.554518078903, 1560.0], 20, 3, 3], "3": [[-14747.324983046516, 6805.183042522291, 1750.0002046885108], [-13072.424552939405, 5444.450756630594, 1750.0], 0, 1, 1], "30": [[8247.288719557231, 12887.9798611989, 1527.5956494439336], [6784.805525281728, 11065.784314875398, 1560.0], 8, 3, 3], "31": [[10036.625509361316, 9800.930689016013, 1478.1374996227341], [8692.009712051748, 8711.46596106049, 1560.0], 28, 3, 3], "32": [[12212.930084920788, -23200.92789120147, 1560.000049075498], [8019.743312820816, -17745.74430859691, 1560.0], 6, 3, 3], "33": [[17213.053013435372, -17403.81513786896, 2116.5071790169127], [17288.082762975424, -16158.301103879567, 1560.0], 22, 3, 3], "34": [[18615.714621087256, -13776.150993816078, 1584.1532945055244], [16628.82692330374, -12880.571257778784, 1560.0], 29, 3, 3], "35": [[13096.04497230569, 10361.429572440631, 1560.0002127980424], [11686.331730377413, 9351.369048231863, 1560.0], 5, 2, 2], "36": [[13503.140997242941, 7980.520831834279, 1560.000332296331], [12165.681030224789, 7273.295396890236, 1560.0], 3, 2, 2], "37": [[13389.070537883721, 9077.74201340818, 1620.000269994961], [12747.000432213432, 8432.27935160624, 1620.0], 1, 2, 2], "38": [[12145.920033129372, 6827.8741489094555, 1559.998858327845], [10854.541682652804, 6288.523798262486, 1560.0], 17, 2, 2], "39": [[16329.581910174089, 10100.835676758497, 1940.0002449545711], [14884.623529808629, 9209.984173006658, 1940.0], 0, 2, 2], "4": [[-11549.991285524624, 6866.620666524393, 1345.382073914425], [-11087.063573831807, 5568.515209207139, 1560.0], 32, 2, 2], "40": [[14403.74045706585, 9024.039829587624, 1820.0001204105242], [14078.918443133878, 8534.78313231355, 1820.0], 4, 2, 2], "41": [[14801.676692719751, 8907.381951525493, 1949.9999978615765], [13919.803948351877, 8233.561318487908, 1950.0], 2, 2, 2], "42": [[15525.64686805583, 8727.26490431073, 1730.000125909578], [15063.401011495687, 8221.403593162335, 1730.0], 9, 2, 2], "43": [[16099.233978289933, 8696.528293866493, 1880.0002846997008], [15536.58256682336, 8195.448540160687, 1880.0], 6, 2, 2], "44": [[16635.737380441613, 9275.939990740764, 1810.0002057406198], [16077.461419763165, 8717.14464719085, 1810.0], 6, 2, 2], "45": [[17097.124718243944, 9150.290049504645, 1950.0003272003614], [15877.363179885248, 8392.931268621434, 1950.0], 14, 2, 2], "46": [[16564.661525767773, 7104.937125766796, 1559.9989963997934], [14785.517640874285, 6496.188134093893, 1560.0], 10, 2, 2], "47": [[16183.38393580466, 7968.40165313002, 1600.0001424670718], [14847.261845156283, 7347.454331957895, 1600.0], 8, 2, 2], "49": [[-8086.564079157536, 21142.98921785862, 1750.0000440140468], [-7862.807667882323, 20637.831651424738, 1750.0], 0, 1, 1], "5": [[-10169.546253553142, 6910.93366355317, 1366.1809463936547], [-9867.706990367342, 5747.274457290246, 1560.0], 5, 2, 2], "50": [[-9173.831973089085, 19304.7158917198, 1749.9995376433194], [-8886.929725640044, 18898.349051109173, 1750.0], 0, 1, 1], "51": [[-8534.538694791747, 17132.156833396795, 1750.000372126594], [-8409.699568482965, 16940.481837677846, 1750.0], 0, 1, 1], "52": [[-9202.000440195075, 16767.141032755877, 1749.9997482423105], [-8997.712584453577, 16572.422775060822, 1750.0], 0, 1, 1], "53": [[-9718.192030604047, 17261.202648955397, 1749.9996013632006], [-9395.370356298617, 16979.682069653936, 1750.0], 0, 1, 1], "54": [[-8410.813990491588, 15305.363076421152, 1750.0001217227575], [-8312.799880397284, 15208.44559881688, 1750.0], 0, 1, 1], "55": [[5539.20379047348, 16619.905731173025, 1742.2638547531471], [2949.820670450488, 12747.601483504615, 1950.0], 35, 3, 3], "56": [[6943.976140703473, 15944.71648001813, 1730.7406434272762], [4991.58529564608, 12917.584977674644, 1840.0], 53, 3, 3], "57": [[6071.004081605786, 16967.358678190292, 1729.4902284468697], [3630.977386442877, 13112.997124701284, 1950.0], 51, 3, 3], "58": [[6577.2648851807235, 17227.679542904614, 1705.4855599018347], [3983.9726383022944, 13302.25108122795, 1950.0], 78, 3, 3], "59": [[7300.6901674054, 21186.018971882117, 1560.0002216149542], [4521.058519583714, 15508.036807735352, 1560.0], 0, 1, 1], "6": [[-12578.6228213858, 5408.018571371036, 1559.9996749899556], [-11709.790852775941, 4721.658294913528, 1560.0], 5, 2, 2], "60": [[7610.177639610933, 20902.766971446734, 1559.9998279979134], [4830.551773116491, 15471.375729979583, 1560.0], 0, 1, 1], "61": [[7569.954149885942, 21091.264010781957, 1560.000222493549], [4844.578567116476, 15553.714753580447, 1560.0], 0, 1, 1], "62": [[6954.822121001829, 21330.634807410446, 1559.999729356721], [4218.488266404737, 15542.287817291144, 1560.0], 0, 1, 1], "63": [[7203.282314810707, 21187.304410286284, 1559.999986973066], [4534.764724616445, 15588.864518872828, 1560.0], 0, 1, 1], "64": [[6619.576714360238, 21515.345423432034, 1559.999900670583], [3922.6552514389978, 15574.187098877337, 1560.0], 0, 1, 1], "65": [[5715.133106964363, 21910.5269467687, 1559.9999460257575], [3375.6043683902303, 15780.926691531567, 1560.0], 0, 1, 1],