{"0": [[-9032.934074940917, -18309.85651289972, 1559.9998261471344], [-7014.85246152496, -13996.095006369518, 1560.0], 0, 1, 1], "1": [[-8571.121035138207, -17950.85590675604, 1560.000198590289], [-7206.750517181577, -13677.976885538299, 1560.0], 37, 2, 2], "10": [[-13649.284310909374, -5869.623689829498, 1547.4072862389858], [-13208.244239009375, -5682.832784358991, 1560.0], 11, 3, 2], "11": [[-15336.089142464134, 6539.741849315972, 1424.17077108415], [-13643.25923290581, 5061.4890512344155, 1560.0], 20, 2, 2], "12": [[-14892.768521381406, 4463.918789522877, 1590.0000664927163], [-13715.885998435704, 3796.3578860294765, 1590.0], 0, 2, 1], "13": [[-13345.021124248187, 5362.543632997432, 1316.8156332070262], [-12625.998561747812, 4392.432955143614, 1560.0], 12, 2, 2], "14": [[-12642.03880744137, 5656.827129044948, 1230.2899132335212], [-12226.879749589958, 4495.647604180458, 1560.0], 25, 2, 2], "15": [[-12114.288685329928, 6337.665451198258, 1379.5999858393425], [-11560.38941460391, 5149.843628792535, 1560.0], 52, 3, 3], "16": [[-11118.069042746047, 6346.915008310522, 1457.4111518605362], [-10650.649682795887, 5313.623961594019, 1560.0], 38, 3, 3], "17": [[-8451.669596939197, 8403.77682554393, 1413.0506574458366], [-8273.118476990452, 6928.551898106091, 1560.0], 15, 3, 3], "18": [[-8432.474304522075, 9490.56104442912, 1320.3871052055495], [-8349.708803394115, 7518.8890971399915, 1560.0], 11, 3, 3], "19": [[-7798.78607428608, 10449.54817162114, 1269.5308730924762], [-7715.491372115031, 8157.760396750703, 1560.0], 3, 3, 3], "2": [[-8696.12623516462, -15472.269072812976, 1289.6437249731741], [-7784.596942140913, -12790.712367917204, 1560.0], 19, 3, 2], "20": [[-8613.843543668698, 11289.767284369185, 1399.5410585195184], [-8316.527478008034, 8533.19275691871, 1560.0], 49, 3, 3], "21": [[-7685.746659279341, 13381.089553634643, 1346.8586267106184], [-7357.35346607517, 9759.950124613908, 1560.0], 40, 3, 3], "22": [[6586.622041796276, 13281.52953069887, 1609.9998089976395], [4829.894333447142, 11171.13523809776, 1610.0], 11, 2, 2], "23": [[5833.0398663125525, 12279.03808389958, 1640.0000939614551], [4984.072306010339, 10809.469059803012, 1640.0], 8, 2, 2], "24": [[5875.276251985587, 11172.500875227312, 1560.000004219427], [5098.472394259139, 9931.47845376044, 1560.0], 10, 2, 2], "25": [[6418.802888830437, 10665.89172125165, 1557.4059553296015], [4977.565990352052, 9362.015190300323, 1560.0], 18, 2, 2], "26": [[9064.56773000707, 10340.092864027245, 1521.7946564874205], [7948.025025081906, 9154.033100552188, 1560.0], 19, 3, 3], "27": [[9686.515972149706, 10346.322599010075, 1554.5844619508073], [8849.321133985495, 9363.903917686564, 1560.0], 7, 3, 3], "28": [[10130.093281880187, 9876.95949505268, 1559.9999748371667], [9197.74933203668, 8976.424787395288, 1560.0], 14, 3, 3], "29": [[9406.49206523908, 9087.246064877983, 1560.0000221249454], [8122.460644701001, 8132.940238352737, 1560.0], 14, 3, 3], "3": [[-9125.184266645521, -14921.810514389086, 1309.5487112966312], [-8088.478564998579, -12631.414316703753, 1560.0], 23, 3, 2], "30": [[12175.495789058576, 9910.992515405782, 1559.9998905320585], [11655.360916030942, 9232.533330135084, 1560.0], 13, 2, 2], "31": [[15382.569251541658, 8985.454162883727, 1799.9996914105668], [14741.613313698608, 8363.5039721663, 1800.0], 1, 2, 2], "32": [[19494.025816370424, 8765.207579342094, 1810.000173653162], [18736.54510607358, 8241.8049344376, 1810.0], 2, 2, 2], "33": [[14305.60186384004, 7334.30028907259, 1660.0002705801999], [13828.677225410695, 6975.7459799449425, 1660.0], 0, 2, 2], "34": [[12555.550979078478, 6617.976876594956, 1569.9999029971457], [12482.794726162454, 6672.527446817426, 1570.0], 97, 3, 3], "35": [[16081.188020406506, 1216.1758178533855, 1789.9998083010391], [16177.072778100339, 1136.1442226599943, 1790.0], 7, 2, 2], "36": [[14368.924422371349, 1367.379368595065, 1562.478326811034], [15463.964537216058, 1223.5291169501495, 1560.0], 32, 3, 3], "37": [[12044.164782483558, -10958.665070554589, 1560.0000918838014], [11302.20675019742, -10462.45624297403, 1560.0], 21, 3, 3], "38": [[12670.98683602141, -10983.65757372645, 1559.9999290607846], [11402.21939629768, -10282.618120411327, 1560.0], 5, 3, 3], "39": [[12920.569261919973, -10743.268734423422, 1564.404112998454], [11990.479303736993, -10305.743542094477, 1560.0], 10, 3, 3], "4": [[-7698.7522841062855, -14680.382055625754, 1215.1930873431506], [-7412.3703883138305, -12453.18736444504, 1560.0], 26, 3, 2], "40": [[12196.523260935912, -9466.530315345857, 1290.9349080286693], [10939.213825925946, -8974.590481945532, 1560.0], 21, 3, 3], "41": [[13793.63653534415, -9574.051112977188, 1302.69158480615], [12059.157756324894, -9072.579993281295, 1560.0], 14, 3, 3], "42": [[14782.399483034127, -9686.13402617119, 1470.035504286523], [13846.505662171536, -9281.07880931453, 1560.0], 11, 3, 3], "43": [[15539.13761414768, -9589.903702944503, 1559.9992897010939], [15155.834974956397, -9396.786752597545, 1560.0], 19, 3, 3], "44": [[19157.096952189233, -11662.652247364658, 1678.1559578323179], [19355.951318841144, -11488.84347018043, 1560.0], 77, 3, 3], "45": [[23344.504960438047, -10523.093958109583, 1656.0753749015198], [22221.73660019326, -8317.709462361066, 1560.0], 24, 2, 2], "46": [[14472.629776756316, -12502.0749997739, 1559.9996797735207], [13711.837248126707, -11735.094300439148, 1560.0], 32, 3, 3], "47": [[15739.40701625904, -11890.146417954902, 1335.673729192132], [12947.560554941478, -10823.29700876394, 1560.0], 13, 3, 3], "48": [[10077.796480320436, -13425.379036499158, 1390.6195784654637], [7814.690366461455, -11921.776616554165, 1560.0], 9, 2, 2], "49": [[5942.878158965433, -23398.880423893996, 1949.9999980804914], [2742.811262787961, -17098.910958334192, 1950.0], 0, 2, 1], "5": [[-11645.445984472051, -7891.68397603152, 1509.8187851711893], [-11219.84680977834, -7463.296264161423, 1560.0], 14, 3, 2], "50": [[-10019.301511921964, -14601.914637830288, 1560.0001579665807], [-4458.829492353737, -13082.703250337292, 1560.0], 0, 1, 1], "51": [[-9829.107463776025, -16241.909303395461, 1560.000573262727], [-5111.194378075514, -12193.376305576838, 1560.0], 0, 1, 1], "52": [[-7840.611166493033, -17572.473573220403, 1559.999735413459], [-3873.5220070947644, -14178.088807206814, 1560.0], 0, 1, 1], "53": [[-8253.448608082932, -17960.082168138626, 1559.9999351210338], [-3078.7082429303887, -15369.961193039191, 1560.0], 0, 1, 1], "54": [[-8032.742035993174, -19389.90200392907, 1559.9997803163983], [-3025.71001185212, -15548.183478772591, 1560.0], 0, 1, 1], "55": [[-8902.318893175354, 16127.575820082002, 1559.9997643852348], [-6511.790612819465, 14166.51571139479, 1560.0], 23, 2, 2], "56": [[24903.890481192353, -9973.094978732737, 1749.9999194953523], [23017.384244368222, -8073.871885644842, 1750.0], 0, 1, 1], "58": [[8290.011813114203, -15706.13703163134, 1559.9999346701115], [5482.464664974325, -15143.05585628895, 1560.0], 0, 3, 1], "59": [[8158.1383695386385, -15709.44067499987, 1560.000044936446], [5949.293976349291, -15116.985760711694, 1560.0], 0, 3, 1], "6": [[-13119.48202051566, -7003.810079704698, 1559.9998138228796], [-12533.214930196942, -6698.396168080731, 1560.0], 9, 3, 2], "60": [[10370.839230892523, -17104.700017810515, 1560.0000813179802], [4792.1856823076805, -15545.292908790678, 1560.0], 0, 3, 2], "61": [[10548.196638387872, -18921.64678342085, 2083.1822700555067], [9148.347803166545, -16406.282177295907, 1560.0], 53, 3, 2], "62": [[9861.523814293452, -20239.10019947778, 1201.4402536185094], [4894.125788145677, -15385.281497234942, 1560.0], 68, 3, 3], "63": [[12463.835978534027, -21788.809618424722, 1164.8696749732235], [7054.436625539395, -16305.765751794326, 1560.0], 101, 3, 3], "64": [[8421.558199687734, -17994.559580536403, 1560.000274625501], [4894.125788145677, -15385.281497234942, 1560.0], 0, 2, 1], "65": [[7323.845457068729, -18550.75299312876, 1391.9609113174263], [3328.066897207621, -14651.316816974653, 1560.0], 89, 2, 2],