{"0": [[-10044.851221654993, 10614.023092509042, 1456.13466715945], [-9178.120755863776, 8168.29951660487, 1560.0], 22, 3, 3], "1": [[-7828.891071873841, 11557.253480579891, 1559.9999894757898], [-8106.465425598251, 8634.933006520956, 1560.0], 15, 3, 2], "10": [[-12153.834654955326, -5025.368813705895, 1311.3058038238346], [-12306.638684981863, -4846.480720754489, 1560.0], 9, 3, 2], "11": [[-11623.52239656923, -6599.275249547326, 1547.763992792526], [-11330.059059115818, -6365.073995930339, 1560.0], 10, 3, 2], "12": [[-12378.615384802837, -7021.939771125264, 1346.6019608886093], [-12227.419997395393, -6585.486367010561, 1560.0], 11, 3, 2], "13": [[-13875.349212316485, -6269.288966885996, 1559.9996371118764], [-13311.591544801335, -6017.4530083292375, 1560.0], 8, 3, 2], "14": [[-14795.229111697956, -7246.371332774713, 1795.0234104106605], [-13573.157987052824, -6994.469271987089, 1560.0], 59, 3, 2], "15": [[-11844.162411163226, -11982.497478733254, 1560.0001382971284], [-10561.911690110874, -10371.538933554051, 1560.0], 9, 3, 2], "16": [[-12778.520380264841, -11406.39207900547, 1751.8457367104152], [-11124.046523787592, -10117.65557184523, 1600.0], 11, 3, 2], "17": [[-7200.896648016769, -14935.815547739061, 974.4361810777782], [-7068.317058438166, -12587.716627327862, 1560.0], 13, 3, 2], "18": [[-6955.917249391519, -13109.33175487464, 1560.0000588238313], [-6511.9146923127, -11488.062959813664, 1560.0], 2, 3, 2], "19": [[-4654.211833632754, -14279.203104633765, 1300.3954376483102], [-5566.090749410489, -11913.78877330406, 1560.0], 145, 3, 2], "2": [[-7669.176418710457, 10440.108927165098, 992.9066027586931], [-8309.950231125888, 7707.710013660974, 1560.0], 52, 3, 3], "20": [[-11490.362971878527, -15010.058150348525, 1843.2514854111473], [-9249.365290479162, -12311.473749077144, 1590.0], 19, 2, 2], "21": [[-10484.900453714925, -15381.363845749373, 1920.531558168795], [-8296.141972784982, -12760.83059420253, 1560.0], 30, 2, 2], "22": [[-1279.6695298781897, -7549.108078266205, 1560.000161175198], [-1366.6375156868166, -7332.923129646386, 1560.0], 27, 3, 3], "23": [[7116.095118650339, -11831.565680214873, 1109.9436023581638], [5248.534942239439, -10782.828625920114, 1560.0], 45, 3, 3], "24": [[727.3790240799665, -14761.988043117026, 1499.1350936837512], [-281.94568449271407, -12822.972496822824, 1560.0], 15, 3, 3], "25": [[8689.149071893138, -17230.551270246644, 1467.8363803705502], [6704.049231932374, -14664.403824494384, 1560.0], 10, 3, 3], "26": [[8733.396099473772, -17751.26821114042, 1494.0920287890397], [6509.528669670273, -14969.437929181599, 1560.0], 10, 3, 3], "27": [[9896.860972568147, -16693.387269688148, 1358.1356409530556], [7870.660285719681, -14383.396236182354, 1560.0], 18, 3, 3], "28": [[8808.377316184744, -18262.44851214738, 1569.1641427027002], [6732.829083957446, -15358.372732162088, 1560.0], 15, 3, 3], "29": [[13459.050345995125, -15735.389244590937, 1207.5499865114166], [11059.927662003203, -13792.190297243738, 1560.0], 64, 3, 3], "3": [[-10100.515915596292, 7685.543279929951, 1459.9133287147722], [-9760.954425273445, 6278.512454498789, 1560.0], 98, 3, 3], "30": [[12940.453248036856, -15272.179947186083, 1275.0522122403554], [10712.880874735336, -13406.195523586022, 1560.0], 84, 3, 3], "31": [[12974.542129430665, -14999.286692710866, 1240.4739775897917], [10814.572989218379, -13250.131463776157, 1560.0], 44, 3, 3], "32": [[16294.294499158013, -16378.443377836138, 1672.7261397807274], [15107.12275937099, -14841.512125189074, 1560.0], 26, 3, 3], "33": [[16745.68663435232, -14254.766510472029, 1530.5667321452258], [14303.383494121259, -12938.642559439228, 1560.0], 27, 3, 3], "34": [[16521.678172801472, -11626.756721024261, 1559.999500750298], [15574.353169769387, -11061.82458849593, 1560.0], 25, 3, 3], "35": [[14189.576839261323, -10279.866515179458, 1347.5226833758954], [12922.934948263337, -9761.058471421225, 1560.0], 38, 3, 3], "36": [[13465.25106460262, -8384.624652408631, 1246.1666133896754], [11465.085386780484, -7926.848245086516, 1560.0], 21, 3, 3], "37": [[14400.300002784352, -6311.106446660429, 1420.5717055249313], [12290.07961459978, -6213.032072879258, 1560.0], 24, 3, 3], "38": [[12809.196036259817, -5031.430877076639, 1370.2204042837502], [11107.047597084409, -5029.353196169381, 1560.0], 39, 3, 3], "39": [[14861.310181319457, -4257.702732781287, 1533.6575540750466], [13731.390098689852, -4417.797062364958, 1560.0], 27, 3, 3], "4": [[-11178.163890284835, 5121.781086752949, 1509.62274354655], [-10737.723399682853, 4463.950736442584, 1560.0], 79, 3, 3], "40": [[15662.381645006182, -347.441199889527, 1569.9998757808228], [15426.919127119292, -377.55521410570225, 1570.0], 1, 2, 2], "41": [[5256.565487283571, 9452.467575071156, 1140.3193147131858], [3049.6513262877224, 7880.267299266598, 1560.0], 14, 3, 3], "42": [[4447.951208474842, 12348.88152308622, 1349.5466449388095], [2956.216615747362, 10344.356487147683, 1560.0], 13, 3, 3], "43": [[6814.0875641781295, 10115.293706824932, 1466.6568248436556], [4447.704274730637, 8469.48932447885, 1560.0], 33, 3, 3], "44": [[8511.28350597717, 11742.859527404582, 1559.9998912544133], [7417.786439639608, 10395.05666467999, 1560.0], 27, 3, 3], "45": [[13333.097993290156, 5835.057545651689, 1699.9999566180113], [13221.274069535219, 5667.650396996034, 1700.0], 4, 2, 2], "46": [[12680.456233311066, 5488.114210297999, 1560.0000005805493], [12681.082332173975, 5348.820102101322, 1560.0], 9, 2, 2], "47": [[12310.18405428462, 7271.053811627413, 1559.9991276777419], [10953.031963383004, 6638.359229406839, 1560.0], 18, 2, 2], "48": [[12605.37255950128, 8005.604481335396, 1559.9993925163615], [11700.03100128913, 7486.762297899114, 1560.0], 6, 2, 2], "49": [[12477.145511405035, 9736.516594319824, 1559.9997386939792], [10513.906571805506, 8665.695282316183, 1560.0], 16, 2, 2], "5": [[-11914.03075871543, 4955.692184712609, 1377.7703488125233], [-11489.966286411163, 4199.72617086065, 1560.0], 27, 3, 3], "50": [[16177.38293957993, 9781.466965522812, 1949.9999763106098], [16171.531101643954, 9331.46436316723, 1950.0], 18, 2, 2], "51": [[14868.61763048982, 7897.364632932047, 1730.000280901086], [13559.720114258806, 7249.280068184182, 1730.0], 2, 2, 2], "53": [[-9156.240985700193, 22457.92743395389, 1749.9996622825643], [-8656.59301110606, 21474.136316407796, 1750.0], 0, 1, 1], "54": [[-8889.767973362248, 21526.80082894134, 1750.000229879208], [-8508.771475246367, 20823.872199588324, 1750.0], 0, 1, 1], "55": [[-7718.923026732516, 20317.927989646698, 1749.9996767261616], [-7557.133206289954, 19986.426995242313, 1750.0], 0, 1, 1], "56": [[-8570.703280556208, 20421.206209581847, 1750.0001798722399], [-8322.556401246542, 19960.83843279112, 1750.0], 0, 1, 1], "57": [[-9397.454849813173, 19788.017849961478, 1750.0000731029727], [-9027.9504604373, 19302.965606600006, 1750.0], 0, 1, 1], "58": [[-8836.254247609984, 19379.922574820925, 1750.0004191097937], [-8589.147484186322, 19018.790862126178, 1750.0], 0, 1, 1], "59": [[-9258.053170898402, 18031.910825447914, 1749.9998355590014], [-8996.561730779988, 17758.207586911412, 1750.0], 0, 1, 1], "6": [[-14477.501515613787, 5105.748805635944, 1559.9999836988336], [-13218.356278686977, 4333.698320127669, 1560.0], 0, 2, 1], "60": [[-9173.948391697022, 15912.127665801361, 1750.0000324289254], [-8973.241871733957, 15806.172712200134, 1750.0], 0, 1, 1], "61": [[-9528.247968381016, 15862.63425803423, 1749.9998801097133], [-9261.773690369668, 15723.786352735031, 1750.0], 0, 1, 1], "62": [[-9979.296192984732, 16305.59103477082, 1750.0000838258372], [-9654.116308165098, 16113.818384234468, 1750.0], 0, 1, 1], "63": [[-8303.06374401503, 15092.063539381514, 1749.9997974705695], [-8213.240968873884, 15026.78545616963, 1750.0], 0, 1, 1], "64": [[-8804.594121473407, 14296.800056132832, 1750.0002105786257], [-8678.509691877493, 14273.911971011494, 1750.0], 0, 1, 1],