{"0": [[-14371.899997914301, -6417.700369307252, 1434.7736734099822], [-13890.707317523951, -6042.341074727239, 1560.0], 15, 3, 2], "1": [[-14970.26265919647, -6468.566618322888, 1559.99966553058], [-14190.547969880652, -6145.11242448687, 1560.0], 13, 3, 2], "11": [[3042.9776251960475, -16631.434721701084, 1498.1259786803282], [1566.4415983520355, -14022.84555246515, 1560.0], 20, 3, 3], "12": [[9427.091401441727, -22318.83482297924, 1733.0166016695027], [7358.806896819432, -17862.736917372422, 1560.0], 13, 3, 3], "13": [[11426.728511967702, -22896.91416326364, 1433.0407276927854], [7622.427349781758, -17564.924951791843, 1560.0], 9, 3, 3], "14": [[7947.6543714471645, -20999.722194879676, 1424.4192106827084], [5045.756039031815, -16455.68152424169, 1560.0], 10, 3, 3], "15": [[7709.333045845665, -18783.97856590919, 1560.0000254550157], [6012.965235030441, -15720.16088236827, 1560.0], 20, 3, 3], "16": [[9205.592803118183, -17329.221959503288, 1337.2491313237454], [6324.0438911703795, -14519.854945993839, 1560.0], 46, 3, 3], "17": [[9016.708156017921, -15948.570231047619, 1443.797353881421], [6783.5754546941625, -13756.038588161224, 1560.0], 2, 3, 3], "18": [[9219.220826534878, -16445.646659411832, 1443.0893203161804], [7059.064413373763, -14092.309089948054, 1560.0], 5, 3, 3], "19": [[8199.477037052304, -15593.932623782102, 1414.3611269850537], [6397.694571774198, -13620.30724279094, 1560.0], 8, 3, 3], "2": [[-13862.15652947064, -7556.6158054936495, 1560.8741385898381], [-13025.834612080556, -7126.965800922494, 1560.0], 14, 3, 2], "20": [[9051.05151786255, -15417.009005828575, 1307.182183083878], [6586.0621960159515, -13289.334766704793, 1560.0], 9, 3, 3], "21": [[8599.512297985162, -14567.883533782693, 1425.6872297132898], [6814.379995846595, -12880.430486226101, 1560.0], 12, 3, 3], "22": [[8773.121145142459, -16393.299484409537, 2058.9621255181814], [9984.945498061414, -15313.244244823101, 1560.0], 25, 3, 2], "23": [[11213.839651696246, -18021.634456684376, 1151.8067117755127], [7214.6622806451605, -14623.629990954583, 1560.0], 10, 3, 2], "24": [[11392.757383236356, -17488.610250550857, 1682.6461638228618], [9474.17219983226, -15212.72893677, 1560.0], 5, 3, 3], "25": [[13775.212311932875, -15966.37149367191, 1303.8603979517627], [10955.615320587818, -13945.334153129006, 1560.0], 59, 3, 3], "26": [[11459.836738036844, -13823.148970604972, 1559.9996822485175], [10617.14449732846, -12628.73247875618, 1560.0], 15, 3, 2], "27": [[9891.292988208685, -13298.081404151011, 1408.3742654680857], [7855.280216856073, -11846.28166262304, 1560.0], 12, 2, 2], "28": [[19029.47061461124, -18273.405601238224, 1619.323804431942], [16537.33505950429, -16024.117855357246, 1560.0], 12, 3, 3], "29": [[20921.48181293779, -16949.487215368346, 2042.879132053704], [20517.028609727575, -15780.281730556764, 1560.0], 26, 3, 3], "3": [[-11829.803344023403, -7086.206087103759, 1560.000026348478], [-11347.85467222132, -6824.977949592395, 1560.0], 8, 3, 2], "30": [[15138.121460652907, 1290.5513013540572, 1639.9997823082808], [15012.975981123114, 1176.0250298775347, 1640.0], 1, 2, 2], "31": [[16760.12331483362, 8871.584580395098, 1690.0003261577801], [16663.07643060675, 8519.689679306113, 1690.0], 9, 2, 2], "32": [[16862.012461914943, 9370.668972539923, 1859.999853374753], [15780.048498246719, 8628.726909940577, 1860.0], 0, 2, 2], "33": [[15844.193258282741, 7306.97451911346, 1680.0000175321998], [16286.971141539994, 7179.475869676731, 1680.0], 26, 2, 2], "34": [[16354.804549435652, 8077.244230336574, 1590.000813519707], [14903.052943553968, 7362.545633754392, 1590.0], 4, 2, 2], "35": [[15060.25109111682, 7065.8786094352345, 1800.0002422821506], [14849.59242809139, 6711.88805491291, 1800.0], 3, 2, 2], "36": [[13632.001502069397, 7130.812107802755, 1583.57233199917], [14337.024870910232, 6994.10002605753, 1560.0], 21, 2, 2], "37": [[12882.904243112022, 7608.040915360141, 1378.2605117885737], [10486.060486072276, 6738.107471458433, 1560.0], 20, 2, 2], "38": [[12538.779322354172, 7954.768479240142, 1680.0005028220191], [12189.846966390842, 7482.164644011486, 1680.0], 3, 2, 2], "39": [[11999.792116397713, 7011.7360863265085, 1720.0000912520356], [12354.944434092055, 6842.379726273147, 1720.0], 22, 2, 2], "4": [[-11704.893906192116, -14834.645582361838, 1559.9999750938905], [-9833.015851636947, -11913.347670270461, 1560.0], 69, 2, 2], "40": [[12193.291312655067, 8671.05383283508, 1679.9994495285598], [11848.74428217767, 8168.194216602334, 1680.0], 4, 2, 2], "41": [[11724.239392109965, 9904.472589412044, 1559.999731503521], [10083.616106989191, 8848.103925311445, 1560.0], 6, 2, 2], "42": [[11272.89265231085, 9890.111512915013, 1560.0000831641482], [10112.226556266953, 8961.58365975943, 1560.0], 1, 2, 2], "43": [[9434.121384326068, 11037.378015346794, 1560.0001720851737], [8071.074103072119, 9683.02500705137, 1560.0], 47, 3, 3], "44": [[10074.239244659446, 10151.15760317017, 1559.9998674996414], [9773.196678697854, 9473.056778340639, 1560.0], 5, 2, 2], "45": [[6883.043411721188, 11084.497790558715, 1493.7413609805599], [5355.580854063649, 9507.592293826643, 1560.0], 19, 3, 3], "46": [[6659.607455252255, 11491.141883723416, 1343.1243144608204], [5806.049854115443, 9949.067725074825, 1560.0], 85, 3, 3], "47": [[5805.9201654447115, 12387.980527916206, 1368.8903328241538], [3868.7352195608573, 10345.311361913566, 1560.0], 3, 3, 3], "48": [[-10099.111591044713, 10809.730631985372, 1555.7937511275939], [-9039.957230729427, 8403.60663604173, 1560.0], 19, 3, 3], "49": [[-7625.193339860124, 12508.848532368072, 1411.1848428369942], [-7343.720275930679, 9381.597542642316, 1560.0], 20, 3, 3], "5": [[-11164.781570395808, -14566.035788734755, 1560.0002247776315], [-9445.221970302036, -11912.414314014826, 1560.0], 45, 2, 2], "50": [[-7772.905940144439, 11901.484233586307, 1286.997361064159], [-7418.120643477249, 9051.460970225697, 1560.0], 60, 3, 3], "51": [[-7744.408990712496, 10513.551960514069, 1254.422737442894], [-7595.661660594037, 8231.877953149067, 1560.0], 39, 3, 3], "52": [[-8677.815873729405, 8437.121189032598, 1513.2746256255], [-8356.252320744003, 7010.338558104261, 1560.0], 37, 3, 3], "53": [[-9927.16654959767, 7247.060416834654, 1501.4294242126914], [-9453.830916555135, 6137.885767307399, 1560.0], 33, 3, 3], "54": [[-11349.247699863323, 6472.565423609918, 1630.0001205747865], [-10642.676779062418, 5526.0501243196295, 1630.0], 52, 3, 3], "55": [[-10979.244479100189, 6037.391794287392, 1484.0260007199354], [-10617.66426907008, 5104.890613298812, 1560.0], 87, 3, 3], "56": [[-12162.946823408924, 4870.650197036097, 1452.7222701438814], [-11760.760077668738, 4133.244679757094, 1560.0], 80, 3, 3], "57": [[-12051.452963366268, 6279.670333195974, 1391.8364264506931], [-11497.319878563236, 5152.840236101048, 1560.0], 43, 3, 3], "58": [[-12768.521526257919, 5820.543420980235, 1501.8869431322992], [-11912.151471458752, 4908.930623530984, 1560.0], 21, 2, 2], "59": [[-12071.352606914, 7232.981382478879, 1120.8474315080346], [-11662.746278079527, 5518.769128925255, 1560.0], 19, 2, 2], "6": [[-12997.049432842152, -13116.721182547779, 1364.145567798327], [-11440.517381403584, -10634.029960629798, 1560.0], 13, 2, 2], "60": [[-13512.552726293028, 5312.670237137853, 1227.2060648495233], [-12976.251684140454, 4155.813320943255, 1560.0], 48, 2, 2], "61": [[-13759.31343361777, 6147.460679508942, 1377.24587632481], [-12761.274172336009, 4912.142187075517, 1560.0], 34, 2, 2], "62": [[11722.799859025348, -28981.418914055714, 1610.000555588847], [7077.8354967093655, -19948.992343458038, 1610.0], 21, 2, 2], "63": [[9798.423307358375, -29455.459108044826, 1749.9998645607493], [6793.14342283702, -20495.80763453984, 1750.0], 0, 1, 1], "64": [[7751.460434889972, -29013.644431244804, 1750.0000083745383], [5153.464939847541, -20317.74946276017, 1750.0], 0, 1, 1], "65": [[8512.897032113557, -30052.132584207866, 1750.0001357316282], [5790.8298583537635, -21252.167353276982, 1750.0], 0, 1, 1],