{"0": [[-8056.031166106501, -16884.131342075438, 1560.0001655579656], [-7229.627272718298, -13879.832588483494, 1560.0], 0, 1, 1], "1": [[-9493.778836497931, -16480.32351112184, 1560.0000728369284], [-8105.500960983246, -12906.37865720465, 1560.0], 4, 2, 2], "10": [[-12949.972454044155, 6014.532712715756, 1207.653267198374], [-12400.251887595772, 4714.717190066941, 1560.0], 27, 2, 2], "11": [[-14154.69578976615, 4945.013346078809, 1231.580211014501], [-13501.487854102472, 3845.3642781225362, 1560.0], 82, 2, 2], "12": [[-14922.288539151685, 6534.578762798419, 1386.4347208265324], [-13459.599077093273, 5051.806813007577, 1560.0], 33, 2, 2], "13": [[-8464.132319491431, 8404.722174639788, 1373.6987891190165], [-8273.118476990452, 6928.551898106091, 1560.0], 9, 3, 3], "14": [[-7523.516731656771, 10251.555142460378, 1511.2103365392868], [-7267.384990728615, 8260.206048952012, 1560.0], 13, 3, 3], "15": [[-8238.911231758322, 10844.923721267014, 1406.4240141985943], [-7847.604592403687, 8487.778750293444, 1560.0], 4, 3, 3], "16": [[7474.17273892046, 12395.653595698152, 1559.9998692885113], [6352.097281082889, 10795.994974580202, 1560.0], 16, 3, 3], "17": [[8518.489152165876, 11838.462425634794, 1557.0542088680884], [7417.786439639608, 10395.05666467999, 1560.0], 26, 3, 3], "18": [[7887.588525390417, 11035.318868078504, 1560.0000168348859], [6898.605573644042, 9822.830293630856, 1560.0], 44, 3, 3], "19": [[6671.584157300942, 10778.68203662811, 1386.244929916392], [4957.233266384374, 9267.039347715077, 1560.0], 8, 3, 3], "2": [[-9685.800160130957, -15963.035222662706, 1559.9998015197689], [-8196.820910030068, -12747.685770536373, 1560.0], 41, 2, 2], "20": [[9545.137178101502, 10425.758377143364, 1662.8560118502646], [8901.170593466184, 9581.5985526957, 1560.0], 25, 3, 3], "21": [[9236.30357326145, 9494.856244541092, 1526.1467842499796], [8200.401330170509, 8453.854823379997, 1560.0], 31, 3, 3], "22": [[13436.097179226754, 3266.5061061833926, 1649.9998205026013], [13835.339618851525, 3202.417714595203, 1650.0], 10, 2, 2], "23": [[14087.7631855186, 4498.758158505401, 1559.9996822250596], [14077.788355491612, 4320.6508335114995, 1560.0], 5, 2, 2], "24": [[23295.630393821786, 8377.681768780578, 1789.9997881488657], [21874.653736061762, 7723.377492020409, 1790.0], 1, 2, 2], "25": [[20276.925036349414, 9072.975082221708, 1870.0002574333535], [19228.360109532212, 8481.967417991405, 1870.0], 2, 2, 2], "26": [[19134.55807393864, 9259.092348699605, 1740.0002273677285], [18562.44881704837, 8737.01716070085, 1740.0], 7, 2, 2], "27": [[15961.399165068437, 7849.394497891968, 1799.9999754192154], [15755.675291208017, 7530.336575616339, 1800.0], 4, 2, 2], "28": [[12333.410844989761, 7100.172650682913, 1619.9997820384963], [12293.566192871394, 6844.7758209215535, 1620.0], 5, 2, 2], "29": [[12707.52889366475, 9024.984345463667, 1560.0002411858147], [11963.305858621397, 8444.851268522436, 1560.0], 7, 2, 2], "3": [[-7715.691847490294, -14867.023506092353, 1285.772593303512], [-7412.3703883138305, -12453.18736444504, 1560.0], 10, 3, 2], "30": [[10759.173128053048, 8596.753342469034, 1559.9996546399857], [9324.981600591787, 7686.239590210009, 1560.0], 37, 3, 3], "31": [[11095.499427824498, 9172.898648709548, 1569.6677222686415], [9467.029045668993, 8243.094488588053, 1560.0], 50, 3, 3], "32": [[12060.033523994947, -9183.729032699317, 1365.2798957872371], [10518.875155828035, -8697.148704795822, 1560.0], 18, 3, 3], "33": [[13948.642855381442, -9958.70445461139, 1471.6902853301306], [12513.572533669903, -9365.598810540798, 1560.0], 4, 3, 3], "34": [[15159.861229044167, -11314.219404591006, 1560.0000416176908], [14307.017172246196, -10794.636651194076, 1560.0], 26, 3, 3], "35": [[12950.656953394764, -10723.437950184647, 1559.9999276794135], [12042.45825820641, -10213.678017480968, 1560.0], 6, 3, 3], "36": [[12553.590753555132, -11227.41435391312, 1560.0001899914998], [12276.237297307838, -10881.948016444969, 1560.0], 25, 3, 3], "37": [[11954.54968690055, -10920.550396189337, 1502.6703468351752], [10832.484299493166, -10260.100954222984, 1560.0], 4, 3, 3], "38": [[14379.170982851547, -12594.907514158916, 1523.7016283758182], [12506.13885320096, -11550.573013237521, 1560.0], 7, 3, 3], "39": [[9910.085057369495, -13143.753139720331, 1277.5979201345099], [7474.383512379054, -11651.91920691555, 1560.0], 9, 2, 2], "4": [[-11808.664323425512, -8058.299517950562, 1559.9998542248725], [-11223.930588470901, -7631.738347536867, 1560.0], 4, 3, 2], "40": [[25856.585312008552, -19896.748813643684, 1749.9998639672863], [14307.039821499518, -7172.556157591393, 1750.0], 0, 1, 1], "41": [[22728.964191942312, -17680.41587663276, 1925.0597347225105], [19860.391105152765, -15454.835367804097, 1800.0], 34, 2, 2], "42": [[22385.17744889351, -19310.67904378515, 1750.0002249368201], [13373.214366636405, -8475.537473727145, 1750.0], 0, 1, 1], "43": [[15885.269224330894, -18317.875633416686, 1877.593675734511], [14636.01750445519, -16310.857082869335, 1560.0], 6, 3, 3], "44": [[12381.388997590471, -18244.964960833528, 1560.0003624672272], [10304.413383764359, -15688.519780437086, 1560.0], 27, 3, 3], "45": [[12649.238038090332, -15083.263813753223, 1522.6799289942637], [11217.14395314849, -13559.169508825513, 1560.0], 12, 3, 3], "46": [[12805.106514450434, -20562.866784490732, 1231.758647579776], [8244.935647056085, -16120.619817343964, 1560.0], 4, 3, 3], "47": [[8149.323549387154, -18718.231856392584, 1336.433891323405], [5031.04211780082, -15167.2033399224, 1560.0], 5, 3, 3], "48": [[12182.438394665507, -22414.24524124452, 1402.9782907196272], [8342.530717574347, -17379.214005497677, 1560.0], 10, 3, 3], "49": [[12122.175407487197, -24064.10118578086, 1518.6990021849585], [6936.989038975076, -17733.30431659399, 1560.0], 27, 2, 2], "5": [[-11248.161355216338, -6969.698935424047, 1559.999895826778], [-10884.673276642086, -6726.449436520894, 1560.0], 2, 3, 2], "50": [[15813.295514623125, -17990.471235916015, 1698.8900400586738], [13595.495519211052, -15758.879354963932, 1560.0], 15, 3, 3], "53": [[8239.182572114305, -18306.17442996623, 1288.110424761916], [4794.114082072878, -14860.189616438996, 1560.0], 26, 3, 3], "54": [[-12697.77796790943, -14056.864974062193, 1560.0001286757301], [-6736.521231282964, -9531.872892439891, 1560.0], 0, 1, 1], "55": [[-9956.188305215413, -15002.335816080518, 1559.9998389505831], [-4458.829492353737, -13082.703250337292, 1560.0], 0, 1, 1], "56": [[-10339.220639352987, -16831.021670976486, 1559.9999672805807], [-5190.4132072437305, -12224.61702654335, 1560.0], 0, 1, 1], "57": [[-8177.41907665571, -20849.124761053994, 1560.0001492942426], [-3198.367734838639, -15202.605970160288, 1560.0], 0, 1, 1], "58": [[-8415.296923070355, -20308.866102307307, 1560.0001676314598], [-3594.9451756682456, -14842.259769270077, 1560.0], 0, 1, 1], "59": [[-14066.251320086973, -7437.403052872347, 1597.6518214143778], [-13182.754727483843, -7058.521749714763, 1560.0], 11, 3, 2], "6": [[-13732.499110367526, -6148.276507403242, 1559.999933744985], [-13207.804205735858, -5930.843980264126, 1560.0], 1, 3, 2], "60": [[-21822.654285299177, 8241.493903662089, 1749.9998907382683], [-13680.693723424969, 7484.929221973806, 1750.0], 0, 1, 1], "61": [[-10297.492416145491, 13431.357714644706, 1559.9998567108412], [-7067.933741695636, 10504.144730654809, 1560.0], 54, 2, 2], "62": [[-8055.408376209891, 22275.196534274557, 1750.0006696325452], [-7762.01646386568, 21536.27825872538, 1750.0], 0, 1, 1], "63": [[6476.048013875039, 19790.921741429844, 1587.9492178326213], [5161.527105851737, 15516.116961543452, 1560.0], 32, 2, 2], "64": [[6109.4038735624745, 20219.540307237097, 1578.4277851563575], [4521.058519583714, 15508.036807735352, 1560.0], 25, 2, 2], "65": [[6886.845849720202, 21425.47385747417, 1560.0001964919722], [4231.891919780962, 15621.626521509626, 1560.0], 0, 1, 1], "66": [[6278.641787387179, 21619.936594863328, 1559.999705121718], [3633.38042181802, 15603.790559430989, 1560.0], 0, 1, 1],