{"0": [[-11617.355661776235, -8058.937857900844, 1449.1728439770568], [-11294.83246013864, -7535.814455559467, 1560.0], 10, 2, 2], "1": [[-12018.616483211134, -7255.49332898212, 1610.2827264449552], [-11425.380464550632, -6972.707578824805, 1560.0], 18, 2, 2], "10": [[-13300.941612907734, -10910.823825337124, 1680.2531245673515], [-11710.217788869002, -9701.095425881576, 1560.0], 17, 2, 2], "11": [[-13669.613005068355, -10028.757693257428, 1560.0007682655746], [-12330.949004503193, -8998.758679174385, 1560.0], 32, 2, 2], "12": [[-10235.736508649643, -12022.554163030327, 1559.9999159217712], [-9427.794258172438, -10481.456905796753, 1560.0], 15, 2, 2], "13": [[-5303.7404293094705, -16583.314175167023, 1797.9579580446655], [-4858.698682745597, -14019.61580390553, 1590.0], 61, 3, 2], "14": [[-8158.18818483887, -15361.047982948627, 1650.000067006947], [-7291.238045479752, -12574.00320226835, 1650.0], 2, 2, 2], "15": [[-8164.9744331645725, -17305.954980651713, 1689.999992169684], [-7143.031674788233, -13386.179074987593, 1690.0], 0, 2, 2], "16": [[-9621.140850257721, -15629.573251925489, 1559.9999577992405], [-8285.03845541509, -12536.837176018827, 1560.0], 14, 2, 2], "17": [[-10115.283828827676, -15860.895659025984, 1654.7230846456198], [-8496.730117471858, -12651.702736857922, 1610.0], 20, 2, 2], "18": [[-10795.700188584058, -15554.157344354857, 1560.0000145600823], [-9106.501522923641, -12339.641825554338, 1560.0], 8, 2, 2], "19": [[-9316.745987192702, -18209.5849722451, 1679.9999788145426], [-7099.832444647445, -14081.725962340584, 1680.0], 0, 1, 1], "2": [[-11676.522057388383, -6759.055515748733, 1523.571920616417], [-11408.833704297795, -6484.586953233512, 1560.0], 9, 2, 2], "20": [[9273.094073775981, -23402.946618555652, 1559.9998761271056], [5931.581807434625, -17714.530558083974, 1560.0], 0, 2, 2], "21": [[9626.053347033741, -21347.432202538243, 1481.8242719441414], [6238.460579949883, -16729.175718873234, 1560.0], 4, 3, 3], "22": [[10390.34567082504, -21414.237787082337, 1560.0000404233635], [7449.545496878468, -17130.174458468326, 1560.0], 12, 3, 3], "23": [[11140.128636036676, -21235.086646027226, 1559.9999125436682], [7667.29788035675, -16862.48055606878, 1560.0], 1, 3, 3], "24": [[11986.40519564568, -21079.801307039557, 1580.655108692556], [9148.467547269998, -17118.039148566306, 1560.0], 18, 3, 3], "25": [[7684.188627355445, -17437.55351093831, 1500.595700760983], [5343.239497282343, -14656.664543545763, 1560.0], 6, 3, 3], "26": [[8329.694340114209, -18014.728265773465, 1085.6761875730454], [4624.2552813581215, -14441.383634448044, 1560.0], 2, 3, 3], "27": [[11555.561565431204, -16727.7177124463, 1495.4277074005], [8951.4251560453, -14347.790731456284, 1560.0], 3, 3, 3], "28": [[9942.977664792734, -13324.428191821335, 1437.406885592221], [7855.280216856073, -11846.28166262304, 1560.0], 9, 2, 2], "29": [[16964.93858919374, -14008.574287111793, 1559.9999461611765], [15113.556222607196, -12829.471167182486, 1560.0], 15, 3, 3], "3": [[-11910.48052303515, -6555.135578724469, 1559.9998754983328], [-11476.818582601247, -6355.546526003504, 1560.0], 1, 2, 2], "30": [[14658.105117385567, -10682.464703629588, 1560.0000936013696], [13338.299056580252, -10162.996919650937, 1560.0], 20, 3, 3], "31": [[15107.05992600302, -10545.630470081227, 1560.0000483709132], [14050.423893677551, -10086.934232454014, 1560.0], 23, 3, 3], "32": [[13203.981207030503, -10088.570352909548, 1411.0818697650943], [10702.517519807985, -9434.862007822443, 1560.0], 26, 3, 3], "33": [[16579.629929730116, -9551.082512844783, 1499.0631545517806], [15278.48409874435, -9189.31984248408, 1560.0], 39, 3, 3], "34": [[14177.045698054177, -7219.935158961594, 1559.9999236647327], [13687.948909302144, -7144.727664587205, 1560.0], 24, 3, 3], "35": [[10875.86463796896, 1273.9608612204513, 1560.0001068159788], [11329.569306349244, 1197.3557319437925, 1560.0], 61, 3, 3], "36": [[13946.210232164209, 6965.924099844526, 1560.0001109501002], [13666.87963977987, 6720.412945261741, 1560.0], 13, 2, 2], "37": [[14746.949400548254, 8539.094613641164, 1629.9999956835056], [14957.306201676012, 8212.008590102581, 1630.0], 22, 2, 2], "38": [[9263.56090813385, 8331.210987493683, 1472.4785265087962], [7964.948157147238, 7492.495348102472, 1560.0], 14, 3, 3], "39": [[10293.568444009261, 9947.986187756835, 1725.3185560259099], [9116.67289845051, 8925.28077918239, 1680.0], 34, 3, 3], "4": [[-12705.039190488471, -5506.34267812972, 1560.0000186579452], [-12328.063410357354, -5405.299252114462, 1560.0], 12, 2, 2], "40": [[10862.435475656283, 9980.913254526755, 1639.999582776714], [9724.60632382311, 8822.45559064049, 1640.0], 34, 3, 3], "41": [[9685.47689874434, 10868.66991063957, 1588.7196796424184], [8046.604956813678, 9577.203538390022, 1560.0], 32, 3, 3], "42": [[7460.434355223104, 9893.203947272306, 1449.5195346189914], [5486.160149501573, 8486.791618110652, 1560.0], 32, 3, 3], "43": [[6935.384078897443, 10574.400276547574, 1374.6300525316603], [5251.477532194464, 9026.454748010876, 1560.0], 20, 3, 3], "44": [[6014.602810532863, 11683.092274276234, 1433.1335700173797], [4087.1562561017818, 9859.121385048344, 1560.0], 18, 3, 3], "45": [[-7580.7545826252635, 12933.319645882691, 1166.4254903096914], [-7669.35824727484, 9276.829159820023, 1560.0], 12, 3, 3], "46": [[-7787.405272435839, 11543.291619952837, 1191.565117881719], [-7699.444140349442, 8705.12613598125, 1560.0], 35, 3, 3], "47": [[-7787.839567046471, 10859.049631739232, 1130.8081426366243], [-7909.325555707082, 8203.502962931992, 1560.0], 5, 3, 3], "48": [[-9156.439422156207, 9476.458117604961, 1617.0471843079074], [-8506.637399752544, 7732.181984668029, 1620.0], 20, 3, 3], "49": [[-11097.794667271917, 5416.292846558989, 1221.8521600876882], [-11190.810994458898, 4351.5808272142085, 1560.0], 69, 3, 3], "5": [[-12782.52378459006, -7542.179036891845, 1608.1447384430428], [-12040.951128407349, -7205.795560070685, 1560.0], 9, 2, 2], "50": [[-12209.835680973212, 5582.935529164063, 1295.3365719928374], [-11802.006283749204, 4566.816336489861, 1560.0], 57, 3, 3], "51": [[-13224.308653272421, 6799.007964912907, 1324.084281463898], [-12309.414205051591, 5352.910373858057, 1560.0], 16, 2, 2], "52": [[-14354.228204245324, 5973.8619236678815, 1280.726876063999], [-13325.171409009405, 4627.515608293942, 1560.0], 22, 2, 2], "53": [[15857.229960477076, 1074.7873401432205, 1560.0001598799556], [15364.856042999569, 969.2431352144608, 1560.0], 0, 2, 2], "6": [[-13714.04790882976, -7026.977745087982, 1401.744105185377], [-13301.237613755748, -6553.426676405203, 1560.0], 16, 2, 2], "7": [[-14495.171330637522, -5803.999662004857, 1448.8370360851923], [-14084.095946157444, -5522.757302168654, 1560.0], 14, 2, 2], "8": [[-15440.737411277063, -6692.469414348279, 1505.6417948377118], [-14614.479701213442, -6274.813828142069, 1560.0], 16, 2, 2], "9": [[-14162.159179475078, -8097.1311920631215, 1612.1879641175208], [-13106.207891244268, -7586.335379988968, 1560.0], 23, 2, 2]}