{"0": [[-10988.790014705288, -8386.37263012847, 1543.5761791190246], [-10534.61990431243, -7907.954431068315, 1560.0], 9, 3, 2], "1": [[-11481.268368621613, -12715.793210208109, 1560.000012069454], [-10100.286053353979, -10881.032958768223, 1560.0], 27, 3, 2], "10": [[8355.578777510338, -35281.08981464128, 1749.999809360959], [5473.074360766464, -24910.298332022074, 1750.0], 0, 1, 1], "11": [[9468.569425878039, -36309.67234872044, 1750.0002311909873], [6287.301445071604, -25028.360046762864, 1750.0], 0, 1, 1], "12": [[8164.853717416586, -25495.18100624063, 1559.9997049966255], [4502.796568613644, -18251.543055093753, 1560.0], 2, 2, 2], "13": [[7148.674347564869, -25276.431930907933, 1589.9999439894548], [3648.0159662995907, -18012.457251686556, 1590.0], 0, 2, 2], "14": [[4846.662339927455, -16839.368632335045, 1518.7398631289477], [3504.267597757856, -14329.434200567448, 1560.0], 12, 3, 3], "15": [[7601.07481522972, -18832.55211201243, 1399.673183212768], [4928.248294625777, -15331.269352755651, 1560.0], 7, 3, 3], "16": [[7913.924516048772, -18598.232180573174, 1422.7781171386064], [5411.200539287723, -15255.453268451456, 1560.0], 7, 3, 3], "17": [[8454.41248887471, -17652.360498811915, 1543.127318220016], [6509.528669670273, -14969.437929181599, 1560.0], 10, 3, 3], "18": [[8332.016973285607, -15426.449671727056, 1242.410352827973], [6130.052594335678, -13291.706116643632, 1560.0], 10, 3, 3], "19": [[9110.928822054218, -15679.788125038918, 1554.9104386445806], [7299.180109896479, -13694.350376887041, 1560.0], 15, 3, 3], "2": [[-11797.142123079191, -12073.64954441402, 1230.8472242830987], [-10990.951715043495, -10122.386258425828, 1560.0], 14, 3, 2], "20": [[9546.102980120384, -19144.77900101488, 1624.4710408869805], [8154.9924583033435, -16239.10011616187, 1560.0], 13, 3, 3], "21": [[18685.95746629384, -18244.498526610983, 2087.6041940703844], [17824.579585706837, -16547.7276186443, 1560.0], 5, 3, 3], "22": [[15554.373930003523, -14686.483801967755, 1615.5525869107241], [13992.752980831667, -13376.409340778422, 1560.0], 25, 3, 3], "23": [[27951.897684636948, -20591.943465151355, 1749.9998840821104], [14879.941898281551, -7018.526124085985, 1750.0], 0, 1, 1], "24": [[12740.348655807134, -13382.924286112113, 1551.9322367005439], [16831.7893575162, -14713.850464542584, 1560.0], 35, 3, 2], "25": [[12971.900049222986, -10300.00324982468, 1375.5835129216057], [11123.527049448514, -9719.45595536092, 1560.0], 22, 3, 3], "26": [[13378.66021810319, -12414.486683886842, 2015.1479160703166], [14191.077816047133, -12062.616733036022, 1560.0], 11, 3, 2], "27": [[13770.280167957557, -12382.503950516737, 1580.0000756553227], [18220.45890270859, -12805.30863360647, 1580.0], 20, 3, 2], "28": [[14161.809253895555, -12125.533107719682, 1589.9998517354586], [18700.44716823522, -12081.149528405333, 1590.0], 2, 3, 2], "29": [[14634.964200956667, -12746.29345466812, 1523.8015810592453], [19702.007806193033, -13400.579829066835, 1560.0], 19, 3, 2], "3": [[-11850.040917890517, -11590.615214840363, 1049.9445492342702], [-11341.834629629147, -9686.336961518968, 1560.0], 30, 3, 2], "30": [[14565.441941081388, -9396.765809492998, 1508.1113300487614], [12724.794476671326, -8977.403599851523, 1560.0], 14, 3, 3], "31": [[15355.146236588733, -10911.079789637553, 1546.0087244535334], [15369.124952159173, -10230.27491386769, 1560.0], 44, 3, 3], "32": [[15658.109279622564, -10366.583472052065, 1541.3399064734788], [14167.306772631224, -9889.817925439917, 1560.0], 24, 3, 3], "33": [[16011.121096131024, -10477.706119826838, 1150.841489031908], [12922.934948263337, -9761.058471421225, 1560.0], 31, 3, 3], "34": [[16102.680248252482, -11378.86428335604, 1474.4023347557882], [14427.195442522447, -10600.760481279802, 1560.0], 13, 3, 3], "35": [[17167.89724762369, -10540.105060995484, 1601.4107806782215], [16847.02056693869, -10278.543933830784, 1560.0], 24, 3, 3], "36": [[18447.026779792723, -11342.644379509164, 1677.7036964654883], [17922.84504220788, -11079.330261249788, 1560.0], 31, 3, 3], "37": [[14553.154378403582, -1546.2864124410612, 1496.8948048692785], [15742.65995448297, -1348.150929009525, 1560.0], 114, 2, 2], "38": [[14543.53689965171, 903.9527357440003, 1560.0002936510205], [13393.677917878138, 693.2381738846755, 1560.0], 5, 2, 2], "39": [[13740.81977006875, 50.50709885931364, 1639.999932261574], [13928.33335786598, 17.02554762555401, 1640.0], 5, 2, 2], "4": [[-13658.113261365505, -6142.20912192946, 1419.8289397967749], [-13364.677878307573, -5848.210807443952, 1560.0], 11, 3, 2], "40": [[14458.60721153643, 54.67065061898054, 1859.9998567100479], [14652.099957468063, 39.80563625954453, 1860.0], 11, 2, 2], "41": [[12035.17625469883, 1023.0911877482965, 1739.99981031948], [12017.283883815764, 1018.3729306141416, 1740.0], 2, 2, 2], "42": [[16455.255621862, 712.2570897747149, 1949.999867657131], [18004.59450369391, 751.6992896251911, 1950.0], 26, 2, 2], "43": [[16937.558493536122, 7406.680412015798, 1820.0000964419926], [16872.081000735987, 7162.520213537978, 1820.0], 6, 2, 2], "44": [[14987.474343604614, 8739.269151714048, 1670.000478274912], [14117.733386507498, 8103.8138224978175, 1670.0], 2, 2, 2], "45": [[13791.745457839732, 7965.975701093642, 1619.9996992380475], [13030.416795543731, 7482.812465106675, 1620.0], 0, 2, 2], "46": [[16650.592043995304, 9895.922980150908, 1730.0003585825218], [15300.85206275518, 9008.613918042574, 1730.0], 3, 2, 2], "47": [[12874.970302844209, 7434.520654580678, 1559.9998460328611], [12642.116970025912, 7053.564829661477, 1560.0], 3, 2, 2], "48": [[12065.332867514726, 7635.722862240967, 1559.9999792556237], [11050.936757076941, 6989.2892205583, 1560.0], 9, 3, 3], "49": [[14038.846086349575, 7142.159147169949, 1560.0000768492578], [13092.665927620865, 6703.298968043922, 1560.0], 3, 2, 2], "5": [[-14306.534790476431, -6298.764684951775, 1559.9999746950223], [-13706.406455575623, -6025.019774617045, 1560.0], 8, 3, 2], "50": [[14384.730842566763, 7376.562350520795, 1559.999844296847], [13743.182656337893, 6972.606722124772, 1560.0], 3, 2, 2], "51": [[15204.404025083468, 7393.544186722249, 1589.9996959034409], [14782.01864760757, 6972.577551724979, 1590.0], 4, 2, 2], "52": [[15779.347652348291, 8126.990345674629, 1750.0002834896563], [14748.702840559457, 7537.64889905149, 1750.0], 1, 2, 2], "53": [[16244.352940564517, 7057.434828042121, 1640.0002820109796], [15683.49576356444, 6679.413827542621, 1640.0], 1, 2, 2], "54": [[16913.77877523267, 8697.920158924204, 1950.00019266972], [17247.25853235635, 8368.980851780165, 1950.0], 16, 2, 2], "55": [[10719.090895578453, 9723.9977642693, 1725.2650066876574], [9844.198862038731, 8844.12685630452, 1720.0], 8, 3, 3], "56": [[9638.74320483188, 9460.377761902859, 1560.0000278796758], [8639.011069851635, 8494.274490583268, 1560.0], 6, 3, 3], "57": [[9446.427661227637, 10618.390599674212, 1538.7780101733263], [7551.153944374824, 9209.530251307417, 1560.0], 24, 3, 3], "58": [[9474.285171685415, 11434.863903440173, 1637.6927998743215], [7755.766461278517, 9744.506992735674, 1640.0], 52, 3, 3], "59": [[7567.503053638784, 9736.508150382775, 1516.1497992516195], [6235.17312294044, 8564.775510835623, 1560.0], 6, 3, 3], "6": [[-8282.554098710085, -18014.599004318774, 1301.2419803500582], [-7513.95281796952, -13407.026569553827, 1560.0], 38, 2, 2], "60": [[6994.970438143565, 10343.888884257776, 1450.2372131130733], [5230.502881482273, 8930.207484597082, 1560.0], 16, 3, 3], "61": [[6969.84286319736, 11532.283269740159, 1425.4783658592894], [4668.277111593643, 9501.137536203898, 1560.0], 49, 3, 3], "62": [[-904.5204063053176, 10817.511704691964, 1499.8000759738818], [-1463.9254268429845, 9208.87768277001, 1560.0], 4, 3, 3], "63": [[-9693.499060231325, 14613.061274183367, 1559.999971019539], [-7234.239076222661, 13033.872983080917, 1560.0], 11, 2, 2], "64": [[-10342.993237438344, 14050.035675222438, 1560.0000904653502], [-7326.440146718451, 11262.236922434078, 1560.0], 27, 2, 2],