{"0": [[-8085.98707890576, -18211.758657509603, 1559.9998660478293], [-7436.596309686582, -13744.82067989171, 1560.0], 0, 1, 1], "1": [[-8110.570601100807, -17471.57089541466, 1320.2925467148336], [-7514.938382888718, -13172.585470443562, 1570.0], 13, 2, 2], "10": [[-13068.316497320804, -7381.557493055386, 1560.0000673129357], [-12472.3036230417, -7002.206560183249, 1560.0], 16, 3, 2], "11": [[-14415.992531300653, -7927.08354716113, 1559.999904666374], [-13457.273209906287, -7364.450747938938, 1560.0], 1, 3, 2], "12": [[-11826.93649899938, -6834.377017313626, 1401.1706179710168], [-11695.217925169289, -6497.3821751669175, 1560.0], 17, 3, 2], "13": [[-12011.29832034373, -6331.119240751191, 1274.4131248484196], [-12216.777433179132, -5987.391069649744, 1560.0], 62, 3, 3], "14": [[-13268.248673977072, -6228.5951815942435, 1421.6544842412266], [-13100.783766634398, -5935.373887799644, 1560.0], 90, 3, 3], "15": [[-14888.116224278327, -5959.62693215279, 1419.298942987592], [-14420.197207472816, -5602.561033710819, 1560.0], 87, 3, 3], "16": [[-15656.92814654226, -6622.581909125868, 1343.0643382012745], [-14946.867834003835, -6104.403812123371, 1560.0], 97, 3, 2], "17": [[-14476.933584153077, 5889.646596165178, 947.7892040026268], [-13781.477814705935, 4245.9053107129475, 1560.0], 54, 2, 2], "18": [[-13232.44810905123, 6868.039433313228, 1152.2330647927429], [-12548.526151794325, 5196.017234936809, 1560.0], 50, 2, 2], "19": [[-11948.530636286892, 5698.628180894297, 726.9370927556147], [-12363.630110708795, 4089.241452890564, 1560.0], 40, 3, 2], "2": [[-7718.408209205374, -15334.274899336584, 1113.546226842498], [-7854.129507618957, -12347.927064671601, 1560.0], 19, 3, 2], "20": [[-11421.427516691872, 4855.912187607336, 1105.2107781849434], [-11685.08747389555, 3846.513420114451, 1560.0], 118, 3, 2], "21": [[-8045.262890901562, 10576.78013066553, 868.9698016145578], [-8702.06310540461, 7624.610751153136, 1560.0], 22, 3, 3], "22": [[-8230.960000257033, 11342.671729034968, 1116.6375592329207], [-8571.838402789945, 8211.593635706466, 1560.0], 90, 3, 3], "23": [[-7974.333975674538, 12732.009808746616, 1156.8674575495406], [-8212.456071741963, 8978.004649835408, 1560.0], 107, 3, 3], "24": [[8026.813406045019, 15367.911412861718, 1559.9996262825923], [4082.6878971100555, 11418.644367960265, 1560.0], 48, 3, 2], "25": [[7296.588633066071, 10162.15812132665, 1559.9996434691425], [3604.132118753442, 7573.451513219797, 1560.0], 0, 3, 1], "26": [[9790.749264881633, 11162.546014962281, 1559.9999019321015], [6075.62689415513, 9513.339847689245, 1560.0], 0, 3, 1], "27": [[10258.296726783474, 10587.255486475427, 1560.00025470771], [6370.587516921027, 9165.450168766407, 1560.0], 0, 3, 1], "28": [[10762.90182337691, 9707.112881439152, 1559.9998851068417], [6949.864938710982, 8337.876680402533, 1560.0], 0, 3, 1], "29": [[10569.421458472314, 9692.519849884457, 1560.0001485072628], [8639.011069851635, 8494.274490583268, 1560.0], 22, 2, 2], "3": [[-10024.563324216848, -15591.351034110623, 1355.6040492927614], [-9021.129560706902, -12179.831036045436, 1560.0], 25, 2, 2], "30": [[9439.083720947212, 8366.775831966666, 1340.8637941919192], [6244.545299582362, 6986.582844470929, 1560.0], 59, 3, 2], "31": [[11181.563548663251, 8534.475311533743, 1559.9247526153613], [10334.789483162329, 7976.717947692646, 1560.0], 36, 2, 2], "32": [[11064.96218179363, 8453.555718116866, 1559.9986520961859], [8785.117760988991, 7327.975184692744, 1560.0], 51, 3, 2], "33": [[11037.230239796087, 1310.3113102847688, 1511.1663911222108], [9789.074013063315, 1155.9603315837708, 1560.0], 16, 3, 3], "34": [[15581.83035831631, 1544.242226414787, 1463.3312518737732], [14245.251049124397, 1356.9534517842033, 1560.0], 24, 2, 2], "35": [[13917.201260130301, 482.3894547278909, 1482.2558236512152], [13259.254624790006, 333.4779730760223, 1560.0], 26, 3, 3], "36": [[14264.215099047564, -8664.702941349393, 1417.3489501589465], [11368.971114002079, -8120.936251253026, 1560.0], 34, 3, 3], "37": [[16616.1700856437, -9474.210281631204, 1344.8493585467622], [13415.129255881771, -8878.303879288811, 1560.0], 26, 3, 3], "38": [[15217.840016901127, -10577.633188125084, 1453.3547775083744], [12868.614995143973, -9856.913076844037, 1560.0], 8, 3, 3], "39": [[14487.616311427071, -10612.813154863365, 1415.5354641946856], [11653.506648897517, -9825.651668402072, 1560.0], 63, 3, 3], "4": [[-10370.81055212223, -16179.740447692233, 1560.0000071853121], [-8669.973969024359, -12713.332143907786, 1560.0], 8, 2, 2], "40": [[16898.999486424218, -14120.078214577059, 1377.1344951779442], [13242.813256888354, -12452.958116395466, 1560.0], 54, 3, 3], "41": [[16731.197205333265, -18045.740831385832, 1768.1165877242815], [15045.083601345179, -15848.10699114043, 1560.0], 39, 3, 3], "42": [[10061.484059872662, -13398.492098580246, 1039.444795470758], [6588.375423557848, -11570.54852868191, 1560.0], 9, 2, 2], "43": [[7920.2485235117465, -17618.169572598435, 1301.0491732788234], [3969.616207637143, -14179.51817841657, 1560.0], 34, 3, 3], "44": [[4731.925082011823, -18722.551886931804, 969.2996800155153], [795.1849056997924, -14329.014456863715, 1560.0], 20, 3, 3], "45": [[8232.931425281718, -18173.377621721007, 833.3122060033319], [3284.791015797809, -14039.387444990916, 1560.0], 27, 3, 3], "46": [[-9706.432067505164, -15631.736457574409, 1560.0000028747475], [-5026.698007986108, -12318.680009970976, 1560.0], 0, 1, 1], "47": [[-10497.233049395803, -17349.96409586257, 1579.9999610954965], [-5285.447547668007, -12197.792441398597, 1580.0], 0, 1, 1], "48": [[-11199.401196725286, -16649.77824885039, 1719.999826449841], [-6016.395072815639, -11217.638477527169, 1720.0], 0, 1, 1], "5": [[-11019.871313525868, -15496.910730713656, 1559.9999959198653], [-9273.681156312, -12277.08425203904, 1560.0], 0, 2, 2], "50": [[-16760.718808717676, 8902.44919027102, 1750.0000323014115], [-11513.169961130714, 8137.092845236338, 1750.0], 0, 1, 1], "6": [[-11860.759525502819, -11606.313209563952, 1559.9995113506152], [-10713.354092671434, -10123.113598141575, 1560.0], 19, 3, 2], "7": [[-10659.066864038425, -10123.8237827648, 1487.3910551201923], [-10165.262900615737, -9137.907575961304, 1560.0], 53, 3, 2], "8": [[-11664.323975552854, -8171.330561848003, 1364.2166599787965], [-11438.459441420233, -7545.301333594291, 1560.0], 23, 3, 2], "9": [[-12393.065061896432, -7679.816992814958, 1559.9998207317797], [-11911.560846714661, -7225.087268231612, 1560.0], 38, 3, 2]}