{"0": [[-9371.42502753321, 10457.656611011891, 1444.9707142606917], [-8872.53840173702, 8050.104600542602, 1560.0], 73, 3, 3], "1": [[-11787.36700151989, 7337.289621975967, 1560.0000194519637], [-10915.648291922394, 6053.383110363164, 1560.0], 51, 3, 3], "10": [[-392.88339793248224, -16431.64018534565, 1509.5317716366937], [-1408.0621761318075, -13735.185003469316, 1560.0], 80, 3, 3], "11": [[9133.364510935871, -19221.228742072108, 1511.4311169205532], [6496.324553774788, -15705.78485232954, 1560.0], 28, 3, 3], "12": [[9571.707191949814, -18917.872790377776, 1442.9746126138232], [7078.316765896741, -15572.50745130113, 1560.0], 40, 3, 3], "13": [[9503.561687481653, -17996.139052341005, 1471.0952160586319], [7012.477464630939, -14936.273864175133, 1560.0], 57, 3, 3], "14": [[8343.825245071204, -16888.050384786344, 1517.7894475679213], [5989.469993358936, -14317.320798080384, 1560.0], 16, 3, 3], "15": [[9604.336258575719, -17361.142116142815, 1440.916400941515], [7174.063880179823, -14686.904836469394, 1560.0], 38, 3, 3], "16": [[9947.917829870163, -16917.414925344598, 1401.1288694238044], [7785.827791399928, -14515.046727305576, 1560.0], 18, 3, 3], "17": [[9672.788804071317, -16385.174547066268, 1389.87700015065], [7542.33214570098, -14103.938457757156, 1560.0], 15, 3, 3], "18": [[10316.590213545029, -16327.783427063056, 1328.0403424179158], [8084.189587351017, -14047.536829585508, 1560.0], 23, 3, 3], "19": [[13147.235431243573, -16780.932507226706, 1559.9999371756282], [11036.634882866605, -14706.350810297878, 1560.0], 11, 3, 3], "2": [[-10015.195545046556, 7242.93260220312, 1343.4828359027608], [-9924.178980419447, 5873.363759316823, 1560.0], 62, 3, 3], "20": [[12995.31317010802, -16269.710226420062, 1559.9999906110068], [11249.737361397192, -14409.804538454979, 1560.0], 15, 3, 3], "21": [[11893.58452513776, -14665.01662446742, 1414.339957462414], [9233.061709668898, -13046.084951882212, 1560.0], 72, 3, 3], "22": [[12422.788960224887, -12369.12353848005, 1311.7716388750994], [11372.762466704093, -11376.840518192268, 1560.0], 71, 3, 3], "23": [[14445.728628920475, -11652.795101214551, 1317.771949305268], [12329.689970696983, -10790.984199541484, 1560.0], 21, 3, 3], "24": [[16687.824403544575, -11412.501477611111, 1550.2398056822803], [15055.62220898766, -10729.848712437808, 1560.0], 10, 3, 3], "25": [[18783.1714226809, -13860.582314324505, 1528.5291204978514], [16699.595579410554, -12785.20664438072, 1560.0], 21, 3, 3], "26": [[17600.01142281253, -10863.515809821334, 1559.9997153931715], [15964.070269136, -10459.070901297056, 1560.0], 45, 3, 3], "27": [[15896.903799130887, -3668.6527041034055, 1526.0498058758706], [16063.120036458566, -3684.6123112593273, 1560.0], 25, 3, 3], "28": [[7700.847633688909, 12696.915371300413, 1283.301165001005], [4480.15581066575, 10190.670019999594, 1560.0], 22, 3, 3], "29": [[9060.660256090565, 9992.451372059146, 1274.5655875644782], [6997.77513550267, 8543.366863076375, 1560.0], 13, 3, 3], "3": [[-7594.9760765100855, 7023.463573189732, 1424.8598011534937], [-7708.904793174123, 5996.487460069118, 1560.0], 50, 3, 3], "30": [[9203.517997429402, 9566.583105520673, 1437.1802547996533], [7823.2862665472585, 8625.529040134412, 1560.0], 47, 3, 3], "31": [[8575.918547268495, 9111.444907257684, 1347.396963939874], [7747.679035481358, 8308.796238822997, 1560.0], 21, 3, 3], "32": [[10859.985962839777, 8519.040837164204, 1809.999909151568], [9622.748699368365, 7724.313154461633, 1810.0], 2, 2, 2], "33": [[11484.330763853337, 9663.00936902394, 1679.9998393692895], [10507.157287769638, 8851.289959145315, 1680.0], 0, 2, 2], "34": [[14142.372759826685, 8540.887888819958, 1669.9999624205443], [14155.459578006594, 8231.452771588749, 1670.0], 9, 2, 2], "35": [[15053.207807606716, 7620.334818367444, 1560.0000658607], [13129.651435190273, 6827.3816103612735, 1560.0], 13, 2, 2], "36": [[15922.956020849806, 9679.400286009428, 1950.000216348375], [16171.531101643954, 9331.46436316723, 1950.0], 22, 2, 2], "37": [[15767.235571713563, 7007.938676016452, 1619.9999645890045], [14453.301188403813, 6413.736088764752, 1620.0], 6, 2, 2], "38": [[-9355.241398149696, 22825.89812151516, 1749.9997361353508], [-8767.285231295033, 21689.765670933848, 1750.0], 0, 1, 1], "39": [[-8987.74965443068, 22423.35107103415, 1749.9998637222043], [-8533.197280618648, 21471.211552584416, 1750.0], 0, 1, 1], "4": [[-12422.9539348909, -7259.247413652035, 1470.5379886190008], [-12038.945992670417, -6883.268054558336, 1560.0], 10, 3, 2], "40": [[-8209.382305563544, 23042.790529586397, 1749.99974899707], [-7843.032653977178, 22084.33849116257, 1750.0], 0, 1, 1], "41": [[-7686.3285205767, 22572.16942978506, 1750.0000217114914], [-7433.489830971719, 21837.918005442705, 1750.0], 0, 1, 1], "42": [[-8527.877321486156, 21438.304136745166, 1750.000103243497], [-8227.145794181786, 20797.281416497943, 1750.0], 0, 1, 1], "43": [[-9293.140219730256, 20577.27534074011, 1749.9999747420816], [-8900.876193496246, 19975.335242546163, 1750.0], 0, 1, 1], "44": [[-7952.946450754719, 20138.532933137478, 1750.0000113816996], [-7795.074034929492, 19801.908477543744, 1750.0], 0, 1, 1], "45": [[-9200.017396936635, 19496.996969846474, 1750.0003816258343], [-8892.703154437024, 19088.361423083847, 1750.0], 0, 1, 1], "46": [[-7740.580784742881, 15878.067712019732, 1749.9999114611564], [-7687.323304696034, 15805.571612099233, 1750.0], 0, 1, 1], "47": [[-8748.224337127547, 15108.775971634332, 1749.9997410845456], [-8593.538741816184, 15032.382702655079, 1750.0], 0, 1, 1], "48": [[-9377.962481262191, 13729.060989420013, 1750.0004485997022], [-9184.33407845896, 13673.676236201702, 1750.0], 0, 1, 1], "49": [[-9689.684127345774, 13959.248339443842, 1750.0002589524363], [-9449.838684183758, 13892.961236934761, 1750.0], 0, 1, 1], "5": [[-11980.548966515162, -7259.461728461397, 1394.648860241287], [-11772.889475669865, -6847.773472678695, 1560.0], 18, 3, 2], "50": [[-10637.551527565693, 14048.61133091503, 1750.000391694739], [-10225.465653887522, 14021.054809125213, 1750.0], 0, 1, 1], "51": [[20638.912544375562, -13516.920113873924, 1503.0498237599593], [18651.13335900998, -12431.466299976895, 1560.0], 23, 3, 3], "52": [[7839.78854318281, 16203.138278348697, 1746.5354981282242], [6076.740004413345, 13209.916586264104, 1850.0], 29, 3, 2], "53": [[6402.771235204861, 18366.989033610324, 1727.08856031611], [4103.819122050343, 13969.760910259647, 1950.0], 42, 3, 2], "54": [[6216.245315080581, 20392.494610693735, 1578.7781346883462], [4534.764724616445, 15588.864518872828, 1560.0], 17, 2, 2], "55": [[7454.394117206183, 21043.919091911353, 1560.0001801241267], [4858.515457611776, 15635.846114833941, 1560.0], 0, 1, 1], "56": [[6886.845849720202, 21425.47385747417, 1560.0001964919722], [4231.891919780962, 15621.626521509626, 1560.0], 0, 1, 1], "57": [[7801.553862385739, 20894.251698927786, 1560.0000110702663], [5175.801152565834, 15599.78628604066, 1560.0], 0, 1, 1], "58": [[7278.140903826712, 21132.910804778163, 1559.9998118932685], [4521.058519583714, 15508.036807735352, 1560.0], 0, 1, 1], "59": [[6389.738419722212, 21704.85802660983, 1560.0000102367724], [3961.76004200668, 15807.144574479742, 1560.0], 0, 1, 1], "6": [[-14392.78710934281, -7076.012833688665, 1555.8093678440061], [-13636.366016872626, -6669.688346033672, 1560.0], 20, 3, 2], "7": [[-8610.454244397632, -15271.174038595636, 1253.8504720052322], [-7888.598192021271, -12754.314533040651, 1560.0], 20, 3, 2], "8": [[-8206.970404226531, -17079.451988770317, 1559.999906141703], [-7006.232043739446, -13929.750326818634, 1560.0], 0, 1, 1], "9": [[-10757.480063665242, -17116.664411555157, 1650.000041769149], [-8768.493049902117, -12749.589178389862, 1650.0], 0, 1, 1]}