{"0": [[11506.665289165541, -26210.920536816895, 1559.9998006724406], [6953.023786334638, -18855.768077391895, 1560.0], 0, 2, 2], "1": [[10943.607034812241, -24544.723191706755, 1559.9999041734927], [6603.173486049125, -18104.961593147895, 1560.0], 3, 2, 2], "10": [[11982.308521735302, -18001.91819534573, 1600.989033171343], [9835.096223324326, -15515.012778285836, 1560.0], 12, 3, 3], "11": [[15596.51045293233, -17701.702521365976, 1811.8875818424103], [13658.743830112631, -15683.261878096491, 1560.0], 19, 3, 3], "12": [[12457.470901012857, -14848.212536166611, 1559.9998690220666], [10814.572989218379, -13250.131463776157, 1560.0], 12, 2, 2], "13": [[10069.292052879679, -13455.082991255982, 1346.4421907007625], [7814.690366461455, -11921.776616554165, 1560.0], 10, 2, 2], "14": [[18633.250393536466, -13792.464360222884, 1560.0003613251627], [16770.499426732422, -12689.292903379546, 1560.0], 17, 3, 3], "15": [[13121.500837376361, -12753.251433340374, 1492.4137607414352], [11693.785027996917, -11853.353322604264, 1560.0], 27, 3, 3], "16": [[12001.404139102575, -11211.170710928482, 1392.986976250235], [9226.20308183863, -10195.92947735721, 1560.0], 15, 3, 3], "17": [[12463.916475525999, -11267.33997837041, 1382.4794981879074], [10280.426456764244, -10238.164273808863, 1560.0], 21, 3, 3], "18": [[13345.141776303946, -11245.223229971287, 1514.9807722190897], [12436.839572331213, -10607.725591659018, 1560.0], 17, 3, 3], "19": [[15583.505772963983, -11666.950387545494, 1539.4956745842146], [14806.5774051807, -11120.544560987724, 1560.0], 72, 3, 3], "2": [[8882.61956014337, -21021.858584228412, 1560.0000274570687], [6238.460579949883, -16729.175718873234, 1560.0], 2, 3, 3], "20": [[17740.8814215787, -12264.670589937077, 1560.0002848662696], [16037.377328904186, -11499.958892684845, 1560.0], 16, 3, 3], "21": [[14537.579033452908, -10486.461841611497, 1559.9999858036342], [13992.109235864065, -10184.785394848535, 1560.0], 29, 3, 3], "22": [[15042.069334131447, -10497.368698615912, 1535.7577345776301], [14108.823292623936, -9988.61181512327, 1560.0], 14, 3, 3], "23": [[13100.05318381264, -9991.790496615633, 1422.7434949337874], [11855.793057828569, -9452.490286643573, 1560.0], 20, 3, 3], "24": [[22193.420231165775, -10573.347053496242, 1600.8112390933193], [21114.18972577785, -8932.936299576746, 1560.0], 36, 2, 2], "25": [[16523.23211731435, -9614.419189702041, 1559.999924394108], [15217.117962186678, -9293.296740669944, 1560.0], 24, 3, 3], "26": [[15619.234282124014, -9191.99921834565, 1489.527178135616], [14074.367809251977, -8877.186340891334, 1560.0], 22, 3, 3], "27": [[12480.832997049622, -4928.619019062797, 1559.9999577558144], [11694.766444645133, -4963.804556535207, 1560.0], 13, 3, 3], "28": [[15839.315973654424, 1128.3337989418362, 1689.9994985514315], [16051.762757120301, 1136.0565238730162, 1690.0], 10, 2, 2], "29": [[14449.237033693147, 6674.892918387036, 1559.9999223586838], [14826.478923748085, 6625.907987990951, 1560.0], 82, 2, 2], "3": [[7100.6499786906525, -19758.88723984705, 1215.8615064255798], [3307.1846310657434, -15345.869909545881, 1560.0], 14, 3, 3], "30": [[12921.679653374533, 6484.637431887854, 1559.9989772590095], [12981.25675742412, 6331.955510832767, 1560.0], 70, 2, 2], "31": [[13942.945009983212, 7223.551641209316, 1559.999702949895], [14376.314752079834, 7122.435057893489, 1560.0], 79, 2, 2], "32": [[15642.822675458277, 8063.135160266113, 1559.999349408818], [15830.096912320654, 7836.437070699183, 1560.0], 98, 2, 2], "33": [[14953.032553411307, 8577.264139386363, 1559.9994117463805], [15390.387267709082, 8459.074977562892, 1560.0], 92, 2, 2], "34": [[13763.11578052107, 8736.922911608124, 1559.9997578009886], [14193.68245359052, 8497.586740015171, 1560.0], 79, 2, 2], "35": [[11488.251190557672, 8880.135529958521, 1559.9991050758758], [11467.658004248964, 8520.867551775802, 1560.0], 61, 2, 2], "36": [[12196.908247201562, 9346.9092783793, 1559.9994892754903], [12092.911969294144, 8926.04461933142, 1560.0], 64, 2, 2], "37": [[19594.822367468787, 7637.929846996668, 1860.0003536547786], [18835.47365215313, 7199.257363671222, 1860.0], 1, 2, 2], "38": [[9118.649257444706, 8650.151750950821, 1385.5506157225632], [6731.591580100742, 7414.979039891952, 1560.0], 17, 3, 2], "39": [[10379.23781326685, 9625.616849968303, 1562.9214874544655], [9607.32848840706, 8801.47313544517, 1560.0], 81, 3, 3], "4": [[7685.3061149996065, -19919.014375788076, 1350.4246454620968], [4299.297808391597, -15661.105028359161, 1560.0], 6, 3, 3], "40": [[10984.534504570718, 10049.264382555737, 1560.0001782347754], [9690.61498291229, 9137.09006081234, 1560.0], 11, 3, 2], "41": [[9766.636950036904, 10740.521219810244, 1559.9999119055822], [8022.064553120565, 9471.390922383835, 1560.0], 10, 3, 2], "42": [[8964.928160182557, 10657.706436123728, 1418.9813490566287], [7163.6018400258545, 9263.274785190712, 1560.0], 10, 3, 2], "43": [[7648.185044829596, 9951.241682571263, 1528.375710642375], [6280.532758810852, 8764.954345797381, 1560.0], 12, 3, 2], "44": [[6102.517401884754, 9310.993040756739, 1345.670746939885], [3990.501038083838, 7876.991147913762, 1560.0], 19, 3, 2], "45": [[7127.35604645681, 10595.996341021564, 1366.9130049526386], [4875.408501843254, 8887.034541995105, 1560.0], 11, 3, 2], "46": [[5677.4349206457855, 11673.126701302775, 1346.524196554211], [3420.142245551132, 9664.309233242264, 1560.0], 14, 3, 2], "47": [[6491.063316681381, 12458.791288568527, 1409.1283062936673], [4882.833288640277, 10530.209841743404, 1560.0], 10, 3, 2], "48": [[-3349.1250044993626, 11159.40442064367, 1309.8242118280505], [-4408.131960776647, 8823.49890652519, 1560.0], 19, 3, 3], "49": [[-8755.955072734681, 13185.674793845592, 1478.645935824099], [-8063.580819893876, 9584.668938717648, 1560.0], 76, 3, 3], "5": [[9085.217932982341, -20026.650664365687, 1560.0001711332422], [6224.158379620035, -16094.44953958663, 1560.0], 44, 3, 3], "50": [[-8363.438870170812, 12267.16801579886, 1401.9938410507104], [-7878.49474026222, 9208.882878905733, 1560.0], 52, 3, 3], "51": [[-7464.939894585202, 12683.863257966177, 1146.60956199296], [-7711.733749510254, 9093.526690873143, 1560.0], 37, 3, 3], "52": [[-7852.5473950733185, 11486.522467280802, 1354.3978160115169], [-7795.687809640095, 8722.48502708668, 1560.0], 56, 3, 3], "53": [[-8001.730949432799, 10429.858226558705, 1389.5674143151243], [-8034.55064372722, 8083.71620370238, 1560.0], 98, 3, 3], "54": [[-8820.317860561001, 9357.752562918013, 1597.2303585266868], [-7980.5148122292185, 7868.503607847334, 1560.0], 36, 3, 3], "55": [[-10550.441956351517, 7999.6728143870805, 1654.8754128238552], [-9566.203847494917, 6817.386187532861, 1560.0], 46, 3, 3], "56": [[-12354.656960094488, 6924.226184867256, 1557.4837376835178], [-11444.224566718112, 5688.429694136913, 1560.0], 98, 3, 3], "57": [[-13519.294708813386, 6725.225721756831, 1297.4450263541087], [-12590.342263338354, 5226.225276147586, 1560.0], 30, 2, 2], "58": [[-14271.008595317828, 5974.95767064792, 1225.5159039566188], [-13332.902463688835, 4595.271512618226, 1560.0], 17, 2, 2], "59": [[-11869.508293174997, 5812.2864679644545, 1456.4866931451877], [-11367.381673866957, 4842.744719564842, 1560.0], 107, 3, 3], "6": [[7534.14634710217, -18877.266080708236, 1483.7488138240492], [4894.125788145677, -15385.281497234942, 1560.0], 8, 3, 3], "60": [[-13313.94035239599, 5210.08618042581, 1189.7526042426634], [-12836.581563985328, 4114.160247320735, 1560.0], 28, 2, 2], "61": [[-15123.565345942081, 6616.749580098733, 1241.1675915019543], [-13722.063931392404, 4909.398995703906, 1560.0], 73, 2, 2], "62": [[-11472.339527284528, -6816.602737273928, 1559.9999403041745], [-11112.4488742913, -6579.422417982394, 1560.0], 10, 3, 2], "63": [[-11950.618073120528, -6514.879117492029, 1533.6480173350747], [-11617.527025644378, -6276.028685903764, 1560.0], 9, 3, 2], "64": [[-13004.633006036542, -6170.812231868167, 1559.9998677174083], [-12588.641396671826, -5972.522737391758, 1560.0], 3, 3, 2],