{"0": [[-7927.254603944419, -18697.025083737768, 1560.000055947663], [-7116.367249658527, -13882.676549795016, 1560.0], 0, 1, 1], "1": [[-8116.982943230091, -18377.19030837127, 1559.9999195407897], [-6881.401575169424, -13885.742734743364, 1560.0], 18, 2, 2], "10": [[-15151.741800476382, -6943.654906729658, 1559.999875704496], [-14290.120357484897, -6517.6132772931105, 1560.0], 19, 3, 2], "11": [[-15383.001614267165, -6359.237864629522, 1559.9998801703346], [-14556.706268203596, -6023.7767142256, 1560.0], 7, 3, 2], "12": [[-14159.833797600675, -6328.5989573824845, 1452.9834204861816], [-13707.141965933326, -5996.0031966705665, 1560.0], 10, 3, 2], "13": [[-13474.289895410622, -6398.442130509965, 1332.6666764769623], [-13259.540316877037, -6035.403393271666, 1560.0], 17, 3, 2], "14": [[-12408.441438666803, -6577.517431268467, 1526.5357557002496], [-12029.443268233917, -6318.887954030854, 1560.0], 20, 3, 2], "15": [[-11399.04104676063, -7066.793386548567, 1487.5846043032086], [-11120.361934615728, -6759.022507874087, 1560.0], 14, 3, 2], "16": [[-10659.365493688347, -7715.739482857377, 1482.2642686780507], [-10425.310273091085, -7366.603088960058, 1560.0], 73, 3, 3], "17": [[-16000.487498110197, 5677.396776226122, 1560.0000190979374], [-14119.041605163759, 4594.559898441403, 1560.0], 0, 2, 1], "18": [[-14343.115197830199, 7689.825432634921, 616.2802872480324], [-13559.43532658157, 5099.8711512422005, 1560.0], 31, 2, 2], "19": [[-15537.524493879942, 5373.878667240079, 2026.5376332550356], [-13322.009828563436, 4973.287030998383, 1560.0], 49, 2, 2], "2": [[-8681.59239420577, -17531.82039933474, 1364.1369432143993], [-7814.779567326075, -13165.684951280027, 1560.0], 14, 2, 2], "20": [[-13529.812818336382, 7070.445467380767, 1191.0802738013365], [-12663.730498612218, 5318.890564567375, 1560.0], 54, 2, 2], "21": [[-14212.660561094159, 6294.534159328661, 1133.7519505728844], [-13301.773621266326, 4724.042576772951, 1560.0], 21, 2, 2], "22": [[-12697.019501371773, 7010.133287502345, 1301.3751361735524], [-11955.764188811492, 5491.234607705605, 1560.0], 49, 2, 2], "23": [[-13301.949116656146, 5855.759272447394, 1227.9637392105744], [-12682.816544088771, 4605.05980315007, 1560.0], 27, 2, 2], "24": [[-12421.142294598141, 5708.008541764422, 1362.021056769349], [-11899.655033589823, 4682.4045022000055, 1560.0], 58, 3, 3], "25": [[-12034.982989691745, 6735.3621221465555, 1437.7259075023337], [-11431.60817953516, 5463.536135595144, 1560.0], 90, 3, 3], "26": [[-10869.992945809508, 7055.047005594973, 1510.423927025144], [-10313.49889091288, 5880.048887108656, 1560.0], 60, 3, 3], "27": [[-10213.372765001097, 8245.069118670133, 1559.9997663264642], [-9575.557614156898, 6773.6027695638795, 1560.0], 66, 3, 3], "28": [[-7879.111142106471, 10337.651432930761, 1248.0118798079302], [-7960.266270116052, 7964.566768297492, 1560.0], 21, 3, 3], "29": [[-7488.433594888384, 11663.35491914826, 1325.4167290901946], [-7460.304557075614, 8860.78479711915, 1560.0], 50, 3, 3], "3": [[-8152.778998418451, -15999.720762764464, 1195.4131420543779], [-7795.48042366094, -12919.612655426778, 1560.0], 21, 3, 2], "30": [[-9242.489242015272, 10116.922381067887, 1567.3011850913383], [-8398.374350333752, 8171.256641435427, 1560.0], 56, 3, 3], "31": [[-10190.623082198796, 10397.866125231829, 1553.6794243938039], [-9090.94312441797, 8192.870061797763, 1560.0], 42, 3, 3], "32": [[6338.054158841048, 13301.759642878345, 1518.3007820035518], [4247.242046203413, 11000.063978370012, 1580.0], 25, 2, 2], "33": [[5558.4955037716945, 12044.151826295114, 1458.5946609277223], [3492.318790952665, 10019.933021681005, 1560.0], 19, 2, 2], "34": [[7130.977203225944, 10229.918131014538, 1559.9997385173049], [5988.4939089555755, 9118.122639871128, 1560.0], 7, 2, 2], "35": [[8389.26348339364, -24095.208191323127, 1559.9999617280807], [5214.963466303422, -17980.33968848064, 1560.0], 4, 2, 2], "36": [[12015.099645574575, -24042.366860358965, 1480.0419074313334], [7315.230476279179, -17911.013854315985, 1560.0], 27, 2, 2], "37": [[8974.216280250614, -17684.13944674, 1502.221235464062], [5770.442907453985, -14679.581075590166, 1560.0], 39, 3, 3], "38": [[14122.786760138546, -18355.484401029116, 1498.9683934425166], [10563.466499197266, -15347.631035423525, 1560.0], 7, 3, 3], "39": [[11119.700954038863, -16732.139150703417, 1466.9278360400149], [8859.836157394711, -14485.440228108082, 1560.0], 14, 3, 3], "4": [[-13959.532478117755, -10938.561963266908, 1560.0004651309303], [-12327.846352901344, -9538.338290948628, 1560.0], 5, 3, 2], "40": [[10714.406582449352, -15955.927788457398, 1339.9400288960842], [7379.822265395031, -13558.73733391425, 1560.0], 9, 3, 3], "41": [[8890.960543157164, -15434.619289906215, 1407.9955361371503], [6130.052594335678, -13291.706116643632, 1560.0], 18, 3, 3], "42": [[12828.647773303048, -15904.739361160522, 1499.5150042903526], [9929.545492198395, -13710.931769554882, 1560.0], 10, 2, 2], "43": [[8586.101593890753, -14448.593757265964, 1275.609695648411], [5706.113780299307, -12441.50053226325, 1560.0], 4, 3, 3], "44": [[10014.56850811425, -13349.686967248528, 1326.5113988879457], [7395.75545089361, -11801.837375009198, 1560.0], 9, 2, 2], "45": [[12055.781419546533, -11632.928408406711, 1259.8925831740985], [9610.585365377321, -10473.268311810185, 1560.0], 15, 3, 3], "46": [[15078.27772349287, -10607.181164077194, 1397.570021138118], [13450.680236930119, -9970.223590719059, 1560.0], 30, 3, 3], "47": [[15738.905339976647, -10418.639833014007, 1447.3579494624823], [13563.382085049032, -9775.617867708826, 1560.0], 23, 3, 3], "48": [[16426.777760315348, -10272.15567880345, 1559.9997620940294], [17051.848193106558, -9961.270103581393, 1560.0], 36, 3, 2], "49": [[17041.139589748884, -10187.917022266594, 1511.176147790496], [14460.961573176912, -9388.769729828407, 1560.0], 8, 3, 3], "5": [[-12858.104148276474, -10518.477780588937, 1095.6829712669005], [-12280.364815045717, -8952.541194725485, 1560.0], 13, 3, 2], "50": [[15397.189559810067, 1124.4562136276904, 1639.6100038212678], [15364.856042999569, 969.2431352144608, 1560.0], 45, 3, 3], "51": [[14482.58570257018, 2336.8358401271335, 1879.25228045011], [14503.478487177867, 2341.815276938602, 1580.0], 60, 3, 3], "52": [[9658.938458522412, 1455.6175393166789, 1449.9374530416956], [8875.767622724776, 1272.6392773897348, 1560.0], 20, 3, 3], "53": [[19537.566619381505, 8102.330956639813, 1669.999774764807], [20266.35451820043, 8085.840907110538, 1670.0], 61, 2, 2], "54": [[19784.97084710891, 8900.51499804642, 1809.9998559061562], [19567.17890026395, 8440.439421958017, 1810.0], 8, 2, 2], "55": [[20330.358871632638, 9398.682721574582, 1870.0003951279323], [20188.13142801564, 8985.893681296278, 1870.0], 18, 2, 2], "56": [[17119.94268719804, 7968.624447409452, 1780.0001467136694], [16508.126957820165, 7463.53719739112, 1780.0], 1, 2, 2], "57": [[16894.366118801307, 8600.9952460796, 1700.0004273832005], [16474.730378168617, 8094.933701889507, 1700.0], 6, 2, 2], "58": [[17556.340962198985, 9380.82664444984, 1919.9998633414607], [16846.335151061536, 8775.84457182821, 1920.0], 1, 2, 2], "59": [[14134.71187732402, 7440.6882383604925, 1609.999896089523], [14141.408769147884, 7176.63033647161, 1610.0], 8, 2, 2], "6": [[-14083.315771619595, -8692.300583479504, 1560.0001173827434], [-12980.044406569084, -7990.577425041772, 1560.0], 20, 3, 2], "60": [[12725.774831760566, 7660.203393692312, 1779.9998926980236], [12778.496953510547, 7390.122844449001, 1780.0], 12, 2, 2], "61": [[14301.544344646745, 8471.074032517268, 1859.9997680250178], [13702.4472062535, 7959.657422849459, 1860.0], 2, 2, 2], "62": [[12141.91014754492, 6618.184337256634, 1680.0000473108507], [11275.0899198267, 6148.268658496441, 1680.0], 3, 2, 2], "63": [[11959.5694766691, 7195.028010432703, 1560.0000675878455], [10358.687003183595, 6278.117864709625, 1560.0], 105, 3, 3], "64": [[11188.34345420838, 7412.357481737695, 1461.679999787465], [9496.3714978616, 6592.968910365002, 1560.0], 42, 3, 3],